annotation_id,overall_error_prob,substantive_error_prob,clinical_error_prob,lived_error_prob,substantive_suggested_label,clinical_suggested_label,lived_suggested_label,reason,evidence,source_file
llm_train_00001,0.05,0.01,0.01,0.01,True,True,False,The passage discusses ADHD as a potential treatment object within clinical research.,potential of mindfulness as a viable treatment option for ... ADHD,critic_batch_001_01.jsonl
llm_train_00002,0.05,0.01,0.01,0.01,True,True,False,The passage presents autism as a clinical research object concerning risk factors and prevention.,"reduced risk of having a child with autism, ... large observational study",critic_batch_001_01.jsonl
llm_train_00003,0.1,0.01,0.1,0.01,True,False,True,The passage foregrounds a student's subjective experience and participation in learning.,nodded in appreciation ... grasped the iPad to own her learning,critic_batch_001_01.jsonl
llm_train_00004,0.05,0.01,0.01,0.01,True,True,False,The passage presents ADHD as an object of professional psychiatric help and medication management.,seek professional help. You will be amazed with the effectiveness of the new medications,critic_batch_001_01.jsonl
llm_train_00005,0.05,0.01,0.01,0.01,True,True,False,"The passage discusses ADHD through formal diagnostic criteria, DSM rules, and genetics.",diagnosed ... rule in an earlier version of the DSM ... genetic control,critic_batch_001_01.jsonl
llm_train_00006,0.05,0.05,,,False,,,The target appears only as a blog title within a navigation-style list of links.,Adult ADHD and “Living in the Gray” (Living with Adult ADHD Blog),critic_batch_001_01.jsonl
llm_train_00007,0.05,0.05,,,False,,,The passage is a bibliography list where target-named book titles do not develop a claim.,Conversation Club: Teaching Children with Autism Spectrum Disorder,critic_batch_001_01.jsonl
llm_train_00008,0.15,0.01,0.1,0.1,True,True,True,The passage combines deficit-oriented clinical language with a focus on independence and participation.,"impaired ... handicaps such as ... autism spectrum disorders ... freedom, independence and personhood",critic_batch_001_01.jsonl
llm_train_00009,0.05,0.05,,,False,,,The passage contains only an organization name and professional status without a target-specific claim.,Lisa works for Autism Tennessee,critic_batch_001_01.jsonl
llm_train_00010,0.1,0.1,,,False,,,The event promotion discusses logistics and dates without developing a substantive target-specific claim.,Please save the date for The Lion King Autism-Friendly Performance,critic_batch_001_01.jsonl
llm_train_00011,0.8,0.05,0.05,0.85,True,True,False,The passage reports on a clinical study where family functioning is a measured outcome rather than a developed experiential account.,The findings of the study showed significantly improved family functioning of families with a dog compared to those without.,critic_batch_001_02.jsonl
llm_train_00012,0.0,0.0,,,False,,,"Autism appears only in an alphabetical index of topics, fitting the non-substantive navigation/tag rule.",Index All Topics ... autism,critic_batch_001_02.jsonl
llm_train_00013,0.0,0.0,,,False,,,"ADHD and Autism appear in a navigation/service list, while the text develops a claim only about dyslexia.",ADHD — Dyspraxia — Autism Navigating the complexities of dyslexia support,critic_batch_001_02.jsonl
llm_train_00014,0.05,0.01,0.02,0.02,True,True,True,The passage combines clinical diagnosis and behavior with a developed family perspective and personal account of feelings.,diagnosis of ADHD ... kids and adults alike are afraid of his fits ... I have NEVER in my life met a person that feels as deeply,critic_batch_001_02.jsonl
llm_train_00015,0.05,0.01,0.02,0.02,True,True,True,The account links a clinical self-assessment to a personal reflection on identity and strengths.,"online self-assessment, which indicated that I had mild autism. I have a pretty unusual mix of personality traits, strengths, and foibles.",critic_batch_001_02.jsonl
llm_train_00016,0.05,0.01,0.02,0.1,True,True,False,"The passage discusses ADHD as a target of professional treatment, comorbidities, and clinical consultation.",Target psychiatric conditions ... ADHD ... Our services include: Behavioral consultation.,critic_batch_001_02.jsonl
llm_train_00017,0.9,0.92,0.7,0.1,False,,,"Autism is cited as an example of previous research to establish corporate expertise, failing the boundary test for substantiveness.","working on RNA diagnostic tests for other health conditions, such as autism spectrum disorder",critic_batch_001_02.jsonl
llm_train_00018,0.95,0.96,0.8,0.1,False,,,"The passage is a drug listing dominated by metadata and technical details, with ADHD functioning only as a category label.",Drug Atomoxetine HCI (Strattera) Purpose ADHD treatment,critic_batch_001_02.jsonl
llm_train_00019,0.85,0.88,0.2,0.8,False,,,ADHD is stated as a thin biographical status without a developed target-specific account of experience or practice.,I have ADHD and Im not exactly a pro at this type of thing,critic_batch_001_02.jsonl
llm_train_00020,0.0,0.0,,,False,,,"ADHD is one example in a generic list of conditions a provider covers, without a target-specific claim.",What I can help with ... ADD / ADHD,critic_batch_001_02.jsonl
llm_train_00021,0.02,0.01,0.03,0.01,True,False,True,"The passage develops a practical support account focused on everyday routines and social participation, qualifying as lived experience.",Maintain a routine: A regular routine is very important because it can make the day to day running of tasks much easier.,critic_batch_001_03.jsonl
llm_train_00022,0.01,0.01,,,False,,,The target appears only within an organization name and a donation mention without a target-specific claim.,"donated $7,000 to Autism Speaks",critic_batch_001_03.jsonl
llm_train_00023,0.02,0.01,0.01,0.05,True,True,False,"The passage discusses global prevalence and symptom development, treating ADHD as a clinical and research object.",Rates of attention deficit hyperactivity disorder (ADHD) have risen globally,critic_batch_001_03.jsonl
llm_train_00024,0.05,0.01,0.02,0.15,True,True,False,"The description of a specialized school constitutes concrete institutional provision, which is a positive indicator for the clinical frame.","Greenwood School... which houses 50 boys... who have various learning disabilities, including... ADHD",critic_batch_001_03.jsonl
llm_train_00025,0.02,0.01,0.01,0.05,True,True,False,The passage presents ADHD and autism as conditions for which an intervention (CBD oil) provides relief.,"Children with uncontrollable seizures, autism, and ADHD have shown great relief from CBD oil.",critic_batch_001_03.jsonl
llm_train_00026,0.01,0.01,,,False,,,"The target mention is part of a list of writing topics in a professional profile, which is non-substantive.","I also write about vegetarian travel, parenting teenagers, adoption, SEN, ADHD and anxiety.",critic_batch_001_03.jsonl
llm_train_00027,0.02,0.01,0.01,0.05,True,True,False,"The passage analyzes shifts in diagnostic rates and criteria, treating autism as a nosological object.",autism rates are higher now than they were in 1990 because people... are considered autistic today,critic_batch_001_03.jsonl
llm_train_00028,0.01,0.01,,,False,,,The target appears within a noisy list of search terms and template names without coherent discourse.,puzzle piece template word autism,critic_batch_001_03.jsonl
llm_train_00029,0.02,0.01,0.05,0.01,True,False,True,"The discourse focuses on community advocacy, self-advocates, and policy changes, which supports the lived-experience frame.",works tirelessly to find solutions... to change policy and practices affecting people on the autism spectrum.,critic_batch_001_03.jsonl
llm_train_00030,0.85,0.85,0.75,0.15,False,,,"The target is merely one item in a generic list of symptoms attributed to inflammation, failing the Stage 0 substantiveness criteria.","Brain health: brain fog, depression, anxiety, dizziness, frequent headaches, mood swings, ADD/ADHD",critic_batch_001_03.jsonl
llm_train_00031,0.02,0.01,0.02,0.05,True,True,False,The passage identifies autism as a clinical object through prevalence rates while support language remains generic.,Autism rates are increasing in the United States.,critic_batch_001_04.jsonl
llm_train_00032,0.01,0.01,0.01,0.01,True,True,True,The first-person account discusses neurodivergence alongside a clinical interaction with a psychiatrist regarding formal diagnosis.,When I asked my psychiatrist about seeking formal diagnoses... high-functioning autism spectrum disorder,critic_batch_001_04.jsonl
llm_train_00033,0.08,0.01,0.15,0.02,True,True,True,The passage describes a person's life and family experience (lived) while also identifying a specific communication deficit (clinical).,unable to effectively verbally communicate his feelings... effects that autism has on a family,critic_batch_001_04.jsonl
llm_train_00034,0.02,0.01,0.05,0.01,True,False,True,"The passage uses neurodiversity and strength-based language for identity, while diagnosis is mentioned only as a status marker.","Neurodiversity"" means valuing the differences... different set of strengths",critic_batch_001_04.jsonl
llm_train_00035,0.01,0.01,0.01,0.01,True,True,False,The headline makes an explicit claim about finding the cause of an 'autism epidemic' through a new research effort.,new research effort will find cause of ‘autism epidemic’,critic_batch_001_04.jsonl
llm_train_00036,0.01,0.01,,,False,,,"ADHD appears only as a specialty area in a provider list, which is non-substantive per Rule 5.3.",Specialty Area - Abuse/Neglect - ADD/ADHD/Disruptive Behavior Disorders,critic_batch_001_04.jsonl
llm_train_00037,0.01,0.01,,,False,,,"The targets appear only in a generic topic list for a convention, which is non-substantive per Rule 8.2.","topic areas, including (but not limited to): addictive behaviors; ADHD; anxiety; autism spectrum",critic_batch_001_04.jsonl
llm_train_00038,0.05,0.05,0.1,0.1,True,False,False,"The passage makes a substantive claim about target representation in a medical drama, meeting Rule 8.10 for substantive_other.",medical drama about an autistic savant surgeon has received mixed reviews,critic_batch_001_04.jsonl
llm_train_00039,0.98,0.98,,,True,True,True,"The passage makes a substantive claim about ADHD as a 'myth' and discusses management strategies, meeting Stage 0.",The Myth of the ADHD Child... strategies to help children overcome attention and behavior problems,critic_batch_001_04.jsonl
llm_train_00040,0.02,0.01,0.05,0.02,True,False,True,"The passage discusses the social challenge of finding love for autistic people, which is a lived-experience account.","Finding love can be hard... for those with an autism spectrum disorder, the challenges may seem",critic_batch_001_04.jsonl
llm_train_00041,0.02,0.02,0.02,0.02,True,True,False,The passage develops a clear clinical claim linking autism as a developmental disorder to epilepsy risk.,Conditions such as autism or cerebral palsy can increase the risk of epilepsy.,critic_batch_001_05.jsonl
llm_train_00042,0.03,0.02,0.02,0.02,True,False,True,This is a lived-experience account of challenging stigma and changing personal understanding of ADHD.,"Less than a year ago, I thought it was a bullshit, totally made-up thing drug companies used to sell pills",critic_batch_001_05.jsonl
llm_train_00043,0.02,0.02,0.02,0.02,True,True,False,The passage discusses professional research into clinical detection and treatment of autism.,revolutionize the way autism is detected and treated,critic_batch_001_05.jsonl
llm_train_00044,0.08,0.08,,,False,,,A mention of a book title/topic without a developed claim is non-substantive per Rule 5.3 and 8.10.,working on a children's picture book about autism spectrum disorder,critic_batch_001_05.jsonl
llm_train_00045,0.03,0.02,0.02,0.02,True,False,True,The passage uses self-theorising symptom language to describe a personal experience of obsessions.,if you're like a bit autistic and you love like obsessions with things like I do,critic_batch_001_05.jsonl
llm_train_00046,0.02,0.02,,,False,,,Awareness day mentions and generic resource blurbs without target-specific claims are non-substantive.,"on World Autism Awareness Day, Healthynest is a new resource for all expecting and new parents",critic_batch_001_05.jsonl
llm_train_00047,0.05,0.05,,,False,,,A brief commercial health claim within a product blurb is non-substantive under Rule 5.3.,reduces the inattention and boredom associated with ADD/ADHD mindsets,critic_batch_001_05.jsonl
llm_train_00048,0.05,0.02,0.02,0.05,True,True,False,The passage presents autism as a condition with clinical symptoms and developmental impairments.,Symptoms may include impulsive behaviors... which can hinder their overall development,critic_batch_001_05.jsonl
llm_train_00049,0.03,0.03,,,False,,,An event announcement and a founding story with a bare status mention are non-substantive.,the mother of a child diagnosed with Autism Spectrum Disorder,critic_batch_001_05.jsonl
llm_train_00050,0.03,0.02,0.02,0.02,True,False,True,The passage foregrounds family experience and personal meaning related to an ADHD son.,"opened my eyes to a world of love and acceptance for my own son, who has ADHD",critic_batch_001_05.jsonl
llm_train_00051,0.01,0.01,0.01,0.01,True,True,False,The passage provides a substantive nosological discussion of diagnostic labels and manuals.,different diagnostic labels have been used... reflects the different diagnostic manuals and tools used,critic_batch_001_06.jsonl
llm_train_00052,0.02,0.02,,,False,,,The target terms appear only within a professional profile without any target-specific claim.,"helping children with autism, ADHD, and other neurodivergent conditions",critic_batch_001_06.jsonl
llm_train_00053,0.05,0.02,0.05,0.02,True,True,False,The text discusses epidemiological correlation and treats ADHD as a clinical condition.,high correlation between ADHD and marijuana... release from their condition,critic_batch_001_06.jsonl
llm_train_00054,0.02,0.02,,,False,,,ADHD is mentioned only as one item in a generic list of conditions treated by a clinic.,"treating anxiety, depression, trauma and PTSD, grief and loss, ADHD, mood disorders",critic_batch_001_06.jsonl
llm_train_00055,0.01,0.01,0.01,0.01,True,False,True,The passage foregrounds the everyday lived experience and journey of families raising autistic children.,"Parents who are raising children on the autism spectrum often have busy, challenging lives.",critic_batch_001_06.jsonl
llm_train_00056,0.01,0.01,,,False,,,The passage is a URL fragment and does not contain substantive discourse.,meetup. com/1481956/ADHD%20Research,critic_batch_001_06.jsonl
llm_train_00057,0.08,0.02,0.08,0.05,True,True,True,The text includes both a personal story of meaning-making and a claim about healing/intervention.,Donnie's story {healing from ADHD naturally...} - Why his story prompted him to want to give back,critic_batch_001_06.jsonl
llm_train_00058,0.01,0.01,0.01,0.01,True,True,False,The hospital explicitly offers assessment and treatment for the listed conditions.,Specialized services include assessment and treatment for... autism spectrum... and ADHD,critic_batch_001_06.jsonl
llm_train_00059,0.01,0.01,0.01,0.01,True,False,True,"The passage discusses social acceptance, judgment, and treatment of autistic people.","Before passing judgment on a child’s behavior, consider the fact that they could be autistic",critic_batch_001_06.jsonl
llm_train_00060,0.12,0.05,0.1,0.08,True,False,True,Informal description uses diagnostic labels to categorize a social identity or persona.,"for those with ADHD - especially the fiery, rebellious oppositional defiant types",critic_batch_001_06.jsonl
llm_train_00061,0.95,0.95,,,True,True,False,"The passage provides a coherent account of autism treatment (biomedical treatments) and research, meeting the substantive and clinical definitions.",personalized approach that combines coaching and evidence-based biomedical treatments. This approach... helps children on the autism spectrum recover.,critic_batch_001_07.jsonl
llm_train_00062,0.02,0.02,0.02,0.02,True,True,False,Correctly identifies substantive clinical discourse defining ADHD as a disorder with specific symptoms.,"A disorder that includes difficulty staying focused and paying attention, controlling behavior and hyperactivity. Learn more about ADHD.",critic_batch_001_07.jsonl
llm_train_00063,0.02,0.02,0.02,0.02,True,False,True,"Correctly identifies lived-experience discourse focused on the neurodiversity movement, autism rights, and community formation.",historical overview of the autism rights branch of the neurodiversity movement... forming of the autistic community,critic_batch_001_07.jsonl
llm_train_00064,0.05,0.02,0.05,0.05,True,True,True,Correctly identifies mixed framing; the passage discusses ADHD as a health issue (clinical) while describing social and professional participation challenges (lived).,stigmatize Behavioral Health concerns... restricts people’s access... fight off... ADHD... failing tests... job or relationship failures,critic_batch_001_07.jsonl
llm_train_00065,0.02,0.02,,,False,,,Correctly identifies the passage as non-substantive as it is a list of headlines where autism appears only as a title or organization name.,Leading Autism Organizations Release Joint Statement... Autistic Self Advocacy Network,critic_batch_001_07.jsonl
llm_train_00066,0.05,0.05,,,False,,,Correctly identifies the passage as non-substantive; it is a list of thread titles where the target appears as a bare status without developed discourse.,16 year old girl with Attention Deficit DisorderDesperately Mother - GloriaMy child needs help,critic_batch_001_07.jsonl
llm_train_00067,0.02,0.02,0.02,0.02,True,True,False,Correctly identifies substantive clinical discourse discussing a causal risk factor (iodine deficiency) for ADHD.,iodine deficiency has been associated with a host of childhood ailments including ADD/ADHD,critic_batch_001_07.jsonl
llm_train_00068,0.02,0.02,0.02,0.02,True,True,False,Correctly identifies substantive clinical discourse regarding treatment efficacy and research studies.,New research shows that children with ADHD improve quicker when behavioral therapy is used first instead of drugs.,critic_batch_001_07.jsonl
llm_train_00069,0.01,0.01,,,False,,,Correctly identifies the passage as non-substantive; the targets are items in a long clinical interest list.,Clinical Interest Select a Clinical Interest... Attention Deficit Disorders Autism,critic_batch_001_07.jsonl
llm_train_00070,0.02,0.02,,,False,,,Correctly identifies the passage as non-substantive; it is a news aggregator list where autism appears only in an event headline.,local entrepreneur to host Happy Hour for Adults with Autism,critic_batch_001_07.jsonl
llm_train_00071,0.02,0.01,0.02,0.01,True,True,False,The passage develops a clinical frame by explicitly presenting ADHD as an object of pediatric assessment and treatment.,Common conditions a pediatric doctor will treat include... attention deficit hyperactivity disorder (ADD/ADHD),critic_batch_001_08.jsonl
llm_train_00072,0.05,0.02,0.05,0.05,True,False,True,The passage focuses on lived experience through family emotional responses and sensory-friendly accommodations rather than a disorder construct.,families seeking a break from the excitement... children responded to the Blue Man character in a very moving way.,critic_batch_001_08.jsonl
llm_train_00073,0.05,0.02,0.05,0.05,True,True,True,The passage qualifies as mixed by discussing both specialist educational provision and autistic young people's voices/experiences.,specialist day college... enable more autistic young people to have their voices heard.,critic_batch_001_08.jsonl
llm_train_00074,0.9,0.9,,,True,True,False,The definition of autism as a developmental disability affecting communication is a coherent target-specific proposition beyond promotional metadata.,Autism is a lifelong developmental disability that affects how a person communicates with and relates to other people,critic_batch_001_08.jsonl
llm_train_00075,0.02,0.01,0.02,0.01,True,True,False,The discourse explicitly treats ADHD as a clinical research and treatment object regarding unapproved medication uses.,two major unapproved uses are for treating ADHD... studied well enough to come out with a final verdict.,critic_batch_001_08.jsonl
llm_train_00076,0.01,0.01,0.01,0.01,True,True,False,Correctly identifies clinical framing in a legal mitigation context per codebook rule 8.9.,defendant had recently been found to suffer from ADHD,critic_batch_002_01.jsonl
llm_train_00077,0.05,0.01,0.1,0.01,True,True,True,Mixed frame is correct: foregrounds lived experience and identity while discussing nosological overlaps and cognitive approaches.,overlaps and differences between BPD and ADHD,critic_batch_002_01.jsonl
llm_train_00078,0.02,0.01,0.01,0.05,True,True,False,Correct; description of ADHD as a complex condition affecting focus and emotion is clinical; generic 'overwhelming' hook is not developed lived experience.,complex condition that can affect a child's ability to focus,critic_batch_002_01.jsonl
llm_train_00079,0.01,0.01,0.01,0.01,True,False,True,Correct; foregrounds a family account and child's strengths; 'mild autistic' is diagnostic status only.,through his autisam comes his truly amazing God given God glorifying Gift of music,critic_batch_002_01.jsonl
llm_train_00080,0.01,0.01,0.01,0.01,True,True,False,"Correct; develops clinical definition and epidemiological data (prevalence, diagnosis rates).","affects about 700,000 people in the United Kingdom",critic_batch_002_01.jsonl
llm_train_00081,0.01,0.01,0.01,0.01,True,True,False,Correct; discusses a specific medical treatment (transdermal cream) for children with autism.,"transdermal cream form, which bypasses the gut, offers a distinct advantage",critic_batch_002_01.jsonl
llm_train_00082,0.05,0.01,0.01,0.1,True,True,False,Correct; ADHD is listed as a clinical/behavioral effect; subjective 'helplessness' is attributed to LKS-related communication barriers.,"behavioral changes, including ... attention deficit hyperactivity disorder (ADHD)",critic_batch_002_01.jsonl
llm_train_00083,0.01,0.01,0.01,0.01,True,False,True,Correct; uses symptom language for self-theorising within a personal creative account per rule 8.5.,My ADHD addled art student brain sops up everything,critic_batch_002_01.jsonl
llm_train_00084,0.1,0.1,,,False,,,Correct; conservative coding of a thin biographical mention within a dyslexia-focused context per Stage 0 rules.,another work-based assessment that linked some issues with attention deficit disorder,critic_batch_002_01.jsonl
llm_train_00085,0.8,0.05,0.05,0.85,True,True,False,Lived experience is not substantively developed; 'community participation' and 'individual needs' are generic service goals in an administrative description of a waiver.,long-term autism services and supports for community participation,critic_batch_002_01.jsonl
llm_train_00086,0.02,0.02,0.02,0.02,True,True,False,"The passage develops a coherent claim about funding research for treatments, which clearly applies to the listed ADHD target.","awards research grants to develop improved treatments, cures, and methods of prevention for mental illness. These illnesses include... ADHD",critic_batch_002_02.jsonl
llm_train_00087,0.02,0.02,0.02,0.02,True,True,False,"The passage makes an epidemiological claim linking ADHD to suicide risk and behavioral problems, which is a clinical object.","Internet addiction has been linked to ADHD, increased risk of suicide, behavioral problems",critic_batch_002_02.jsonl
llm_train_00088,0.1,0.1,,,False,,,The target appears only as part of a service name in a broader list of mental health services without target-specific propositions.,care for the mental health of people... through... our Adult Autism and ADHD Service,critic_batch_002_02.jsonl
llm_train_00089,0.02,0.02,0.02,0.02,True,True,False,"The passage discusses research findings on how exercise affects ADHD brain activity and attention spans, a clear clinical frame.","exercise like bicycling can lessen the effects of ADHD by prompting positively altered brain activity, increased attentions spans",critic_batch_002_02.jsonl
llm_train_00090,0.05,0.05,,,False,,,The target mention is part of a program name in a list of funding sources without a substantive claim about the condition.,Helping Children with Autism (Until full roll out of NDIS),critic_batch_002_02.jsonl
llm_train_00091,0.02,0.02,0.02,0.02,True,True,True,The passage mentions a memoir about life with autism (lived) and an experimental brain therapy (clinical).,beloved accounts of life with autism... undergoes an experimental brain therapy known as TMS,critic_batch_002_02.jsonl
llm_train_00092,0.1,0.1,,,False,,,"The target appears in a list of specialties in a professional profile, which is non-substantive under Rule 8.8.","I specialize in trauma, Borderline Personality Disorder, and Autism",critic_batch_002_02.jsonl
llm_train_00093,0.05,0.05,0.05,0.05,True,False,True,"The passage describes a community support group providing peer support and family activities, which is a lived-experience frame.","community support group... children and young people with autism... listening ear, lots of advice... and a hug if needed",critic_batch_002_02.jsonl
llm_train_00094,0.01,0.01,0.01,0.01,True,True,False,"The passage provides a formal clinical definition of ADHD, including symptoms and diagnostic context.","ADHD, is a neurobehavioral condition where inattention and/or hyperactivity/impulsivity interferes with daily activities",critic_batch_002_02.jsonl
llm_train_00095,0.1,0.1,,,False,,,"The passage is a preamble to an interview and mentions an event name, neither of which constitute substantive discourse.",April is Autism Awareness Month? I recently interviewed a young mother with a child on the autism spectrum.,critic_batch_002_02.jsonl
llm_train_00096,0.95,0.95,,,True,True,False,"The passage makes a specific causal/linkage claim about ADHD and food chemicals, which is substantive clinical discourse under codebook rules 5.2 and 6.2.",ADHD... have all been proven to be linked to food chemicals in our children’s diet,critic_batch_002_03.jsonl
llm_train_00097,0.05,0.02,0.02,0.05,True,True,False,Correctly identifies clinical discourse regarding diagnosis labeling and historical terminology (minimal brain dysfunction).,labeled as ADHD... called it a minimal brain dysfunction,critic_batch_002_03.jsonl
llm_train_00098,0.1,0.05,0.1,0.05,True,False,True,"Correctly identifies lived experience focusing on workplace support, personal experiences, and neurodiversity identity.",personal experiences to explore this complex form of neurodiversity,critic_batch_002_03.jsonl
llm_train_00099,0.05,0.01,0.05,0.05,True,True,True,"Correctly identifies a mixed frame involving institutional provision (professional development) and lived-experience values (neurodiversity-affirming, relationships).",autism-focused professional development program... neurodiversity-affirming information,critic_batch_002_03.jsonl
llm_train_00100,0.02,0.01,0.01,0.02,True,True,False,Correctly identifies clinical discourse about therapeutic strategies and neurobiological mechanisms.,"tailored therapeutic strategies... ADHD, where dopamine dysregulation is implicated",critic_batch_002_03.jsonl
llm_train_00101,0.01,0.01,,,False,,,Correctly identifies that a list of article titles where the target is one example is non-substantive.,Attention Deficit Disorder (ADD) and Attention Deficit Hyperactivity Disorder (ADHD),critic_batch_002_03.jsonl
llm_train_00102,0.9,0.9,,,True,True,False,A concrete institutional arrangement or educational initiative (FabLab workshop) designed specifically for people with autism is substantive clinical discourse under rule 8.3.,a FabLab inspired workshop for people with autism,critic_batch_002_03.jsonl
llm_train_00103,0.15,0.15,,,False,,,Correctly identifies that a biographical mention of diagnostic status without a developed target-specific account is non-substantive (Rule 8.1).,had some ADHD. Her name is Carol,critic_batch_002_03.jsonl
llm_train_00104,0.05,0.05,0.05,0.05,True,True,False,Correctly identifies a clinical research headline as substantive discourse.,Omega-3 fatty acids improve symptoms in children and adolescents with ADHD,critic_batch_002_03.jsonl
llm_train_00105,0.1,0.05,0.1,0.1,True,True,True,Correctly identifies mixed framing involving funding/systems (clinical) and the experience of families navigating diagnosis (lived).,funding streams... support... families impacted by... ASD... Navigating these systems,critic_batch_002_03.jsonl
llm_train_00106,0.02,0.01,0.01,0.05,True,True,False,The passage substantively develops a clinical/institutional frame by describing specific ADHD coaching goals and interventions for reading disorders.,Executive function/ADHD coaching can help... addressing reading disorders using a variety of interventions,critic_batch_002_04.jsonl
llm_train_00107,0.01,0.01,0.01,0.01,True,True,False,This is a clear clinical frame discussing medication and neurobiological deficiencies in dopamine and norepinephrine.,"ADHD drug treatment addresses a deficiency in two important chemicals, dopamine and norepinephrine",critic_batch_002_04.jsonl
llm_train_00108,0.01,0.01,0.01,0.01,True,True,False,The passage uses a clinical frame to explain ADHD via neurotransmitter dysregulation and neurobiology.,"when dopamine production is low or dysregulated, it can result in challenges related to focus... particularly in individuals with ADHD",critic_batch_002_04.jsonl
llm_train_00109,0.85,0.8,0.2,0.05,False,,,"The passage is a generic mental health service list and appointment query, which is non-substantive under Rule 8.3 and the provider-list exclusion in 8.8.","We specialize in treating anxiety, depression, ADHD... How do I schedule an appointment with an educational psychiatrist",critic_batch_002_04.jsonl
llm_train_00110,0.02,0.02,,,False,,,"Autism and ADHD appear only as items in a generic provider topic list, which is non-substantive under Rule 5.3 and 8.2.","What I can help with... ADD / ADHD... Autism spectrum... Behavioural, CBT",critic_batch_002_04.jsonl
llm_train_00111,0.02,0.02,,,False,,,"ADHD is listed as one of many conditions the team supports without any target-specific development, making it non-substantive (Rule 8.2).",We also provide support for the following: - Trauma - ADHD - Anxiety,critic_batch_002_04.jsonl
llm_train_00112,0.1,0.01,0.05,0.15,True,True,False,The clinical frame is correctly identified due to 'curing' claims; the mention of advocacy groups is part of the clinical/safety narrative and not substantively developed.,claims of curing autism... messaging from autism advocacy groups reduced its use,critic_batch_002_04.jsonl
llm_train_00113,0.02,0.02,,,False,,,This is a thin biographical status mention that does not develop a substantive proposition about the autism community (Rule 5.3).,"In his spare time, you can spot him working within the autism spectrum community",critic_batch_002_04.jsonl
llm_train_00114,0.01,0.01,,,False,,,This is a non-substantive tag/SEO list containing target terms without any coherent proposition.,authenticity author autism autistic children autobiography of a yogi,critic_batch_002_04.jsonl
llm_train_00115,0.01,0.01,0.01,0.01,True,False,True,The passage develops a substantive lived-experience account focusing on work-related friction and a neurotypical corporate world.,my ADHD also caused a lot of friction working in a neurotypical corporate world,critic_batch_002_04.jsonl
llm_train_00116,0.01,0.01,0.01,0.01,True,True,False,"The passage discusses neurobiology and brain abnormalities in children with autism, focusing on vulnerability and research.",understanding the development of the adolescent brain... brain abnormalities in young children with autism,critic_batch_002_05.jsonl
llm_train_00117,0.01,0.01,0.01,0.01,True,True,False,The passage presents ADHD as a medical condition that can be prevented through dietary intervention.,Ketogenic Diet can even prevent Alzheimer’s disease and ADHD,critic_batch_002_05.jsonl
llm_train_00118,0.1,0.01,0.05,0.15,True,True,False,Analyzes emotional regulation as a set of clinical mechanisms and tools; the mention of relational benefits is functionalist.,autistic children and adults often have a limited range of emotion repair mechanisms... acquiring more emotion repair tools,critic_batch_002_05.jsonl
llm_train_00119,0.02,0.02,,,False,,,"ADHD appears only as a client category in a professional profile, which is non-substantive under codebook rule 8.8.",clients plagued with ADHD or other brain processing differences,critic_batch_002_05.jsonl
llm_train_00120,0.01,0.01,0.01,0.01,True,True,False,The passage reports on an epidemiological study investigating the clinical incidence of autism and ADHD.,"researchers compared data on 1,245 children with an autism spectrum disorder and 1,701 with ADHD... incidence of both disorders was higher",critic_batch_002_05.jsonl
llm_train_00121,0.02,0.01,0.02,0.02,True,True,False,"Discusses the use of psychiatric medication to treat ADHD in foster care, presenting it as a clinical management object.",Children in foster care are medicated with powerful psychiatric drugs for everything from ADHD to depression,critic_batch_002_05.jsonl
llm_train_00122,0.05,0.01,0.05,0.05,True,True,False,Focuses on institutional management and adaptations for students with ADHD from a teacher's professional perspective.,"plan for ever-growing numbers of students on adaptations... those suffering from ADD, ADHD",critic_batch_002_05.jsonl
llm_train_00123,0.01,0.01,0.01,0.01,True,True,False,Proposes a clinical theory regarding the pathophysiology and shared predisposition between ADHD and sleep disorders.,theorise that in some cases Attention Deficit Hyperactivity Disorder (ADHD) predisposes to narcolepsy... shared pathophysiology,critic_batch_002_05.jsonl
llm_train_00124,0.05,0.05,,,False,,,The passage is a webinar announcement providing only the title and speaker; it functions as non-substantive event promotion.,register for How to Balance School/Activities with ADHD Presented by Dr. Mary Rooney,critic_batch_002_05.jsonl
llm_train_00125,0.15,0.02,0.1,0.2,True,True,True,"Combines institutional provision with a mission to enhance independence and support self-advocates, meeting both frame definitions.",Office of Autism... enhance quality of life and independence... help make those resources available to families and self-advocates,critic_batch_002_05.jsonl
llm_train_00126,0.05,0.05,0.05,0.05,True,True,False,"The passage contains a coherent, target-specific claim about ADHD medication effects on children, meeting the Stage 0 threshold for clinical discourse.",ADHD medication make children feel sad and is stunting their growth,critic_batch_002_06.jsonl
llm_train_00127,0.85,0.1,0.8,0.75,True,True,False,"The passage discusses neurodiversity as a range of brain functions and explicitly categorizes autism as a developmental disorder, which is clinical framing.","Neurodiversity... includes developmental disorders, like autism",critic_batch_002_06.jsonl
llm_train_00128,0.1,0.05,0.05,0.05,True,True,True,The passage contains both clinical disagreement with NIMH/medication definitions and lived experience regarding personal identity and communication.,vehemently disagree with the NIMH version... I'm used to people saying that can't understand me.,critic_batch_002_06.jsonl
llm_train_00129,0.05,0.05,,,False,,,"The passage is contaminated extraction with incoherent text where target terms appear without a clear, substantive proposition.",the losing it may affects had ADHD symptoms: Although topical gel of start cases,critic_batch_002_06.jsonl
llm_train_00130,0.05,0.05,0.05,0.05,True,True,False,"The passage discusses the medical use of Adderall for treating ADHD, which is clear clinical framing.",Adderall can be effective for treating ADHD,critic_batch_002_06.jsonl
llm_train_00131,0.9,0.8,,,True,True,False,"The passage makes a coherent, target-specific claim that the drug is used for treating ADHD, making it substantive clinical discourse.",Strattera is used for treating attention-deficit/hyperactivity disorder (ADHD).,critic_batch_002_06.jsonl
llm_train_00132,0.15,0.1,,,False,,,The target appears only in navigation-like section headers or 'related' link labels without developing a substantive claim.,RELATED: 7 Best Vitamins And Supplements For ADHD... - What Is ADHD?,critic_batch_002_06.jsonl
llm_train_00133,0.15,0.1,0.1,0.1,True,False,True,"The passage develops a lived-experience account focusing on coaching, work experiences, and empowerment for individuals with ADHD.","worked with individuals affected by ADHD, helping them to improve their work experiences... clients express feelings of being empowered",critic_batch_002_06.jsonl
llm_train_00134,0.1,0.05,,,False,,,"The passage consists of professional credentials and URL fragments without a substantive, target-specific claim.",The Guide To A Natural Cure For ADHD - http://www. adhd-survival-guide.,critic_batch_002_06.jsonl
llm_train_00135,0.05,0.05,,,False,,,The passage contains only URL fragments which do not constitute substantive discourse under the codebook.,com/health/adhd/adhd-and-giftedness - https://add. org/tips-for-studying-with-adhd/,critic_batch_002_06.jsonl
llm_train_00136,0.02,0.02,,,False,,,A professional profile listing medical advisor roles without developing a target-specific claim.,medical advisor to the Attention Deficit Disorders Information and Support Service (ADDISS),critic_batch_002_07.jsonl
llm_train_00137,0.01,0.01,0.01,0.01,True,True,False,Explicitly discusses clinical trials of treatments for autism symptoms.,"trials of microbiome treatments for the symptoms of autism, including irritability and anxiety",critic_batch_002_07.jsonl
llm_train_00138,0.01,0.01,0.01,0.01,True,True,False,Presents autism as a clinical disorder linked to symptoms like toe walking.,"Toe walking has also been linked to autism, a complex spectrum of disorders",critic_batch_002_07.jsonl
llm_train_00139,0.05,0.05,,,False,,,A provider specialization list and generic therapy statement without a developed target-specific account.,"Autism, Asperger's Syndrome, ADHD... areas I specialize in.",critic_batch_002_07.jsonl
llm_train_00140,0.01,0.01,,,False,,,An incoherent list of tags and navigation labels.,adhd... autism,critic_batch_002_07.jsonl
llm_train_00141,0.02,0.01,0.01,0.03,True,True,False,"Discusses labeling and medication of children with ADHD, a critical clinical frame.","label a child with ADD, ADHD... many of these children are medicated",critic_batch_002_07.jsonl
llm_train_00142,0.03,0.01,0.01,0.05,True,True,False,Discusses clinical research into the causes of ASD and its symptoms.,no scientific proof that GI problems directly cause ASD,critic_batch_002_07.jsonl
llm_train_00143,0.04,0.04,,,False,,,Mentions autism only as a bare biographical status without further development.,my daughter has autism,critic_batch_002_07.jsonl
llm_train_00144,0.01,0.01,,,False,,,A newsletter signup invitation with no substantive target-specific claim.,news in the world of autism education. Please sign up here,critic_batch_002_07.jsonl
llm_train_00145,0.05,0.05,0.01,0.01,True,True,False,Includes a clear clinical headline about genetic links to autism development.,Research Uncovers Genetic Link to Autism Development,critic_batch_002_07.jsonl
llm_train_00146,0.85,0.05,0.1,0.85,True,True,False,"The passage discusses an administrative dispute over specialized school placement and funding, which constitutes a clinical frame for institutional provision without developing lived-experience accounts.",allowing their child to attend Monarch Center for Autism,critic_batch_002_08.jsonl
llm_train_00147,0.02,0.02,,,False,,,"ADHD appears only in a generic list of conditions served by a nonprofit organization, which is non-substantive under the codebook rules for lists.",serving children with special needs related to autism... ADHD,critic_batch_002_08.jsonl
llm_train_00148,0.05,0.05,0.1,0.05,True,False,True,"The passage develops a target-specific account of advocacy and community volunteering following a family diagnosis, meeting the lived-experience criteria.",advocate for the autistic community,critic_batch_002_08.jsonl
llm_train_00149,0.05,0.05,0.05,0.1,True,True,False,"The passage discusses the clinical classification of ADHD in the DSM and its historical prevalence, satisfying the clinical frame definition.",When ADHD first appeared in the DSM in 1987,critic_batch_002_08.jsonl
llm_train_00150,0.12,0.12,,,False,,,"The passage consists of generic resource link headers with significant extraction noise and lacks a coherent, substantive target-specific proposition.",Read about how autism spectrum disorder (ASD) continues to affect,critic_batch_002_08.jsonl
llm_train_00151,0.05,0.05,,,False,,,Target appears only in a generic statement about available community support and general parenting advice.,"Many affordable services can be found right here in our community that support children (and adults) with ADHD, ADD and autism.",critic_batch_003_01.jsonl
llm_train_00152,0.02,0.02,,,False,,,ADHD is one item in a long generic list of conditions assisted by psychotherapy sessions.,"struggling with anxiety, ADHD, marital and family discord, addiction, Bipolar Disorder, depression...",critic_batch_003_01.jsonl
llm_train_00153,0.1,0.02,0.02,0.1,True,True,False,Discusses medication effects as a clinical object; social parity is stated as a clinical result rather than a lived account.,drug brings an ADHD person to an even level playing field with the rest of their peers.,critic_batch_003_01.jsonl
llm_train_00154,0.02,0.02,0.02,0.02,True,True,False,Discusses diagnostic testing and behavioral symptoms as objects of professional assessment and clinical explanation.,He'll be tested soon for autism spectrum disorder (ASD) because... ASD may explain some behaviors.,critic_batch_003_01.jsonl
llm_train_00155,0.02,0.02,0.02,0.02,True,True,False,Discusses epidemiological research linking prenatal medication use to ADHD and autism as clinical risk factors.,numerous studies have linked regular acetaminophen use during pregnancy with birth defects such as autism or... ADHD.,critic_batch_003_01.jsonl
llm_train_00156,0.05,0.05,,,False,,,Product advertisement for a sensory chair; health claims are brief and subordinated to the sales pitch.,The FERUERW Spinning Chair for Autistic Kids is the best choice for parents...,critic_batch_003_01.jsonl
llm_train_00157,0.02,0.02,,,False,,,ADHD appears only as a co-occurring condition within a generic list of treated clinical categories.,Depression co-occurring with ADHD or trauma histories,critic_batch_003_01.jsonl
llm_train_00158,0.05,0.02,0.02,0.05,True,False,True,Focuses on the practical challenge of routines and social participation/accessibility needs during emergencies.,especially those who have autism... and who may rely on consistent routines.,critic_batch_003_01.jsonl
llm_train_00159,0.1,0.02,0.05,0.1,True,True,True,Combines a technical behavioral intervention (clinical) with identity-based neurodiversity and empowerment (lived).,differential reinforcement procedures... well-being and empowerment... dedicated to neurodiversity,critic_batch_003_01.jsonl
llm_train_00160,0.02,0.02,,,False,,,Target appears only in the name of a charity organization receiving promotional race proceeds.,The Crystal Coast Autism Center is this year’s charity,critic_batch_003_01.jsonl
llm_train_00161,0.05,0.02,0.03,0.02,True,True,False,The passage identifies handwriting as a target-specific impairment and suggests instructional intervention.,if a kid is already suffering from ADHD his handwriting will definitely be affected,critic_batch_003_02.jsonl
llm_train_00162,0.05,0.02,0.02,0.04,True,True,False,The passage describes an organization dedicated to autism research and database management.,accelerate autism spectrum disorder (ASD) related research by creating a national online registry,critic_batch_003_02.jsonl
llm_train_00163,0.05,0.02,0.02,0.03,True,True,False,The passage discusses diagnostic prevalence and explores various causal theories for the conditions.,"There are many views on the cause of the conditions; medical, immunisation side-effects",critic_batch_003_02.jsonl
llm_train_00164,0.1,0.02,0.05,0.08,True,True,True,The profile combines clinical management of attention patterns with a focus on harnessing unique strengths.,harness their unique strengths whilst managing ADHD challenges,critic_batch_003_02.jsonl
llm_train_00165,0.05,0.01,0.02,0.02,True,True,True,The account describes a clinical referral process alongside personal family involvement and home strategies.,referred for... speech delay... suspected she had some sort of sensory processing disorder,critic_batch_003_02.jsonl
llm_train_00166,0.15,0.03,0.12,0.05,True,False,True,"The statement foregrounds identity, self-understanding, and uniqueness rather than clinical management.",helping children on the Autism Spectrum come to know their worlds... value their uniqueness,critic_batch_003_02.jsonl
llm_train_00167,0.05,0.02,0.02,0.03,True,True,False,The profile focuses entirely on clinical research credentials and transforming care for autistic children.,"renowned autism researcher, passionate about transforming clinical care",critic_batch_003_02.jsonl
llm_train_00168,0.05,0.03,0.03,0.02,True,True,False,The masterclass title proposes a neurobiological link between immune stressors and brain function.,"Autism, ADHD & The Immune System: Uncovering the Connection",critic_batch_003_02.jsonl
llm_train_00169,0.1,0.08,,,False,,,The passage lists course completions and credentials rather than making a target-specific proposition.,Katy completed... ‘Filling Your Toolbox with Techniques: Treating Children With ADHD’,critic_batch_003_02.jsonl
llm_train_00170,0.05,0.02,0.04,0.03,True,True,False,The announcement describes a government initiative for institutional health and mental health provision.,National Roadmap to Improve the Health and Mental Health of Autistic People,critic_batch_003_02.jsonl
llm_train_00171,0.01,0.01,,,False,,,"ADHD appears only as a single item in a generic list of conditions, which is non-substantive per Rule 8.2.","depression, anxiety, ADD or ADHD",critic_batch_003_03.jsonl
llm_train_00172,0.01,0.01,0.01,0.01,True,True,False,The passage develops a clinical claim regarding medication dosage levels for ADHD drugs.,amount of someone taking ADHD drugs,critic_batch_003_03.jsonl
llm_train_00173,0.01,0.01,,,False,,,"The target appears only within a navigation list of related article headlines, which is non-substantive per Rule 5.3.",Autistic people and experts voice alarm; Adults with Autism; ADHD assessment,critic_batch_003_03.jsonl
llm_train_00174,0.05,0.05,,,False,,,Generic support language for a list of conditions without specifying the form of target-specific provision is non-substantive per Rule 8.3.,support people with autistic spectrum disorders... please contact us,critic_batch_003_03.jsonl
llm_train_00175,0.01,0.01,0.01,0.01,True,False,True,The passage develops a lived-experience account focused on sensory perception and environmental interaction.,"autistic individuals, this perception can differ significantly from neurotypical experiences",critic_batch_003_03.jsonl
llm_train_00176,0.15,0.15,,,False,,,"The passage contains only a thin evaluative proposition and a list-like parallel structure, which is non-substantive per Rule 5.3.",It’s so much easier to deal with ADHD,critic_batch_003_03.jsonl
llm_train_00177,0.85,0.05,0.85,0.05,True,True,True,The mention of an IEP document triggers a clinical frame as it refers to a concrete institutional arrangement for autistic children per Rule 8.3.,his school would know him because of their experience with Autism... his IEP document,critic_batch_003_03.jsonl
llm_train_00178,0.1,0.05,0.1,0.05,True,False,True,"The account focuses on the lived experience of systemic racism and social disparity; the medical system is the setting, not the clinical object.",suffered the effects of systemic racism in the overall medical system,critic_batch_003_03.jsonl
llm_train_00179,0.01,0.01,,,False,,,Stating that children have ADHD/autism without a developed account is a bare status mention and remains non-substantive per Rule 8.4.,My kids have adhd... autism,critic_batch_003_03.jsonl
llm_train_00180,0.05,0.05,,,False,,,A list of specialties and a generic therapy invitation without target-specific provision details is non-substantive per Rule 8.3.,Specialists in... ADHD/Aspergers/Autism. Please make contact initially to discuss which kind of therapy will suit you best,critic_batch_003_03.jsonl
llm_train_00181,0.02,0.02,,,False,,,ADHD appears only as an example in a generic list of conditions a teacher has encountered without a target-specific claim.,teaching people who present many measurable neurological conditions ranging from ADHD to epilepsy,critic_batch_003_04.jsonl
llm_train_00182,0.05,0.05,0.05,0.05,True,False,True,"The passage develops a substantive claim about autism awareness and relatability through an installation, supporting a lived-experience frame.","Many people don’t know much about autism, but through this people may find they can relate.",critic_batch_003_04.jsonl
llm_train_00183,0.01,0.01,0.01,0.01,True,True,False,"The passage discusses theoretical frameworks and motor coordination challenges, treating autism as a clinical/research object.",autistic individuals exhibit motor coordination challenges. Multiple theoretical frameworks propose that... features of autism may arise from a common underlying process,critic_batch_003_04.jsonl
llm_train_00184,0.05,0.05,0.05,0.05,True,False,True,Discussing fun activities for families with ADHD children foregrounds everyday family experience and coping.,"discuss fun activities you can use to keep a child with ADHD busy. We have included options suitable for older and younger children, as well as families",critic_batch_003_04.jsonl
llm_train_00185,0.05,0.05,0.05,0.05,True,False,True,The guide specifically addresses the everyday support and practical needs of families/carers of autistic people during the pandemic.,"guide to help family members and carers living with and supporting... an autistic adult or child, through the COVID-19 pandemic.",critic_batch_003_04.jsonl
llm_train_00186,0.02,0.02,,,False,,,Autism is mentioned only as a biographical status in a news headline without developing a target-specific account.,Driver Left Teen With Autism On Bus,critic_batch_003_04.jsonl
llm_train_00187,0.02,0.02,,,False,,,ADHD appears only in a long list of conditions in a promotional/commercial blurb for a diet book.,"directly cause heart disease, cancer, diabetes, obesity, depression, osteoporosis, arthritis, high blood pressure, ADHD, behavioral disorders",critic_batch_003_04.jsonl
llm_train_00188,0.01,0.01,,,False,,,ADHD appears only in a product name for CBD oil within a conversational fragment.,Bluebird Cbd Oil For Adhd,critic_batch_003_04.jsonl
llm_train_00189,0.25,0.25,,,True,True,False,"The passage identifies a concrete program dedicated to serving children with these behavioral diagnoses, which is a substantive clinical/institutional claim.","church launched a program dedicated to serving children with behavioral diagnoses such as autism, ADHD, and attachment disorders",critic_batch_003_04.jsonl
llm_train_00190,0.15,0.05,0.1,0.1,True,True,True,The passage describes professional coaching to 'handle' a condition (clinical) and developing independence/life skills (lived).,teaching them how to handle their condition. They practice helping an autistic individual become independent through tools such as life planning and emotional regulation.,critic_batch_003_04.jsonl
llm_train_00191,0.01,0.01,0.01,0.01,True,True,False,"The passage substantively discusses diagnosis and medication treatment, which are core positive indicators for a clinical frame.",older adults who are diagnosed with these conditions are prescribed drugs to treat their ADD or ADHD,critic_batch_003_05.jsonl
llm_train_00192,0.01,0.01,0.01,0.01,True,True,False,"The text discusses neurobiological research and medication being studied for the treatment of autism, satisfying the clinical frame definition.","medication currently being studied for application to the treatment of autism, rapamycin",critic_batch_003_05.jsonl
llm_train_00193,0.04,0.02,0.03,0.01,True,True,False,"The passage discusses institutional provision and reimbursement rates for autism services, which constitutes a clinical/disorder-construct frame.",Rates were determined using two studies and included input from providers and advocates in the autism community.,critic_batch_003_05.jsonl
llm_train_00194,0.01,0.01,0.01,0.01,True,True,False,"The passage provides expert advice on managing medication and discusses diagnosis rates, which are definitive clinical indicators.",Expert advice for managing ADHD medications ... ADHD diagnosis rates are exploding,critic_batch_003_05.jsonl
llm_train_00195,0.02,0.01,0.02,0.01,True,True,False,"The passage describes professional speech therapy services managing communication disorders like autism, fitting the clinical frame.","individuals with severe expressive and/or language comprehension disorders, such as autism spectrum disorder",critic_batch_003_05.jsonl
llm_train_00196,0.02,0.01,0.02,0.01,True,True,False,The discussion of counseling and special school placement for a child with ADD reflects institutional management and service provision.,is in counseling and is also in a special school. He has attention deficit disorder.,critic_batch_003_05.jsonl
llm_train_00197,0.01,0.01,,,False,,,"The target mention is part of a professional bio and grant review role, which is non-substantive per codebook section 8.8.",He serves as a grant reviewer for the NIH Extramural Program for Autism Center Grants,critic_batch_003_05.jsonl
llm_train_00198,0.01,0.01,0.01,0.01,True,True,False,"The passage discusses causes (digital media) and prevalence statistics for autism, which are primary clinical frame indicators.","""virtual autism"" caused by overuse of digital media ... prevalence of autism was about 1 in 44 children",critic_batch_003_05.jsonl
llm_train_00199,0.01,0.01,0.01,0.01,True,True,False,"The passage invokes ADHD as a clinical explanation in a legal context to mitigate behavior, directly matching codebook rule 8.9.",defendant had ADHD after suffering from meningitis as a baby and had to take regular medication.,critic_batch_003_05.jsonl
llm_train_00200,0.01,0.01,,,False,,,"The target term appears only as a title within a long list of courses, which is non-substantive per section 5.3.",- The Autism Spectrum and Today's Classroom -,critic_batch_003_05.jsonl
llm_train_00201,0.01,0.01,0.01,0.01,True,False,True,"The passage provides a substantive first-person account of the ADHD experience, using symptom language as self-explanation which fits the lived frame only.","ADHD mind, darting from one topic to another, never settling on anything",critic_batch_003_06.jsonl
llm_train_00202,0.01,0.01,0.01,0.01,True,True,False,"The passage presents ADHD and autism as clinical comorbidities and diagnostic objects within a population, meeting the clinical frame definition.",substantial number of children with the disorder have autism... attention deficit–hyperactivity disorder (ADHD),critic_batch_003_06.jsonl
llm_train_00203,0.01,0.01,0.01,0.01,True,True,False,"The passage discusses ADHD as a health condition linked to environmental causes, which is a clinical/epidemiological discourse function.","linked to several health conditions, including... attention-deficit hyperactivity disorder (ADHD)",critic_batch_003_06.jsonl
llm_train_00204,0.02,0.02,,,False,,,"Autism is mentioned only as a biographical status for the founder's children to explain a business's origin story, without developing a target-specific claim.",her two children Brittany... and her son Logan... both of them have autism,critic_batch_003_06.jsonl
llm_train_00205,0.01,0.01,,,False,,,"The target term appears only within a journal title in a citation for a broader claim about disability, making it non-substantive for the target.","Focus on Autism and Other Developmental Disabilities, 2002",critic_batch_003_06.jsonl
llm_train_00206,0.02,0.01,0.02,0.01,True,False,True,The passage develops a substantive family account of developmental progress through everyday travel; diagnosis and symptom language serve the lived account.,notice that he would make huge gains each time we went on a trip. He’d come home with more language,critic_batch_003_06.jsonl
llm_train_00207,0.01,0.01,0.01,0.01,True,True,False,The passage explicitly offers clinical referral and treatment planning for listed conditions including ADHD and autism.,interdisciplinary team... formulate a comprehensive treatment plan... Attention deficit disorder (ADHD),critic_batch_003_06.jsonl
llm_train_00208,0.01,0.01,0.01,0.01,True,True,False,"The passage discusses the theoretical and clinical implications of diagnostic models for ADHD, which is a clinical discourse object.","categorical model, a child could have ten of the twelve symptoms required for a diagnosis of ADHD",critic_batch_003_06.jsonl
llm_train_00209,0.03,0.03,,,False,,,"The target term appears only in a professional's list of credentials and services within a promotional profile, which is non-substantive.","Special services w/ ADHD, ADD, SED",critic_batch_003_06.jsonl
llm_train_00210,0.02,0.01,0.02,0.02,True,True,True,"The passage presents a contrast between clinical 'correction' and lived-experience 'strategies for living with' the target, meeting both frame definitions.","completely correct their learning and attention challenges (ADD, ADHD)... OR... strategies for living with",critic_batch_003_06.jsonl
llm_train_00211,0.98,0.98,0.95,0.05,False,,,"The target appears only as a title in a poster presentation schedule list, which is non-substantive under Rule 8.10 and 5.3.",POSTER PRESENTATIONS SCHEDULE... Associations between Parental/Family Functioning and Social Functioning in Youth with ADHD,critic_batch_003_07.jsonl
llm_train_00212,0.02,0.01,0.01,0.05,True,True,False,"The passage develops a clinical frame by describing a resource focused on causes, characteristics, eligibility, and assessment.","focused on the research, writing, and practical information... on causes, characteristics, eligibility, assessment",critic_batch_003_07.jsonl
llm_train_00213,0.05,0.02,0.02,0.05,True,True,False,The passage develops a clinical frame by discussing institutional funding and service provision for autism services.,"funding for learning disability and autism services, providers will fail",critic_batch_003_07.jsonl
llm_train_00214,0.02,0.01,0.01,0.01,True,True,True,"Both frames are present: ABA therapy (clinical) alongside support groups, social activities, and parent advocacy (lived).","support groups offering workshops, social activities, and parent advocacy programs. Insurance-Friendly ABA Therapy",critic_batch_003_07.jsonl
llm_train_00215,0.02,0.02,,,False,,,"The target appears only as a research headline in a list of unrelated news items, which is non-substantive under Rule 8.10.","Harvard research links fluoridated water to ADHD, mental disorders",critic_batch_003_07.jsonl
llm_train_00216,0.1,0.05,0.05,0.1,True,True,False,The passage presents the target as a clinical training and service object for professionals working with 'severe autism'.,participants be directly working with children/adults with severe autism,critic_batch_003_07.jsonl
llm_train_00217,0.02,0.01,0.01,0.05,True,True,False,The passage discusses ADHD symptoms and genetic risk as formal clinical objects in a research context.,"ADHD symptoms, and genetic risk of externalizing disorders",critic_batch_003_07.jsonl
llm_train_00218,0.15,0.05,0.05,0.2,True,True,False,The clinical frame is developed through conceptual discussion of the diagnosis; lived experience titles are not substantively developed.,"understanding of ADHD has developed... revealing that it affects adults, particularly women, in unique methods",critic_batch_003_07.jsonl
llm_train_00219,0.05,0.02,0.02,0.1,True,True,False,The passage presents the target as a medical object by discussing cognitive functioning and medical benefits.,improved cognitive functioning... medical benefits,critic_batch_003_07.jsonl
llm_train_00220,0.1,0.05,0.1,0.05,True,False,True,The passage foregrounds the everyday social experiences and family perspectives of autistic people.,introduces 20 families dealing with the disorder... troubled only in social situations,critic_batch_003_07.jsonl
llm_train_00221,0.02,0.01,0.01,0.01,True,True,False,"The passage focuses on the clinical effectiveness of behavioral therapy and research, correctly identifying the clinical frame without lived experience.",behavioral therapy for those with autism... effective in reducing problem behaviors... and increasing adaptive behaviors,critic_batch_003_08.jsonl
llm_train_00222,0.05,0.01,0.1,0.01,True,False,True,"The passage uses symptom language and diagnostic status to explain interpersonal dynamics and feelings, supporting a lived-only label per Rule 8.5.","Individuals with ADHD might feel micromanaged and criticised for their distractibility, impulsivity, disorganisation",critic_batch_003_08.jsonl
llm_train_00223,0.02,0.01,0.01,0.01,True,True,False,"The passage discusses medical legislation and physician recommendations for therapy, correctly identifying a clinical frame without lived experience.",permit physicians to recommend cannabis therapy to those diagnosed with an autism spectrum disorder,critic_batch_003_08.jsonl
llm_train_00224,0.01,0.01,,,False,,,"The passage is a commercial product listing dominated by pricing and metadata, which is non-substantive per Rule 5.3.",Liquid Timer visual sensory toy autism sedation special Hourglasses Liquid Motion needs Oil Floating Glass Visual Timer Sale price$19. 95,critic_batch_003_08.jsonl
llm_train_00225,0.75,0.05,0.1,0.75,True,True,False,The passage discusses institutional provision and exclusion rates as systemic/clinical objects rather than developing a lived account of participation.,specialist provision has significant wait lists... experiencing high demand... Pupils with SEND... face higher permanent exclusion rates,critic_batch_003_08.jsonl
llm_train_00226,0.01,0.01,0.01,0.01,True,True,False,The passage provides a coherent clinical claim about ADHD symptoms and therapeutic treatment.,people with ADHD may have an easier time focusing and may become less hyperactive when they are treated therapeutically,critic_batch_004_01.jsonl
llm_train_00227,0.01,0.01,,,False,,,The target appears only as part of an event name (Walk/Run For Autism Awareness) without a specific claim.,The Walk/Run For Autism Awareness,critic_batch_004_01.jsonl
llm_train_00228,0.01,0.01,0.01,0.01,True,True,False,"The passage describes professional services for ADHD and autism, including assessments and therapy.",focus on assessments and therapy for autistic individuals,critic_batch_004_01.jsonl
llm_train_00229,0.01,0.01,0.01,0.01,True,True,False,The passage presents ADHD as a diagnostic and management object within a clinical setting.,offers thorough ADHD testing to provide an accurate diagnosis and help individuals manage ADHD effectively,critic_batch_004_01.jsonl
llm_train_00230,0.05,0.02,0.03,0.05,True,True,False,"The passage describes a service that treats/manages autism as a condition, which is a clinical/institutional frame.",Smiling Goat Ranch uses horses and small social animals to help people with autism... in a healing environment,critic_batch_004_01.jsonl
llm_train_00231,0.02,0.01,0.01,0.02,True,False,True,"The passage describes a specific incident of bullying and stigma, which foregrounds lived experience.",50 Cent -- Autistic Airport Worker Lawyers Up ... Wants $1 Million For Bullying,critic_batch_004_01.jsonl
llm_train_00232,0.01,0.01,0.01,0.01,True,True,False,The passage identifies symptoms and deficits (communication and behavior struggles) associated with the conditions.,Kids with ADHD and/or autism struggle with appropriate and effective communication... struggle with behavior,critic_batch_004_01.jsonl
llm_train_00233,0.01,0.01,0.01,0.01,True,True,False,The passage describes a clinical screening tool and professional referral process for autism.,physicians use Caravel Autism Health’s Pediatric Development Screener to help patients and their families,critic_batch_004_01.jsonl
llm_train_00234,0.02,0.01,0.01,0.02,True,False,True,The passage describes a parent-led support group focused on peer support and family experience.,support group run by parents for parents... A chance to meet other parents and look at issues and problems linked to Autism,critic_batch_004_01.jsonl
llm_train_00235,0.01,0.01,0.01,0.01,True,True,False,The passage describes a research center focused on the causes and treatment of neurodevelopmental disabilities.,"researching causes, treatments and potential prevention... major research efforts in autism... ADHD",critic_batch_004_01.jsonl
llm_train_00236,0.05,0.05,,,False,,,"Target appears only in an article title within a list of recommended reading, which is non-substantive per rule 8.10.",Integrating virtual reality into ADHD therapy: advancing clinical evidence,critic_batch_004_02.jsonl
llm_train_00237,0.02,0.01,0.01,0.01,True,True,False,"Passage discusses diagnostic categories and DSM-5 changes, which is substantive clinical discourse.",Asperger’s disorder was removed and incorporated under the category of autism spectrum disorders.,critic_batch_004_02.jsonl
llm_train_00238,0.02,0.01,0.01,0.01,True,True,False,"Passage discusses neural activity as a potential diagnostic marker, fitting the clinical frame definition.",used as an early diagnostic marker for specific neurological conditions like autism,critic_batch_004_02.jsonl
llm_train_00239,0.02,0.01,0.01,0.01,True,True,False,Passage discusses clinical research into treatment mechanisms for ADHD.,Studies exploring the impact of gut microbiota on ADHD treatment,critic_batch_004_02.jsonl
llm_train_00240,0.05,0.05,,,False,,,"Target mention is part of a food item name based on a book title in an event blurb, which is non-substantive.",making an Autism Puzzle Piece Tostada based on the book “The Three Brotherteers”,critic_batch_004_02.jsonl
llm_train_00241,0.05,0.05,,,False,,,Passage consists only of navigation-style questions without substantive claims or accounts.,What is autism? What is ADHD?,critic_batch_004_02.jsonl
llm_train_00242,0.02,0.01,0.01,0.01,True,True,False,"Passage describes laboratory research into brain function differences in disorders, which is clinical.",understand how the brain function of individuals with disorders such as autism... differs from that of their typically-developing peers,critic_batch_004_02.jsonl
llm_train_00243,0.95,0.95,0.95,0.85,False,,,"ADHD appears only in a generic list of conditions for which a clinic provides services, which is non-substantive per rule 8.2.","Anxiety, depression, ADHD and general stress are very common reasons why people see the psychologists",critic_batch_004_02.jsonl
llm_train_00244,0.02,0.01,0.01,0.01,True,False,True,"Passage focuses on everyday practical challenges and coping strategies, which is lived-experience discourse.","task initiation can be a significant hurdle, leading to frustration and a sense of being overwhelmed",critic_batch_004_02.jsonl
llm_train_00245,0.1,0.05,0.1,0.05,True,True,False,"Passage describes a concrete institutional program for autism transition skills, which is clinical per rule 8.3.","TEACCH Transition Program, where she supported adolescents and young adults with autism in developing independence and transition-related skills",critic_batch_004_02.jsonl
llm_train_00246,0.02,0.01,0.01,0.01,True,True,False,"The passage discusses research studies and omega-3 supplements to ease symptoms, which is a clear clinical/research frame.",Some studies suggest omega-3 supplements may ease the symptoms of ADHD.,critic_batch_004_03.jsonl
llm_train_00247,0.08,0.05,0.02,0.03,True,False,True,Certified accessibility for an attraction is a substantive claim about social participation and inclusion.,it's a certified autism-friendly attraction,critic_batch_004_03.jsonl
llm_train_00248,0.05,0.02,0.01,0.02,True,False,True,"The passage identifies a shared community understanding of behavior as communication, supporting the lived-experience frame.",widely regarded fact and tool throughout the autism community,critic_batch_004_03.jsonl
llm_train_00249,0.02,0.01,0.01,0.01,True,True,False,The passage details a research study using diagnostic interviews to link symptoms of ADHD with insomnia risk.,conducted detailed diagnostic interviews ... risk for symptoms of ... ADHD,critic_batch_004_03.jsonl
llm_train_00250,0.05,0.05,,,False,,,The passage lists awareness dates and generic fundraising goals without making a target-specific claim.,April is Autism Awareness Month ... raising money and awareness to benefit programs,critic_batch_004_03.jsonl
llm_train_00251,0.05,0.05,,,False,,,A promotional mention of training availability without substantive target-specific content is non-substantive.,providing Distance Learning training in Understanding Autism,critic_batch_004_03.jsonl
llm_train_00252,0.05,0.02,0.01,0.02,True,False,True,The passage describes an account of navigating social participation and everyday life on the spectrum.,Christopher learns how to navigate being on the autism spectrum in a public setting,critic_batch_004_03.jsonl
llm_train_00253,0.03,0.01,0.01,0.01,True,True,False,The passage discusses the increase in ADHD prevalence and the implications of a formal diagnosis.,Hyperactivity Disorder has increased ... What does a diagnosis mean for the child?,critic_batch_004_03.jsonl
llm_train_00254,0.08,0.04,0.04,0.02,True,True,False,The construction of a mental health unit for care and support constitutes concrete institutional provision (clinical).,Work to build a new £20m mental health unit ... provide care and support for people with ... autism,critic_batch_004_03.jsonl
llm_train_00255,0.02,0.02,,,False,,,The text is an incoherent snippet that does not develop a target-specific proposition.,start doing Unknown Speaker 9:53 ADHD,critic_batch_004_03.jsonl
llm_train_00256,0.05,0.02,0.02,0.05,True,True,False,"The passage focuses on medication choice and a bad reaction, which constitutes a clinical treatment account rather than a developed lived experience.",I was given Strattera for ADHD... I had a very bad reaction to it.,critic_batch_004_04.jsonl
llm_train_00257,0.02,0.01,0.01,0.01,True,True,False,"The passage makes a target-specific claim about improving symptoms through a specific supplement, meeting the clinical frame definition.",help improve sleep quality and ADHD symptoms... recommend using organic sunflower-sourced phosphatidyserine.,critic_batch_004_04.jsonl
llm_train_00258,0.02,0.01,0.01,0.01,True,True,False,"The passage discusses neurobiology and medication for treating ADHD, which is a clear clinical/disorder-construct frame.",supplementing with NALT may help improve your memory... using stimulants like Adderall or Ritalin for treating ADHD.,critic_batch_004_04.jsonl
llm_train_00259,0.15,0.15,,,False,,,"Autism appears only in a list of conditions for which parents seek generic massage support, which does not constitute a substantive target-specific claim.",seeking out therapists who can safely support their children through challenges like... autism,critic_batch_004_04.jsonl
llm_train_00260,0.05,0.05,,,False,,,The passage is a professional profile listing ADHD among many specialties without a developed target-specific account.,"specializes in topics of trauma, abuse... and ADHD.",critic_batch_004_04.jsonl
llm_train_00261,0.02,0.01,0.01,0.01,True,False,True,"The passage develops a first-person account of identity and representation, fitting the lived-experience frame perfectly.","I'm an Autistic, queer author writing about people who are Autistic... becoming more comfortable in their own skin",critic_batch_004_04.jsonl
llm_train_00262,0.02,0.02,,,False,,,The mention of an 'autistic daughter' identifies a person's status without developing a target-specific proposition or account.,buying furniture for a woman and her autistic daughter,critic_batch_004_04.jsonl
llm_train_00263,0.05,0.02,0.02,0.02,True,True,False,"The passage makes an etiological claim linking autism to gut health, which is a substantive clinical/research-oriented discourse.","digestive problems wreak havoc in the entire body, playing a part in... autism",critic_batch_004_04.jsonl
llm_train_00264,0.1,0.02,0.05,0.05,True,False,True,"The passage describes coaching for 'style of thinking' and 'support groups', which foregrounds lived experience and neurodivergent ways of being.",Coaching that is specifically targeted to your style of thinking and the way you process information... Support Groups,critic_batch_004_04.jsonl
llm_train_00265,0.02,0.01,0.01,0.01,True,True,False,The table of contents outlines a clear clinical/institutional framework including identification and psychotherapy treatment for ADHD.,How to Identify ADHD in Children - Psychotherapy Treatment for Children with ADHD,critic_batch_004_04.jsonl
llm_train_00266,0.01,0.01,0.01,0.01,True,True,False,The passage discusses ADHD as a clinical risk factor and research object in relation to epilepsy.,Children who suffer from epilepsy... may face a higher risk of also having attention-deficit... research suggests.,critic_batch_004_05.jsonl
llm_train_00267,0.05,0.01,0.05,0.02,True,False,True,"The passage focuses on practical adaptations for everyday hygiene, supporting a lived-experience frame.",help children with Autism Spectrum Disorder have more success with oral hygiene,critic_batch_004_05.jsonl
llm_train_00268,0.01,0.01,0.01,0.01,True,False,True,The passage describes family experience and personal identity (neurodivergencies) from a father's perspective.,"As a father with two kids on the Autism spectrum, I try to have patience and empathy",critic_batch_004_05.jsonl
llm_train_00269,0.01,0.01,0.01,0.01,True,True,False,"The passage defines autism through clinical criteria, symptoms, and the diagnostic process.",definition of autism... diagnostic process involved... neurodevelopmental condition,critic_batch_004_05.jsonl
llm_train_00270,0.08,0.02,0.1,0.05,True,False,True,The passage emphasizes accessibility and disclosure to ensure smooth participation in an educational placement.,enable them to meet this need so that the placement goes smoothly,critic_batch_004_05.jsonl
llm_train_00271,0.08,0.01,0.02,0.15,True,True,False,The framing of behaviors as indicating a medical problem is a diagnostic clinical object.,behaviors would indicate a medical problem as opposed to just bad behavior,critic_batch_004_05.jsonl
llm_train_00272,0.02,0.01,0.01,0.01,True,False,True,"The passage discusses political rhetoric regarding exclusion from schools, focusing on social participation and stigma.",argued for the removal of children with autism from mainstream schools,critic_batch_004_05.jsonl
llm_train_00273,0.01,0.01,0.01,0.01,True,True,False,The passage presents ADHD and autism as objects of clinical referral and diagnostic evaluation.,Referrals for psychological evaluations... are for diagnostic clarification,critic_batch_004_05.jsonl
llm_train_00274,0.01,0.01,0.01,0.01,True,False,True,The passage discusses accessibility tools and technology to facilitate independence and participation.,"technology to help them succeed, with independence",critic_batch_004_05.jsonl
llm_train_00275,0.01,0.01,0.01,0.01,True,True,False,The passage treats ADHD as a disease linked to neurobiological (dopamine) mechanisms.,dopamine levels are associated with diseases including... ADHD,critic_batch_004_05.jsonl
llm_train_00276,0.02,0.02,,,False,,,The passage describes an administrative strategic plan for support without a developed target-specific proposition.,Strategic Plan Learn more about our long-term strategic plan... that ensure support for individuals impacted by autism,critic_batch_004_06.jsonl
llm_train_00277,0.02,0.02,,,False,,,"Autism is listed as a co-occurring condition, but the account of symptoms (mobility, fatigue) is not developed as target-specific.","son also has epilepsy, sickle cell and autism. Sylvia... explained: 'My son suffers with his mobility and fatigue.'",critic_batch_004_06.jsonl
llm_train_00278,0.02,0.02,0.02,0.02,True,True,False,The passage makes a target-specific clinical claim about the variation in ADHD's level and presentation.,LD can occur with or without ADHD and the level and presentation of ADHD also varies.,critic_batch_004_06.jsonl
llm_train_00279,0.02,0.02,0.02,0.02,True,True,False,The passage discusses diagnosis and referral to a specific early intervention clinical programme.,Where a child has a clear diagnosis of Autism... a referral may be made specifically to consider... early intervention programme.,critic_batch_004_06.jsonl
llm_train_00280,0.01,0.01,,,False,,,The passage consists of event and organization names without a developed target-specific claim.,2014 Bluegrass Autism Walk 2014 Buddy Walk of the Valley,critic_batch_004_06.jsonl
llm_train_00281,0.02,0.02,0.02,0.02,True,True,False,The passage explicitly offers professional psychological assessment and referrals for ADHD.,accepting referrals for those in need of a psychological assessment related to Learning Disabilities and ADHD.,critic_batch_004_06.jsonl
llm_train_00282,0.02,0.02,0.02,0.02,True,True,False,The passage discusses ADHD symptom management and clinical treatment strategies.,help manage symptoms of ADHD... medication management... developing effective treatment strategies,critic_batch_004_06.jsonl
llm_train_00283,0.03,0.02,0.03,0.03,True,True,False,The passage describes a facility's clinical approach to treating and managing autism and co-occurring disorders.,novel approach to mental health and autism support that prioritizes treating the whole person as a way of helping manage the co-occurring disorders,critic_batch_004_06.jsonl
llm_train_00284,0.05,0.05,,,False,,,"The mention of ADHD and medication is speculative and thin, functioning only as biographical status.",maybe I was on meds for something (like ADHD/ADD? ) and thought that I had gotten better?,critic_batch_004_06.jsonl
llm_train_00285,0.03,0.02,0.03,0.03,True,False,True,The passage develops a lived-experience frame through the mention of support groups and navigating daily life.,"support groups, events, and workshops aimed at helping people on the autism spectrum navigate daily life.",critic_batch_004_06.jsonl
llm_train_00286,0.05,0.05,,,False,,,Administrative text providing resource links and mentioning service referrals without a target-specific claim.,For more information about autism in adults please go to the National Autistic Society website,critic_batch_004_07.jsonl
llm_train_00287,0.01,0.01,,,False,,,Administrative job description for an advocacy role without target-specific discourse.,Post: SEAS Advocate Reporting to: SEAS Programme Manager,critic_batch_004_07.jsonl
llm_train_00288,0.01,0.01,0.01,0.01,True,True,False,Correctly identifies clinical framing of ADHD as a diagnostic explanation in a professional context.,Attention-Deficit/Hyperactivity Disorder (ADHD) is one such possible explanation.,critic_batch_004_07.jsonl
llm_train_00289,0.01,0.01,0.01,0.01,True,True,True,Accurately identifies mixed framing involving clinical severity language and family experiential impact.,brother with low-functioning autism in a care home ... condition took it all up,critic_batch_004_07.jsonl
llm_train_00290,0.02,0.01,0.02,0.01,True,False,True,Correctly identifies lived experience through a family account of subjectivity and practical challenges.,makes his world even more confusing by letting mounds of food and baking items overflow,critic_batch_004_07.jsonl
llm_train_00291,0.12,0.1,0.02,0.05,True,False,True,Proposed labels are defensible as the production 'through the prism of autism' suggests a lived/experiential perspective.,produce The Glass Menagerie (through the prism of autism) ... developed more programming,critic_batch_004_07.jsonl
llm_train_00292,0.02,0.02,,,False,,,Target term refers to symptoms in another condition (concussion) within a list of titles.,Working Memory and Attention Deficits During a Letter Number Sequencing Task Post-Concussion,critic_batch_004_07.jsonl
llm_train_00293,0.01,0.01,0.01,0.01,True,True,False,Correctly identifies clinical description of ADHD signs and symptom associations.,"People with ADHD show signs of inattention, impulsivity, over-activity and restlessness.",critic_batch_004_07.jsonl
llm_train_00294,0.05,0.05,,,False,,,Target term appears only as part of a category label or content name without a substantive claim.,even if you’re not familiar with tips for successful dating with adhd dating apps,critic_batch_004_07.jsonl
llm_train_00295,0.01,0.01,,,False,,,Extensive list of resources and organizations without a target-specific claim.,Yale Autism Program ... ADHD Report ... Autism,critic_batch_004_07.jsonl
llm_train_00296,0.02,0.01,0.01,0.02,True,True,False,The passage correctly identifies ADHD as an object of clinical screening and identifies its comorbidity with another disorder.,"screen for other mental health conditions like anxiety, attention deficit hyperactivity disorder (ADHD)",critic_batch_004_08.jsonl
llm_train_00297,0.85,0.85,0.85,0.1,False,,,"The target appears only as an entry in a list of conditions treated by a specific modality, which is non-substantive under Rule 8.2.",this modality has been very helpful in treatment with: ... - Attention deficit hyperactivity disorder (ADHD),critic_batch_004_08.jsonl
llm_train_00298,0.01,0.01,,,False,,,"The passage is incoherent and contaminated extraction, correctly filtered out at Stage 0.",absorbs co5 laser to treat adhd,critic_batch_004_08.jsonl
llm_train_00299,0.05,0.02,0.02,0.05,True,True,False,"The passage makes a substantive claim about ADHD medications and diagnostic labeling, fitting the clinical/disorder-construct frame.",labeled and drugged with medications like ADHD drugs,critic_batch_004_08.jsonl
llm_train_00300,0.7,0.05,0.1,0.7,True,True,False,"The passage describes a concrete institutional provision (curriculum) for the target, which is clinical_only per Rule 8.3 and Rule 11.",The curriculum will enable students on the autism spectrum to complete the following high school credits,critic_batch_004_08.jsonl
llm_train_00301,0.02,0.01,0.01,0.01,True,True,False,The passage provides clinical statistics on prevalence and service usage for ADHD as a mental health condition.,Between 3 and 5 percent of all youth ages 9-17 are believed to suffer from ADHD,critic_batch_005_01.jsonl
llm_train_00302,0.05,0.03,0.02,0.01,True,True,False,The passage makes a clinical claim about the difficulty of distinguishing autism and ADHD due to symptom overlap.,Symptoms can overlap and so distinguishing among these 5 major psychiatric syndromes can be difficult.,critic_batch_005_01.jsonl
llm_train_00303,0.02,0.01,0.01,0.01,True,True,False,The passage reports clinical trial results for atomoxetine in treating ADHD symptoms.,atomoxetine reduced ADHD symptoms and improved quality of life,critic_batch_005_01.jsonl
llm_train_00304,0.03,0.02,0.01,0.02,True,True,False,The passage discusses evaluating ADHD symptoms through clinical tests and digital health resources.,improvements in digital psychological health resources now provide people with the chance to evaluate their symptoms through free online ADHD tests,critic_batch_005_01.jsonl
llm_train_00305,0.01,0.01,,,False,,,The passage is a long list of keywords and tags without a coherent proposition.,author autism autistic children autobiography of a yogi,critic_batch_005_01.jsonl
llm_train_00306,0.12,0.08,0.05,0.02,True,True,False,The table of contents explicitly lists clinical identification and psychotherapy treatment for children with ADHD.,How to Identify ADHD in Children - Psychotherapy Treatment for Children with ADHD,critic_batch_005_01.jsonl
llm_train_00307,0.02,0.01,0.01,0.01,True,True,False,The passage recommends a clinical treatment model involving applied behavior analysis for children with autism symptoms.,a comprehensive treatment model is recommended that may include applied behavior analysis,critic_batch_005_01.jsonl
llm_train_00308,0.1,0.1,,,False,,,Stating an organization's accreditation status without further target-specific discourse is non-substantive.,We have National Autistic Society Accredited status,critic_batch_005_01.jsonl
llm_train_00309,0.05,0.03,0.02,0.01,True,True,False,The passage identifies the ketogenic diet as a treatment used to improve the condition of autism.,"this diet has been used to improve disease conditions, such as... autism",critic_batch_005_01.jsonl
llm_train_00310,0.08,0.08,,,False,,,"The passage is a commercial course listing dominated by sales metadata, which is non-substantive.",ADHD: A Route to Resolution Treating ADHD From Diagnosis to Treatment 1 CEU – 1 Hour Course $39 USD,critic_batch_005_01.jsonl
llm_train_00311,0.01,0.01,,,False,,,"The target appears only as a status mention within a list of forum thread titles, which is non-substantive per the codebook.",Relationship With My Bipolar and ADHD Girlfriend,critic_batch_005_02.jsonl
llm_train_00312,0.01,0.01,0.01,0.01,True,True,False,The passage discusses ADHD symptoms and the effect of caffeine as a stress-alleviating intervention without lived experience detail.,alleviate stress in individuals with ADHD,critic_batch_005_02.jsonl
llm_train_00313,0.05,0.01,0.05,0.01,True,False,True,"Describes an accessibility mode designed to support participation; symptom language describes the tool's function, not a clinical object.",Tryb przyjazny ADHD ... pomaga użytkownikom z ADHD ... w łatwiejszym czytaniu,critic_batch_005_02.jsonl
llm_train_00314,0.05,0.01,0.05,0.01,True,False,True,The passage foregrounds advocacy for support and mentions daily participation without treating autism as a clinical object.,advocate for better support in Singapore for Autism,critic_batch_005_02.jsonl
llm_train_00315,0.01,0.01,0.01,0.01,True,False,True,"Discusses social participation, bullying, and a dedicated peer community for autistic children.",Autcraft ... for kids with Autism,critic_batch_005_02.jsonl
llm_train_00316,0.02,0.02,,,False,,,The target appears in a generic list of conditions within a noisy and fragmented extraction.,"nar- colepsy, adhd, and asd-like difculties",critic_batch_005_02.jsonl
llm_train_00317,0.01,0.01,0.01,0.01,True,False,True,Explicitly discusses navigating life as a person with ADHD and embracing strengths.,Navigating life as a person with ADHD,critic_batch_005_02.jsonl
llm_train_00318,0.05,0.01,0.01,0.05,True,True,False,Treats ADHD as a chronic clinical condition and discusses its longitudinal impact without developed lived experience detail.,This chronic condition begins in childhood,critic_batch_005_02.jsonl
llm_train_00319,0.1,0.01,0.05,0.1,True,True,True,Combines clinical search for treatments with a subjective parent account of the practical problem and decision-making process.,"natural treatments for ADHD ... thinking to yourself, 'Something has got to change.'",critic_batch_005_02.jsonl
llm_train_00320,0.01,0.01,0.01,0.01,True,True,True,Presents ADHD as a neurological disorder with specific symptoms while also foregrounding parenting challenges and social development.,ADHD is a neurological disorder ... parenting a child with ADHD brings a unique set of challenges,critic_batch_005_02.jsonl
llm_train_00321,0.8,0.01,0.8,0.05,True,True,True,"The diagnosis and symptoms are invoked as an explanatory clinical object to mitigate behavior, meeting Rule 8.9 for clinical framing.",actually suffers from autism and Asperger’s syndrome and was experiencing severe social anxiety as Fiddy approached him,critic_batch_005_03.jsonl
llm_train_00322,0.05,0.01,0.01,0.05,True,True,False,Correctly identifies a clinical-only frame focused on symptoms and physiological interventions (fish oil).,caring for children with ADHD using fish oil has some effect on improving symptoms,critic_batch_005_03.jsonl
llm_train_00323,0.1,0.01,0.15,0.05,True,False,True,"Focus is on advocacy and triumphs; laws/regs here are rights-oriented, not treating the target as a clinical object.","Stacy shares her struggles and triumphs, tips and tricks, and current laws & regulations",critic_batch_005_03.jsonl
llm_train_00324,0.05,0.01,0.01,0.05,True,True,False,Correctly identifies clinical framing based on epidemiological analysis of cases and intellectual disability comorbidities.,analysis finds autism cases are rising rapidly... increase was highest among children without intellectual disabilities,critic_batch_005_03.jsonl
llm_train_00325,0.05,0.01,0.05,0.01,True,False,True,Correctly identifies lived experience focused on a parent's perspective and a child's unique strengths and voice.,"help other parents of children with autism find their child’s unique strengths, their inner and outer voice",critic_batch_005_03.jsonl
llm_train_00326,0.05,0.01,0.05,0.05,True,True,True,Correctly identifies a mixed frame: a concrete institutional provision (clinical) and focus on friendships/life skills (lived).,day program that can be affordable for adult individuals with... Autism... adults... enjoy time developing friendships,critic_batch_005_03.jsonl
llm_train_00327,0.05,0.01,0.05,0.01,True,False,True,"Correctly identifies lived experience through social perceptions, belonging, and acceptance.",perceptions of people with Autism Spectrum Disorder and on belonging and acceptance,critic_batch_005_03.jsonl
llm_train_00328,0.05,0.01,0.05,0.01,True,False,True,Correctly identifies lived experience focused on disclosing a personal account of life with autism.,allowed everyone in my social network to have a glimpse into our life with autism,critic_batch_005_03.jsonl
llm_train_00329,0.05,0.01,0.1,0.01,True,False,True,Correctly identifies lived experience based on identity and neurodivergent perspective; diagnosis is status only.,"amazingly autistic”, our brains are built different",critic_batch_005_03.jsonl
llm_train_00330,0.8,0.01,0.8,0.05,True,True,True,"The passage discusses managing clinical symptoms (hyperactivity, impulsivity) and specific interventions (essential oils), requiring a clinical label.","navigate through attention issues, hyperactivity and impulsivity... essential oils for ADHD children",critic_batch_005_03.jsonl
llm_train_00331,0.05,0.05,0.05,0.02,True,True,False,Passage makes a substantive clinical claim about the role of environment and diet in ADHD/autism etiology.,"role diet, lifestyle and one’s environment play in most diseases, including cancer, autoimmunity, autism, ADD/ADHD",critic_batch_005_04.jsonl
llm_train_00332,0.02,0.01,0.02,0.01,True,False,True,"Describes a specific supportive adaptation and understanding for an ADHD child, constituting lived-experience discourse.",Taking the extra time to stop and understand my ADHD child.,critic_batch_005_04.jsonl
llm_train_00333,0.01,0.01,0.01,0.01,True,True,False,Explicitly discusses clinical research studies involving children with ADHD.,"Twelve double-blind, placebo-controlled studies of sugar challenges... in children with Attention-Deficit Hyperactivity Disorder",critic_batch_005_04.jsonl
llm_train_00334,0.1,0.02,0.1,0.05,True,True,True,Discusses coping with sensory input (lived) and makes a diagnostic boundary claim about the spectrum (clinical).,Stimming can help cope with sensory input... stimming does not mean someone is on the autism spectrum.,critic_batch_005_04.jsonl
llm_train_00335,0.02,0.01,0.02,0.05,True,True,False,"Defines autism as a developmental disability and explains the spectrum through symptom intensity, meeting the clinical frame.","developmental disability... intensity of symptoms will vary for each child, which is why autism is considered to be a “spectrum.”",critic_batch_005_04.jsonl
llm_train_00336,0.01,0.01,,,False,,,The target term appears only as a field label within a long administrative list of college metadata.,Documentation Required for ADHD N/A,critic_batch_005_04.jsonl
llm_train_00337,0.05,0.05,,,False,,,The target term appears in a list of news headlines/links without target-specific development in the passage.,ADHD Awareness Month: Developing neurofeedback as a new treatment for ADHD,critic_batch_005_04.jsonl
llm_train_00338,0.01,0.01,,,False,,,The passage is a commercial product advertisement where the target is used as an SEO health claim.,Autism And Erectile Dysfunction You can also take advantage of Leading Edge Healths,critic_batch_005_04.jsonl
llm_train_00339,0.01,0.01,0.01,0.01,True,True,False,Discusses neuroimaging research for the purpose of improving clinical diagnosis of ADHD.,new imaging techniques could help scientists diagnose ADHD and Dyslexia more definitively.,critic_batch_005_04.jsonl
llm_train_00340,0.02,0.01,0.02,0.01,True,False,True,Describes a positive account of social participation and inclusion for a specific autistic person.,"welcomed Edward’s input and made him part of the show, letting him shine!",critic_batch_005_04.jsonl
llm_train_00341,0.01,0.01,0.01,0.01,True,True,False,"The passage discusses a diagnostic research study (spit test) for autism, which is a clear clinical frame.",A spit test may one day be able to diagnose autism according to researchers,critic_batch_005_05.jsonl
llm_train_00342,0.05,0.05,,,False,,,"Autism appears only in a long list of conditions for a waiting list, which is non-substantive under Rule 8.2.","Mental Retardation, Autism, Learning Disabilities... IF YOU WOULD LIKE TO BE ADDED TO OUR WAITING LIST",critic_batch_005_05.jsonl
llm_train_00343,0.02,0.01,0.02,0.01,True,False,True,A first-person family account of everyday challenges (brushing teeth) with autistic children is a lived-experience frame.,my twin sons... are also both autistic. Brushing their teeth has always been a challenge,critic_batch_005_05.jsonl
llm_train_00344,0.05,0.05,,,False,,,The target appears only within the title of an event (concert) without any substantive claim about autism itself.,A NIGHT OF TOO MANY STARS: AN OVERBOOKED CONCERT FOR AUTISM EDUCATION,critic_batch_005_05.jsonl
llm_train_00345,0.05,0.05,0.05,0.05,True,False,True,A caregiver's account of safety and parenting an autistic toddler constitutes substantive lived-experience discourse.,this is a big issue with a toddler and an even bigger one with an autistic toddler!,critic_batch_005_05.jsonl
llm_train_00346,0.85,0.8,,,True,True,False,"The passage explicitly offers teaching tools and products for learners with autism to achieve goals, which is substantive clinical/institutional provision.",Autism Products & Teaching Tools You want nothing more than to make your learners with autism independent and successful.,critic_batch_005_05.jsonl
llm_train_00347,0.8,0.8,,,True,True,False,The mention of meeting expert professors specializing in the study of ASD for character research makes this a substantive clinical-object discourse.,met with expert professors specializing in the study of autism spectrum disorder as part of her detailed research.,critic_batch_005_05.jsonl
llm_train_00348,0.05,0.05,,,False,,,"ADHD appears only in a forum topic/link list without a developed claim, making it non-substantive.",Relationship With My Bipolar and ADHD Girlfriend,critic_batch_005_05.jsonl
llm_train_00349,0.1,0.05,0.05,0.05,True,True,False,"ADHD medication is used as an explanatory/mitigating factor in a forensic context, which is substantive clinical discourse.",disruptive while attending West Shore Middle School and taking medication for ADHD.,critic_batch_005_05.jsonl
llm_train_00350,0.15,0.1,,,False,,,"The term 'attention deficit' here refers to a symptom of depression, not the condition ADHD, and is used generically for the patient cohort.",major depression is associated with attention deficit and poor cognitive functioning,critic_batch_005_05.jsonl
llm_train_00351,0.02,0.01,0.01,0.01,True,False,True,The passage develops a clear lived-experience account using a metaphor for ADHD brain function.,We with ADHD do not have a built-in electric water heater; we have to pump-up the good hot water for ourselves.,critic_batch_005_06.jsonl
llm_train_00352,0.05,0.02,0.03,0.02,True,True,False,"Describes a concrete institutional provision (school) organized specifically for autistic people, which is clinical.","Victory Academy (Victory) is a privately funded school for children, teens, and young adults affected by Autism",critic_batch_005_06.jsonl
llm_train_00353,0.15,0.15,,,False,,,The mention of an autistic boy identifies the speaker's background but the claim about massage is generic and not target-specific.,"As the mother of an Autistic boy, Leah understands the power of massage to soothe and settle anyone of any age.",critic_batch_005_06.jsonl
llm_train_00354,0.01,0.01,,,False,,,Autism is mentioned only as a biographical status in a news report; no target-specific account is developed.,"Navarro, who has autism, was 14 years old when she was reported missing",critic_batch_005_06.jsonl
llm_train_00355,0.01,0.01,,,False,,,This is a citation fragment and lacks a coherent proposition or account.,(2015). Non-Pharmacological Treatments for ADHD in Youth.,critic_batch_005_06.jsonl
llm_train_00356,0.05,0.05,,,False,,,Autism appears only in a generic list of conditions helped by a therapy; no target-specific claim is made.,Diseases helped by hippotherapy ... Autism,critic_batch_005_06.jsonl
llm_train_00357,0.2,0.1,0.15,0.15,True,False,True,"Discusses accessibility and inclusion in an educational setting, which qualifies as lived experience.","ADHD, is not an obstacle to studying at Malmö Academy of Music. We offer different forms of support",critic_batch_005_06.jsonl
llm_train_00358,0.05,0.02,0.03,0.02,True,True,False,"Discusses the etiology/causes of ADHD, which is a clinical frame indicator.",did I understand correctly that you say ADHD and ODD are early trauma experiences?,critic_batch_005_06.jsonl
llm_train_00359,0.02,0.01,0.01,0.01,True,True,False,"Diagnosis is invoked in a legal context to explain/mitigate behavior, which is substantive clinical discourse.",The court heard Harvey had been diagnosed with ADHD and had an intellectual disability.,critic_batch_005_06.jsonl
llm_train_00360,0.02,0.01,0.01,0.01,True,True,True,Contains both clinical (medication) and lived experience (subjective effect on mind/body/soul).,my ADHD medication was wreaking havoc on my mind/body/soul.,critic_batch_005_06.jsonl
llm_train_00361,0.02,0.01,0.01,0.01,True,True,False,"The passage clearly discusses genetic research and causes of autism, meeting the clinical frame criteria.","Mutations that occur after conception play an important role in autism, suggests a new study of nearly 6,000 families",critic_batch_005_07.jsonl
llm_train_00362,0.05,0.01,0.02,0.03,True,True,True,The passage reports clinical symptoms/trials and foregrounds family emotional experience (stress) and practical metaphors.,improve children’s ADHD symptoms and reduce parents’ stress... parenting education is like teaching young people to drive,critic_batch_005_07.jsonl
llm_train_00363,0.02,0.01,,,False,,,The target appears in a generic list of conditions for a broad therapy (massage) without target-specific development.,"support the use of massage for a range of conditions, such as: - Attention deficit disorder (ADD) ... - Autism",critic_batch_005_07.jsonl
llm_train_00364,0.02,0.01,0.01,0.01,True,True,False,"The passage discusses medication effects and neurotoxicity related to ADHD, a clear clinical/disorder-construct frame.",Adderall increases the attentiveness in a person... acts on the people suffering from ADHD. Adderall has some neurotoxic effects.,critic_batch_005_07.jsonl
llm_train_00365,0.02,0.01,,,False,,,"The target appears in a service name, but the subsequent text genericly describes a life phase without target-specific claims.",Young Adult ADHD Coaching ... a phase of life between adolescence and full-fledged adulthood,critic_batch_005_07.jsonl
llm_train_00366,0.05,0.01,0.02,0.03,True,True,False,The passage focuses on institutional therapy and developmental milestones as clinical outcomes; no developed lived account is present.,Children with autism often participate in therapy called applied behavior analysis... reach milestones such as communicating,critic_batch_005_07.jsonl
llm_train_00367,0.01,0.01,,,False,,,"The passage is incoherent contaminated extraction, which is explicitly non-substantive under Rule 5.3.",belonging creative writing autism master thesis research proposal Kent hovind thesisВ Person acts for understanding,critic_batch_005_07.jsonl
llm_train_00368,0.02,0.01,0.01,0.01,True,True,False,The passage provides a formal clinical definition and prevalence data for a symptom (echolalia) as a disorder characteristic.,echolalia is characteristic of least 85% of children with autism who acquire speech... verbal behavior should be extinguished,critic_batch_005_07.jsonl
llm_train_00369,0.05,0.04,,,False,,,A professional profile mentioning target conditions in a list is generally non-substantive unless it develops a target-specific account.,"addressing various challenges such as depression, anxiety disorders, ADHD, and ASD. Utilising Cognitive Behavioral Therapy",critic_batch_005_07.jsonl
llm_train_00370,0.02,0.01,,,False,,,"The target appears only as one item in a very long list of generic indications for biofeedback, fitting Rule 8.2/5.3.",Indications For Biofeedback... Asthma Autism Attention Deficit Hyperactivity Disorder (ADHD) Back pain,critic_batch_005_07.jsonl
llm_train_00371,0.02,0.01,0.02,0.05,True,True,False,"The passage provides clinical advice on preventing symptoms like hyperactivity in children with ADHD, which constitutes a clinical frame.",Prevent anxiety and hyperactivity especially in children with ADHD,critic_batch_005_08.jsonl
llm_train_00372,0.05,0.01,0.1,0.02,True,False,True,"The text focuses on the emotional and social experience of children with ADHD, using symptom language for self-explanation rather than as a clinical object.",get distracted and “check out” on friends. ... hard time managing difficult feelings and can very quickly become overwhelmed,critic_batch_005_08.jsonl
llm_train_00373,0.05,0.01,0.05,0.1,True,True,False,The passage defines Asperger's as a disorder and lists clinical traits; it lacks a developed lived-experience perspective from the person or community.,"Asperger’s syndrome, a high-functioning disorder on the autism spectrum. People with Asperger’s tend to have trouble reading social cues",critic_batch_005_08.jsonl
llm_train_00374,0.1,0.1,,,False,,,This is an event promotion with logistics and fundraising mentions; 'sensory-friendly' is an event feature and does not constitute substantive target discourse.,sensory-friendly movie matinee at The Newton Theatre ... in support of World Autism Awareness Month,critic_batch_005_08.jsonl
llm_train_00375,0.02,0.01,,,False,,,The passage discusses the logistics of scheduling an awareness week event and lacks a target-specific claim or account.,we want to have a full week for @Autism #autismawarenessweek we will be doing this at a later date,critic_batch_005_08.jsonl
llm_train_00376,0.01,0.01,,,False,,,Target appears only as an organizational name within a parenthetical fragment without any specific claim.,a national Autism Society (ACS),critic_batch_006_01.jsonl
llm_train_00377,0.08,0.08,,,False,,,"The target mention is a single headline within a broad news feed; per codebook 8.10, an article title alone is non-substantive.",CDC autism report disputes RFK Jr’s claims,critic_batch_006_01.jsonl
llm_train_00378,0.01,0.01,,,False,,,"Target appears only as one item in a generic list of conditions treated by a professional, meeting Rule 8.2 for non-substantive discourse.","mental health issues such as: depression, anxiety, bi-polar disorder, OCD, ADHD",critic_batch_006_01.jsonl
llm_train_00379,0.1,0.01,0.15,0.01,True,False,True,"Passage develops a lived-experience account through advocacy, stereotypes, and social perception; clinical prevalence mention is too thin to trigger mixed.",throw away the stereotypes of autism and instead perceive competence in a group of people who have many abilities,critic_batch_006_01.jsonl
llm_train_00380,0.01,0.01,,,False,,,"The target mention is part of an SEO product blurb or commercial listing fragment, which is non-substantive under Rule 5.3.",What Happens When You Take Adderall Without Adhd,critic_batch_006_01.jsonl
llm_train_00381,0.05,0.05,,,False,,,"Passage is a commercial product advertisement for CBD oil with thin target-specific content, making it non-substantive under Rule 5.3.",cbd oil for epilepsy in india of adhd for many sufferers,critic_batch_006_01.jsonl
llm_train_00382,0.01,0.01,0.01,0.01,True,True,False,"Passage discusses hallmark signs, overlapping traits, and specialist assessment, which are core clinical framing elements under Rule 6.2.",overlapping traits make it incredibly difficult to get an accurate picture without a specialist,critic_batch_006_01.jsonl
llm_train_00383,0.03,0.01,0.01,0.01,True,False,True,Develops a lived-experience account through family/caregiver perspective on everyday practical challenges and child reactions.,A child with ADHD will hate sitting at a traditional kid’s desk.,critic_batch_006_01.jsonl
llm_train_00384,0.12,0.01,0.05,0.15,True,True,False,Focuses on symptom identification and diagnostic causality; the mention of struggle is used to frame a clinical question rather than a lived account.,"symptom of anxiety, depression, ADHD... how do you know which is causing it, or how to stop it?",critic_batch_006_01.jsonl
llm_train_00385,0.05,0.01,0.01,0.01,True,True,True,Mixed frame is correct as it discusses medication (clinical) alongside a first-person experiential account of its effects (lived).,ADHD meds when i'm manic and they seem to help slow my head and allow some sleep.,critic_batch_006_01.jsonl
llm_train_00386,0.02,0.01,0.01,0.02,True,True,False,The passage substantively discusses medication management and clinical effects for diagnosed ADHD.,non-stimulant drugs deliver another opportunity for strengthening concentration,critic_batch_006_02.jsonl
llm_train_00387,0.01,0.01,,,False,,,The target terms appear only in a generic list of medical conditions and course topics.,"ASD - Autism, ADHD, OCD, Tourettes",critic_batch_006_02.jsonl
llm_train_00388,0.05,0.05,,,False,,,Autism appears only in a headline fragment without a developed target-specific claim in the text.,Oh Yun-ah: Struggles with Sleep and Autism Concerns,critic_batch_006_02.jsonl
llm_train_00389,0.01,0.01,0.01,0.01,True,True,False,The passage provides a formal clinical definition and epidemiological description of ADHD.,ADHD is one of the most common childhood mental disorders.,critic_batch_006_02.jsonl
llm_train_00390,0.05,0.02,0.03,0.05,True,True,False,The passage contains a substantive clinical claim about the side effects of ADHD medication.,ADHD medication make children feel sad and is stunting their growth,critic_batch_006_02.jsonl
llm_train_00391,0.02,0.01,0.01,0.02,True,True,False,The text discusses exploring symptoms and clinical service platforms for ADHD.,exploring the various symptoms and signs that adult ADHD can have,critic_batch_006_02.jsonl
llm_train_00392,0.08,0.02,0.05,0.1,True,True,False,The passage discusses institutional support and clinical care provision for autistic individuals.,"behavioral, medical, and dental care, including those with #autism",critic_batch_006_02.jsonl
llm_train_00393,0.01,0.01,0.01,0.01,True,True,True,The passage combines clinical medication effects with a detailed everyday lived-experience account.,ADHD meds turned me into a zombie... forget my car keys every time,critic_batch_006_02.jsonl
llm_train_00394,0.02,0.01,0.01,0.02,True,True,False,The passage describes funding for scientific research into autism causes and treatments.,scientific research into the causes of autism and effective treatments,critic_batch_006_02.jsonl
llm_train_00395,0.85,0.05,0.9,0.1,True,True,True,The passage uses formal clinical severity language while also presenting a social participation perspective.,easy moderate and more complex cases,critic_batch_006_02.jsonl
llm_train_00396,0.9,0.02,0.95,0.05,True,True,True,"Equipping a library with specialized technology for ADHD is a concrete institutional arrangement organized for the target, meeting the clinical definition under Rule 8.3.",The Library is equipped with assistive technology and software for use by individuals with learning disabilities and ADHD.,critic_batch_006_03.jsonl
llm_train_00397,0.01,0.01,,,False,,,The target mention is buried in a list of household items and extraction noise with no coherent target-specific claim.,in 2 autism replace undermount,critic_batch_006_03.jsonl
llm_train_00398,0.01,0.01,0.01,0.01,True,True,False,The passage discusses ADHD as a formal diagnosis and focuses on its medical management with stimulants and neuroleptics.,research has elevated the importance of Bipolar Disorder as an issue in perhaps 20% of children formally diagnosed as ADHD.,critic_batch_006_03.jsonl
llm_train_00399,0.01,0.01,0.01,0.01,True,False,True,"The passage foregrounds the subjective experience of families, focusing on feelings of isolation and fear of social participation.",Some autism families become isolated because of the fear of going out in public.,critic_batch_006_03.jsonl
llm_train_00400,0.01,0.01,0.01,0.01,True,True,False,The passage treats ADHD and Autism as epidemiological objects by discussing their prevalence within a population.,"Somewhere around 1 in 10 have mild to serious ADHD... Additionally, 1 in 68 is affected by Autism.",critic_batch_006_03.jsonl
llm_train_00401,0.01,0.01,0.01,0.01,True,True,False,The passage explicitly describes a diagnostic service and the use of screening questionnaires for assessment.,Assessment Centre provides a diagnostic service that you may use to determine if you have a Specific Learning Difference.,critic_batch_006_03.jsonl
llm_train_00402,0.01,0.01,0.01,0.01,True,True,False,The passage presents ASD as a treatment object in the context of clinical studies and TMS intervention efficacy.,TMS Treatment for Autism... Many scientific studies have shown the effectiveness of TMS in treating ASD symptoms.,critic_batch_006_03.jsonl
llm_train_00403,0.05,0.02,0.05,0.05,True,True,True,The passage correctly identifies a mixed frame by combining clinical symptom interpretation with strategies for coping with overstimulation.,"help your young client cope with their feelings of overstimulation... Understanding when a client with ADHD is hyperactive, impulsive",critic_batch_006_03.jsonl
llm_train_00404,0.1,0.02,0.05,0.15,True,True,False,"The educational, deficit-oriented description of brain function and general emotional effects does not reach the developed lived perspective threshold.","ADHD affects the brain’s ability to organise, prioritise, and focus on tasks... bring about stress, worry, and feelings of being overwhelmed",critic_batch_006_03.jsonl
llm_train_00405,0.01,0.01,,,False,,,"The target name appears only as part of a product reference within a narrative extraction, with no coherent target-specific claim.",Jeanice Pepper... took the bottle CBD gummies for ADHD to pour the wine,critic_batch_006_03.jsonl
llm_train_00406,0.01,0.01,0.01,0.01,True,True,False,"The passage explicitly offers specialist clinical assessment for ADHD, meeting the clinical frame definition.",Stuart Developmental Pediatrics specializes in ADHD... Contact us now to set up an appointment.,critic_batch_006_04.jsonl
llm_train_00407,0.3,0.05,0.25,0.1,True,True,True,"The passage includes both lived experience (managing challenges, connection) and clinical/institutional object status (National Autism Center, webinars on pandemic impact).",offers families ways to manage common challenges... Rochester Regional Center for Autism Spectrum Disorder - Sponsored by the Strong Center for Developmental Disabilities,critic_batch_006_04.jsonl
llm_train_00408,0.01,0.01,,,False,,,"ADHD appears only in a generic list of conditions a provider can help with, which is non-substantive per Section 5.3.","Some of the conditions I can help with include: ... Attention deficit disorders (ADD, ADHD)",critic_batch_006_04.jsonl
llm_train_00409,0.01,0.01,,,False,,,The passage is a truncated research fragment without a coherent target-specific claim.,"e. , ADHD) and the physical conditions affecting the majority of the sample.",critic_batch_006_04.jsonl
llm_train_00410,0.25,0.05,0.2,0.1,True,True,True,"The app is described as a supplement to 'existing therapies', adding a clinical/treatment dimension to the lived experience of constructive online use.",supplement existing therapies for those with autism... tailored for autistic children to help them use their online time more constructively.,critic_batch_006_04.jsonl
llm_train_00411,0.01,0.01,0.01,0.01,True,True,False,"The passage discusses legislation for the clinical screening, diagnosis, and treatment of autism.","requires coverage for the screening, diagnosis and treatment of autism spectrum disorder",critic_batch_006_04.jsonl
llm_train_00412,0.6,0.6,0.2,0.1,False,,,"Applying 'autistic' to an animal (Fox the cat/dog) is a metaphorical or non-substantive use of the diagnostic term, not a claim about the human condition/population.","truest example I have found that animals can be autistic. He’s super reserved, uptight, demanding",critic_batch_006_04.jsonl
llm_train_00413,0.01,0.01,,,False,,,ADHD appears only as a list item in a professional profile/service list.,"What I can help with Abuse, ADD / ADHD, Anger management...",critic_batch_006_04.jsonl
llm_train_00414,0.01,0.01,0.01,0.01,True,True,False,The passage focuses on the clinical process of diagnosis and specialist expertise.,"explore the process of getting an ADHD diagnosis in London, emphasizing the expertise offered by ADHD Specialist.",critic_batch_006_04.jsonl
llm_train_00415,0.2,0.05,0.1,0.15,True,True,True,The passage provides clinical diagnostic criteria (deficits) but also explicitly directs the reader to read a 'lived' individual story.,Autism Spectrum Disorder is characterized as a disorder in which children display deficits in... read one individual story a child with autism.,critic_batch_006_04.jsonl
llm_train_00416,0.05,0.05,,,False,,,"The passage is a commercial product blurb for a course, which is non-substantive under Rule 5.3.",How Teachers Can Support Students with ADD/ADHD in the Classroom Setting 75. 00€... This course is designed to provide...,critic_batch_006_05.jsonl
llm_train_00417,0.01,0.01,,,False,,,"ADHD appears only in a generic list of conditions for a product advertisement, making it non-substantive under Rule 8.2.",Below is a list of potential uses: ... - ADD/ADHD,critic_batch_006_05.jsonl
llm_train_00418,0.02,0.02,,,False,,,"The passage is a promotional announcement for a professional development session without target-specific content, following Rule 8.10.",provided professional developments... addressed... to provide invaluable information regarding autism and ADHD.,critic_batch_006_05.jsonl
llm_train_00419,0.01,0.01,0.01,0.01,True,True,False,"The passage discusses neurobiological research and brain function differences, which is a clear clinical frame under Rule 6.2.","understand how the brain function of individuals with disorders such as autism, attention deficit disorder... differs",critic_batch_006_05.jsonl
llm_train_00420,0.05,0.01,0.05,0.02,True,False,True,"The passage describes an accommodation and its role in comfort and stability for individuals, supporting a lived-experience frame under Rule 7.2.",Autism support dog harnesses... equipped with a handle that the individual can hold onto for comfort and stability.,critic_batch_006_05.jsonl
llm_train_00421,0.02,0.01,0.01,0.05,True,True,False,"Procrastination is presented as a challenge/deficit associated with the disorder construct, fitting the clinical frame definition in Rule 6.2.",ADHD is a neurodevelopmental disorder... One of the major challenges faced by individuals with ADHD is procrastination.,critic_batch_006_05.jsonl
llm_train_00422,0.01,0.01,,,False,,,"ADHD and autism appear only in a generic list of conditions for counseling services, making it non-substantive under Rule 8.2.",Refine Issues - ADHD - ... - Asperger's Syndrome - Autism,critic_batch_006_05.jsonl
llm_train_00423,0.01,0.01,0.01,0.05,True,True,False,"The passage focuses on diagnostic accuracy and treatment suitability, which are core clinical frame elements under Rule 6.2.",many of these children had been misdiagnosed as suffering from unrelated ADHD... leads to treatment that is not suited,critic_batch_006_05.jsonl
llm_train_00424,0.01,0.01,0.05,0.01,True,False,True,"This is a first-person account of subjective experience and interaction styles, fitting the lived-experience frame under Rule 7.2.","I find eye contact overwhelming at times... when someone directs a big, intense emotional expression my way... my blood turns cold.",critic_batch_006_05.jsonl
llm_train_00425,0.01,0.01,,,False,,,"The passage contains only thin biographical status mentions and a target-named event, which is non-substantive under Rules 5.3 and 8.10.",frequent speaker at livestock and autism gatherings. Claire Danes played her in an HBO movie,critic_batch_006_05.jsonl
llm_train_00426,0.01,0.01,,,False,,,The target appears only as one item in a generic list of conditions without a target-specific claim.,"dyscalculia,learning disabilities, ADD, ADHD, autism, aspergers",critic_batch_006_06.jsonl
llm_train_00427,0.01,0.01,0.01,0.01,True,True,False,"The passage discusses diagnostic tool research and accuracy, constituting a clear clinical/research frame.","predict autism diagnoses with 97 percent accuracy, establishing the first biologically based diagnostic tool",critic_batch_006_06.jsonl
llm_train_00428,0.02,0.01,0.01,0.01,True,True,False,The passage performs a clinical comparison of symptoms between vision problems and ADHD.,If several of these symptoms sound a lot like the symptoms of ADHD and dyslexia,critic_batch_006_06.jsonl
llm_train_00429,0.01,0.01,0.01,0.01,True,True,False,The passage describes neurobiological research aimed at defining a clinical neuro-marker.,enhanced dynamics was revealed within autistic brain... allows us to define a neuro-marker for autism,critic_batch_006_06.jsonl
llm_train_00430,0.03,0.01,0.01,0.02,True,True,True,Contains both clinical treatment (OT) and a personal caregiver account of seeking effective support.,"taken occupational therapy for my child... before visiting mam, I tried many therapist but no one handle him as mam done",critic_batch_006_06.jsonl
llm_train_00431,0.02,0.01,0.01,0.01,True,False,True,The passage describes a family's everyday adaptation and routine to help their child wind down.,My son has ADHD so we are always looking for ways to help him wind down at the end of the day,critic_batch_006_06.jsonl
llm_train_00432,0.02,0.01,0.01,0.01,True,True,False,The passage discusses ADHD as a condition requiring professional therapy and concerted treatment effort.,While mild ADHD may not require therapy at all... health issues that require a concerted effort in treatment,critic_batch_006_06.jsonl
llm_train_00433,0.05,0.01,0.01,0.04,True,True,False,The focus is on clinical prescribing and service pathways; patient stress is mentioned as a systemic impact.,Autistic people more likely to have chronic health conditions... prescribing figures illustrate the need for NHS England to look at this area of care,critic_batch_006_06.jsonl
llm_train_00434,0.04,0.01,0.02,0.03,True,True,False,The passage describes the expansion of institutional service provision for people with autism.,Services have expanded to serve people with autism... support services provide independent living skills,critic_batch_006_06.jsonl
llm_train_00435,0.05,0.05,,,False,,,A thin biographical status mention without a developed clinical or lived-experience account.,Just because I have project ADHD... Apparently people think I don't.,critic_batch_006_06.jsonl
llm_train_00436,0.05,0.02,0.02,0.02,True,True,False,"The headline makes a target-specific etiological claim linking fluoridated water to ADHD, which is a substantive clinical research proposition.","Harvard research links fluoridated water to ADHD, mental disorders",critic_batch_006_07.jsonl
llm_train_00437,0.05,0.02,0.02,0.02,True,True,False,"The passage discusses symptoms, diagnostic groups, and predictive variables in a research context, meeting the clinical frame definition.","due to differences in the core symptoms of each disorder, we hypothesized that the pattern and strength of associations would vary",critic_batch_006_07.jsonl
llm_train_00438,0.05,0.05,,,False,,,"This is a product advertisement dominated by sales metadata and features, which the codebook explicitly excludes from substantive discourse.",These hand spinners with multi-function tool... a good choice for killing time and outdoor avtivities.,critic_batch_006_07.jsonl
llm_train_00439,0.05,0.02,0.02,0.02,True,False,True,The passage develops a personal account of everyday adaptation (note-taking) without treating the target as a clinical object.,"Having ADHD meant Hazel needed to take notes when we discussed our novels, because they wouldn’t remember the next day.",critic_batch_006_07.jsonl
llm_train_00440,0.02,0.02,,,False,,,The target appears only as an organization name in a long list of charity polls without a target-specific claim.,Show Your Support For Autism Berkshire This April in Honour of World Autism Awareness Day,critic_batch_006_07.jsonl
llm_train_00441,0.02,0.02,,,False,,,The passage is a noisy/spam-like list of links without coherent target-specific discourse.,10 tips adults adhd micro bikini naturist,critic_batch_006_07.jsonl
llm_train_00442,0.08,0.02,0.05,0.05,True,False,True,"The passage describes accessibility and sensory adjustments for participation, which aligns with the lived-experience frame for inclusion.","Relaxed environment screening have reduced sound levels... Particularly suited to to people with neuro-diversities including autism, ADHD",critic_batch_006_07.jsonl
llm_train_00443,0.1,0.1,,,False,,,"The passage mentions a professional passion/interest but contains no developed clinical, lived, or other target-specific proposition.","My passions are speech sound disorders and literacy, particularly for children with Autism.",critic_batch_006_07.jsonl
llm_train_00444,0.15,0.1,0.05,0.05,True,True,False,"The passage makes an etiological claim by listing the target as a sign of mineral deficiency, treating it as a clinical/medical object.","Other Possible Signs You Are Not Getting Enough Magnesium: Irritability, autism, ADHD",critic_batch_006_07.jsonl
llm_train_00445,0.02,0.02,,,False,,,The target terms appear only as items in a navigation menu and topic list.,Topics Advocacy ADD/ADHD... Autism Spectrum,critic_batch_006_07.jsonl
llm_train_00446,0.01,0.01,0.01,0.01,True,True,False,Correctly identifies substantive clinical discourse describing specific assessments (ABLLS) and skill deficits at an autism center.,Nevada Autism Center: - ABLLS – Assessment of Basic Language and Living Skills... identify skills and skill deficits,critic_batch_006_08.jsonl
llm_train_00447,0.05,0.05,,,False,,,Correctly identifies the passage as non-substantive; mentioning an article title for planners is not a developed target-specific account.,Check out “The Best Planners for People with ADHD”,critic_batch_006_08.jsonl
llm_train_00448,0.95,0.95,,,True,True,False,Erroneously coded as non-substantive; the passage develops a clinical claim about vaccine research and outcomes for the ADHD category.,Category Attention Deficit Disorder... comparisons of the health outcomes of vaccinated children,critic_batch_006_08.jsonl
llm_train_00449,0.02,0.02,,,False,,,Correctly identifies a non-substantive mention where the target appears only as part of a site name (Spectrum).,"Spectrum, a site on autism research",critic_batch_006_08.jsonl
llm_train_00450,0.05,0.05,0.05,0.05,True,True,False,Correctly identifies substantive clinical discourse describing concrete institutional provision (special school) for ADHD and autism.,"residential special school for... (ADD, ADHD, AS, BESD, MLD)",critic_batch_006_08.jsonl
llm_train_00451,0.01,0.01,0.01,0.01,True,True,False,"The passage discusses syndrome onset and recall bias in relation to postvaccinal reactions, meeting clinical criteria.",difficult to date precisely the onset of a syndrome such as autism,critic_batch_007_01.jsonl
llm_train_00452,0.01,0.01,0.01,0.01,True,True,False,"Mentions specific research findings linking DNA tags in sperm to children's symptoms, which is a clear clinical frame.",Paternal Sperm May Hold Clues to Autism Tags on DNA from fathers’ sperm linked to children’s autism symptoms,critic_batch_007_01.jsonl
llm_train_00453,0.01,0.01,0.01,0.01,True,False,True,"The passage foregrounds the lived experience, identity, and activism of an autistic mother.","life story, intersected by the experience of being an autistic, peripheral woman, activist, academic and mother",critic_batch_007_01.jsonl
llm_train_00454,0.12,0.05,0.1,0.05,True,True,False,Querying a person's diagnostic status based on the clinical symptom of sensory overload constitutes a clinical frame.,Does Asuelu have autism? I understand the way it looked when it seemed like he was in sensory overload,critic_batch_007_01.jsonl
llm_train_00455,0.02,0.01,0.01,0.01,True,False,True,Correctly identifies the use of ADHD as self-explanation for everyday challenges as a lived-experience frame.,blames being a few minutes late on her ADHD and the difficulty of getting herself and three kids ready,critic_batch_007_01.jsonl
llm_train_00456,0.02,0.01,0.01,0.01,True,False,True,The speaker uses hypothetical diagnosis to explain their own personal working style and coping strategies.,since I’d probably be diagnosed with ADHD... it’s better if I work on something short,critic_batch_007_01.jsonl
llm_train_00457,0.05,0.01,0.02,0.02,True,True,True,The passage explicitly combines clinical objects like diagnosis and treatment with personal meaning-making and identity.,having a name might be something that could be treated... Upshot was a diagnosis... giving me a solid foot in each camp,critic_batch_007_01.jsonl
llm_train_00458,0.01,0.01,0.01,0.01,True,True,False,Reports on a clinical research study investigating risk factors and sensory processing in autism spectrum disorders.,Baby's Response to Bright Light May Be Linked to Autism Risk... finding supports previous studies indicating that sensory processing plays a role,critic_batch_007_01.jsonl
llm_train_00459,0.1,0.05,0.08,0.05,True,True,False,The presence of SLPs presenting on professional supports at a developmental centre establishes a clinical/institutional frame.,two of our SLPs... presented on communication and visual supports for autistic children,critic_batch_007_01.jsonl
llm_train_00460,0.15,0.1,0.05,0.1,True,False,True,Develops a lived-experience frame by identifying the author's autistic identity and his status as an inspirational role model.,"Dara McAnulty, a young person with autism... providing an inspirational role model to the children",critic_batch_007_01.jsonl
llm_train_00461,0.01,0.01,,,False,,,The passage is an incoherent extraction containing commercial SEO fragments and unrelated text about defending a city.,"cbd living gummies dosage... Time Released Cbd Gummies For Adhd! You led more than 5,000 people to defend the city",critic_batch_007_02.jsonl
llm_train_00462,0.02,0.01,0.01,0.02,True,True,False,"The passage describes an institutional Medicaid waiver and service provider, meeting the clinical/institutional provision criteria.",Adult Autism Waiver (AAW) is a Medicaid waiver administered by the Bureau of Autism Services... available provider for services,critic_batch_007_02.jsonl
llm_train_00463,0.02,0.01,0.01,0.02,True,True,False,"The passage discusses ADHD coaching as an intervention to mitigate impairment/deficits, which is a clinical/treatment object.","goal of ADHD coaching is to mitigate the effects of executive function deficit, which is a typical impairment",critic_batch_007_02.jsonl
llm_train_00464,0.02,0.01,0.02,0.01,True,True,True,"The passage combines a personal family account with epidemiological prevalence data, correctly identifying both frames.","most people with ASD, like my son Alex, are inquisitive... more than 3. 5 million Americans live with ASD",critic_batch_007_02.jsonl
llm_train_00465,0.03,0.01,0.02,0.03,True,True,False,The discourse focuses on adaptive treatment plans and ethical methods in clinical care; the mention of 'comfort' is person-centered but doesn't add a lived-experience frame.,"assurance that medical , bringing comfort to families... ethical methods, insurance, and adaptive treatment plans",critic_batch_007_02.jsonl
llm_train_00466,0.01,0.01,,,False,,,"The target terms appear only in a 'Related Article' link, which is explicitly defined as non-substantive navigation.",Related Article: How to Use Exercise to Support Students with Autism and ADHD,critic_batch_007_02.jsonl
llm_train_00467,0.01,0.01,0.01,0.02,True,True,False,"The passage presents ADHD as a neurodevelopmental and circadian rhythm disorder, discussing its clinical classification and causes.",ADHD should be understood primarily as a circadian rhythm disorder rather than merely a traditional neurodevelopmental condition,critic_batch_007_02.jsonl
llm_train_00468,0.85,0.05,0.05,0.85,True,True,True,"The theme 'Not all disabilities are visible' develops a social recognition and everyday-life claim for a class explicitly including autism, meeting the lived-experience definition.","theme for 2020 is ""Not all disabilities are visible""... covers hidden disabilities - medical pathologies... autistic spectrum... change our everyday lives",critic_batch_007_02.jsonl
llm_train_00469,0.8,0.05,0.05,0.8,True,True,True,"The detailed account of autistic riders' needs, preferences, and activity participation constitutes a lived-experience account alongside the clinical intervention framework.",riders with Autism who need stimulation ride at the canter... he is easily distracted he needs movement to focus,critic_batch_007_02.jsonl
llm_train_00470,0.01,0.01,0.01,0.02,True,True,False,"The passage discusses medication prescriptions and misdiagnosis, which are central clinical/diagnostic objects.",8 million of those children received a prescription for a stimulant medication... Do all of these children actually have ADHD?,critic_batch_007_02.jsonl
llm_train_00471,0.01,0.01,0.01,0.01,True,True,False,The passage provides a formal clinical definition of ADHD.,Attention deficit disorder in which hyperactivity is present.,critic_batch_007_03.jsonl
llm_train_00472,0.03,0.01,0.01,0.05,True,True,False,"The focus is on clinical diagnosis, treatment, and managing co-occurring disorders.",seeking treatment or a diagnosis... manage the co-occurring disorders that can often go hand in hand with autism,critic_batch_007_03.jsonl
llm_train_00473,0.02,0.02,,,False,,,Target-named project titles alone are non-substantive under rule 8.10.,Autism&Uni project,critic_batch_007_03.jsonl
llm_train_00474,0.01,0.01,0.01,0.02,True,True,False,Professional credentials and research focus support a clinical frame.,Certified Autism Spectrum Disorder Clinical Specialist... Testing and Diagnosis... Autism research,critic_batch_007_03.jsonl
llm_train_00475,0.05,0.05,,,False,,,Autism is a thin biographical status mention in an incident report (rule 5.3).,"Max Benson, a thirteen-year-old with autism",critic_batch_007_03.jsonl
llm_train_00476,0.02,0.01,0.01,0.01,True,False,True,The 'ADHD Tax' is a classic lived-experience concept regarding everyday challenges.,The ADHD Tax on Working From Home,critic_batch_007_03.jsonl
llm_train_00477,0.01,0.01,,,False,,,A target mention in a list of navigation links is non-substantive (rule 5.3).,Bedroom Set-ups for Children With Autism,critic_batch_007_03.jsonl
llm_train_00478,0.01,0.01,0.01,0.01,True,True,False,"Comprehensive clinical discussion of symptoms, causes, and treatments.","three key features... social, academic and psychological impairments... genetic and environmental factors... treatments",critic_batch_007_03.jsonl
llm_train_00479,0.05,0.01,0.05,0.02,True,True,True,Mixed frame due to both clinical categorization and specific lived sensory accounts.,diagnosed with... hypersensitive to external stimuli... tags be cut out of their clothing,critic_batch_007_03.jsonl
llm_train_00480,0.03,0.02,0.01,0.01,True,False,True,Foregrounds family experience and practical coping strategies for parents.,"As parents of kids with autism, we need all the help we can get.",critic_batch_007_03.jsonl
llm_train_00481,0.05,0.05,0.05,0.05,True,True,False,The passage treats ADHD/autism as objects of clinical investigation and explanatory causes for social difficulty.,sensory processing differences... causes should be understood,critic_batch_007_04.jsonl
llm_train_00482,0.05,0.05,0.05,0.05,True,False,True,Discusses media representation and a character's traits associated with ADHD in a lighthearted teen dramedy.,positive representation of a teen with ADHD,critic_batch_007_04.jsonl
llm_train_00483,0.85,0.05,0.85,0.1,True,True,True,A concrete institutional provision (Dentist Tool Kit) organized for autistic children constitutes a clinical frame.,Autism Speaks Dentist Tool Kit,critic_batch_007_04.jsonl
llm_train_00484,0.05,0.05,0.05,0.05,True,False,True,Foregrounds family emotional experience and social meaning regarding the child's status and potential stigma.,"I would love him just the same, no matter what",critic_batch_007_04.jsonl
llm_train_00485,0.95,0.95,0.9,0.95,False,,,Mention of a daughter's autism as bare status without a developed target-specific claim or account is non-substantive.,our daughter with Autism,critic_batch_007_04.jsonl
llm_train_00486,0.05,0.05,0.05,0.05,True,True,False,Presents ADD as a clinical object requiring professional prescription to manage specific symptoms.,animal must be prescribed by a mental health professional,critic_batch_007_04.jsonl
llm_train_00487,0.05,0.05,0.05,0.05,True,True,False,Discusses scientific study of ADHD treatment and alternatives to formal prescription stimulants.,scientifically studied as an alternative to prescription stimulants,critic_batch_007_04.jsonl
llm_train_00488,0.05,0.05,0.05,0.05,True,True,False,Discusses formal diagnostic screening tools and institutional assessment of autism in toddlers.,approved autism screening ornament such as: Checklist,critic_batch_007_04.jsonl
llm_train_00489,0.05,0.05,0.05,0.05,True,True,False,Discusses clinical research into neural correlates of social cognition disorders in individuals with autism.,investigating neural correlates of social cognition disorders,critic_batch_007_04.jsonl
llm_train_00490,0.05,0.05,,,False,,,ADHD appears only in a generic list of conditions addressed by a service without a target-specific claim.,ADHD and Learning Difficulties,critic_batch_007_04.jsonl
llm_train_00491,0.02,0.02,,,False,,,ADHD appears only in a list of conditions treated by the clinic without further specific development.,Depression Anxiety Bipolar Disorder OCD Alcohol Addiction Adult ADHD,critic_batch_007_05.jsonl
llm_train_00492,0.01,0.01,0.01,0.01,True,True,False,The passage discusses the incidence and comorbidity of ADHD and autism as clinical constructs.,incidence of autism among children diagnosed with functional constipation,critic_batch_007_05.jsonl
llm_train_00493,0.01,0.01,,,False,,,The mention is part of an online pharmacy listing and SEO fragment.,symmetrel adhd. Best online pharmacy reviews,critic_batch_007_05.jsonl
llm_train_00494,0.01,0.01,,,False,,,Target appears only within the name of an organization (CHADD) in a resource list.,Children and Adults with Attention Deficit/Hyperactivity Disorder (CHADD),critic_batch_007_05.jsonl
llm_train_00495,0.08,0.08,,,False,,,Passage is primarily event promotion and fundraising metadata with a bare biographical status mention.,"son Jack, who lives with autism. By running for the Flutie Foundation for Autism",critic_batch_007_05.jsonl
llm_train_00496,0.01,0.01,0.01,0.01,True,True,False,Passage discusses ADHD diagnosis and stimulant prescription as clinical and medical objects.,Diagnosis of ADHD and the subsequent prescription of stimulants,critic_batch_007_05.jsonl
llm_train_00497,0.05,0.05,,,False,,,ADHD appears only as a generic example in a list of conditions/populations without a target-specific claim.,Or even people diagnosed with ADD or ADHD. I often think about it.,critic_batch_007_05.jsonl
llm_train_00498,0.01,0.01,0.01,0.01,True,True,False,The passage discusses formal clinical assessment tools and diagnostic schedules for autism.,autism diagnostic observation schedule ados a semi-structured and lengthy diagnostic interview,critic_batch_007_05.jsonl
llm_train_00499,0.01,0.01,,,False,,,Target mention is a brief item in a numbered list of product/service benefits.,ADHD improvement - 5.,critic_batch_007_05.jsonl
llm_train_00500,0.05,0.05,0.05,0.05,True,False,True,Discusses everyday educational participation and practical classroom adaptations for students with ADHD.,color helps students with ADHD to concentrate on their work,critic_batch_007_05.jsonl
llm_train_00501,0.0,0.0,,,False,,,The target name appears only as part of an organization name without an accompanying target-specific claim.,donations to Rich Center for Autism,critic_batch_007_06.jsonl
llm_train_00502,0.05,0.02,0.1,0.02,True,False,True,The passage foregrounds a first-person account of life as an autistic child; the mention of vaccines is part of this lived narrative rather than formal clinical discourse.,Starfire recounts her life as an autistic child in the space program,critic_batch_007_06.jsonl
llm_train_00503,0.08,0.1,0.02,0.05,True,False,True,"The passage makes a target-specific claim about well-being and living conditions for the autism community, which supports a lived-experience frame.",enhancing living conditions and access to essential services,critic_batch_007_06.jsonl
llm_train_00504,0.0,0.0,0.0,0.0,True,True,False,The discussion of the lifetime cost of supporting the condition treats it as a clinical and institutional service object.,cost of supporting a person with an autism spectrum disorder throughout his or her lifetime,critic_batch_007_06.jsonl
llm_train_00505,0.0,0.0,0.0,0.0,True,True,False,"The passage discusses a digital therapeutic designed to target brain areas and detect attention deficits, which is explicit clinical discourse.",detecting attention deficit in children... target areas of the brain that play a key role in attention function,critic_batch_007_06.jsonl
llm_train_00506,0.0,0.0,0.0,0.0,True,True,False,The passage makes a claim about increasing rates (prevalence) and life expectancy for the target condition.,alarming and increasing rates of... ADHD... life expectancy has also shockingly declined,critic_batch_007_06.jsonl
llm_train_00507,0.02,0.01,0.05,0.02,True,True,False,"The passage identifies a concrete institutional educational provision organized for children with the target condition, meeting the clinical frame criteria.","serves students with... ADHD, and very high functioning autism",critic_batch_007_06.jsonl
llm_train_00508,0.0,0.0,0.0,0.0,True,True,False,Educational therapy and remedial instruction for the target condition are presented as professional service objects.,providing personalized remedial instruction to children... including... ADHD,critic_batch_007_06.jsonl
llm_train_00509,0.0,0.0,0.0,0.0,True,True,False,"The headline presents research linking environmental factors to the target condition, treating it as a clinical research object.",Harvard research links fluoridated water to ADHD,critic_batch_007_06.jsonl
llm_train_00510,0.0,0.0,0.0,0.0,True,True,False,"The passage explicitly discusses diagnostic methods, assessments, and testing for adult ADHD.",need for reliable assessment and testing methods... approaches of diagnosis,critic_batch_007_06.jsonl
llm_train_00511,0.05,0.05,,,False,,,The mention of autism is limited to stating the diagnostic status of the organization's founders and their families without further development.,A family run volunteer organization of parents and volunteers who have children and adults with autism spectrum disorders.,critic_batch_007_07.jsonl
llm_train_00512,0.1,0.05,0.05,0.1,True,True,False,"The passage discusses a research program investigating an intervention for children with autism, focusing on the study's mechanics and goals.",to study how cats can help children with autism.,critic_batch_007_07.jsonl
llm_train_00513,0.05,0.05,0.05,0.05,True,True,False,The passage discusses clinical evidence regarding the effectiveness of a nutrient for treating ADHD.,hints that zinc might enhance the effectiveness of evening primrose oil for ADHD,critic_batch_007_07.jsonl
llm_train_00514,0.15,0.15,,,False,,,"The passage mentions a new service launch in a brief, administrative/promotional manner without providing target-specific substantive content.",the autism charity has recently launched a new family support service.,critic_batch_007_07.jsonl
llm_train_00515,0.1,0.05,0.05,0.1,True,True,True,The passage combines clinical research into symptom reduction with discussion of social recognition and autistic children's participation.,autism continues to be regarded as a community that is difficult to access due to 'perceived disruptions of interpersonal connectedness'.,critic_batch_007_07.jsonl
llm_train_00516,0.05,0.05,0.05,0.05,True,True,False,The passage describes research investigating potential side effects of ADHD stimulant medications.,stimulant medications used to treat ADHD do not cause or exacerbate tics,critic_batch_007_07.jsonl
llm_train_00517,0.05,0.05,,,False,,,The target terms appear only in a list of conditions and populations served by a professional team without further target-specific discourse.,"helping those with ADHD, autism, and dyslexia.",critic_batch_007_07.jsonl
llm_train_00518,0.85,0.85,,,True,False,True,A parent of an autistic person makes a target-specific claim about the practical problem and rights issue of school restraint and seclusion.,"as a parent of a young adult with autism, restraint and seclusion are used “too broadly” in schools",critic_batch_007_07.jsonl
llm_train_00519,0.05,0.05,0.05,0.05,True,True,False,"The passage discusses diagnostic criteria, clinical symptoms, and the risk of misdiagnosis between ADHD and autism.","ASD shares several symptoms with ADHD, including difficulties with impulsivity, executive functioning, and hyperactivity.",critic_batch_007_07.jsonl
llm_train_00520,0.05,0.05,0.05,0.05,True,True,False,The passage discusses clinical research into the auditory traits of children with autism.,researchers at the university work in such areas as auditory characteristics of children with autism,critic_batch_007_07.jsonl
llm_train_00521,0.02,0.01,0.02,0.05,True,True,False,The passage describes neurobehavioral diagnoses and behavioral mechanisms in a clinical/statistical register.,"Some neurobehavioral diagnoses associated with children with special needs are, Autism Spectrum Disorder, Attention deficit disorder",critic_batch_007_08.jsonl
llm_train_00522,0.01,0.01,0.01,0.01,True,True,False,"The passage discusses a medical controversy concerning causes and risk factors, fitting the clinical frame.","Robert Wakefield falsely asserted that there was a link between the measles, mumps, and rubella (MMR) vaccine and autism.",critic_batch_007_08.jsonl
llm_train_00523,0.05,0.02,0.02,0.05,True,True,False,The passage presents ADHD as a management object for nutritional and lifestyle interventions by a medical professional.,Nutrients and lifestyle changes for managing ADHD,critic_batch_007_08.jsonl
llm_train_00524,0.1,0.1,,,False,,,The target mention is part of a biographical anecdote about a speaker and does not develop a substantive claim.,"he spoke about his experience with SonRise, a program or an approach for children on the autism spectrum years ago.",critic_batch_007_08.jsonl
llm_train_00525,0.01,0.01,0.01,0.01,True,True,False,The passage is a research abstract discussing clinical study results and symptom assessment for ADHD.,Effectiveness of Vision Therapy for Children With... ADHD... Their parents also completed a checklist of ADHD symptoms.,critic_batch_007_08.jsonl
llm_train_00526,0.1,0.1,,,False,,,"The passage is a commercial advertisement for a driver's ed school, fitting the exclusion for product blurbs dominated by sales metadata.","The only ADHD Certified driver's ed school in Iowa 1,000+ Students We are committed to helping teens",critic_batch_008_01.jsonl
llm_train_00527,0.02,0.02,,,False,,,"ADHD appears only as one item in a broad list of exceptionalities within a course description, which is non-substantive.",explore a variety of exceptionalities to include: ... ADD/ADHD,critic_batch_008_01.jsonl
llm_train_00528,0.02,0.02,,,False,,,"ADHD is mentioned as a specialism in a professional profile list, which the codebook identifies as non-substantive.","specialism in working with young people, people with Autism and ADHD",critic_batch_008_01.jsonl
llm_train_00529,0.02,0.02,0.02,0.02,True,True,False,The passage makes a substantive clinical/research claim about the link between vaccines and autism and the validity of a study.,proven that vaccines do not cause autism... told to fudge the numbers,critic_batch_008_01.jsonl
llm_train_00530,0.02,0.02,0.02,0.02,True,False,True,"The passage describes specific support, advocacy, and inclusion efforts that foreground family experience and community participation.",provides information and assistance to parents and families... advocacy efforts for children and families,critic_batch_008_01.jsonl
llm_train_00531,0.1,0.1,,,False,,,ADHD is only mentioned in a list of conditions; the specific prevalence and growth claims follow and clearly apply only to autism.,"with autism, ADHD, learning disabilities... one in every 68 children has an autism spectrum disorder",critic_batch_008_01.jsonl
llm_train_00532,0.02,0.02,,,False,,,"ADHD is listed as one of several services provided by a clinic, which is non-substantive per the conditions list rule.","provide different services that include ADD/ADHD, anxiety, weight-loss",critic_batch_008_01.jsonl
llm_train_00533,0.05,0.05,0.05,0.05,True,False,True,"The passage develops a detailed account of library accessibility, neurodiversity, and inclusion for autistic people.","commitment to accessibility, neurodiversity, and inclusion... safe and welcoming space for autistic",critic_batch_008_01.jsonl
llm_train_00534,0.02,0.02,,,False,,,The passage consists of truncated headlines or list items without a coherent target-specific proposition.,Clinical Comparisons Between ADHD Drugs Are Less,critic_batch_008_01.jsonl
llm_train_00535,0.02,0.02,0.02,0.02,True,False,True,"The passage discusses neurodivergent strengths, unique talents, and perspectives within specific career and educational paths.",autism... possess unique talents and perspectives... aligns well with the strengths,critic_batch_008_01.jsonl
llm_train_00536,0.02,0.01,0.01,0.01,True,True,False,The passage develops a substantive clinical claim about the role of genomics in personalizing disease treatment.,WGS is a critical requirement for accurate insights ... to personalize the treatment,critic_batch_008_02.jsonl
llm_train_00537,0.01,0.01,,,False,,,The passage only states a diagnosis as bare status without further target-specific account.,Naya’s official diagnosis is ... ADHD,critic_batch_008_02.jsonl
llm_train_00538,0.05,0.02,0.02,0.02,True,False,False,The passage makes a target-specific claim about representation in media without clinical or lived-experience evidence.,the story seems to be pretty faithful to the condition,critic_batch_008_02.jsonl
llm_train_00539,0.02,0.01,0.01,0.01,True,True,True,The passage describes clinical assessment alongside lived-experience accommodations and practical life suggestions.,"comprehensive psychological assessment ... suggestions regarding how to address social, emotional, or behavioural concerns",critic_batch_008_02.jsonl
llm_train_00540,0.02,0.01,0.01,0.01,True,True,True,The passage treats ADHD as both a clinical treatment object and a matter of everyday lived struggle and strategy.,therapy and medication are often part of a treatment plan ... struggle with daily routines,critic_batch_008_02.jsonl
llm_train_00541,0.02,0.01,0.01,0.01,True,True,False,The passage presents autism as a biological/pathological research object regarding etiology.,known pathologies associated with autism ... principal cause of autism,critic_batch_008_02.jsonl
llm_train_00542,0.05,0.02,0.02,0.02,True,False,True,The passage develops a family account of a child's learning progress and support without clinical treatment framing.,Greyson now knows his ABC's ... all of his progress would not be possible without the nonprofit,critic_batch_008_02.jsonl
llm_train_00543,0.05,0.05,,,False,,,The passage is introductory administrative text promising future content rather than containing substantive discourse.,This article will share our thoughts on the healthiest minerals and vitamins for ASD,critic_batch_008_02.jsonl
llm_train_00544,0.03,0.03,,,False,,,The passage describes the mechanics of a commercial product placement rather than target-specific discourse.,weave the actual use of this product into the conversation,critic_batch_008_02.jsonl
llm_train_00545,0.01,0.01,,,False,,,The passage consists of incoherent contaminated extraction.,Her results in download john law economic theorist and policy and frontal management,critic_batch_008_02.jsonl
llm_train_00546,0.02,0.01,0.02,0.01,True,True,False,"The passage discusses a causal relationship between vaccinations and autism, which falls under clinical risk factors.",whether the current schedule can cause autism,critic_batch_008_03.jsonl
llm_train_00547,0.05,0.01,0.05,0.02,True,False,True,"The passage foregrounds parental experience and coping with an ADHD child's behavior, meeting the lived-experience definition.","Parents of children with ADHD who are put on steroids should be given a prescription for Xanax, so they can recover",critic_batch_008_03.jsonl
llm_train_00548,0.02,0.01,0.01,0.01,True,True,True,The passage combines clinical evaluation/care with lived-experience participation goals like independent living and relationships.,"dedicated to the evaluation and care... learn independent living skills, develop positive relationships",critic_batch_008_03.jsonl
llm_train_00549,0.1,0.1,,,False,,,"The passage is a collection of thin snippets including an awareness mention and a question about a topic, which remains non-substantive.",It’s Autism Awareness Month... What is the most effective way to engage kids on the autism spectrum?,critic_batch_008_03.jsonl
llm_train_00550,0.02,0.01,0.02,0.01,True,True,False,"The passage explicitly defines ADHD symptoms and their impact on learning, which is a clinical/disorder-construct description.","because their symptoms—inattention, impulsiveness, and hyperactivity—get in the way of learning",critic_batch_008_03.jsonl
llm_train_00551,0.0,0.0,,,False,,,The target term 'adhd' is a typo for 'add' in a non-target context about smart home technology.,you tin adhd it to a country group,critic_batch_008_03.jsonl
llm_train_00552,0.02,0.01,0.02,0.01,True,True,False,The passage describes a professional specializing in clinical evaluations and interventions for ASD.,"specializes in evaluations, consultation and interventions for children and adults with autism spectrum disorder",critic_batch_008_03.jsonl
llm_train_00553,0.01,0.01,,,False,,,Autism appears only as an example in a generic list of conditions.,"developmental disorders (Autism, Down Syndrome etc. ).",critic_batch_008_03.jsonl
llm_train_00554,0.02,0.01,0.02,0.01,True,True,False,The passage discusses neurobiological research findings regarding brain architecture in ADHD.,Brain networks... mature more slowly in ADHD... difference in brain architecture,critic_batch_008_03.jsonl
llm_train_00555,0.01,0.01,,,False,,,Autism is mentioned as one of several categories supported by a foundation without further target-specific discourse.,"invest resources into nonprofits that support... Autism, Bullying, Domestic Violence Survivors & Veterans.",critic_batch_008_03.jsonl
llm_train_00556,0.02,0.01,0.01,0.02,True,True,True,The passage develops both an institutional clinical account of hospitalisation and a first-person account of feelings and being silenced.,autistic people in mental health hospitals... 'Barbaric'... Nobody listened to me,critic_batch_008_04.jsonl
llm_train_00557,0.02,0.01,0.01,0.01,True,True,False,The passage provides a formal description of cognitive symptoms associated with ADHD as a clinical disorder.,cognitive symptoms are often associated with conditions like... ADHD,critic_batch_008_04.jsonl
llm_train_00558,0.02,0.01,0.02,0.01,True,False,True,"The passage extensively discusses community, sharing stories, belonging, and self-advocacy without developing a clinical object.","connect, share stories... feel part of a community... self-advocacy... autistic strengths",critic_batch_008_04.jsonl
llm_train_00559,0.01,0.01,0.01,0.01,True,True,False,This is a formal research study aim focusing on biological markers of dysfunction in ASD.,evaluate the CD57+CD3− mature lymphocyte subpopulation... marker of immune dysfunction in ASD,critic_batch_008_04.jsonl
llm_train_00560,0.05,0.01,0.05,0.03,True,True,True,The passage describes an everyday practical challenge and adaptation while framing ADHD as a disorder requiring attention improvement.,Improvising attention for ADHD students... hardly sit still... audiobooks can help them to move around,critic_batch_008_04.jsonl
llm_train_00561,0.02,0.01,0.01,0.01,True,True,False,The passage identifies ADHD as a comorbid disorder in a clinical context (bruxism).,"associated with disorders like GERD, ADHD, and Parkinson’s disease",critic_batch_008_04.jsonl
llm_train_00562,0.05,0.05,,,False,,,The mention of ADHD is a thin biographical status indicator without a developed target-specific account.,mental health advocate as she lives with ADHD,critic_batch_008_04.jsonl
llm_train_00563,0.02,0.01,0.01,0.01,True,True,False,The passage discusses ADHD as a neurobehavioral disorder and its typical diagnostic trajectory.,common neurobehavioral disorders... ADHD is generally diagnosed in childhood,critic_batch_008_04.jsonl
llm_train_00564,0.08,0.08,,,False,,,The extraction is fragmented and the target mentions serve as biographical status or thin comparison without a clear proposition.,"he was probably autistic. undiagnosed, certainly ADHD. But he had a lot of same system symptoms",critic_batch_008_04.jsonl
llm_train_00565,0.02,0.01,0.01,0.01,True,True,False,The passage discusses research into the etiologial link between the microbiome and autism as a clinical/developmental condition.,neurobehavioral development including autism... treatment of microbiome related disease,critic_batch_008_04.jsonl
llm_train_00566,0.05,0.05,,,False,,,"The passage is a news feed list of headlines and related links, which is non-substantive under Rule 5.3.",Tandem Repeats May Explain Autism Risk - Neuroscience News,critic_batch_008_05.jsonl
llm_train_00567,0.02,0.02,,,False,,,Fragmented news headlines and navigation elements are non-substantive under Rule 5.3.,A mother releases video of her autistic son ...,critic_batch_008_05.jsonl
llm_train_00568,0.05,0.05,,,False,,,Event promotion and generic fundraising language without target-specific claims are non-substantive under Rule 8.10.,auctioning off the painting to benefit kids with Autism.,critic_batch_008_05.jsonl
llm_train_00569,0.85,0.85,,,True,True,False,"The passage describes substantive institutional provision and specialist support for a class including autism, meeting Rule 8.2.",require regular additional specialist support in small groups... They may also have autism,critic_batch_008_05.jsonl
llm_train_00570,0.9,0.9,0.1,0.1,False,,,Administrative instructions naming the target only as a form category are non-substantive under Rule 5.3.,"For people having Autism, Cerebral Palsy or multiple disabilities, form number 10-IA needs to be filled up.",critic_batch_008_05.jsonl
llm_train_00571,0.1,0.05,0.1,0.1,True,True,False,A professional profile describing accommodations and individualized learning for ADHD constitutes a clinical frame.,I understand that students with ADD/ADHD may need more attention... best approach for individualized learning,critic_batch_008_05.jsonl
llm_train_00572,0.02,0.01,0.01,0.01,True,True,False,"The passage discusses clinical assessment scales and treatment effectiveness, which clearly fits the clinical frame.",validity and reliability for the Attention Deficit Disorders Evaluation Scale (ADDES)... Is MPH more effective,critic_batch_008_05.jsonl
llm_train_00573,0.02,0.01,0.01,0.01,True,True,False,Discussion of supplementation improving symptoms for ADD/ADHD and autism is a clinical intervention frame.,omega 3 supplementations can improve symptoms... also with autism,critic_batch_008_05.jsonl
llm_train_00574,0.02,0.01,0.01,0.01,True,False,True,A family account of struggles and triumphs foregrounds family experience as lived discourse under Rule 7.2.,heartfelt account of her family's struggles and triumphs with autism,critic_batch_008_05.jsonl
llm_train_00575,0.05,0.02,0.05,0.05,True,True,False,An account of intervention and diagnostic differentiation (Asperger's vs autistic) meets the clinical definition.,address his play and his social skills... I don’t think he would be considered Asperger’s but he’s not autistic,critic_batch_008_05.jsonl
llm_train_00576,0.05,0.02,0.02,0.05,True,True,False,The passage develops a clear clinical service proposition by linking rising autism diagnoses to the development of specific ABA programming and services.,training others would result in effective ABA programming... services to meet that challenge... diagnosis of Autism/ASD rising,critic_batch_008_06.jsonl
llm_train_00577,0.02,0.01,0.01,0.02,True,True,False,Correctly identified as clinical; the passage explicitly offers specialized diagnostic treatment and individualized plans for ADHD as a medical condition.,"provide specialized treatment for a wide range of mental health conditions, including Attention Deficit Hyperactivity Disorder (ADHD)",critic_batch_008_06.jsonl
llm_train_00578,0.05,0.02,0.02,0.1,True,True,False,"The focus is on scientific understanding, clinical research, and intervention systems, which are core indicators of a clinical frame.","interdisciplinary research, clinical, and education center committed to deepening scientific understanding of autism",critic_batch_008_06.jsonl
llm_train_00579,0.05,0.02,0.02,0.05,True,True,False,"The passage presents autism as a therapy object, focusing on techniques and developmental levels, which aligns with the clinical frame definition.",Therapy for autism often focuses on enhancing emotional awareness... techniques tailored to the individual’s developmental level,critic_batch_008_06.jsonl
llm_train_00580,0.02,0.01,0.01,0.02,True,True,False,"This is a high-confidence clinical frame, presenting autism through neurobiology, epidemiology (boys vs girls), and metabolic research.",spectrum of neurological conditions... metabolic disorders that involve changes in organic metabolites... Autistic evaluations,critic_batch_008_06.jsonl
llm_train_00581,0.15,0.05,0.1,0.1,True,True,False,Correctly identified as clinical; the institutional provision for 'Autistic Spectrum Conditions' within a formal SEND register meets the clinical object criteria.,special support... Special Educational Needs and Disability (SEND) Register... catering for children with... Autistic Spectrum Conditions,critic_batch_008_06.jsonl
llm_train_00582,0.02,0.01,0.01,0.02,True,True,False,"Explicit clinical service offer for ADHD diagnosis and treatment, fitting the disorder-construct frame perfectly.","specialty services, including:... ADHD diagnosis and treatment, neuropsychological testing and evaluation",critic_batch_008_06.jsonl
llm_train_00583,0.05,0.02,0.02,0.05,True,True,False,"The passage discusses neurobiological links and genetic disorders on the autistic spectrum, which are definitive clinical indicators.",detected a close functional link between the auditory cortex... genetic disorder... behaviors on the autistic spectrum,critic_batch_008_06.jsonl
llm_train_00584,0.1,0.05,0.05,0.05,True,False,True,"Correctly identified as lived; the passage focuses on public query, stigma, and social speculation regarding a person's status.",stigma surrounding autism... public queries as to whether Barron Trump is autistic or not,critic_batch_008_06.jsonl
llm_train_00585,0.05,0.02,0.02,0.15,True,True,False,"While containing some lived details, the primary framing is a case-report style assessment and treatment of a specific diagnosis (ADHD).",Assessing and Treating Clients With Attention Deficit Hyperactivity Disorder – Young Girl With ADHD,critic_batch_008_06.jsonl
llm_train_00586,0.05,0.05,,,False,,,Autism appears only as an example in a list of conditions within a commercial product blurb for diapers.,"reasons including: cognitive and developmental disabilities, cerebral palsy, spina bifida, and autism",critic_batch_008_07.jsonl
llm_train_00587,0.02,0.01,0.01,0.01,True,True,False,The passage analyzes autism as a neurodevelopmental disorder and its impact on physical and sensory development.,"How Autism Influences a Child's Physical Development... Autism, a complex neurodevelopmental disorder",critic_batch_008_07.jsonl
llm_train_00588,0.02,0.01,0.01,0.01,True,True,False,The text presents a detailed menu of clinical treatments and professional services for autism spectrum disorder.,Maui ABA Therapy Autism Spectrum Disorder therapy treatment specialization includes: - Discrete Trial Training,critic_batch_008_07.jsonl
llm_train_00589,0.02,0.01,0.01,0.01,True,True,False,The discourse focuses on neurobiological research into mutations and biochemical processes associated with autism.,role a mutation in the brain plays in autism and epilepsy by impairing some biochemical processes,critic_batch_008_07.jsonl
llm_train_00590,0.05,0.02,0.05,0.03,True,True,False,The passage treats autism as a condition with symptoms to be corrected through homeopathic clinical treatment.,homeopathic treatment... children who are autistic... unruly behavior is one of the first symptoms,critic_batch_008_07.jsonl
llm_train_00591,0.02,0.01,0.01,0.01,True,True,False,The passage outlines specific therapeutic strategies and behavioral interventions for managing autism.,"Autism therapy... behavioral interventions, communication therapies, and social skills training",critic_batch_008_07.jsonl
llm_train_00592,0.02,0.01,0.01,0.01,True,False,True,The invitation emphasizes peer support and collective family experience for parents of children with ADHD.,meet other parents and carers in a friendly and informal environment,critic_batch_008_07.jsonl
llm_train_00593,0.02,0.01,0.01,0.01,True,False,True,The speaker uses self-theorizing symptom language to describe a personal coping strategy for concentration.,"Personally, I think its because I’m at least 5 percent ADHD. Doodling helps me concentrate",critic_batch_008_07.jsonl
llm_train_00594,0.02,0.02,,,False,,,The target term appears only in the title of a community event without any target-specific claim.,2nd Annual Eastern Run Walk for Autism,critic_batch_008_07.jsonl
llm_train_00595,0.05,0.05,,,False,,,"The target appears within a list of event links and recording titles, functioning as a related-link label.",MP3 recording available: Perinatal Exposure... Leads to Autistic Features in Rats,critic_batch_008_07.jsonl
llm_train_00596,0.02,0.02,,,False,,,"The passage is an administrative instruction for an essay about a website title, containing no target-specific proposition.",Introduces and summarizes the CDC website on ADHD,critic_batch_008_08.jsonl
llm_train_00597,0.05,0.05,,,False,,,This is a commercial course advertisement dominated by promotional language without a developed target-specific claim.,"Mastering ADHD for Lifelong Success is a life-changing, self-paced online course",critic_batch_008_08.jsonl
llm_train_00598,0.02,0.01,0.01,0.02,True,True,False,"The passage describes neurobiological research and medication management, which are core indicators of the clinical frame.","understand the changes in the brain of adolescents with ADHD, before and after medication",critic_batch_008_08.jsonl
llm_train_00599,0.08,0.05,0.05,0.05,True,False,True,"The account focuses on family experience and advocacy following a child's diagnosis, meeting the lived-experience criteria.",His son was diagnosed with autism... led him... to become deeply involved in supporting autism-related charities,critic_batch_008_08.jsonl
llm_train_00600,0.05,0.02,0.04,0.02,True,True,False,"The claim that vaccines cause autism is a target-specific proposition about etiology, triggering the clinical frame.",parents believe unsupported online claims that vaccines are unsafe and cause autism,critic_batch_008_08.jsonl
llm_train_00601,0.02,0.01,0.01,0.01,True,False,True,"The passage develops a first-person account of identity and personal history following a late diagnosis, which constitutes a lived-experience frame.",adult who went 43 years with undiagnosed ADHD. I was a female version of Alfie.,critic_batch_009_01.jsonl
llm_train_00602,0.05,0.01,0.04,0.02,True,False,True,The focus on sensory impact and coping strategies for overwhelming environments substantively develops a lived-experience frame.,strategies and resources for when the environment becomes too overwhelming for them.,critic_batch_009_01.jsonl
llm_train_00603,0.01,0.01,0.01,0.01,True,True,False,The passage presents ADHD as a clinical treatment and assessment object within a professional medical context.,"work closely with primary care doctors, psychologists and psychiatrists to determine the best treatment for my patients.",critic_batch_009_01.jsonl
llm_train_00604,0.01,0.01,0.01,0.01,True,True,False,The discourse focuses on epidemiology and clinical research into the causes and prevalence of the target conditions.,"rates of childhood diseases are on the rise — cancer, ADHD, autism... researchers are linking the uptick to environmental factors.",critic_batch_009_01.jsonl
llm_train_00605,0.02,0.01,0.01,0.01,True,True,False,"The passage discusses ADHD symptoms and neurobiological causes, which constitutes a clinical/disorder-construct frame.",can give symptoms of the condition without having it. Our culture is quickly becoming based on... dopamine boosts that are rewiring people’s brains,critic_batch_009_01.jsonl
llm_train_00606,0.01,0.01,0.01,0.01,True,True,False,The passage describes a psychological research study treating autism as a clinical and research object.,The current study aimed at exploring how sub-clinical traits of autism found in neurotypical persons influence the ability to read emotions.,critic_batch_009_01.jsonl
llm_train_00607,0.01,0.01,,,False,,,The target term appears only as an organisation name within a generic list of exhibitors at a job fair.,including... Autism Initiatives,critic_batch_009_01.jsonl
llm_train_00608,0.05,0.05,,,False,,,"The target mention is part of a list of conditions in a product advert blurb, which is non-substantive per Rule 5.3.",ingredients that directly cause... ADHD,critic_batch_009_01.jsonl
llm_train_00609,0.01,0.01,,,False,,,The target terms appear as navigation tags or category labels without any substantive target-specific claims.,"ADD, ADHD, Literacy, ESL",critic_batch_009_01.jsonl
llm_train_00610,0.01,0.01,0.01,0.01,True,True,False,The passage discusses autism as a medical treatment object and a public health epidemic.,medical treatments for... autism spectrum disorder. The most alarming public health issue is the relentless increasing autism epidemic,critic_batch_009_01.jsonl
llm_train_00611,0.05,0.05,0.02,0.05,True,False,True,The passage provides a target-specific account of personal thoughts and diversity within the autistic community.,I do not speak for all autistic people and the information that I share will not apply to all situations,critic_batch_009_02.jsonl
llm_train_00612,0.02,0.02,0.02,0.02,True,True,False,The passage discusses causes and the clinical nature of autism as a disorder to be cured.,"promoted the false claim that vaccines cause autism and has described autism as a disorder that needs to be ""cured""",critic_batch_009_02.jsonl
llm_train_00613,0.02,0.02,0.02,0.02,True,False,True,The passage describes everyday energy swings and feelings as part of lived experience.,"noticed that your energy levels can swing a lot. Some days, you feel unstoppable, and others... exhausting",critic_batch_009_02.jsonl
llm_train_00614,0.05,0.05,0.05,0.02,True,True,False,The passage explicitly offers clinical evaluation and treatment for ADHD.,provides a comprehensive evaluation before treatment to customize clients’ care plans,critic_batch_009_02.jsonl
llm_train_00615,0.02,0.02,0.02,0.02,True,True,False,The passage discusses genetics and neurobiology in the context of clinical autism research.,autism-associated gene Pcdh10 leads to impairments in social behavior... disrupted the structure and function of circuitry,critic_batch_009_02.jsonl
llm_train_00616,0.05,0.05,,,False,,,The passage mentions a service for families but lacks a substantive target-specific claim.,"Broad Spectrum Project, which provides free photography for families affected by autism",critic_batch_009_02.jsonl
llm_train_00617,0.05,0.05,0.05,0.05,True,False,True,The passage focuses on accessibility and social stories to aid community participation.,visual and social stories to help community members feel comfortable attending an emergency reception centre,critic_batch_009_02.jsonl
llm_train_00618,0.02,0.02,,,False,,,The target appears only as one item in a generic list of conditions a provider covers.,"What I can help with Abuse, ADD / ADHD, Anger management, Anxiety, Autism spectrum",critic_batch_009_02.jsonl
llm_train_00619,0.1,0.1,0.1,0.05,True,True,False,The passage specifies a concrete institutional arrangement (special focus schools) for autism.,charter schools include special focus schools for... special education needs such as autism,critic_batch_009_02.jsonl
llm_train_00620,0.05,0.05,0.05,0.05,True,False,True,The passage discusses inclusive tactics to support social flourishing and mitigate stigma.,inclusive tactics that aid trainees flourish without being actually disgraced,critic_batch_009_02.jsonl
llm_train_00621,0.01,0.01,0.01,0.02,True,True,False,The passage correctly identifies ASD as a clinical object by discussing diagnostic characteristics and symptoms identified by experts.,ASD individuals can struggle to emotionally relate with others and correlate facial expressions with feelings.,critic_batch_009_03.jsonl
llm_train_00622,0.01,0.01,0.01,0.01,True,True,False,The passage develops a clinical frame through explicit mention of specialized clinics and evidence-based management for ADHD.,"We offer specialized appointments and clinics for ADHD, Asthma, Weight Management, and Mental Health.",critic_batch_009_03.jsonl
llm_train_00623,0.05,0.01,0.02,0.04,True,True,True,The passage is correctly mixed as it discusses institutional research (clinical) alongside workplace inclusiveness and neurodiversity (lived).,advances workplace inclusiveness that spans disability and neurodiversity.,critic_batch_009_03.jsonl
llm_train_00624,0.01,0.01,0.01,0.01,True,True,False,The passage uses a clinical frame by citing CDC prevalence estimates and comparing autism to other medical conditions.,The Centers for Disease Control and Prevention (CDC) updated its estimate of autism prevalence in the United States,critic_batch_009_03.jsonl
llm_train_00625,0.01,0.01,0.01,0.01,True,True,False,"The passage links ADHD to medical causes (sleep disordered breathing), which is a clear clinical/etiological claim.",linking sleep disordered breathing in children to behavioral issues such as: ADD/ADHD,critic_batch_009_03.jsonl
llm_train_00626,0.01,0.01,0.01,0.01,True,True,False,"The passage discusses ADHD in the context of professional assessment and medication management, which are core clinical indicators.",prescribed medication for ADHD and would like to have a psychiatrist... you will need to have an up-to-date neuropsychological assessment,critic_batch_009_03.jsonl
llm_train_00627,0.01,0.01,0.02,0.01,True,False,True,"The passage is a first-person account of everyday ADHD experience and coping strategies, correctly identified as lived-experience.","taking into account my ADHD, which means, what I will NOT do, not what I WILL do.",critic_batch_009_03.jsonl
llm_train_00628,0.01,0.01,0.02,0.01,True,False,True,The passage foregrounds family experience and the emotional perspective of a parent celebrating her child's way of being.,document the struggle of trying to understand and manage his condition as a family... profound wonder and joy in celebrating the fascinating way his mind works,critic_batch_009_03.jsonl
llm_train_00629,0.01,0.01,0.01,0.01,True,True,False,The passage is a purely clinical description using ICD-10 terminology and defining symptoms for ADHD and autism.,"Type of autism characterized by... ICD10, F90 - Description Synonyms ADHD",critic_batch_009_03.jsonl
llm_train_00630,0.01,0.01,0.02,0.01,True,False,True,"The passage discusses 'body doubling' as a community-based productivity practice, which qualifies as lived experience.",trend that’s gaining traction within the ADHD community is the practice of “body doubling.”,critic_batch_009_03.jsonl
llm_train_00631,0.05,0.05,,,False,,,"Autism appears only as a parenthetical item in a generic list of vaccine ingredients and alleged effects, which is non-substantive.",thimerosal (autism),critic_batch_009_04.jsonl
llm_train_00632,0.01,0.01,,,False,,,"The target appears only as an entry in a broader list of conditions within a product guide, which is non-substantive.",ADD & ADHD pg103,critic_batch_009_04.jsonl
llm_train_00633,0.85,0.05,0.05,0.85,True,True,False,"The passage describes institutional provision and professional coordination of programs, but lacks a developed experiential or social perspective.",teaching & coordinating programming for transition students on the autism spectrum... gardening multiple times a week with her students,critic_batch_009_04.jsonl
llm_train_00634,0.01,0.01,0.01,0.01,True,True,False,"The passage discusses ADHD symptoms and clinical research on massage therapy as a treatment, which is clinical-only.","Various studies have shown decreased anxiety, less fidgeting... after receiving massage therapy.",critic_batch_009_04.jsonl
llm_train_00635,0.05,0.05,,,False,,,The passage mentions a diagnosis as status but provides only a generic statement about struggles without a developed target-specific account.,their first child would carry... brittle bone disease and autism. Austin... brought various struggles into their worlds.,critic_batch_009_04.jsonl
llm_train_00636,0.02,0.02,,,False,,,"The passage contains only generic support claims and agency missions, which are insufficient to establish substantive target discourse.",exists to support West Virginians with autism spectrum disorders (ASDs) as they pursue a life of quality.,critic_batch_009_04.jsonl
llm_train_00637,0.1,0.05,0.1,0.1,True,True,False,"The passage discusses the authority of psychiatrists to diagnose ADHD, treating the target as a clinical object.",implies only psychiatrists (someone with titles) can say that someone has ADHD.,critic_batch_009_04.jsonl
llm_train_00638,0.01,0.01,0.01,0.01,True,True,False,"The passage describes a database of genomic variants from autism sequencing studies, which is clinical and research-focused.",Database of Harmonized Genomic Variants Found in Autism Spectrum Disorder Sequencing Studies.,critic_batch_009_04.jsonl
llm_train_00639,0.02,0.02,,,False,,,The target is mentioned only as a biographical status for the parent's child without developing a target-specific account.,I’m the parent of an autistic kid,critic_batch_009_04.jsonl
llm_train_00640,0.01,0.01,0.01,0.01,True,True,False,"The passage discusses the odds of being prescribed ADHD medication based on birth month, which is clinical and epidemiological.",80% higher odds of being prescribed ADHD medication compared to those born in January-February,critic_batch_009_04.jsonl
llm_train_00641,0.01,0.01,0.01,0.01,True,False,True,"The passage develops a clear lived-experience account focused on identity, advocacy, and rights activism.",Beatrice Leong is an independent documentary filmmaker and an autistic gender-disability rights activist,critic_batch_009_05.jsonl
llm_train_00642,0.01,0.01,0.01,0.01,True,True,False,The passage explicitly discusses biomedical treatment and integrative paediatric management for ADHD and autism.,Biomedical treatment for autism spectrum disorders and ADHD,critic_batch_009_05.jsonl
llm_train_00643,0.01,0.01,0.01,0.01,True,False,True,"The passage focuses on family experience, rights, and social/educational integration of an autistic child.",my son with autism was ready to integrate with the world again. F2F helped me with critical information about our rights,critic_batch_009_05.jsonl
llm_train_00644,0.01,0.01,0.01,0.01,True,True,False,The passage provides a formal clinical description of ADHD symptoms and diagnostic behaviors.,Children with attention-deficit hyperactivity disorder (ADHD) find it particularly difficult to concentrate on tasks,critic_batch_009_05.jsonl
llm_train_00645,0.01,0.01,0.01,0.01,True,False,True,"The passage develops a first-person account of self-understanding, struggle, and discovery of a diagnosis.",that I learned I have ADHD and a couple of learning disabilities. This explains why I struggled through school.,critic_batch_009_05.jsonl
llm_train_00646,0.02,0.01,0.02,0.02,True,False,True,A family account of support and participation through music; the word 'therapy' appears but the context is experiential.,"my son who has autistic behavior, this has been the best therapy for him and as challenging as things are for him he too has learned",critic_batch_009_05.jsonl
llm_train_00647,0.01,0.01,0.01,0.01,True,True,False,The passage presents ADHD as a clinical struggle with specific population prevalence statistics.,"ADHD is a commonly faced struggle, with 2. 8% of the population struggling with this disorder.",critic_batch_009_05.jsonl
llm_train_00648,0.15,0.01,0.1,0.1,True,True,False,The claim focuses on the clinical status of being undiagnosed or late-diagnosed within a professional group.,pretty much most people have never been diagnosed / late diagnosed so no one ever knew.,critic_batch_009_05.jsonl
llm_train_00649,0.01,0.01,0.01,0.01,True,True,False,"The passage discusses clinical research, genetics, and biological causes of autism-related symptoms.",Research confirms gut-brain connection in autism ... researchers have now discovered the same gene mutations,critic_batch_009_05.jsonl
llm_train_00650,0.01,0.01,0.01,0.01,True,True,False,The passage cites a study and provides an official clinical definition of ADHD from a health institute.,"ADHD ... is a condition that affects focus, self-control and impulse regulation ... according to the National Institute of Mental Health.",critic_batch_009_05.jsonl
llm_train_00651,0.02,0.02,,,False,,,The target mention appears only as an article title within a list of unrelated headlines.,Frontiers | Integrating virtual reality into ADHD therapy: advancing clinical evidence and implementation strategies,critic_batch_009_06.jsonl
llm_train_00652,0.01,0.01,0.01,0.01,True,True,False,The passage discusses clinical research and etiology regarding vaccines and autism.,co-author on several pivotal papers examining whether vaccines cause autism,critic_batch_009_06.jsonl
llm_train_00653,0.02,0.01,0.01,0.01,True,False,True,This is an everyday first-person account of living with ADHD; the diagnosis mention is status only.,"I’m a working mom (with ADHD, to boot) and it’s easy to get wrapped up in day-to-day minutiae.",critic_batch_009_06.jsonl
llm_train_00654,0.01,0.01,0.01,0.01,True,True,False,The passage presents ADHD as a diagnostic object for professional assessment.,"Does my child have Attention Deficit Hyperactivity Disorder? At KIN & KiDS, we often get asked this question",critic_batch_009_06.jsonl
llm_train_00655,0.05,0.05,,,False,,,The target mention is a headline containing a biographical status mention without a developed proposition.,Jax Taylor Supports Son Living With Him Forever After Autism Diagnosis,critic_batch_009_06.jsonl
llm_train_00656,0.95,0.95,,,True,True,False,"The passage discusses clinical research and intervention efficacy, which is substantive clinical discourse.",There are a few studies on the impacts of weighted blankets on ADHD... potential of weighted blankets,critic_batch_009_06.jsonl
llm_train_00657,0.01,0.01,0.01,0.01,True,True,False,The passage discusses epidemiological research and etiology related to ADHD and autism.,epidemiologic studies have shown that maternal obesity is associated with an increased risk for... ADHD,critic_batch_009_06.jsonl
llm_train_00658,0.03,0.01,0.02,0.02,True,True,False,The passage treats ADHD as an object of formal diagnosis and institutional provision (extended time).,"magically decide they had ADHD... qualified for extended time, while the natural proportion of learning disabilities",critic_batch_009_06.jsonl
llm_train_00659,0.05,0.02,0.02,0.05,True,True,False,"The diagnosis is invoked for disciplinary mitigation, which is a specific clinical discourse function.",Brooksby outlined why he thinks having autism contributed to him breaking the anti-doping rules,critic_batch_009_06.jsonl
llm_train_00660,0.01,0.01,0.01,0.01,True,True,False,The passage discusses medication side effects and clinical diagnostic practices.,ADHD drug manufacturers themselves disclose that these substances can cause side effects... hand out ADHD diagnoses,critic_batch_009_06.jsonl
llm_train_00661,0.0,0.0,0.0,0.0,True,True,False,"The passage describes an institutional care facility providing specialized support for autism, which is a clinical frame.",provide care for people ... who require medium to high levels of support in dealing with a variety of disabilities including autism,critic_batch_009_07.jsonl
llm_train_00662,0.0,0.0,,,False,,,The passage contains a noisy keyword list and SEO-style text without a coherent target-specific proposition.,"when we summon ADHD, autism, aspergers, education resources, processing",critic_batch_009_07.jsonl
llm_train_00663,0.0,0.0,,,False,,,"The target appears in a generic list of conditions served by a trust and an information hub, without a substantive claim.","Our trust provides services for Learning Disabilities, Autism and ADHD. An online hub has been created",critic_batch_009_07.jsonl
llm_train_00664,0.0,0.0,0.0,0.0,True,True,False,"The passage discusses the management of behavior syndromes in an educational context, treating ADHD as a clinical/management object.","approaches to supporting students with behaviour syndromes such as ADHD, Asperger’s Syndrome and Conduct Disorder",critic_batch_009_07.jsonl
llm_train_00665,0.0,0.0,0.0,0.0,True,False,True,"The passage foregrounds social understanding and presentation of Asperger's, which is a lived-experience frame.","almost no one knows what the heck that actually means ... rarely considered much more than ""somewhat odd"" in presentation",critic_batch_009_07.jsonl
llm_train_00666,0.0,0.0,0.0,0.0,True,True,False,"The passage explicitly discusses a gold-standard treatment for autism, which is a clinical frame.",Applied behavioral analysis (ABA) is considered to be the gold-standard treatment for California children with autism,critic_batch_009_07.jsonl
llm_train_00667,0.0,0.0,,,False,,,The mention of ADHD is a bare status mention in a news report without a target-specific claim or clinical analysis.,Benjamin who suffers from ADHD can be heard screaming for help.,critic_batch_009_07.jsonl
llm_train_00668,0.0,0.0,,,False,,,"The passage is a product advertisement for a Jumpolene, making only brief health claims within a promotional context.","Children with autism are also particularly drawn to, and benefit greatly from, frequent jumping and bouncing on something such as a Jumpolene.",critic_batch_009_07.jsonl
llm_train_00669,0.0,0.0,,,False,,,"The passage consists of book titles and author names, which is non-substantive.",I am AspienWoman The Unique Characteristics Traits and Gifts of Adult Females on the Autism Spectrum AspienGirl,critic_batch_009_07.jsonl
llm_train_00670,0.0,0.0,0.0,0.0,True,False,True,"The passage describes a practical everyday struggle with time management for adults with ADHD, which is a lived-experience frame.",using time effectively and efficiently is a big struggle for many adults with ADHD,critic_batch_009_07.jsonl
llm_train_00671,0.75,0.02,0.75,0.05,True,True,True,"The passage discusses classroom teaching and accommodation, which constitutes concrete institutional provision and management of the condition.",learning to accommodate and teach students with Autism in the classroom,critic_batch_009_08.jsonl
llm_train_00672,0.02,0.01,0.01,0.01,True,True,False,The passage describes a clinical research study on the neurobiological and behavioral effects of stimulant medication on ADHD.,study's results indicate that stimulant medication normalizes brain function in children with ADHD,critic_batch_009_08.jsonl
llm_train_00673,0.02,0.01,0.01,0.01,True,True,False,The passage discusses the market and regulatory approval for a specific ADHD medication.,"Adzenys, an extended-release amphetamine, was approved by the",critic_batch_009_08.jsonl
llm_train_00674,0.05,0.02,0.02,0.02,True,False,True,"The passage develops an account of school participation, advocacy, and social support from a lived-experience perspective without clinical framing.",shared helpful questions parents... can use to make sure they are well-supported... kids... don't feel supported,critic_batch_009_08.jsonl
llm_train_00675,0.02,0.01,0.01,0.01,True,True,False,The passage describes professional research into ADHD and related clinical mechanisms like cross-generational transmission.,Dr. Thapar’s research has focused mainly on attention-deficit hyperactivity disorder (ADHD),critic_batch_009_08.jsonl
llm_train_00676,0.05,0.05,,,False,,,Program name and funding announcement without a target-specific claim beyond mentioning the organizing society.,Summer Camp Scholarship Program,critic_batch_010_01.jsonl
llm_train_00677,0.02,0.02,,,False,,,Generic list of disabilities for eligibility without a target-specific claim.,Acquired brain injuries Asperger's Syndrome Attention deficit disorders Autism,critic_batch_010_01.jsonl
llm_train_00678,0.05,0.05,,,False,,,Product claim in an advertisement where target is one item in a list of treated conditions.,"treating depression, anxiety, or ADHD",critic_batch_010_01.jsonl
llm_train_00679,0.01,0.01,,,False,,,Navigation tags and category labels.,adhd... autism,critic_batch_010_01.jsonl
llm_train_00680,0.95,0.95,0.95,0.85,False,,,Target appears only in a list of eligible scholarship populations without a target-specific claim.,"poor meritorious students, freedom fighters children and autism students",critic_batch_010_01.jsonl
llm_train_00681,0.05,0.05,,,False,,,Thin biographical status mention in a story about winning Christmas presents.,boy with autism,critic_batch_010_01.jsonl
llm_train_00682,0.05,0.05,0.02,0.1,True,False,False,Coherent claim about media representation as a series topic without clinical or lived evidence.,bloggers share their opinions on how individuals with autism are represented,critic_batch_010_01.jsonl
llm_train_00683,0.05,0.05,0.05,0.02,True,True,False,Clinic profile explaining specific treatment modes for ADHD.,utilize medication coupled with psychotherapy to treat... ADHD,critic_batch_010_01.jsonl
llm_train_00684,0.02,0.02,0.02,0.01,True,True,False,Specific clinical theory about treating autism by augmenting bodily systems.,view treatment of Autism in children as augmenting the way three central systems... communicate,critic_batch_010_01.jsonl
llm_train_00685,0.02,0.02,0.02,0.01,True,True,False,Call for research proposals on clinical diagnosis and treatment of ADHD.,"applications to assess novel non-pharmacological approaches for diagnosing, treating, or managing ADHD",critic_batch_010_01.jsonl
llm_train_00686,0.02,0.02,,,False,,,"The target appears only as a category name within a directory list of childhood disorders, which is non-substantive under rule 5.3.",Autism and Pervasive Developmental Disorders,critic_batch_010_02.jsonl
llm_train_00687,0.02,0.02,,,False,,,"The target is mentioned only as a diagnosis status within a list of forum post titles, meeting the non-substantive criteria in rules 5.3 and 8.1.",Relationship With My Bipolar and ADHD Girlfriend,critic_batch_010_02.jsonl
llm_train_00688,0.02,0.02,0.02,0.02,True,True,False,"The passage explicitly discusses funding for clinical treatment, which qualifies as a substantive clinical frame under rules 6.2 and 8.3.",funding for children receiving treatment for autism,critic_batch_010_02.jsonl
llm_train_00689,0.9,0.05,0.85,0.85,True,False,True,"Symptom language is used as self-explanation for emotional coping and self-compassion, which rule 8.5 requires coding as lived experience rather than clinical.",it could also be symptomatic of... ADHD... forgive yourself and let go of the self-blame,critic_batch_010_02.jsonl
llm_train_00690,0.02,0.02,0.02,0.02,True,False,True,"The passage foregrounds the emotional and practical experiences of siblings, which is a substantive lived-experience claim under rule 7.2.",unsung heroes in the world of autism parenting: the siblings,critic_batch_010_02.jsonl
llm_train_00691,0.02,0.02,0.02,0.02,True,True,False,"The passage discusses ADHD prevalence and professional patient care, meeting the clinical frame criteria in rule 6.2.",ADHD occurs in about 5 to 8 percent... who sees patients,critic_batch_010_02.jsonl
llm_train_00692,0.02,0.02,,,False,,,"This is an SEO drug blurb and product listing, which is explicitly non-substantive under rule 5.3.",Xanax for adhd hyperactivity,critic_batch_010_02.jsonl
llm_train_00693,0.05,0.05,0.05,0.05,True,True,False,"The passage describes a professional research profile focusing on interventions, qualifying as clinical discourse under rules 6.2 and 8.8.",Research Interests: Among adolescents and young adults with... autism,critic_batch_010_02.jsonl
llm_train_00694,0.02,0.02,,,False,,,"The target appears only as a category tag within a database listing, which is non-substantive under rule 5.3.",Categories: ... Autism,critic_batch_010_02.jsonl
llm_train_00695,0.05,0.05,,,False,,,"The target is part of an article title in a news navigation list, which is non-substantive under rules 5.3 and 8.10.",Jax Taylor Supports Son Living With Him Forever After Autism Diagnosis,critic_batch_010_02.jsonl
llm_train_00696,0.02,0.01,0.01,0.01,True,True,False,"The passage discusses an expert opinion on the etiology of autism and ADHD in a legal context, which is a clinical/nosological framing.",expert opinion that a child developed autism and attention deficit disorders from consuming baby food,critic_batch_010_03.jsonl
llm_train_00697,0.02,0.01,0.01,0.01,True,True,False,"The text references a scientific paper linking vaccines to autism, which is a substantive clinical claim about causes.",Andrew Wakefield’s flawed and ethically-questionable paper in Lancet linking vaccines with occurrences of autism,critic_batch_010_03.jsonl
llm_train_00698,0.05,0.01,0.02,0.02,True,False,True,"The passage focuses on teachers using technology to accommodate students' needs and participation, which is a lived-experience framing.","To accommodate the different needs of their students, the majority of teachers said they relied on technology",critic_batch_010_03.jsonl
llm_train_00699,0.02,0.01,0.01,0.01,True,False,True,"The account of mocking and an apology involves social stigma and interpersonal interaction, clearly within the lived-experience frame.",Fifty Cent is saying sorry for mocking a Cincinnati-Northern Kentucky International Airport employee with autism.,critic_batch_010_03.jsonl
llm_train_00700,0.01,0.01,,,False,,,"The passage is a collection of SEO keywords and product links, which is non-substantive according to codebook rule 5.3.",wellbutrin adhd ... Cheap Tretinoin ... buy cialis,critic_batch_010_03.jsonl
llm_train_00701,0.02,0.01,0.01,0.01,True,True,False,"The passage makes a direct claim about the cause of autism, which is a clinical/nosological proposition.",Kennedy steadfastly maintained: - Vaccines cause autism.,critic_batch_010_03.jsonl
llm_train_00702,0.05,0.01,0.02,0.03,True,True,False,"The text discusses examining disorders and movement therapy within the context of psychiatric diagnoses, which is a clinical frame.",we reflect on the possibilities and limitations of dance and movement therapy in psychiatric diagnoses.,critic_batch_010_03.jsonl
llm_train_00703,0.02,0.01,0.01,0.01,True,True,False,The passage discusses parenting style as a risk factor for the emergence and worsening of a clinical condition (ADHD).,"Parenting style is a risk factor that influences the emergence of ADHD in children, which can worsen the condition",critic_batch_010_03.jsonl
llm_train_00704,0.08,0.08,,,False,,,"The target appears in one headline within a long list of unrelated news links, qualifying as navigation/related-link noise.",Focusing on a child’s strengths can transform assessments – and help them thrive after an ADHD or autism diagnosis,critic_batch_010_03.jsonl
llm_train_00705,0.05,0.01,0.02,0.02,True,False,True,"The passage discusses workplace accommodations and individual preferences to help autistic people thrive, which is a lived-experience frame.","flexible work arrangements, accommodations, and supports, many of which can help young adults on the autism spectrum thrive",critic_batch_010_03.jsonl
llm_train_00706,0.0,0.0,0.0,0.0,True,True,False,The passage provides a formal clinical definition of ASD using the DSM-5 and discusses symptom severity as a clinical object.,defined by the American Psychiatric Association's Diagnosis and Statistical Manual of Mental Disorders (DSM-5) as a single disorder,critic_batch_010_04.jsonl
llm_train_00707,0.95,0.95,0.05,0.05,False,,,The target appears only as one item in a list of supported programs within a metadata-heavy school directory listing.,"Learning Programs Supported... ADHD, and variety of other needs including autism and other related disorders",critic_batch_010_04.jsonl
llm_train_00708,0.0,0.0,,,False,,,The target appears only in a list of therapeutic concentrations and professional experience within a provider profile.,Areas of Therapeutic Concentration: ... ADHD; ... working with clients who have ... ADHD,critic_batch_010_04.jsonl
llm_train_00709,0.0,0.0,,,False,,,The target appears only as a single headline within a long navigation feed of unrelated news links.,RFK Jr. pledges an answer to the 'autism epidemic' by September,critic_batch_010_04.jsonl
llm_train_00710,0.0,0.0,0.0,0.0,True,True,False,The passage describes professional research into school-based interventions and outcome-oriented practices for autism.,Research on comprehensive school-based interventions for students with Autism Spectrum Disorders (ASD),critic_batch_010_04.jsonl
llm_train_00711,0.0,0.0,0.0,0.0,True,False,True,This is a first-person account focusing on the personal identity and self-understanding of receiving an ADHD diagnosis.,a process of many years to understand and reconcile what all of this means for me,critic_batch_010_04.jsonl
llm_train_00712,0.0,0.0,0.0,0.0,True,True,False,The passage makes an epidemiological claim about ADHD as a risk factor within a research context.,Young people may experience higher risk of mental health issues ... include ... attention deficit and hyperactivity disorder (ADHD),critic_batch_010_04.jsonl
llm_train_00713,0.0,0.0,0.0,0.0,True,True,False,The professional profile specifies expertise in psychopharmacology and treatment of ADHD as a clinical service object.,special expertise in psychopharmacology. I treat a number of children and adolescents with problems ranging from ADHD,critic_batch_010_04.jsonl
llm_train_00714,0.0,0.0,0.0,0.0,True,False,True,The passage discusses media representation and foregrounds the family's emotional experience and challenges of life.,understand what it means to be a member of a such a close knit family that has to constantly struggle with the challenges of life,critic_batch_010_04.jsonl
llm_train_00715,0.0,0.0,0.0,0.0,True,False,True,"The passage describes social research focused on lived experience, housing needs, and independent participation.",asking a number of people who have autism and their families/carers what it means to have autism in terms of issues around their housing and living independently,critic_batch_010_04.jsonl
llm_train_00716,0.02,0.02,,,False,,,The target appears only as a single example in a list of community involvement activities without a target-specific claim.,the autism support group volunteer,critic_batch_010_05.jsonl
llm_train_00717,0.02,0.02,,,False,,,The passage contains only an organization name for a donation request without a substantive target-specific proposition.,donation to the Autism Family Network of Santa Cruz,critic_batch_010_05.jsonl
llm_train_00718,0.05,0.05,,,False,,,"Autism appears only as a generic label in a list of service types, which Rule 8.3 defines as non-substantive.",Autism services,critic_batch_010_05.jsonl
llm_train_00719,0.02,0.01,0.01,0.02,True,True,False,The passage describes the clinical goals of occupational therapy for a class of conditions that explicitly includes the target.,"Occupational therapy unit caters to the needs of persons with... autism, attention deficit hyperactivity disorder... Goals of the therapy is to improve the functional abilities",critic_batch_010_05.jsonl
llm_train_00720,0.02,0.01,0.01,0.02,True,True,False,The passage discusses identification and the limitations of online quizzes for formal clinical diagnosis.,"identify specific conditions... including autism spectrum disorder, ADHD... cannot give you a full diagnosis",critic_batch_010_05.jsonl
llm_train_00721,0.04,0.02,0.03,0.03,True,False,True,"The discourse focuses on workplace participation, hiring processes, and inclusion, which supports a lived-experience frame.",explores how organizations can best support ADHD and autistic candidates through the hiring process and beyond,critic_batch_010_05.jsonl
llm_train_00722,0.02,0.01,0.01,0.02,True,True,False,The passage treats ADHD as a clinical symptom to be managed with prescribed medication.,"prescribed medications that treat specific symptoms of FXS, like ADHD",critic_batch_010_05.jsonl
llm_train_00723,0.01,0.01,,,False,,,The target term appears only in a site navigation menu or category list without a coherent proposition.,Inside Rehabilitation Services Autism and Autism Spectrum Disorders,critic_batch_010_05.jsonl
llm_train_00724,0.08,0.03,0.05,0.05,True,True,False,"The passage evaluates the medical validity of treatments and medication for ADHD, representing a clinical frame.","Adderal or whatever the ADD / ADHD / OCD drug of choice is... are the ""treatments"" really valid?",critic_batch_010_05.jsonl
llm_train_00725,0.01,0.01,,,False,,,The target appears only within an organization name in a long list of sponsors or participants.,Surfers for Autism,critic_batch_010_05.jsonl
llm_train_00726,0.01,0.01,0.01,0.01,True,True,False,"The passage provides prevalence statistics and specific diagnostic signs (symptoms), clearly establishing a clinical frame.",signs of ADHD are: - Inattention - Hyperactivity - Impulsive Behavior... It is estimated that between three and five percent of children have ADHD,critic_batch_010_06.jsonl
llm_train_00727,0.01,0.01,,,False,,,"The passage is a noisy, incoherent extraction featuring a generic list of conditions and spam/product keywords.","ADHD, autism, time, and resources, Best Place To Buy Generic Glucotrol Online, processing challenges,TBI",critic_batch_010_06.jsonl
llm_train_00728,0.01,0.01,0.01,0.01,True,True,False,The passage discusses clinical markers (symptoms) and the diagnostic onset age.,Kids often develop symptoms before the age of 12. Here are signs of ADHD in girls and boys.,critic_batch_010_06.jsonl
llm_train_00729,0.02,0.01,0.01,0.01,True,True,False,"The passage treats ADHD as a medical category and a treatment object (medication), fulfilling the clinical frame criteria despite the critical stance.",we now have a medical name for it - Attention Deficit Disorder... medical world has responded by... drugs that put the brain to sleep.,critic_batch_010_06.jsonl
llm_train_00730,0.02,0.01,0.01,0.01,True,True,False,The passage provides a clinical description of behavioral symptoms and impairment; the support mention is generic and lacks developed lived experience.,"People with severe autism... are apt to dramatic behavioural changes that include self injury, aggression, and running away.",critic_batch_010_06.jsonl
llm_train_00731,0.05,0.05,,,False,,,"The target mention occurs within a list of unrelated news headlines, functioning as a link/navigation label rather than a developed claim in this context.",'I am horrified': Why autistic people say RFK Jr. 's comments on autism are so dangerous | CBC News,critic_batch_010_06.jsonl
llm_train_00732,0.01,0.01,0.01,0.01,True,True,False,The passage explicitly discusses the target as an object of medication/treatment.,Bendzedrine is a drug that is used to treat ADHD and narcolepsy.,critic_batch_010_06.jsonl
llm_train_00733,0.03,0.01,0.02,0.01,True,True,False,The passage discusses concrete institutional provision (educational support structure) specifically organized for ADHD students.,The use of a post-test after each lesson will also lend structure to classroom instruction to help ADHD students.,critic_batch_010_06.jsonl
llm_train_00734,0.01,0.01,0.01,0.01,True,True,False,The passage discusses symptoms and biological/medical research into the condition.,role of the gut microbiome in individuals with autism. Topics covered will include commonly observed gastrointestinal issues and symptoms,critic_batch_010_06.jsonl
llm_train_00735,0.02,0.02,,,False,,,The passage mentions diagnostic status in a book review without developing any target-specific discourse or account.,I felt like I had learned so much about autism (the main character is autistic).,critic_batch_010_06.jsonl
llm_train_00736,0.01,0.01,0.01,0.01,True,True,False,"The passage defines ADHD through clinical symptoms, etiology, and prevalence data.",defines a group of behaviors ... characterized by the lack of attention ... affecting between 3 to 5% of children,critic_batch_010_07.jsonl
llm_train_00737,0.01,0.01,0.01,0.01,True,True,False,The passage provides a clinical definition of ADHD as a condition involving specific symptoms.,ADHD is a condition in which a person is inattentive however hyperactive,critic_batch_010_07.jsonl
llm_train_00738,0.02,0.02,,,False,,,Autism appears only as an example in a broader list of conditions without a target-specific claim.,"increasing cancer, autoimmune illness, autism, etc",critic_batch_010_07.jsonl
llm_train_00739,0.05,0.05,,,False,,,The passage is a promotional blurb for a training service without a substantive target-specific proposition.,Enhance Autism Awareness and Autism Education through Training at TH Training Solutions,critic_batch_010_07.jsonl
llm_train_00740,0.02,0.01,0.01,0.01,True,False,True,"The passage discusses neurodiversity, strengths, and celebration, which are markers of a lived-experience frame.",support Neurodiversity Celebration Week ... celebrate their superpowers,critic_batch_010_07.jsonl
llm_train_00741,0.01,0.01,,,False,,,The passage is an incoherent extraction fragment without a coherent target-specific proposition.,complete summary autism,critic_batch_010_07.jsonl
llm_train_00742,0.01,0.01,0.01,0.01,True,True,False,The passage makes a clinical claim regarding the etiology of attention deficit disorder.,conditions that result from chromosomal abnormalities,critic_batch_010_07.jsonl
llm_train_00743,0.05,0.05,,,False,,,The passage contains a bare status mention of ADHD without developing a substantive account.,"basically have not only ADHD, but PTSD",critic_batch_010_07.jsonl
llm_train_00744,0.02,0.01,0.01,0.01,True,True,False,"The passage discusses autism treatment and biological mechanisms, fitting a clinical frame.",Camel milk ... effective in improving the immune system ... reduces oxidative stress,critic_batch_010_07.jsonl
llm_train_00745,0.01,0.01,0.01,0.01,True,True,False,The passage reports on clinical research concerning diagnosis and treatment rates.,study concluded that an arbitrary age cutoff ... had a significant impact on rates of ADHD diagnosis and treatment,critic_batch_010_07.jsonl
llm_train_00746,0.05,0.01,0.05,0.05,True,True,True,The passage develops both a clinical frame via professional management of 'challenging' behavior and a lived-experience frame via the family's subjective account of support.,staff experience in dealing with a specially autistic individual... staff are trained how to handle such a situation which helps us as a family immensely,critic_batch_010_08.jsonl
llm_train_00747,0.01,0.01,0.01,0.01,True,True,False,The passage explicitly proposes professional training for treating and assessing ADHD as a clinical object.,"treating ADHD, Introduction to Assessing for ADHD in Adults",critic_batch_010_08.jsonl
llm_train_00748,0.05,0.05,,,False,,,"Autism appears only as one item in a generic list of conditions within a donation appeal, without target-specific claims.","children with dissabilities, autism and cancer",critic_batch_010_08.jsonl
llm_train_00749,0.15,0.15,,,False,,,"The passage is a thin, potentially commercial/SEO dating site fragment that lacks a coherent target-specific proposition.",ladies aspergers dating... Aspergers problem may also be thought to be a вђ“invisibleвђќ kind of autism,critic_batch_010_08.jsonl
llm_train_00750,0.05,0.01,0.05,0.05,True,False,True,The passage develops a lived-experience frame through family routine adaptation; diagnostic status alone does not trigger a clinical frame.,structured the family’s routines to ensure that Oscar could remain as calm and secure as possible,critic_batch_010_08.jsonl
llm_train_00751,0.0,0.0,0.0,0.0,True,True,False,"The passage describes a randomized controlled trial investigating the effects of a supplement on ASD symptoms, which is a core clinical research activity.",L-Carnosine Supplementation for Children with Autism Spectrum Disorders: A Randomized Controlled Trial... investigated the effects... on behavioral symptoms,critic_batch_011_01.jsonl
llm_train_00752,0.0,0.0,0.0,0.0,True,True,False,"The passage details a psychiatrist's formal role and practice in diagnosing and treating Adult ADHD, identifying it as a clinical service object.",lead consultant psychiatrist for Adult ADHD... diagnoses and treats a wide variety of psychiatric and mental health disorders... sees patients,critic_batch_011_01.jsonl
llm_train_00753,0.0,0.0,,,False,,,This is a thin biographical status mention that uses the diagnosis only as a temporal marker without developing any target-specific discourse.,"Pre-autism diagnosis. Finley was 3, Colin was 2.",critic_batch_011_01.jsonl
llm_train_00754,0.0,0.0,0.0,0.0,True,False,True,"The passage focuses on young people's active participation, creativity, and identity within a project aimed at highlighting neurodiversity.",collaboration aimed to shine a light on neurodiversity... Young people played a central role... contributing their energy and creativity,critic_batch_011_01.jsonl
llm_train_00755,0.0,0.0,0.0,0.0,True,True,False,The passage explicitly discusses the clinical challenge of diagnosing and treating ADHD in children and the need for medical expertise.,expertise in diagnosing and treating attention-deficit/hyperactivity disorder (ADHD) in children,critic_batch_011_01.jsonl
llm_train_00756,0.0,0.0,0.0,0.0,True,True,False,"The passage discusses clinical misdiagnosis, ADHD subtypes, and the physiological effects of stimulant medication.",misdiagnosed as having the inattentive subtype of ADHD and put on stimulants... they will help these kids concentrate better,critic_batch_011_01.jsonl
llm_train_00757,0.0,0.0,0.0,0.0,True,True,False,The passage presents autism as a neurodevelopmental disorder and discusses signs for seeking a formal clinical diagnosis.,8 signs of autism in women and gain insights for seeking diagnosis... neurodevelopmental disorder... underdiagnosed or misdiagnosed,critic_batch_011_01.jsonl
llm_train_00758,0.0,0.0,0.0,0.0,True,True,False,The passage uses ADHD as a clinical/disability category to explain a specific symptom (inability to focus).,symptomatic of a learning disability such as ADD or ADHD in which you just cannot focus,critic_batch_011_01.jsonl
llm_train_00759,0.0,0.0,0.0,0.0,True,True,False,The passage describes an explicit clinical assessment service designed to evaluate whether a client meets ADHD diagnostic criteria.,"ADHD assessments are designed to evaluate attention, impulsivity... whether a client meets criteria for ADHD",critic_batch_011_01.jsonl
llm_train_00760,0.0,0.0,,,False,,,The target terms appear only as items in a long generic list of professional expertise and do not communicate a substantive proposition.,- Asperger’s Syndrome (ASD) - Attention Deficit Disorder (ADHD),critic_batch_011_01.jsonl
llm_train_00761,0.01,0.01,0.01,0.01,True,True,False,"The passage uses ADHD as a forensic mitigation object in a legal context, meeting the clinical frame definition under rule 8.9.",The defence said he was diagnosed with ADHD when he was four... He had been on Ritalin for many years,critic_batch_011_02.jsonl
llm_train_00762,0.02,0.01,0.01,0.02,True,False,True,"The mention of ableism invokes social discrimination and stigma, which are positive indicators for the lived-experience frame.",RFK Jr. 's Obsession With Autism Is A 'Dangerous' Form Of Ableism.,critic_batch_011_02.jsonl
llm_train_00763,0.01,0.01,,,False,,,"ADHD appears only as one example in a generic list of conditions aided by a product, which is non-substantive under rule 5.3.","Focus - Such as aiding energy production , concentration and those who suffer from ADHD",critic_batch_011_02.jsonl
llm_train_00764,0.01,0.01,0.01,0.01,True,True,False,"The passage explicitly discusses how autism is diagnosed and offers a qualification for understanding and support, a clinical frame.",Gain an understanding of what is meant by autism and how it is diagnosed.,critic_batch_011_02.jsonl
llm_train_00765,0.01,0.01,0.01,0.01,True,True,False,The passage presents ADHD as a psychological disorder with specific symptoms (lack of self-control) and epidemiological prevalence.,ADHD is virtually a given. Each of those disorders I listed are have some basis in a lack of self control,critic_batch_011_02.jsonl
llm_train_00766,0.05,0.01,0.01,0.05,True,True,False,Clinical frame is dominant via CDC prevalence and ABA therapy; the mention of public life is a descriptive clinical difficulty.,CDC estimates that 1 in 59 children are diagnosed... intervention through therapy such as ABA,critic_batch_011_02.jsonl
llm_train_00767,0.01,0.01,0.01,0.01,True,True,True,The passage describes an institutional arrangement (clinical) and develops an account of community coexistence and participation (lived).,helps young people with autism develop independence... Seven autistic people live in a big house... Community coexistence,critic_batch_011_02.jsonl
llm_train_00768,0.01,0.01,0.01,0.01,True,True,False,"The passage makes a target-specific treatment claim based on a systematic review, fitting the clinical/research frame.",FMT can treat 85 specific diseases... autism spectrum disorders... are the leading diseases,critic_batch_011_02.jsonl
llm_train_00769,0.01,0.01,0.01,0.01,True,True,False,"The passage details medication requirements, diagnostic documentation, and behavior rating scales, a clear clinical/service object frame.",Requirements for ADHD Medication Management... Documentation of ADHD diagnosis... Behavior rating scales,critic_batch_011_02.jsonl
llm_train_00770,0.01,0.01,0.01,0.01,True,True,False,The passage discusses clinical assessment and diagnostic testing as formal objects in a professional/insurance context.,Psychological and neuropsychological testing... essential for diagnosing conditions like ADHD or Autism,critic_batch_011_02.jsonl
llm_train_00771,0.05,0.05,,,False,,,"The target mention appears only as a headline in a news flash list, which functions as a navigation or related-link label.",News Flash: ... A Step Forward for Autism Research,critic_batch_011_03.jsonl
llm_train_00772,0.02,0.02,,,False,,,The passage is a commercial product advert making a brief health claim within a list of conditions.,"therapeutic strain which is recommended to alleviate symptoms of the following conditions; Depression, ADHD",critic_batch_011_03.jsonl
llm_train_00773,0.05,0.02,0.02,0.05,True,False,True,"The passage substantively discusses accessibility and inclusion initiatives for people with autism, meeting the lived-experience frame definition.",sensory-friendly initiative is dedicated to increasing access and inclusion for those with sensory needs including persons with autism,critic_batch_011_03.jsonl
llm_train_00774,0.01,0.01,,,False,,,The target appears only as part of an organization name in a list of building occupants without a target-specific claim.,hub for the Center for Autism Research,critic_batch_011_03.jsonl
llm_train_00775,0.1,0.1,,,False,,,The passage is a promotional intro for an interview and does not contain the actual target-specific discourse.,we speak to Jacelyn Lim... to learn more about autism in Singapore,critic_batch_011_03.jsonl
llm_train_00776,0.01,0.01,,,False,,,The target mention is part of a dissertation title in a long list of citations.,ADHD in Young Boys: A Correlational Study,critic_batch_011_03.jsonl
llm_train_00777,0.01,0.01,,,False,,,The passage is an SEO-driven commercial blurb dominated by product names and sales metadata.,best cbd gummies for adhd and pain,critic_batch_011_03.jsonl
llm_train_00778,0.05,0.02,0.05,0.02,True,True,False,"Autism is invoked to explain behavior and risk in a news context, functioning as an explanatory clinical object.","The teenager, who suffers from autism, already had a long history of escapes",critic_batch_011_03.jsonl
llm_train_00779,0.05,0.05,,,False,,,The targets appear only in a generic list of conditions supported by a service without further target-specific development.,PRESENTING ISSUES PLAY THERAPY CAN SUPPORT -ADHD & ADD ... -Autism,critic_batch_011_03.jsonl
llm_train_00780,0.02,0.01,0.01,0.01,True,False,True,The speaker uses ADHD symptom language to interpret their own behavior and challenges within a first-person account.,"As an adult who possesses a fair percentage of ADHD symptoms, I tend to love big challenges",critic_batch_011_03.jsonl
llm_train_00781,0.02,0.01,0.01,0.01,True,True,False,The passage makes a substantive clinical claim about research into causes and brain disorders.,"research focuses on infective, immune and toxic stimuli relating to conditions that range from autism to ME/CFS",critic_batch_011_04.jsonl
llm_train_00782,0.95,0.9,,,True,True,False,The passage offers a specific cognitive stimulation program and results report for ADHD symptoms.,neuropsychological exercises for cognitive symptoms of ADD and ADHD in adults - Access a digital program,critic_batch_011_04.jsonl
llm_train_00783,0.02,0.01,0.01,0.01,True,True,False,The passage discusses ADHD as biological and neurological conditions and mentions signs and symptoms.,"ADHD & ADD Attention Deficit Hyperactivity Disorder (ADHD) and Attention Deficit Disorder (ADD) are biological, neurological conditions",critic_batch_011_04.jsonl
llm_train_00784,0.02,0.01,,,False,,,The target appears only in a news headline fragment without further substantive discourse.,RFK Jr. Scrambles to Defuse Outrage Over His Autism Claims,critic_batch_011_04.jsonl
llm_train_00785,0.02,0.01,,,False,,,The target terms appear only in a long list of search categories or issues.,Issues: - ADHD ... - Autism,critic_batch_011_04.jsonl
llm_train_00786,0.02,0.01,0.01,0.01,True,True,False,The passage discusses genetic research and risk factors for autism.,article about gene mutations linked to Autism... 33 genes have been definitely linked to an increased risk,critic_batch_011_04.jsonl
llm_train_00787,0.1,0.01,0.05,0.01,True,False,True,"The passage develops a family account of participation, social skills, and overcoming barriers.",being involved in powwows helped him tremendously with his social skills and to over come some barriers,critic_batch_011_04.jsonl
llm_train_00788,0.02,0.01,,,False,,,The target terms appear only as examples in a list of topics or disorders.,"Psychological disorders, such as ... Autism, Tourette Syndrome, ADHD",critic_batch_011_04.jsonl
llm_train_00789,0.05,0.02,,,False,,,The target terms appear only as examples in a generic administrative request for medical info.,"behavioral and/developmental conditions (such as ADHD, autism, etc. )",critic_batch_011_04.jsonl
llm_train_00790,0.02,0.01,0.01,0.01,True,True,False,The passage discusses treatment and incidence of ADHD linked to clinical factors like snoring.,Treating the snoring reduces incidence of ADHD. ... negatively affect the cognitive capacity,critic_batch_011_04.jsonl
llm_train_00791,0.01,0.01,,,False,,,"The passage consists only of metadata tags, which are non-substantive navigation or categorization fragments per Rule 5.3.",subject Neurosciences dc. subject Autism Spectrum Disorders dc. subject Mouse models dc.,critic_batch_011_05.jsonl
llm_train_00792,0.01,0.01,,,False,,,"The target appears only in a statistical list without a target-specific claim or developed proposition, per Rule 5.3.","autism spectrum disorder (p < . 001), and attention deficit hyperactivity disorder (p = . 032)",critic_batch_011_05.jsonl
llm_train_00793,0.01,0.01,0.01,0.01,True,True,False,"The passage outlines a clinical fact sheet covering causes, risk factors, and symptoms, fitting Rule 6.2.",What are risk factors and causes of ADHD in children? - What are signs and symptoms of ADHD in children?,critic_batch_011_05.jsonl
llm_train_00794,0.01,0.01,0.01,0.01,True,True,False,"The passage discusses diagnosis rates and medication use, which are clinical objects per Rule 6.2.",diagnosis (Dx) of ADHD and rate of use of medication (Rx) for boys and girls.,critic_batch_011_05.jsonl
llm_train_00795,0.01,0.01,,,False,,,"The passage is a product advertisement dominated by sales metadata, which is non-substantive per Rule 5.3.","Made from Silicone. Great for Anxiety, Stress Relief, ADHD or Autism. Red Heart, Blue Circle, Green Square.",critic_batch_011_05.jsonl
llm_train_00796,0.05,0.02,0.05,0.1,True,True,False,"The passage discusses institutional care and management strategies from a provider perspective, supporting a clinical frame per Rule 8.3.",Energy Budgeting for Autism Care ... providing optimal care for individuals with autism.,critic_batch_011_05.jsonl
llm_train_00797,0.95,0.95,0.05,0.9,False,,,"The passage is only an article title and DOI, which is non-substantive per the explicit rule for titles in Rule 8.10.",Parents’ Perspectives of Children with Autism Spectrum Disorders around Aquatic Environments DOI,critic_batch_011_05.jsonl
llm_train_00798,0.02,0.01,0.02,0.01,True,False,True,"The passage foregrounds a family member's personal perspective and emotional account, meeting Rule 7.2.","As the sister of a boy with autism, I can say that that aborting such a child is selfish.",critic_batch_011_05.jsonl
llm_train_00799,0.05,0.02,0.05,0.1,True,True,False,"The passage treats ADHD as a clinical object, discussing symptoms, prevalence, and functional impairment per Rule 6.2.",the symptoms present differently for each individual ... symptoms generally start to occur during childhood,critic_batch_011_05.jsonl
llm_train_00800,0.01,0.01,,,False,,,"The passage mentions a forthcoming book title without developing a target-specific claim, which is non-substantive per Rule 8.10.",Her upcoming book is on Autism Spectrum Disorder.,critic_batch_011_05.jsonl
llm_train_00801,0.01,0.01,0.01,0.01,True,True,False,"The passage discusses comorbidity and the distinction between ADHD and learning disabilities as disorders, which fits the clinical frame definition.","Focus conditions, such as ... (ADHD) and also learning handicaps typically occur at the very same time, however both disorders are not considered the same.",critic_batch_011_06.jsonl
llm_train_00802,0.01,0.01,,,False,,,ADHD and autism appear only as examples in a list of journal themes without any target-specific proposition.,"Each issue focuses on a selected theme such as ADHD, autism, homeschooling or human cognition.",critic_batch_011_06.jsonl
llm_train_00803,0.05,0.02,0.01,0.05,True,False,False,"This is a substantive metalinguistic claim about a symbol for autism awareness, which fits 'substantive_other' as it lacks developed clinical or lived content.",even though puzzle pieces are most commonly identified with Autism awareness,critic_batch_011_06.jsonl
llm_train_00804,0.02,0.01,0.02,0.01,True,False,True,"The passage foregrounds an individual's feelings of disappointment and his adaptation after exclusion, meeting the lived-experience definition.",Billy found out that the army wouldn’t take him because of his autism. He was very disappointed but he has picked himself up,critic_batch_011_06.jsonl
llm_train_00805,0.85,0.05,0.1,0.8,True,True,False,"The passage describes a concrete institutional arrangement (a park zone) for autistic children, which is clinical; it lacks the subjective detail for lived experience.",Amusement and Discovery Park is divided into two zones: ... the other for children with autism spectrum disorders.,critic_batch_011_06.jsonl
llm_train_00806,0.01,0.01,0.01,0.01,True,True,False,"The passage discusses play therapy as a treatment for emotional problems accompanying ADHD, clearly placing it in the clinical frame.",adjunctive treatment for emotional problems that accompany conditions like ... attention deficit disorder,critic_batch_011_06.jsonl
llm_train_00807,0.02,0.02,,,False,,,"ADHD appears only as a feature in a list of software templates, which is non-substantive administrative/promotional text.",PEDIATRICS TEMPLATES - ... - ADHD Diagnosis and Assessment,critic_batch_011_06.jsonl
llm_train_00808,0.15,0.15,,,False,,,"This is a promotional description of a professional training program focused on logistics and credits, without a substantive claim about autism itself.",The 12-credit accelerated online autism spectrum disorder (ASD) program is approved by the Pennsylvania Department of Education,critic_batch_011_06.jsonl
llm_train_00809,0.02,0.01,0.02,0.05,True,True,False,"The passage describes the use of robots as an intervention to train social behavior skills, which is a clinical/treatment-oriented proposition.",helping people with autism learn social behavior skills,critic_batch_011_06.jsonl
llm_train_00810,0.01,0.01,,,False,,,"ADHD is merely listed as one of many conditions the professional treats, which is non-substantive per the professional identity rule.","treated clients with a wide range of concerns including ... OCD, and ADHD",critic_batch_011_06.jsonl
llm_train_00811,0.02,0.02,,,False,,,"The target appears only as a cross-reference or navigation label within a list of topics, which is non-substantive per Rule 5.3.",Gastrointestinal Disease and Autism section under Autism,critic_batch_011_07.jsonl
llm_train_00812,0.05,0.02,0.05,0.1,True,True,False,The passage provides clinical prevalence and biological details; impairment is described generically without a developed experiential perspective per Rule 7.3.,"official medical diagnosis... neurological condition... dopamine... hinder one’s memory, concentration, and ability to function",critic_batch_011_07.jsonl
llm_train_00813,0.05,0.02,0.05,0.1,True,True,False,The passage specifies a concrete institutional arrangement and a clinical definition; communication deficits are described as part of the disability per Rule 7.3.,Additionally Resourced Mainstream School... support for children with Autism... disability that affects how a person communicates,critic_batch_011_07.jsonl
llm_train_00814,0.02,0.02,0.02,0.05,True,True,False,"The passage discusses ADHD within the context of patient care and treatment in a clinical setting, meeting the clinical frame definition.",You can't treat a challenging patient with ADHD in 15 minutes,critic_batch_011_07.jsonl
llm_train_00815,0.05,0.05,,,False,,,A generic mention of dogs helping people with autism without specifying the form or purpose of support is non-substantive per Rule 8.3.,canines... begin their next phase of training before going on to help people with autism,critic_batch_011_07.jsonl
llm_train_00816,0.02,0.02,0.02,0.05,True,True,False,The passage explicitly offers clinical services including testing and medication management for ADHD.,Offering a range of services including ADHD testing... and medication management,critic_batch_011_07.jsonl
llm_train_00817,0.8,0.05,0.8,0.05,True,False,True,Rule 8.5 specifies that symptom language used to interpret behavior in social contexts should be coded as lived experience rather than clinical framing.,He used to get yelled at by his teachers and parents for any odd behaviours caused by his autism.,critic_batch_011_07.jsonl
llm_train_00818,0.05,0.02,0.1,0.05,True,False,True,A first-person account of everyday hobbies and personal needs is characteristic of the lived-experience frame.,my ADHD brain always needs a long list of hobbies to cycle through,critic_batch_011_07.jsonl
llm_train_00819,0.02,0.02,0.02,0.05,True,True,False,The passage describes formal clinical research into pathophysiology and biomarker-based treatments.,research focuses on developing a better understanding of the pathophysiology and underlying causes of ADHD,critic_batch_011_07.jsonl
llm_train_00820,0.02,0.02,,,False,,,"ADHD appears only in a long list of professional focus areas without target-specific claims, which is non-substantive per Rule 5.3.",Additional areas of focus: ... ADHD ...,critic_batch_011_07.jsonl
llm_train_00821,0.01,0.01,0.01,0.01,True,False,True,Correctly identifies a first-person account of everyday coping and productivity tool use as lived experience.,"As someone with ADHD, I’ve been on the hunt for a gamified productivity tool to help me stay focused throughout the day",critic_batch_011_08.jsonl
llm_train_00822,0.05,0.05,,,False,,,"Correctly identifies the target mention as part of a related-link navigation section, which is non-substantive.",You May Like: Comorbidity Of Adhd And Dyslexia,critic_batch_011_08.jsonl
llm_train_00823,0.02,0.02,,,False,,,Correctly identifies the target as one example in a generic list of conditions without a target-specific claim.,information about a variety of health and safety concerns if you need more information about specific conditions such as autism spectrum disorder,critic_batch_011_08.jsonl
llm_train_00824,0.1,0.1,,,False,,,Correctly identifies 'autistic-like' as a metaphor for a fictional character's state rather than target discourse.,"going from an autistic-like state, into a child-like mentality",critic_batch_011_08.jsonl
llm_train_00825,0.01,0.01,0.01,0.01,True,True,False,Correctly identifies the formal classification of ADHD types as substantive clinical discourse.,"There are three types: Hyperactive Type, Inattentive Type (which is commonly known as ADD) and Combined Type.",critic_batch_011_08.jsonl
llm_train_00826,0.98,0.98,,,True,False,True,The passage develops a substantive lived-experience account by foregrounding the emotional and practical grit of parenting a child with ADHD.,"genuine grit of the moment-by-moment peaks and valleys... gut-wrenching, crying on the bathroom floor... learning to successfully parent a child with ADHD",critic_batch_012_01.jsonl
llm_train_00827,0.02,0.02,,,False,,,The passage is a thin biographical fragment and haiku imagery that does not develop a coherent target-specific proposition.,Tom Staudt autistic child — wings of butterflies his gestures,critic_batch_012_01.jsonl
llm_train_00828,0.01,0.01,0.01,0.02,True,True,False,Correctly identifies a clinical frame based on a research-based treatment claim.,Studies also show that vitamin C might help people suffering from... ADHD,critic_batch_012_01.jsonl
llm_train_00829,0.01,0.01,0.01,0.02,True,True,False,Correctly identifies a clinical frame as it discusses ADHD as an object of differential diagnosis and comorbidity.,differential diagnosis problem of ADHD in child- hood to the problems of self-medication,critic_batch_012_01.jsonl
llm_train_00830,0.01,0.01,0.02,0.01,True,False,True,"Correctly identifies a lived-experience frame through advocacy, rights, neurodiversity, and social inclusion.","celebrate neurodiversity, promote understanding, and advocate for the rights of autistic individuals... combat discrimination",critic_batch_012_01.jsonl
llm_train_00831,0.85,0.85,,,True,True,False,"Under Rule 8.3, a concrete institutional arrangement or target-specific service proposition is substantive clinical discourse.",expansion of its Autism Early Support Services for children with autism,critic_batch_012_01.jsonl
llm_train_00832,0.05,0.01,0.05,0.15,True,True,False,"Correctly identifies a clinical frame; although money management is a practical challenge, the discourse is framed by research and symptom/deficit causes.","Research shows... ADHD can cause procrastination, disorganization, and impulsivity.",critic_batch_012_01.jsonl
llm_train_00833,0.01,0.01,0.01,0.02,True,True,False,Correctly identifies a clinical frame where autism is an object of institutional medical qualification.,Adding... autism spectrum disorder... to the list of qualifying conditions,critic_batch_012_01.jsonl
llm_train_00834,0.01,0.01,0.01,0.02,True,True,False,Correctly identifies a clinical frame as it discusses autism prevalence and etiology.,explain the dramatic increase in autism... coinciding with the introduction of vaccination programs,critic_batch_012_01.jsonl
llm_train_00835,0.01,0.01,,,False,,,Correctly identifies as non-substantive; professional credentials without a target-specific claim do not meet the threshold.,"Dr. Teri Rouse is an early and behavior interventionist, autism specialist",critic_batch_012_01.jsonl
llm_train_00836,0.01,0.01,0.01,0.01,True,True,False,"The passage discusses causes and risk factors (glyphosate/enzymes) for autism, which is a substantive clinical claim.",Consequences of glyphosate interfering with CYP enzymes and impairing sulfate transport include... autism,critic_batch_012_02.jsonl
llm_train_00837,0.01,0.01,,,False,,,ADHD appears only in a generic list of educational topics and teaching materials.,"Games ADD, ADHD, Literacy, ESL, Special Ed... teaching materials and lesson plans.",critic_batch_012_02.jsonl
llm_train_00838,0.85,0.85,,,True,True,False,"The passage specifies a concrete institutional arrangement (care and support for complex needs) for autistic people, qualifying as substantive clinical discourse under Rule 8.3.","Scottish Autism, which provides care and support to autistic individuals with complex needs.",critic_batch_012_02.jsonl
llm_train_00839,0.01,0.01,,,False,,,ADHD appears only as an item in a list of therapist specialties.,Specialties on BetterHelp include: ... ADHD,critic_batch_012_02.jsonl
llm_train_00840,0.01,0.01,,,False,,,ADHD is listed as a condition without any target-specific development or claim.,"Kristen Anxiety, depression, ADHD, and emergency throat expansion surgery",critic_batch_012_02.jsonl
llm_train_00841,0.05,0.02,0.02,0.05,True,True,True,The passage describes behavior management (clinical) and navigating social settings/peer understanding (lived) for children with invisible disabilities.,results in challenging behavior at school... help their peers understand some of their unique needs!,critic_batch_012_02.jsonl
llm_train_00842,0.01,0.01,0.01,0.01,True,True,False,The passage explicitly offers clinical treatment and expertise for Autism and ADHD.,"expertise in treating acute and chronic diseases like... Autism, ADHD",critic_batch_012_02.jsonl
llm_train_00843,0.05,0.02,0.02,0.05,True,False,True,The passage makes an advocacy claim about social acceptance and the lived experience of families navigating the world.,show acceptance and compassion to the individuals and families who each day navigate through this world.,critic_batch_012_02.jsonl
llm_train_00844,0.01,0.01,,,False,,,ADHD is mentioned as part of a product list/SEO metadata for weight loss drugs.,Best Adhd Drugs For Weight Loss,critic_batch_012_02.jsonl
llm_train_00845,0.01,0.01,0.01,0.01,True,True,False,The passage discusses diagnostic prevalence and medication for ADHD as part of a broader clinical/epidemiological claim.,6. 4 million American children between 4 and 17 diagnosed with ADHD and prescribed Ritalin,critic_batch_012_02.jsonl
llm_train_00846,0.02,0.01,0.05,0.01,True,False,True,"The passage describes a community program focusing on life skills and family quality of life, which fits the lived-experience frame.",GIG programing -- like Golfing with Autism ... enrich the quality of life for families in the community.,critic_batch_012_03.jsonl
llm_train_00847,0.01,0.01,,,False,,,"The target mention is part of a job advertisement and organization name, which is non-substantive under the codebook.",The Center for Autism is now hiring for Clinical Behavior Technicians.,critic_batch_012_03.jsonl
llm_train_00848,0.03,0.01,0.05,0.01,True,True,False,"Designing assisted living specifically for seniors with autism is a concrete institutional arrangement, triggering a clinical frame.","designs for independent and assisted living, focusing on seniors with dementia and autism in Boston.",critic_batch_012_03.jsonl
llm_train_00849,0.01,0.01,0.01,0.01,True,False,True,A first-person account of symptom-related focus issues functions as self-explanation within lived experience.,I am both ADHD and on the autism spectrum. ... focus is a major issue for many people who have each of them.,critic_batch_012_03.jsonl
llm_train_00850,0.02,0.01,0.01,0.01,True,True,False,"The passage discusses formal assessment and referral procedures for ADHD and autism, meeting the clinical frame criteria.",it will be the only method of referral for an autism or ADHD assessment. ... child will get access to support ... before they have an assessment,critic_batch_012_03.jsonl
llm_train_00851,0.01,0.01,,,False,,,"The targets appear in a generic list of conditions for a therapy, which is non-substantive.",- ADD/ADHD ... - Autism,critic_batch_012_03.jsonl
llm_train_00852,0.02,0.02,,,False,,,Mentioning a person's autism status in the context of a missing person search without further target-specific discourse is non-substantive.,A family searches for their 20-year-old son with autism.,critic_batch_012_03.jsonl
llm_train_00853,0.04,0.01,0.05,0.05,True,True,False,Expert testimony about autism as an explanatory behavioral object in a forensic context triggers a clinical frame.,experts who testified Friday about the autism spectrum and programs currently available to help autistic people function better,critic_batch_012_03.jsonl
llm_train_00854,0.03,0.03,,,False,,,"The targets appear only as titles in a list of articles or links, which is categorized as non-substantive navigation.",- Why Achievable Milestones Are Crucial for Traders with ADHD: A Guide to Success,critic_batch_012_03.jsonl
llm_train_00855,0.01,0.01,0.01,0.01,True,True,False,Describing biofeedback as a therapy for managing ADHD symptoms meets the clinical frame definition.,Biofeedback therapy has been shown to be effective in managing ... ADHD ... help individuals ... improve focus and attention.,critic_batch_012_03.jsonl
llm_train_00856,0.02,0.02,0.04,0.04,True,False,True,"The passage makes a target-specific claim about ableism, which is a positive indicator for stigma and social meaning in the lived-experience frame.",RFK Jr. 's Obsession With Autism Is A 'Dangerous' Form Of Ableism.,critic_batch_012_04.jsonl
llm_train_00857,0.01,0.01,,,False,,,"ADHD appears only in a navigation-style list of educational subjects and site sections, which is non-substantive under codebook section 5.3.","ADD, ADHD, Literacy, ESL, Special Ed, Bilingual Ed, Gifted...",critic_batch_012_04.jsonl
llm_train_00858,0.03,0.02,0.04,0.03,True,True,False,"The passage discusses the science and evidence regarding the causes of autism, which treats the target as a clinical and research object.","research the science related to the matter, as there is no actual evidence supporting the claims.",critic_batch_012_04.jsonl
llm_train_00859,0.92,0.05,0.15,0.95,True,False,True,Personal account markers like 'For most of my life' and the transition 'how I went from being' indicate a developed lived-experience frame.,For most of my life... You may be wondering how I went from being an ADHD...,critic_batch_012_04.jsonl
llm_train_00860,0.01,0.01,0.01,0.01,True,True,False,"The passage develops clinical evidence by discussing neurobiological causes (placenta, genetics) and prevalence statistics for the target.","genetic risk, and their impact on mental illness... incidence rates are two to four times higher in men than in women.",critic_batch_012_04.jsonl
llm_train_00861,0.04,0.02,0.06,0.05,True,True,False,"Presents ADHD as a condition that can be managed through exercise, treating it as a formal object of clinical intervention.","assist manage various other psychological health and wellness concerns, such as ADHD",critic_batch_012_04.jsonl
llm_train_00862,0.01,0.01,0.01,0.01,True,True,False,Contains explicit clinical evidence including target-specific symptom lists and US population prevalence estimates.,The most common signs of ADHD are... estimated that between three and five percent of children have ADHD,critic_batch_012_04.jsonl
llm_train_00863,0.12,0.12,,,False,,,Mentions of a daughter's status and awareness month are non-substantive without a developed target-specific proposition or account.,mentioned our daughter... April is Autism Awareness month,critic_batch_012_04.jsonl
llm_train_00864,0.85,0.85,,,True,True,True,"The book blurb makes substantive claims about the educational, medical, and social needs of adolescents, developing both frames.","advice on meeting the educational, medical, and social needs and challenges of adolescents with these conditions",critic_batch_012_04.jsonl
llm_train_00865,0.05,0.04,0.05,0.04,True,True,False,Makes a class-level clinical claim about the objectives of therapy for a set of conditions that clearly includes autism.,"The objective of therapy is prevention and treatment of underlining health issues... Anxiety, Autism, etc.",critic_batch_012_04.jsonl
llm_train_00866,0.02,0.01,0.02,0.01,True,False,True,The passage develops a clear lived-experience account of community participation and personal goals without clinical framing.,help a 17-year-old boy with autism reach his goal of competing on his high school's mountain biking team,critic_batch_012_05.jsonl
llm_train_00867,0.05,0.02,0.08,0.02,True,False,True,"Dressage is presented as an everyday activity improving concentration and skills, which supports a lived-experience frame over clinical intervention.","Dressage is wonderful for increasing her concentration, memory, and riding skills.",critic_batch_012_05.jsonl
llm_train_00868,0.01,0.01,0.01,0.01,True,False,True,"The passage provides a substantive account of a person's interests and activities, fitting the lived-experience definition.",The autistic man from Nova Scotia loves the weather and makes videos on Youtube,critic_batch_012_05.jsonl
llm_train_00869,0.02,0.02,,,False,,,"ADHD appears only in a generic list of conditions a provider treats, which is non-substantive under the codebook.","experiencing a range of issues depression, anxiety, ADHD, relationship issues",critic_batch_012_05.jsonl
llm_train_00870,0.02,0.01,0.02,0.02,True,True,False,"The passage discusses epidemiological research and health outcomes, clearly establishing a clinical/disorder-construct frame.","spatially link health outcomes, including birth weight... and ASD, with nearby sources",critic_batch_012_05.jsonl
llm_train_00871,0.08,0.02,0.12,0.05,True,False,True,"The claim focuses on 'special strengths', which is a lived-experience cue; 'basic information' is a clinical cue but not yet developed.",people suffering from Autism tend to have some kind of special strengths and abilities beyond expectations,critic_batch_012_05.jsonl
llm_train_00872,0.06,0.02,0.08,0.03,True,False,True,"Symptom language like 'fits of rage' is used within a parent's lived account of their child's feelings, following the self-theorising rule.",I have NEVER in my life met a person that feels as deeply as my son does.,critic_batch_012_05.jsonl
llm_train_00873,0.02,0.01,0.02,0.02,True,True,False,"The passage describes an assessment tool for screening athletes, which is a formal clinical/diagnostic activity.",questionnaires that are specifically developed for athletes that screen for... ADHD,critic_batch_012_05.jsonl
llm_train_00874,0.04,0.02,0.03,0.05,True,True,False,"The course focuses on behavioural assessment and therapy techniques, which are primary clinical indicators.","focus on methods of behavioural assessment, use of assistive technology and specific therapy techniques",critic_batch_012_05.jsonl
llm_train_00875,0.02,0.01,0.02,0.02,True,True,False,"The text discusses neuroplasticity therapy as a method to treat impairments, fitting the clinical frame definition.","Neuroplasticity Therapy for ADHD, OCD, and Autism... treat... issues and impairments",critic_batch_012_05.jsonl
llm_train_00876,0.85,0.05,0.05,0.85,True,True,False,"The passage presents the target as an object of clinical management (sedation, hospitalization) and behavioral observation without foregrounding lived experience or social meaning.",Another boy who seemed autistic and kept crying and wailing was constantly being sedated.,critic_batch_012_06.jsonl
llm_train_00877,0.02,0.01,0.01,0.01,True,True,False,The passage provides a clinical definition of ADHD and its impact on focus and self-regulation in a functional educational context.,"ADHD (Attention-Deficit/Hyperactivity Disorder): Affects focus and self-regulation, making it difficult to complete homework tasks.",critic_batch_012_06.jsonl
llm_train_00878,0.02,0.01,0.01,0.01,True,True,False,The passage discusses a clinical study evaluating the effectiveness of aerobic exercise as an intervention for ADHD symptoms.,"study found regular, half-hour sessions of aerobic activity before school helped young children with symptoms",critic_batch_012_06.jsonl
llm_train_00879,0.05,0.02,0.02,0.02,True,False,True,"The passage contains a first-person subjective account of living with ADHD, where diagnostic status identifies the speaker and the focus is on personal feelings.",I’m a writer with bipolar disorder and ADHD. It’s the worst.,critic_batch_012_06.jsonl
llm_train_00880,0.02,0.01,0.01,0.01,True,True,False,The passage discusses the institutional management of autism assessments within NHS professional service structures.,ICBs have now instructed providers to pause new bookings for autism assessments.,critic_batch_012_06.jsonl
llm_train_00881,0.02,0.01,0.01,0.01,True,False,True,The passage foregrounds community support and family experience through a grassroots organization serving the autism community.,grassroots group serving caregivers and households within the autism and Alzheimer communities,critic_batch_012_06.jsonl
llm_train_00882,0.02,0.01,0.01,0.01,True,False,True,"The passage develops a detailed first-person family account of everyday life, personality, and social participation of an autistic child.","his ongoing journey with autism, and he is in a class with many friends and is so outgoing and very loving.",critic_batch_012_06.jsonl
llm_train_00883,0.02,0.01,,,False,,,The target appears only as a navigation keyword in a long list of product tags without a target-specific proposition or claim.,"Items tagged as ""Teaching"" ... art autism autism awareness autistic",critic_batch_012_06.jsonl
llm_train_00884,0.05,0.02,0.02,0.02,True,True,True,The passage contains both professional/academic framing of autism and a developed personal/community account of family experience and advocacy.,Master’s Degree in Autism Spectrum Disorders... personal journey with her son’s diagnosis... create social skills groups,critic_batch_012_06.jsonl
llm_train_00885,0.02,0.01,0.01,0.01,True,True,False,The passage provides a clinical definition of autism and discusses diagnostic warning signs and developmental milestones.,"Autism is a spectrum disorder, meaning the symptoms can vary ... warning signs are the same. The first red flag",critic_batch_012_06.jsonl
llm_train_00886,0.01,0.01,0.01,0.01,True,True,False,The passage substantively discusses ASD characteristics and communication challenges using a clinical frame.,ASD is characterized by: - Difficulties in social interaction... Communication challenges,critic_batch_012_07.jsonl
llm_train_00887,0.01,0.01,0.01,0.01,True,False,True,The passage develops a lived-experience account of using sport to deal with a diagnosis and advocates for a positive identity.,"openly spoken about using strongman competitions to help him deal with his diagnosis, advocating that he is an example that autism doesn't have to be a disadvantage",critic_batch_012_07.jsonl
llm_train_00888,0.05,0.02,0.1,0.02,True,False,True,The passage foregrounds a family account of accessing school support and the child's sensory issues in an everyday setting.,"She has found certain things difficult, particularly with the teacher’s understanding of the sensory issues she faces.",critic_batch_012_07.jsonl
llm_train_00889,0.02,0.01,0.05,0.01,True,False,True,"The passage describes accommodation and accessibility for neurodivergent students, which supports a lived-experience frame.",look at how studying will be impacted by their disability or condition and work out with them any kind of support or adjustment,critic_batch_012_07.jsonl
llm_train_00890,0.01,0.01,0.01,0.01,True,True,False,The passage explicitly treats ADHD as a clinical object of diagnosis and assessment using standardized testing.,specializad ADHD assessment... Conners 4th Edition: It's an English Standardized test,critic_batch_012_07.jsonl
llm_train_00891,0.01,0.01,0.01,0.01,True,True,False,The passage establishes institutional eligibility criteria based on a clinical diagnosis of ADHD/ASD.,Eligibility: Children must be... with a qualifying mental health diagnosis. * (*ADHD/ASD cannot be the standalone diagnosis),critic_batch_012_07.jsonl
llm_train_00892,0.02,0.01,0.05,0.01,True,False,True,The passage focuses on workplace adjustments and explicitly disclaims a clinical/diagnostic purpose.,assessment to provide practical adjustments that improve workplace effectiveness... Note: This is not a screening or diagnostic assessment,critic_batch_012_07.jsonl
llm_train_00893,0.01,0.01,0.01,0.01,True,True,False,"The passage discusses ADHD treatment considerations, comorbidity, and clinical patient demonstrations.",overview of treatment considerations and strategies... comorbidity... demonstration of a session recording with a real patient,critic_batch_012_07.jsonl
llm_train_00894,0.01,0.01,,,False,,,Autism appears only as one example in a broad list of social causes without target-specific discourse.,"news on what’s happening for causes (everything from Autism, Cancer, Hunger, Education and more)",critic_batch_012_07.jsonl
llm_train_00895,0.05,0.05,,,False,,,"The passage is a thin, generic SEO or promotional blurb for treatment without a developed target-specific claim.",What to Consider While Selecting a adhd specialist Quality adhd treatment is what you should think about a time like this.,critic_batch_012_07.jsonl
llm_train_00896,0.05,0.05,,,False,,,"The passage is a title or header fragment for an article, functioning as a page name without a substantive target-specific claim.",Attention Deficit Hyperactivity Disorder in Teens (cont. ),critic_batch_012_08.jsonl
llm_train_00897,0.02,0.01,0.01,0.02,True,True,False,"The passage specifies formal institutional requirements for diagnostic documentation, treating ADHD as a clinical object of assessment.",A diagnostic report from a licensed medical professional... Must state the DSM diagnosis,critic_batch_012_08.jsonl
llm_train_00898,0.05,0.02,0.02,0.08,True,True,False,"The passage defines autism as a disability and describes communication deficits, which is substantive clinical discourse without a lived perspective.","Autism Spectrum Disorder (ASD), is a developmental disability... trouble communicating or interacting with other people.",critic_batch_012_08.jsonl
llm_train_00899,0.03,0.03,,,False,,,"The passage provides logistics for a support group, which is categorized as event promotion without a target-specific claim.",Parent Autism Support Group meets the second Tuesday of the month from 6-7 p. m.,critic_batch_012_08.jsonl
llm_train_00900,0.02,0.02,,,False,,,The mention of an autism research center as a former employer in a professional biography does not constitute substantive target discourse.,research assistant at Center for Autism Research,critic_batch_012_08.jsonl
llm_train_00901,0.05,0.05,,,False,,,"The mention appears within a commercial tool list as part of a product blurb, which is typically non-substantive under Rule 5.3.","Agave Health App- Your virtual ADHD clinic! Personalized coaching and support, all in one app",critic_batch_013_01.jsonl
llm_train_00902,0.02,0.02,,,False,,,"The passage contains incoherent Thai spam and a thin statement about terminology, making it non-substantive under the contamination rule.",เกย์โชว์ควย ... The field of ADHD has specialized terminology for many of the cognitive styles,critic_batch_013_01.jsonl
llm_train_00903,0.01,0.01,,,False,,,Target appears only in a list of lecture topics within a professional profile without a developed target-specific claim.,"lectures internationally on the subject of children’s nutrition ... including autism spectrum disorders, ADHD",critic_batch_013_01.jsonl
llm_train_00904,0.01,0.01,0.01,0.01,True,False,True,A caregiver's account of a concrete adaptation (dietary change) for an autistic child is substantive lived experience under Rule 8.4.,taken msg & artificial sugars out of the diet of my 2 boys ... Jack 5yrs Autistic,critic_batch_013_01.jsonl
llm_train_00905,0.01,0.01,0.01,0.01,True,True,False,Explicit description of professional evaluation and medication management for ADHD constitutes a substantive clinical frame.,Psychiatric nurse practitioners help patients ... manage ... ADHD ... carrying out evaluations ... administering medications,critic_batch_013_01.jsonl
llm_train_00906,0.05,0.05,,,False,,,"Mentioning that a blog provides 'tips' is a generic resource statement and part of a topic list, which is non-substantive under Rule 5.3.","She also gives tips to parents on how to properly homeschool their kids, especially those with disorders such as ADHD",critic_batch_013_01.jsonl
llm_train_00907,0.01,0.01,,,False,,,A project title appearing in an administrative/job advert without further target-specific discourse is non-substantive under Rule 8.10.,The International Classification of Functioning CoreSet Tool for Autism and ADHD - Feasibility,critic_batch_013_01.jsonl
llm_train_00908,0.01,0.01,,,False,,,Reporting on event logistics and participation without a substantive target-specific claim is non-substantive under Rule 8.10.,The Third Annual Autism Awareness walk took place Monday. Dozens of people gathered,critic_batch_013_01.jsonl
llm_train_00909,0.01,0.01,0.01,0.01,True,False,True,Discussion of neurotype-driven burnout and energy budgeting represents a substantive lived-experience frame.,"why the ADHD neurotype can push us to burn out, and think about what the options are to budget your energy",critic_batch_013_01.jsonl
llm_train_00910,0.0,0.0,,,False,,,"The target appears only as one item in a long generic list of niche topics, which is non-substantive under Rule 5.3.",niche topics covered by these articles: ... ATV Autism Auto Parts,critic_batch_013_01.jsonl
llm_train_00911,0.01,0.01,0.01,0.01,True,True,False,"The passage discusses neurobiological research and imaging methods, which are explicit clinical indicators.",investigate the neurobiological underpinnings of addiction and autism... neurobiology methods including functional and structural imaging,critic_batch_013_02.jsonl
llm_train_00912,0.01,0.01,,,False,,,ADHD appears only as one item in a generic list of conditions supported by a service.,Common health issues that apply during these years include: - Acne concerns... - ADHD,critic_batch_013_02.jsonl
llm_train_00913,0.05,0.02,0.04,0.02,True,True,True,"The passage describes an assessment service for condition-related challenges and workplace accessibility, meeting both frames.",assessment focuses on the specific challenges... related to conditions such as... autism... assessment to provide practical adjustments,critic_batch_013_02.jsonl
llm_train_00914,0.01,0.01,0.01,0.01,True,True,False,The passage discusses clinical research into symptom reduction through dietary intervention.,Studies have also shown that gluten-free diets can reduce symptoms of... autism,critic_batch_013_02.jsonl
llm_train_00915,0.01,0.01,,,False,,,Autism is mentioned only as an example in a list of disabilities supported by a board member.,"assisting people with disabilities such as Autism, Down's Syndrome, Cerebral Palsy",critic_batch_013_02.jsonl
llm_train_00916,0.01,0.01,,,False,,,Autistic kids are mentioned only as one population affected by a dietary substance.,"It can affect autistic kids, as well as pregnant women and their babies.",critic_batch_013_02.jsonl
llm_train_00917,0.05,0.02,0.03,0.02,True,False,True,"The passage focuses on support and advocacy, which are primary indicators for lived experience.",autism laws and policies... essential in providing support and advocacy for individuals with autism,critic_batch_013_02.jsonl
llm_train_00918,0.05,0.05,,,False,,,"The passage is a product description listing target user groups, which is non-substantive.",training activity designed for use with individuals with dyslexia... attention deficit/hyperactivity disorder (ADHD),critic_batch_013_02.jsonl
llm_train_00919,0.01,0.01,,,False,,,The target appears only in isolated headlines within a long list of news topics.,Drivers With ADHD May Be at Higher Risk... Drug Shows Some Benefit for Kids With Autism,critic_batch_013_02.jsonl
llm_train_00920,0.01,0.01,0.01,0.01,True,False,True,"The passage explicitly discusses lived experiences and family insights, without developing a clinical object.",gives insights into the larger life of their students and their lived experiences,critic_batch_013_02.jsonl
llm_train_00921,0.03,0.01,0.05,0.02,True,False,True,The passage develops a clear lived-experience account focusing on family impact and the practical role of parental support programs.,ADHD can impact not just individuals but entire families. Parental support programs are crucial in helping parents understand ADHD and how to effectively support their children.,critic_batch_013_03.jsonl
llm_train_00922,0.01,0.01,0.01,0.01,True,True,False,"The passage discusses ADHD diagnosis rates, stimulant treatment efficacy studies, and illicit use as a public health concern.",Multiple studies have shown prescription stimulants... to be the most efficacious treatment of ADHD. A parallel rise in illicit use... major public health concern.,critic_batch_013_03.jsonl
llm_train_00923,0.06,0.06,,,False,,,"The target appears within navigation menus and FAQ link labels, which are non-substantive site-structure elements under Rule 5.3.",Parenting Children & Teens... ADHD and Driving... Frequently Asked Questions Is it safe for a woman with ADHD to take stimulant medication...?,critic_batch_013_03.jsonl
llm_train_00924,0.05,0.01,0.01,0.08,True,True,True,"The passage discusses causes/treatment and explicitly mentions challenges for individuals and families, satisfying both frames.","variety of challenges faced by individuals on the spectrum and their families. Additionally, there is continuing debate on what causes autism, as well as on effective treatment for",critic_batch_013_03.jsonl
llm_train_00925,0.04,0.04,0.01,0.02,True,False,True,The passage develops a substantive category-set claim about people with disabilities (including autism) participating in healthy lifestyles through sports.,"worked with students with... intellectual impairment, and autism. ... help them lead a healthy lifestyle through sports and physical activities.",critic_batch_013_03.jsonl
llm_train_00926,0.01,0.01,0.01,0.01,True,True,False,The passage presents ADHD as a clinical object of diagnosis and management within a specialized medical/behavioural framework.,Diagnosis & Management of Behavioural Disorders in Children... child who exhibits the delinquent behaviours of Conduct Disorder may also have ADHD... Diagnosis by a specialist.,critic_batch_013_03.jsonl
llm_train_00927,0.01,0.01,0.01,0.01,True,False,True,The passage develops a clear advocacy-oriented claim about autism awareness and social recognition.,"Silent Voice, is a modern day allegory about autism awareness: that the only ought in autism is that we ought not ever give up. Ever.",critic_batch_013_03.jsonl
llm_train_00928,0.01,0.01,,,False,,,"The target mention is a brief professional identifier within a teacher profile, which is non-substantive under Rule 8.8.",working primarily with students on the Autism Spectrum. This is her tenth year working with preschool students.,critic_batch_013_03.jsonl
llm_train_00929,0.01,0.01,0.01,0.01,True,False,True,"The passage provides a developed caregiver account of sensory issues and family experience, using symptoms as self-explanation.",refreshing to know that I am not the only one who has experienced sensory issues with an autistic child... help people realise that sometimes children are different.,critic_batch_013_03.jsonl
llm_train_00930,0.01,0.01,0.01,0.01,True,True,False,The passage discusses research into autism as a formal clinical and scientific object of study.,"Communication lapses are slowing down research into autism, argues Chris Gunter at SFARI. org.",critic_batch_013_03.jsonl
llm_train_00931,0.05,0.05,0.02,0.05,True,False,True,The passage makes a substantive claim about parental concerns and a strengths-based perspective on ADHD.,What's Right About ADHD... Parents... often wonder about their future.,critic_batch_013_04.jsonl
llm_train_00932,0.01,0.01,0.01,0.01,True,True,False,"Discusses the prevalence and misdiagnosis of ADHD in adults versus children, which are formal clinical objects.",ADHD under-diagnosed in adults... over-diagnoses of ADHD in children.,critic_batch_013_04.jsonl
llm_train_00933,0.01,0.01,0.01,0.01,True,True,True,"Discusses a specialized service program (Clinical) and its impact on anxiety, relief, and public participation (Lived).","Autism Assistance Dog Guides... provide safety, companionship... calming relief... reduce the stress.",critic_batch_013_04.jsonl
llm_train_00934,0.01,0.01,0.01,0.01,True,True,False,"Discusses the causes and risk factors of autism in relation to vaccines, a clear clinical proposition.",dangers of vaccines and how... vaccines cause autism.,critic_batch_013_04.jsonl
llm_train_00935,0.05,0.02,0.05,0.02,True,False,True,"A first-person account of using a workbook as an everyday strategy for goals, fitting lived experience better than clinical.",work through this ADHD CBT workbook... I put those all together in the same goal.,critic_batch_013_04.jsonl
llm_train_00936,0.01,0.01,0.01,0.01,True,True,False,"Discusses the availability and launch of a specific ADHD medication, which is a clinical treatment object.",ADHD Medication Is Now Available in Candy Form... Adzenys XR-ODT.,critic_batch_013_04.jsonl
llm_train_00937,0.85,0.85,,,True,False,True,"The passage develops a substantive claim about educational support and parent experience, meeting both Stage 0 and Lived-Experience criteria.",how to effectively teach... uplift parents and provide you with a new appreciation.,critic_batch_013_04.jsonl
llm_train_00938,0.01,0.01,0.01,0.01,True,True,False,"Discusses a scientific study on objective financial outcomes using mental health data, which is a clinical/research object.",Researchers used Sweden's residents' mental health data... objective financial outcomes among adults with ADHD.,critic_batch_013_04.jsonl
llm_train_00939,0.05,0.01,0.02,0.05,True,True,False,"Discusses a diagnostic history and the effects of prescribed medication, which are clinical objects.","behavior in school was chalked up to... ADHD, and he was prescribed Ritalin.",critic_batch_013_04.jsonl
llm_train_00940,0.01,0.01,0.01,0.01,True,True,False,Discusses the focus and purpose of autism therapy in addressing communication and social challenges.,Therapy for autism often focuses on enhancing emotional awareness and social skills.,critic_batch_013_04.jsonl
llm_train_00941,0.02,0.01,0.01,0.01,True,False,True,The passage develops a clear family account foregrounding the caregiver's perspective on everyday life.,I suspect they ask because they know my life is kind of a hot mess.,critic_batch_013_05.jsonl
llm_train_00942,0.01,0.01,0.01,0.01,True,True,False,The text explicitly discusses autism intervention and assessment measures as professional clinical objects.,expanded its vision and services into the field of autism intervention... utilizing the principles of Applied Behavior Analysis (ABA).,critic_batch_013_05.jsonl
llm_train_00943,0.04,0.01,0.02,0.03,True,True,True,The passage covers both institutional health service improvement and the goal of social inclusion in the community.,improving health and care services so that more people with... autism can live in the community... and have the same opportunities,critic_batch_013_05.jsonl
llm_train_00944,0.05,0.05,,,False,,,The target mention is limited to a thin biographical status and a charity name without a developed proposition.,"As an educator, I have worked with many learners on the autistic spectrum",critic_batch_013_05.jsonl
llm_train_00945,0.03,0.03,,,False,,,"This is a commercial product blurb where target mentions function as brief, non-substantive health claims.",Users of Checkie! say it helps... also people with ADD and ADHD.,critic_batch_013_05.jsonl
llm_train_00946,0.08,0.08,,,False,,,"The passage is a professional profile listing expertise, which is non-substantive per codebook rule 8.8.",His areas of expertise include: autism spectrum disorders... ADD/ADHD,critic_batch_013_05.jsonl
llm_train_00947,0.01,0.01,0.01,0.01,True,True,False,The text details a clinical treatment methodology and root cause analysis for the target conditions.,"meticulous root cause analysis, leading to a holistic treatment methodology that encompasses Panchakarma treatments, internal medication",critic_batch_013_05.jsonl
llm_train_00948,0.05,0.01,0.02,0.04,True,True,True,The passage treats autism as a clinical object (diagnosis) while developing an account of accessibility in care.,diagnosis of autism... enable a patient with autism to fully understand the information and be involved in their care planning.,critic_batch_013_05.jsonl
llm_train_00949,0.1,0.1,,,False,,,"The target mentions appear in a navigation list of podcast titles, which are non-substantive per rule 8.10.",Help Your Child with ADHD Make Friends... ADHD brains mature a few years late,critic_batch_013_05.jsonl
llm_train_00950,0.01,0.01,,,False,,,"The passage is a set of navigation links and news headlines, with the target appearing only in one title.",How Lyle Menendez Helped Rosie O'Donnell After Child's Autism Diagnosis,critic_batch_013_05.jsonl
llm_train_00951,0.01,0.01,,,False,,,The passage is a professional profile listing ADHD as a population background without a target-specific claim.,background working with children and adults who have ADD and ADHD,critic_batch_013_06.jsonl
llm_train_00952,0.05,0.02,0.05,0.02,True,True,False,The passage treats the target as a nosological object by mapping characters to formal mental disorders.,"representation of some mental disorder – Piglet is said to represent anxiety, Tigger represents ADHD",critic_batch_013_06.jsonl
llm_train_00953,0.01,0.01,0.01,0.01,True,True,False,"The passage discusses medical treatments for autism, which is a core indicator for the clinical frame.",selling stem cell treatments for autism in the United States,critic_batch_013_06.jsonl
llm_train_00954,0.7,0.02,0.05,0.7,True,True,True,Describing hands-on learning as a specific instruction technique for ADHD students constitutes a lived-experience adaptation strategy.,My techniques are to use alternate forms of instruction that utilize hands on learning.,critic_batch_013_06.jsonl
llm_train_00955,0.01,0.01,,,False,,,"The passage contains only generic support claims and organization names, which are non-substantive.",Geetha Moorthy rallies assistance for South Asian families affected by autism.,critic_batch_013_06.jsonl
llm_train_00956,0.01,0.01,0.01,0.01,True,False,True,"Body doubling is presented as an everyday coping strategy and tool for participation, qualifying as lived experience.",It’s a tool believed to help people with attention deficit and hyperactivity (ADHD) start and complete tasks,critic_batch_013_06.jsonl
llm_train_00957,0.01,0.01,0.01,0.01,True,True,False,The passage discusses social cognition as a recognized symptom/feature of the condition in a research context.,Difficulties in social cognition are well recognized in individuals with autism spectrum conditions,critic_batch_013_06.jsonl
llm_train_00958,0.05,0.02,0.02,0.05,True,False,True,"The passage foregrounds inclusion and experienced needs in education, meeting the lived-experience definition.",leadership on inclusion in the past by establishing the country's first Autism Minister,critic_batch_013_06.jsonl
llm_train_00959,0.85,0.85,0.4,0.1,False,,,The passage is a biographical status mention of running a centre without developing a substantive target-specific proposition.,she runs a centre for Autistic children in Deoghar,critic_batch_013_06.jsonl
llm_train_00960,0.95,0.95,0.5,0.5,False,,,The passage is a professional profile where autism is listed among other areas of expertise and values without a specific claim.,passionate about supported employment and starting-up social enterprises for people with learning disabilities and autism,critic_batch_013_06.jsonl
llm_train_00961,0.01,0.01,0.01,0.01,True,True,False,Correctly identifies clinical framing through discussion of diagnosis and neurodevelopmental disorder status.,"ADHD is a brain-based, or neurodevelopmental, disorder. It is often first diagnosed in childhood.",critic_batch_013_07.jsonl
llm_train_00962,0.02,0.02,,,False,,,Correctly coded as non-substantive because the passage is a commercial service advert with only a brief health claim.,"tutoring services are tailored specifically to your child's academic needs... difficulties due to ADHD, we can help",critic_batch_013_07.jsonl
llm_train_00963,0.05,0.01,0.04,0.02,True,True,False,"Correct; the partnership represents institutional provision, while 'challenges' is not sufficiently developed as lived experience.",Simcoe County Autism Spectrum Disorder Partnership operates through the collaborative efforts of community programs,critic_batch_013_07.jsonl
llm_train_00964,0.01,0.01,0.01,0.01,True,True,False,"Accurately identifies clinical framing focused on diagnosis, biomarkers, and neurobiology.",Your child has autism — but we’ve caught it early... kind of autism biomarker doesn’t exist,critic_batch_013_07.jsonl
llm_train_00965,0.01,0.01,0.01,0.01,True,True,True,Correctly identifies mixed framing; developments include both caregiver emotional experience and ADHD treatment.,"feel as if they've been set adrift on an emotional sea of guilt... school, and ADHD treatment",critic_batch_013_07.jsonl
llm_train_00966,0.01,0.01,,,False,,,Correct; the passage consists of incoherent extraction noise and list fragments.,androgen receptor gene (AR) with ADHD johnathon fox forex school online conduct disorder.,critic_batch_013_07.jsonl
llm_train_00967,0.01,0.01,0.01,0.01,True,True,False,Correctly identifies clinical framing through the discussion of biological versus environmental causes of ADHD.,ADHD is “mainly” caused by environment rather than a “biological problem”,critic_batch_013_07.jsonl
llm_train_00968,0.02,0.02,0.01,0.01,True,False,False,Correct; this is a metalinguistic/media representation claim (substantive_other) with no clinical or lived evidence.,"The actor playing the little guy with autism in “Parenthood” is a true-blue actor, not autistic in real life.",critic_batch_013_07.jsonl
llm_train_00969,0.02,0.02,,,False,,,Correct; the passage is a promotional prompt to watch a video without developing target-specific content.,you will want to watch this enlightening video on Neurofeedback for anxiety and ADHD.,critic_batch_013_07.jsonl
llm_train_00970,0.05,0.01,0.04,0.02,True,True,False,Correct; the mention of 'ASD Resources' for students constitutes concrete institutional provision (clinical).,The school has also recently opened an ASD Resources to support Autistic students from our local community.,critic_batch_013_07.jsonl
llm_train_00971,0.0,0.0,0.0,0.0,True,True,False,"The passage describes ADHD as a treatment object for a specific prescription medication (Intuniv), which is a clear clinical frame.","Intuniv, a prescription medication used to treat Attention Deficit Hyperactivity Disorder (ADHD), is prescribed for children",critic_batch_013_08.jsonl
llm_train_00972,0.05,0.0,0.05,0.0,True,False,True,"The passage develops a lived-experience frame by discussing the individual's personality and relationships; 'suffered with' is a status mention, not a clinical object.","He suffered with ADHD, but he didn’t let that effect his love for life. ... missed by his family and friends ... in both his social and professional life.",critic_batch_013_08.jsonl
llm_train_00973,0.1,0.0,0.05,0.1,True,False,False,This is a media summary describing a fictional character's traits; it makes a substantive claim about representation but does not develop a clinical object or lived experience.,The Accountant is your basic action-thriller with the twist being our main character is an autistic accountant who turns out o be a genius,critic_batch_013_08.jsonl
llm_train_00974,0.05,0.0,0.05,0.1,True,True,False,"The passage focuses on ABA therapy and educational programs as interventions for autism to improve school outcomes, which fits the clinical/institutional service definition.",When children with autism spectrum disorders begin ABA therapy and other educational programs early on ... they tend to have more success,critic_batch_013_08.jsonl
llm_train_00975,0.0,0.0,,,False,,,The passage is an incoherent extraction containing contaminated/SEO-like noise without a coherent target-specific proposition.,the mud ADHD medications weight loss plow Bodhisattva,critic_batch_013_08.jsonl
llm_train_00976,0.1,0.1,,,False,,,"The passage is primarily promotional for an event, and the integration claim is generic and class-level, supporting the non-substantive label.",Walk For Autism 2017 Unikai a proud sponsor... to raise awareness of Autism and highlight the importance of integrating children with special needs,critic_batch_014_01.jsonl
llm_train_00977,0.05,0.01,0.05,0.01,True,False,True,"The passage uses symptom language (anxiety, depression, RSD) for self-explanation and subjective account rather than as formal clinical objects.","ADHD can be rough, it has a component that trends towards anxiety and depression. There’s also something called Rejection Sensitive Dysphoria (RSD)",critic_batch_014_01.jsonl
llm_train_00978,0.1,0.1,,,False,,,"The passage contains a truncated metalinguistic and identity claim, making it non-substantive under the extraction noise rule.",The name ADHD implies that Kinetics like me have... More - DID & OSDD,critic_batch_014_01.jsonl
llm_train_00979,0.1,0.01,0.1,0.1,True,True,True,The passage describes a concrete institutional program for diagnosed students and addresses participation in campus life/housing.,AEC is in the beginning phase of developing a program for students diagnosed with Autism to provide further support for campus life.,critic_batch_014_01.jsonl
llm_train_00980,0.0,0.0,,,False,,,"The passage contains only a timestamp, hashtags, and a link, which does not constitute a coherent target-specific proposition.",16:50 minutes) during the event! #AutismAwarenessMonth2021 #autism,critic_batch_014_01.jsonl
llm_train_00981,0.05,0.01,0.05,0.01,True,True,False,The passage discusses ADHD as a medical disorder associated with a physiological cause (gluten intolerance) without experiential detail.,ADHD Yet another disorder that may be associated with gluten intolerance... might manifest in both children and adults.,critic_batch_014_01.jsonl
llm_train_00982,0.05,0.01,0.05,0.05,True,True,False,"The passage presents ADHD as a treatment object for wilderness therapy, and the mention of relationships is a clinical benefit claim.",Wilderness therapy is known to be an effective treatment for ADHD and will be of benefit to any teenager with poor levels of concentration.,critic_batch_014_01.jsonl
llm_train_00983,0.1,0.01,0.1,0.1,True,False,True,"The passage focuses on community accessibility, neurodiversity, and inclusion rather than assessment or treatment services.","represents a continued and growing commitment to accessibility, neurodiversity, and inclusion at one of Indiana’s most community-centered library branches.",critic_batch_014_01.jsonl
llm_train_00984,0.1,0.05,0.1,0.1,True,True,False,"The passage describes professional consultation and institutional provision for education, meeting the clinical/institutional service definition.","A team of professionals are available for consultation... to develop safe, supportive learning environments where students... can be educated",critic_batch_014_01.jsonl
llm_train_00985,0.05,0.01,0.05,0.05,True,True,True,The passage explicitly discusses early intervention and diagnostic types alongside destigmatization and community support.,"crucial for early intervention and destigmatization... shed light on the different types of autism, delve into terminology that has become outdated",critic_batch_014_01.jsonl
llm_train_00986,0.1,0.05,0.1,0.05,True,False,False,"The passage makes a substantive historical claim about the origin of a concept, fitting the metalinguistic/substantive_other category.",The concept of ADHD coaching was first introduced in 1994,critic_batch_014_02.jsonl
llm_train_00987,0.15,0.05,0.05,0.15,True,True,False,This is a professional profile offering interventions; the personal status mention establishes credibility rather than a developed lived account.,Medical Doctor who offers answers... motivation tips for ADHD kids,critic_batch_014_02.jsonl
llm_train_00988,0.05,0.02,0.02,0.02,True,True,True,The passage discusses institutional provision (home care) alongside the goal of maintaining independence and quality of life.,home care can be an important way to maintain their independence and quality of life,critic_batch_014_02.jsonl
llm_train_00989,0.05,0.05,,,False,,,"The target appears as one item in a long list of unrelated news headlines, functioning as a related-link label.",RFK Jr. pledges an answer to the 'autism epidemic' by September,critic_batch_014_02.jsonl
llm_train_00990,0.02,0.02,,,False,,,Target mentions are limited to a navigation/related-link list in a broader article about vaccines.,Find out about the MMR vaccine and autism - What is Autism?,critic_batch_014_02.jsonl
llm_train_00991,0.05,0.02,0.02,0.05,True,True,False,"Discusses institutional provision and assessment waiting times; the compassionate tone toward 'vulnerable children' is clinical, not lived.",waiting times for neurodevelopmental conditions such as Autism or ADHD... specialist mental health services,critic_batch_014_02.jsonl
llm_train_00992,0.05,0.05,,,False,,,Announces a target-named event (World Autism Day) without developing a substantive claim about autism itself.,"Wednesday, April 2, 2014 is World Autism Day... focuses on bringing the world’s attention to autism.",critic_batch_014_02.jsonl
llm_train_00993,0.02,0.02,,,False,,,The target appears only as part of a product name (game) within a professional biography.,multiple-award-winning game FULL ADHD,critic_batch_014_02.jsonl
llm_train_00994,0.05,0.05,,,False,,,"The target appears as a single headline in a diverse news ticker, functioning as a link label.",RFK Jr. claims new research effort will find cause of ‘autism epidemic’,critic_batch_014_02.jsonl
llm_train_00995,0.02,0.02,0.02,0.02,True,True,False,Academic discussion of ADHD symptoms and diagnostic identification in a research context.,exhibited clinically significant symptoms of attention-deficit hyperactivity disorder... identify the root cause,critic_batch_014_02.jsonl
llm_train_00996,0.05,0.05,,,False,,,The mention of autism is diagnostic status within a news summary about systemic failure; the safety bed is linked to 'special needs' generally.,death of a 10-year-old girl with autism,critic_batch_014_03.jsonl
llm_train_00997,0.01,0.01,0.01,0.01,True,True,False,Explicit discussion of a blood test for diagnosis and treatment makes ADHD a clinical object.,"blood test not yet FDA approved, which based on the years of data available seemingly would make diagnosing and treatment ... more efficient",critic_batch_014_03.jsonl
llm_train_00998,0.02,0.02,,,False,,,ADHD appears in a list of conditions treated by a service (chiropractic) within a marketing/wellness blurb.,"addresses specific conditions, such as: - Attention-Deficit Hyperactivity Disorder (ADHD)",critic_batch_014_03.jsonl
llm_train_00999,0.05,0.05,0.05,0.02,True,True,False,"Despite contamination, the passage makes a coherent clinical claim about the genetic causes of ADHD.",Other conditions may have partly genetic causes: ... attention-deficit hyperactivity disorder (ADHD),critic_batch_014_03.jsonl
llm_train_01000,0.01,0.01,0.01,0.01,True,False,True,First-person account using symptom language (urge to move) to describe a physical feeling.,"uncontrollable urge to move, that comes with ADHD, disappears",critic_batch_014_03.jsonl
llm_train_01001,0.1,0.1,0.02,0.05,True,False,True,"Mentions a specific accessibility aid for ADHD, which supports a lived-experience label despite the administrative context.",Fast Font (aid for persons with ADHD),critic_batch_014_03.jsonl
llm_train_01002,0.01,0.01,0.01,0.01,True,False,True,First-person account of the emotional impact and life challenges linked to an ADHD diagnosis.,I have ADHD and this has put a pretty dark cloud over myself.,critic_batch_014_03.jsonl
llm_train_01003,0.01,0.01,,,False,,,The target appears only as a navigation link in a menu structure.,"Brain development, Autism and ADHD",critic_batch_014_03.jsonl
llm_train_01004,0.05,0.05,,,False,,,ADHD is listed as an example of an emotional challenge/comorbidity of another condition (XXY Syndrome).,"Emotional and behavioral challenges, such as depression, anxiety, and ADHD",critic_batch_014_03.jsonl
llm_train_01005,0.1,0.1,0.02,0.05,True,False,True,"Coherent claim about ADHD traits (hyperfocus) and social perception, meeting the lived-experience definition.","That's why people with ADHD. Sometimes they think their assholes, everything is about themselves.",critic_batch_014_03.jsonl
llm_train_01006,0.01,0.01,0.01,0.01,True,True,True,Correct mixed-frame annotation; the passage discusses a demographic trend in diagnosis and develops an account of neurodivergent identity.,wave of adults—especially women—being diagnosed with ADHD (clinical); recognise their lifelong struggles as signs of neurodivergence (lived),critic_batch_014_04.jsonl
llm_train_01007,0.01,0.01,,,False,,,"Correct; the passage contains only a generic support mention and donation appeal for a target-named event, which is non-substantive per Rule 5.3.",support families affected by autism. A simple $10 donation to Kulture city,critic_batch_014_04.jsonl
llm_train_01008,0.01,0.01,0.01,0.01,True,True,False,Correct clinical-only annotation; develops a clear claim about diagnostic guidelines and symptom identification measures.,"Guidelines ... regarding identification, diagnosis, and assessment; multi-informant measure helps identify symptoms",critic_batch_014_04.jsonl
llm_train_01009,0.01,0.01,0.01,0.01,True,True,False,Correct clinical-only annotation; discusses formal professional recommendations for psychological counseling and medication management.,preschoolers with ADHD receive psychological counseling before they are put on medication,critic_batch_014_04.jsonl
llm_train_01010,0.05,0.05,,,False,,,Correct; ADHD mention is a bare biographical status (being assessed) within a generic podcast review without target-linked practice or account.,(I'm also currently being assessed for ADHD lol),critic_batch_014_04.jsonl
llm_train_01011,0.01,0.01,,,False,,,"Correct; target appears only as one item in a generic list of conditions treated by a provider, meeting the non-substantive list rule.",- Adult attention-deficit/hyperactivity disorder (ADHD),critic_batch_014_04.jsonl
llm_train_01012,0.01,0.01,,,False,,,Correct; the target-named group appears only as a navigation/resource link without any substantive proposition or claim.,- Lambeth ADHD Parent Support Group,critic_batch_014_04.jsonl
llm_train_01013,0.85,0.85,0.05,0.05,False,,,Incorrectly marked substantive; the podcast blurb identifies a topic (gaps in support) but contains no target-specific account or claim.,joins Dr. Theresa Haskins to explore the gaps in ADHD support today,critic_batch_014_04.jsonl
llm_train_01014,0.01,0.01,0.01,0.01,True,True,False,Correct clinical-only annotation; explains a neurobiological mechanism (serotonin depletion) specifically linked to the condition's etiology.,"serotonin can become depleted, leading to mood disorders, ADD/ADHD",critic_batch_014_04.jsonl
llm_train_01015,0.01,0.01,0.01,0.01,True,True,False,"Correct clinical-only annotation; discusses the use of a formal, regulated diagnostic test for target evaluation.",Using FDA Cleared Test for Evaluation of ADHD,critic_batch_014_04.jsonl
llm_train_01016,0.02,0.02,0.02,0.02,True,True,False,Annotation correctly identifies substantive clinical research discourse regarding functional impairment assessments for ADHD.,evaluation of the Core Sets platform for individualized functional impairment and abilities assessments for autism and ADHD,critic_batch_014_05.jsonl
llm_train_01017,0.95,0.95,0.05,0.7,False,,,A thin biographical status mention that does not develop a target-specific proposition is non-substantive per Rule 5.3.,Created by an author that falls on the autistic spectrum,critic_batch_014_05.jsonl
llm_train_01018,0.95,0.95,0.05,0.85,False,,,Generic organization mission statement in a list without a developed target-specific claim is non-substantive.,CADDAC provides leadership in awareness and advocacy for ADHD across Canada,critic_batch_014_05.jsonl
llm_train_01019,0.02,0.02,0.02,0.02,True,True,False,Annotation correctly identifies substantive clinical discourse regarding risk factors and psychiatric research.,"Older fathers may face higher risks than previously thought for having children with psychiatric problems, including ... autism",critic_batch_014_05.jsonl
llm_train_01020,0.05,0.05,,,False,,,Condition list in a product blurb for neurofeedback scripts without target-specific claims is non-substantive.,"children with ADHD, learning disabilities, Asperger’s, autism, Tourette’s",critic_batch_014_05.jsonl
llm_train_01021,0.98,0.98,0.15,0.05,False,,,Contaminated SEO spam extraction is non-substantive regardless of embedded clinical fragments.,The stromectol price in pakistan fda recommends that any treatment plan for adhd include an initial health and family history examination,critic_batch_014_05.jsonl
llm_train_01022,0.85,0.85,,,True,True,False,Professional profile describing specific ADHD symptoms for clinical treatment constitutes substantive discourse.,"ADHD in adulthood (restlessness, distraction, mood swings)",critic_batch_014_05.jsonl
llm_train_01023,0.02,0.02,0.05,0.05,True,False,False,Annotation correctly identifies substantive other discourse analyzing autism as a media category.,character portrayal on television or in movies involving autism,critic_batch_014_05.jsonl
llm_train_01024,0.02,0.02,,,False,,,A target appearing only as an article title in a massive list of unrelated news is non-substantive.,Robert F. Kennedy wants us to be scared of a 'autism epidemic',critic_batch_014_05.jsonl
llm_train_01025,0.02,0.02,,,False,,,Product advert dominated by sales metadata without non-promotional target discourse is non-substantive.,"children diagnosed as learning disabled, ADD, ADHD, or Dyslexic will: Become a focused, confident reader",critic_batch_014_05.jsonl
llm_train_01026,0.85,0.85,,,True,True,False,"ADHD is invoked to contextualize behavioral issues in a disciplinary context, meeting the clinical/forensic threshold for substantive discourse.",Hasheem has had behavioral issues in school and was diagnosed with ADHD,critic_batch_014_06.jsonl
llm_train_01027,0.05,0.01,0.01,0.05,True,True,True,"The passage discusses research and interventions alongside social acceptance and transitions, qualifying for both frames.","research, screening and interventions... understanding and acceptance... transition to adulthood",critic_batch_014_06.jsonl
llm_train_01028,0.01,0.01,0.01,0.01,True,True,False,Medication management for ADHD is a core clinical framing.,Adderall is most commonly used to treat attention-deficit hyperactivity disorder,critic_batch_014_06.jsonl
llm_train_01029,0.1,0.01,0.02,0.15,True,True,False,Professional therapy is clinical; 'self-discovery' is a therapeutic goal here rather than a developed lived account.,specialized ADHD therapists... navigate the complexities of ADHD while promoting self-discovery,critic_batch_014_06.jsonl
llm_train_01030,0.01,0.01,0.01,0.01,True,True,False,The epidemiological claim about mental health comorbidity in a research study is purely clinical.,"75% of users suffered from mental health conditions such as depression, ADHD, or bipolar disorder",critic_batch_014_06.jsonl
llm_train_01031,0.02,0.01,0.01,0.05,True,True,False,"Coaching for 'Executive Function challenges' uses symptom language to define a professional service, which is clinical.",specializes in educating and coaching individuals and families with ADHD and Executive Function challenges,critic_batch_014_06.jsonl
llm_train_01032,0.05,0.01,0.01,0.1,True,True,False,The passage presents wandering as an epidemiological risk and research object.,"half of autistic children are prone to wandering, according to research published in 2012",critic_batch_014_06.jsonl
llm_train_01033,0.01,0.01,0.01,0.01,True,True,False,A formal neurodevelopmental definition of the disorder is archetypal clinical framing.,Definition A neurodevelopmental disorder that is characterized by a persistent pattern of inattention,critic_batch_014_06.jsonl
llm_train_01034,0.01,0.01,0.01,0.01,True,True,False,Directing a program for diagnosis and treatment is a professional clinical status.,director of the RELATE program for the diagnosis and treatment of autism,critic_batch_014_06.jsonl
llm_train_01035,0.02,0.01,0.01,0.05,True,True,False,Invoking the diagnosis to explain behavior in a legal trial and calling psychologists fits the clinical frame.,safety precautions because of the boys’ autism... call psychologists with opposing views on what is reasonable restraint,critic_batch_014_06.jsonl
llm_train_01036,0.02,0.01,0.01,0.02,True,True,False,"The passage discusses diagnosis, symptoms, and early intervention, which are core clinical indicators under Rule 6.2.",essential to recognize the symptoms of ADHD to ensure early intervention,critic_batch_014_07.jsonl
llm_train_01037,0.08,0.05,0.05,0.05,True,False,True,"The passage describes a practical tool for social/safety navigation ('I may resist help'), which fits the lived-experience frame of participation and practical coping.",one for children with autism that read 'I have autism. I may resist help',critic_batch_014_07.jsonl
llm_train_01038,0.05,0.01,0.02,0.05,True,True,False,Discusses diagnosis and executive functioning as a clinical/functional object; daily impact description remains clinical under Rule 7.3.,common for children diagnosed with ADHD to have executive functioning issues,critic_batch_014_07.jsonl
llm_train_01039,0.01,0.01,,,False,,,"Target appears only in a professional's list of interests without a specific claim, which is non-substantive per Rule 8.8.","interests in Vaccinology, Pulmonology, Allergy and ADHD",critic_batch_014_07.jsonl
llm_train_01040,0.12,0.02,0.1,0.05,True,False,True,"Focuses on everyday practical challenges like bill paying and mortgage access, supporting a lived-experience label per Rule 7.2.",people with ADHD are more likely to forget to pay a bill on time... lower credit scores,critic_batch_014_07.jsonl
llm_train_01041,0.05,0.01,0.02,0.05,True,True,False,Concrete institutional provision (residential care home) for autistic people is coded clinical under Rule 8.3.,residential care home... provides accommodation and supports the needs of people with... autism,critic_batch_014_07.jsonl
llm_train_01042,0.01,0.01,0.01,0.01,True,True,False,Scientific validation study of an assessment tool is a primary clinical indicator per Rule 6.2.,Validity studies demonstrated that the MAPA-2 is able to identify listening challenges with ADHD,critic_batch_014_07.jsonl
llm_train_01043,0.05,0.05,,,False,,,"The target appears only as a headline in a news aggregator list, which is non-substantive per Rule 5.3.",CDC autism report disputes RFK Jr’s claims,critic_batch_014_07.jsonl
llm_train_01044,0.08,0.02,0.05,0.05,True,False,True,"Discusses accessibility and accommodation (relaxed performance), supporting a lived-experience label per Rule 8.7.","Relaxed Performance aimed at children with autistic, sensory and communication conditions",critic_batch_014_07.jsonl
llm_train_01045,0.1,0.02,0.08,0.08,True,True,True,Contains both clinical objects (diagnosis waiting lists) and lived experience (family campaigning and peer support group).,family... launch new support group... slammed diagnosis waiting lists,critic_batch_014_07.jsonl
llm_train_01046,0.02,0.01,0.02,0.01,True,True,False,"The passage substantively discusses autism research, diagnostic waiting lists, and assessment administration, which fits the clinical frame definition.",waiting list to receive an autism assessment... we will... administer an autism assessment,critic_batch_014_08.jsonl
llm_train_01047,0.01,0.01,,,False,,,"The target appears only within a product listing for books and supplements, which is explicitly non-substantive under the codebook.","books on adhd, adhd book, how to handle adhd,mushroom,lions,reishi",critic_batch_014_08.jsonl
llm_train_01048,0.05,0.05,,,False,,,"The passage is a directory of resources where the targets are listed as examples of topics covered, which remains non-substantive.",resources including for ADHD and Autism... For any learning and thinking difference from dyslexia to autism.,critic_batch_014_08.jsonl
llm_train_01049,0.02,0.01,0.02,0.01,True,True,False,"The passage describes neurobiological research linking brain connections and atypical interactions to ADHD symptoms, a clear clinical frame.",Researchers identify brain connections associated with ADHD... symptoms... are tied to atypical interactions between the brain's frontal cortex,critic_batch_014_08.jsonl
llm_train_01050,0.03,0.01,0.05,0.01,True,False,True,"The passage foregrounds autistic identity, advocacy, and social participation; diagnosis is mentioned only as a personal status.","autistic ADHD businesswoman... educating about the humanity of autistic people, helping neurodivergent business owners succeed",critic_batch_014_08.jsonl
llm_train_01051,0.02,0.02,,,False,,,The passage lists professional roles and institutional names without developing a target-specific claim or clinical/lived account.,Tracy trains new ADHD coaches and is a mentor coach for students at the International ADHD Coach Training Center.,critic_batch_015_01.jsonl
llm_train_01052,0.01,0.01,0.01,0.01,True,True,False,"The passage discusses genetic mutations and neurocognitive anomalies, which are clear clinical indicators under the neurobiology rule.",The role of PTPN11 mutations in autism... can cause neurocognitive and cardiac anomalies,critic_batch_015_01.jsonl
llm_train_01053,0.01,0.01,0.01,0.01,True,True,False,Discussion of checklists to determine ADHD/autism and risk factors like gestation period constitute clinical/diagnostic discourse.,checklists to help determine whether a child might have issues indicative of ADHD or autism spectrum disorder,critic_batch_015_01.jsonl
llm_train_01054,0.01,0.01,0.01,0.01,True,True,False,"The passage focuses on screening and diagnostic testing for developmental disabilities including autism, supporting a clinical frame.",tested for developmental delay and disability... Screening tests should be given to children,critic_batch_015_01.jsonl
llm_train_01055,0.05,0.01,0.02,0.03,True,True,True,"The 'specialist autism unit' is a concrete institutional provision (clinical), and the description of family routine impacts is lived experience.","dropping at a specialist autism unit... timings are tight, every, single, day.",critic_batch_015_01.jsonl
llm_train_01056,0.01,0.01,,,False,,,A provider profile listing treated conditions is non-substantive under the professional identity and lists rules.,"Occupational Therapist. He works with children... with Autism, Down Syndrome",critic_batch_015_01.jsonl
llm_train_01057,0.02,0.02,,,False,,,The passage contains only biographical status and generic support claims without developing a substantive target-specific account.,"parent of an adult son with autism. Kameli’s son, Cyrus, was diagnosed with Autism at an early age",critic_batch_015_01.jsonl
llm_train_01058,0.01,0.01,0.01,0.01,True,True,False,"The passage discusses early prevention, risk identification, and behavioral consequences of ADHD, which are substantive clinical claims.",test early prevention programs designed to reduce both serious behavioral and affective [consequences] of ADHD,critic_batch_015_01.jsonl
llm_train_01059,0.01,0.01,0.01,0.01,True,True,False,Detailed discussion of medication dosing and treatment factors for ADHD constitutes a clear clinical frame.,factors that can affect Focalin dosing include your age... and other ADHD medications you may have tried.,critic_batch_015_01.jsonl
llm_train_01060,0.02,0.02,,,False,,,The passage is an event program listing titles and presenters without developing a substantive target-specific claim.,The Panhandle Autism Society will present “Different Perceptions of Our World”,critic_batch_015_01.jsonl
llm_train_01061,0.05,0.02,0.01,0.02,True,False,True,"The passage discusses a specific participation practice (video lecture controls) for students with ADHD, meeting the lived-experience and substantive definitions.","For students with ADHD ... Video Lectures: Most instruction is delivered in video format. Students can speed up, pause, or rewind",critic_batch_015_02.jsonl
llm_train_01062,0.02,0.01,0.01,0.01,True,True,False,"The passage develops a clinical frame through discussion of genetics, neurobiology (dopamine), and research into the disorder construct.","New research from a geneticist ... shows the supposed dichotomy between those two disorders as more complicated than the classic 'chemical imbalance' of too much, or too little, do",critic_batch_015_02.jsonl
llm_train_01063,0.05,0.01,0.02,0.02,True,True,True,"Mixed frame is correct: the legal/disciplinary context uses diagnosis as a clinical object, while the discussion of dismissal and accommodations covers lived-experience stigma and rights.",Jane was diagnosed with depression and ADHD ... Brown dismissed Jane from medical school without considering whether reasonable accommodations would mitigate,critic_batch_015_02.jsonl
llm_train_01064,0.02,0.01,,,False,,,"This is a product advertisement with a generic list of conditions, which is non-substantive under Rule 5.3.","Our custom weighted blankets ... can be therapeutic for anyone with Anxiety, Insomnia, Autism, ADHD, PTSD",critic_batch_015_02.jsonl
llm_train_01065,0.02,0.01,0.01,0.01,True,True,False,"The passage provides clinical detail on phenotype and genetics, treating autism as a disorder-construct object.",The cognitive impairment seen can include ... features of autism spectrum disorder ... phenotype is highly variable and depends on the size and location of the deletion,critic_batch_015_02.jsonl
llm_train_01066,0.05,0.02,0.02,0.02,True,True,False,"The passage describes a researcher's focus on clinical assessment and disorder-set commonalities, which is clinical-only discourse.","commonalities and differences between fragile X syndrome and autism, and the assessment of language abilities in children with neurodevelopmental disorders",critic_batch_015_02.jsonl
llm_train_01067,0.02,0.01,0.01,0.01,True,True,False,"The passage presents a concrete institutional service for 'individualized treatment' of autism, qualifying as clinical.",Society for Treatment of Autism (STA) ... providing individualized treatment that is both developmentally appropriate and empirically based,critic_batch_015_02.jsonl
llm_train_01068,0.15,0.05,0.12,0.08,True,False,True,The passage foregrounds family experience and the practical struggle of finding a provider; the center itself is mentioned without specific clinical objectification.,"parents of a child diagnosed with Autism, the founders know first-hand the struggles and importance of finding a provider with excellent services",critic_batch_015_02.jsonl
llm_train_01069,0.02,0.01,0.01,0.01,True,True,False,"ADHD is presented as a 'behavioural problem' within an epidemiological/risk-factor account, meeting the clinical definition.","Significant behavioural problems – including Attention Deficit Hyperactivity Disorder (ADHD), deficits in intellectual disability",critic_batch_015_02.jsonl
llm_train_01070,0.02,0.01,,,False,,,"Autism is mentioned only as one entry in a generic list of motives for therapy, which is non-substantive under Rule 8.2.","People may also attend therapy for specific motives, such as bullying, an autism diagnosis, a desire to learn mindfulness meditation",critic_batch_015_02.jsonl
llm_train_01071,0.05,0.02,0.02,0.02,True,False,True,The passage makes a substantive claim about neurodiversity in the workforce that applies to ADHD and foregrounds participation and talent.,"If you aren’t intentionally developing that talent, you may be leaving gains on the table.",critic_batch_015_03.jsonl
llm_train_01072,0.1,0.1,,,False,,,"Autism appears in a list of conditions for a treatment in a commercial blurb, which is non-substantive under rule 5.3.","LDN has been used successfully with most neurodegenerative and auto immune disorders, including... Autism.",critic_batch_015_03.jsonl
llm_train_01073,0.85,0.02,0.02,0.85,True,True,True,"The passage develops a concrete caregiver adaptation and practice regarding teaching a teen to drive, which qualifies as lived experience.",teaching your ADHD teen to drive,critic_batch_015_03.jsonl
llm_train_01074,0.15,0.05,0.1,0.05,True,True,False,"The passage uses a nosological definition of Asperger's to interpret character traits, supporting a clinical frame without lived experience.",Aspergers syndrome (a very mild form of autism that manifests itself almost exactly as Emily plays Temperance Brennan),critic_batch_015_03.jsonl
llm_train_01075,0.05,0.02,0.02,0.02,True,False,True,"The passage discusses recruitment barriers and adjustments for autistic candidates, which is a clear lived-experience participation account.",disability-related adjustments for a candidate with autism,critic_batch_015_03.jsonl
llm_train_01076,0.05,0.05,,,False,,,"Autism appears only as a research project topic in a biographical summary, which is non-substantive under rule 5.3.",research assistant on a history project related to the persecution of children with autism in Nazi Germany,critic_batch_015_03.jsonl
llm_train_01077,0.15,0.15,,,False,,,"The target appears in a single headline within a noisy list of unrelated news items, which is typically non-substantive navigation or listing.",Jax Taylor Supports Son Living With Him Forever After Autism Diagnosis,critic_batch_015_03.jsonl
llm_train_01078,0.05,0.05,,,False,,,"The passage is a product listing with a brief health claim for cannabis strains, which is non-substantive under rule 5.3.","The high THC levels also help to bring down... attention deficit, and hyperactivity disorder (ADHD)",critic_batch_015_03.jsonl
llm_train_01079,0.05,0.02,0.02,0.02,True,True,False,"The passage discusses insurance coverage for autism services, treating the target as an object of institutional provision and clinical service.",limited coverage of services for autism spectrum disorder,critic_batch_015_03.jsonl
llm_train_01080,0.1,0.1,,,False,,,The passage mentions generic advocacy and diagnostic status without a developed target-specific account or practice.,"efforts to help fight autism, as he and his wife... who have a non-verbally autistic daughter... look to help others.",critic_batch_015_03.jsonl
llm_train_01081,0.02,0.01,0.02,0.02,True,True,True,"Correctly identifies both clinical research into causes and treatments, and advocacy for the needs of individuals and families.","funding research into the causes, prevention, treatments and a cure... advocating for the needs of individuals with autism and their families",critic_batch_015_04.jsonl
llm_train_01082,0.02,0.01,0.02,0.02,True,False,True,The passage develops a character's internal perspective and self-understanding without treating autism as a clinical object.,autistic main character Stephen worries that he might be insane... concludes that there is no way of knowing,critic_batch_015_04.jsonl
llm_train_01083,0.05,0.05,,,False,,,ADHD appears only as a brief mention in a garbled drug list without a coherent target-specific claim.,Stimulant drugs are used very frequently like ADHD,critic_batch_015_04.jsonl
llm_train_01084,0.02,0.01,0.02,0.02,True,False,True,Focuses on parent-led peer support and social participation rather than formal clinical assessment or treatment.,support group run by parents for parents... meet other parents and look at issues and problems linked to Autism,critic_batch_015_04.jsonl
llm_train_01085,0.05,0.02,0.05,0.05,True,True,True,Mixed frame is correct as it discusses clinical research/behavior reduction alongside individual empowerment and joy.,research and implement to assist in the reduction of severe problem behaviour... creates joy for the individual... empowers the autistic person,critic_batch_015_04.jsonl
llm_train_01086,0.02,0.01,0.02,0.02,True,False,True,The passage describes lived experience of growing up with autism and using sensory toys for comfort.,Using her own experience of growing up with autism... sensory toys that offer comfort to people,critic_batch_015_04.jsonl
llm_train_01087,0.02,0.02,,,False,,,ADHD appears only as part of a website name in a professional advisory board listing.,Professional Advisory Boards of a website called Inside ADHD. com,critic_batch_015_04.jsonl
llm_train_01088,0.02,0.01,0.02,0.02,True,True,False,The passage presents ADHD as a clinical disorder object by defining its symptoms and association with Tourette syndrome.,"behavior disorder associated with Tourette syndrome is... ADHD, whose symptoms include hyperactivity, inability to concentrate",critic_batch_015_04.jsonl
llm_train_01089,0.05,0.05,,,False,,,"ADHD appears only as one item in a generic list of pediatric services, which is non-substantive under the codebook.",Our Services ... ADHD Evaluation /Treatment,critic_batch_015_04.jsonl
llm_train_01090,0.05,0.02,0.05,0.05,True,False,True,"The focus is on family hope and a support group for grandparents' needs, rather than a developed clinical object.",you have given me hope... support group specifically designed to address the needs of grandparents,critic_batch_015_04.jsonl
llm_train_01091,0.02,0.01,0.01,0.01,True,True,False,"The passage discusses a clinical trial experiment involving a person with autism, which is a clear clinical research object.",an encouraging trial experiment in a person with autism,critic_batch_015_05.jsonl
llm_train_01092,0.1,0.05,0.1,0.05,True,True,False,"The passage discusses 'treating' ADHD and the 'benefits' of an intervention, which meets the clinical frame definition.","if you’re suffering from ADHD, the benefits of using a weighted blanket ... treating post-traumatic stress disorder",critic_batch_015_05.jsonl
llm_train_01093,0.01,0.01,,,False,,,Autism appears only as one item in a long list of awareness months without any target-specific claim.,April: Autism Awareness Month,critic_batch_015_05.jsonl
llm_train_01094,0.05,0.05,,,False,,,"The target appears only as one item in a list of generic treatment offerings, which is non-substantive per codebook 5.3 and 11.",ADHD Treatment,critic_batch_015_05.jsonl
llm_train_01095,0.02,0.01,0.01,0.01,True,True,False,"The passage discusses diagnostic frequency, etiology, and clinical research regarding ADHD and FAS.",ADHD has been diagnosed so frequently in children with FAS ... speculation that alcohol is an etiological factor,critic_batch_015_05.jsonl
llm_train_01096,0.02,0.01,0.01,0.01,True,True,False,"The passage discusses symptoms, interventions, and treatment protocols for autism.",nocturnal activity often accompanies an autism diagnosis ... interventions that reverse this situation are paramount,critic_batch_015_05.jsonl
llm_train_01097,0.02,0.01,0.01,0.01,True,True,False,The passage provides a detailed analysis of the clinical diagnostic process and the risks of misdiagnosis for ADHD.,adult diagnosis relies on the collection of a large amount of clinical data ... results in an increase of the misdiagnosis probability,critic_batch_015_05.jsonl
llm_train_01098,0.85,0.85,0.2,0.7,False,,,The passage contains only a thin biographical status mention without a developed target-specific proposition or account.,-I'm Autistic (But you really wouldn't notice it).,critic_batch_015_05.jsonl
llm_train_01099,0.9,0.9,,,True,False,True,"The passage makes a target-specific claim about the needs and experiences of ADHD entrepreneurs, meeting the lived-experience frame.",Helping ADHD Entrepreneurs and Executives Take Control ... most of what's out there completely misses the mark for entrepreneurs.,critic_batch_015_05.jsonl
llm_train_01100,0.05,0.05,,,False,,,"The target headline appears as one item in a long list of unrelated news links, which is non-substantive per 5.3.",People Are Just Now Realizing These Everyday Behaviors Are Actually Symptoms Of Adult ADHD,critic_batch_015_05.jsonl
llm_train_01101,0.05,0.02,0.05,0.02,True,True,False,"The passage pathologizes behavior using the target term, characterizing it as 'emotionally sick' and 'disturbed'.",pull long strans of hair in almost an autistic manner and sometimes she would even rock back and forth as very disturbed people often do,critic_batch_015_06.jsonl
llm_train_01102,0.02,0.02,,,False,,,The target appears as a single headline in a list of unrelated sensationalist claims.,"Harvard research links fluoridated water to ADHD, mental disorders",critic_batch_015_06.jsonl
llm_train_01103,0.01,0.01,0.01,0.01,True,True,False,The passage explicitly discusses diagnostic assessment and clinical evaluation of ADHD.,A full assessment and potential analysis of ADHD is not accomplished using an online take a look at,critic_batch_015_06.jsonl
llm_train_01104,0.01,0.01,,,False,,,The target appears only in one item of a long list of news headlines and blog posts.,Integrating virtual reality into ADHD therapy: advancing clinical evidence and implementation strategies,critic_batch_015_06.jsonl
llm_train_01105,0.05,0.02,0.05,0.02,True,False,True,The passage describes an everyday caregiver strategy for building responsibility in children with ADHD.,Giving requirements to kids with ADD/ADHD builds responsibility and independence.,critic_batch_015_06.jsonl
llm_train_01106,0.01,0.01,0.01,0.01,True,True,False,The passage discusses institutional provision and assessment pauses for autism.,Some ICBs have now instructed providers to pause new bookings for autism assessments.,critic_batch_015_06.jsonl
llm_train_01107,0.01,0.01,0.01,0.01,True,True,False,The passage focuses on clinical management of symptoms and treatment strategies.,Can drug rehabilitation help with managing symptoms of attention-deficit/hyperactivity disorder (ADHD)?,critic_batch_015_06.jsonl
llm_train_01108,0.01,0.01,,,False,,,The passage is a promotional announcement for an event and lacks substantive target discourse.,Upcoming Events Surfers for Autism Cocoa Beach Registration Opens June 10th,critic_batch_015_06.jsonl
llm_train_01109,0.01,0.01,0.01,0.01,True,True,False,The passage discusses clinical research and the accessibility of professional services and treatments.,help make autism services and treatments more accessible and affordable for families in need,critic_batch_015_06.jsonl
llm_train_01110,0.1,0.1,,,False,,,"The passage is a product advertisement making a brief health claim, which is non-substantive under Rule 5.3.","For individuals with neurodivergent conditions, such as autism or ADHD, these plush toys can offer positive sensory stimulation",critic_batch_015_06.jsonl
llm_train_01111,0.02,0.02,,,False,,,"The passage lists a research proposal title among other unrelated news items, fitting the non-substantive exception for titles in lists.",The research proposal “The Prevalence of Eating Disorders and Difficulties in School Aged Children Diagnosed With Autism Spectrum Disorders (ASD)...,critic_batch_015_07.jsonl
llm_train_01112,0.95,0.01,0.95,0.01,True,True,True,"The passage includes clinical symptoms and discusses the target as a legal object of institutional care in a tribunal context, requiring a clinical label.","daughter’s symptoms, including a lack of speech and hyperactivity... Tribunal judge emphasised organisations existed to care for people with autism",critic_batch_015_07.jsonl
llm_train_01113,0.01,0.01,0.01,0.01,True,True,False,"The passage focuses on treatment history, diagnosis retention, and clinical outcomes, meeting the clinical frame definition without lived experience.",Some children... retained their diagnosis. The study is the first to assess the treatment history of people with so-called ‘optimal outcome.,critic_batch_015_07.jsonl
llm_train_01114,0.01,0.01,0.01,0.01,True,False,True,"This is a family account that foregrounds meaning-making and the personal relationship with an autistic child, fitting the lived-experience frame.",I blog about how my exceptional son with autism... is raising me to a better human being... empower other exceptional parents,critic_batch_015_07.jsonl
llm_train_01115,0.01,0.01,0.01,0.01,True,False,True,"The passage describes the everyday school experience of distraction, which is coded as lived experience when used as self-explanation.",We know what it’s like for students with ADHD. The countless distractions in a class,critic_batch_015_07.jsonl
llm_train_01116,0.01,0.01,0.01,0.01,True,False,True,"The passage discusses social exclusion and awareness, which are core lived-experience indicators.","Autistic people have been routinely misunderstood, ignored, and excluded for decades",critic_batch_015_07.jsonl
llm_train_01117,0.01,0.01,0.01,0.01,True,True,False,"The passage presents research into an intervention to manage ADHD symptoms, meeting the clinical frame definition.","for kids diagnosed with ADHD, research has shown that school exercise programs can help increase focus and decrease distraction.",critic_batch_015_07.jsonl
llm_train_01118,0.05,0.05,,,False,,,"This is a commercial sales pitch for chiropractic services without non-promotional target discourse, fitting the non-substantive exception.","Specific Corrective Care Chiropractic has a life changing effect on... ADHD, autism... our doctors will never claim to “cure”",critic_batch_015_07.jsonl
llm_train_01119,0.01,0.01,0.01,0.01,True,True,False,"The passage discusses comorbidity and clinical impairment in a categorical manner, which is clinical discourse.",Over 50% of all children with ADHD also have a learning disorder. ADHD affects the ability to learn,critic_batch_015_07.jsonl
llm_train_01120,0.01,0.01,0.01,0.01,True,False,True,"The passage discusses theme park accessibility and accommodations for autistic guests, which is lived-experience discourse.",handle the theme park experience. Worlds of Fun has taken steps... to welcome and provide accommodations,critic_batch_015_07.jsonl
llm_train_01121,0.01,0.01,0.01,0.01,True,True,False,"The passage provides diagnostic prevalence and trends, which is a clear clinical/epidemiological claim.",diagnosed with autism spectrum disorders. That’s 28% of the child population and a significant increase,critic_batch_015_08.jsonl
llm_train_01122,0.15,0.05,0.05,0.25,True,True,False,"While it mentions labor market impact, the discourse is a systematic review of a clinical diagnosis, not a lived-experience account.",systematic review was performed of prospective longitudinal studies addressing the impact of childhood ADHD diagnosis on later labour market,critic_batch_015_08.jsonl
llm_train_01123,0.01,0.01,0.01,0.01,True,True,False,The passage makes a causal health claim linking autism to environmental factors and immune disorders.,"research that shows that Immune Disorders, Food Allergies, Autism... are directly related to the food we are eating",critic_batch_015_08.jsonl
llm_train_01124,0.75,0.75,,,True,False,True,This is a substantive lived-experience account describing the author's role supporting an autistic girl and the school's attitudes.,"supporting a boy with... and a girl with Autism. However, the attitudes of the staff in the school were literally life-changing",critic_batch_015_08.jsonl
llm_train_01125,0.01,0.01,,,False,,,This is a commercial product blurb for spiritwear without a target-specific claim.,"Design and personalize products for Autism fans, staff, family members, or yourself.",critic_batch_015_08.jsonl
llm_train_01126,0.02,0.01,0.02,0.01,True,True,True,"The passage describes siblings of children with autism and specifies the condition requires constant supervision, meeting both clinical and lived definitions.",siblings of children with a health disadvantage... autism that requires constant supervision,critic_batch_016_01.jsonl
llm_train_01127,0.01,0.01,0.01,0.01,True,True,False,"The discourse focuses on research flaws, diagnostic rates, and causal links (vaccines), which are clinical/epidemiological objects.",study dismissing the link between the MMR vaccine and autism... children being diagnosed,critic_batch_016_01.jsonl
llm_train_01128,0.02,0.01,0.01,0.02,True,False,True,"The focus is on practical tools for air travel participation and family preparation, which aligns with lived experience and accessibility rather than clinical treatment.",tools to prepare their loved ones for air travel,critic_batch_016_01.jsonl
llm_train_01129,0.01,0.01,0.01,0.01,True,True,False,"The passage treats meltdowns as a clinical management object, discussing causes, triggers, and professional strategies.","Autism Meltdowns Signs, Causes, and Management Tips... Effective strategies for managing",critic_batch_016_01.jsonl
llm_train_01130,0.01,0.01,0.01,0.01,True,True,False,"The text provides a formal description of symptoms and the challenge of diagnostic determination, which are primary clinical indicators.",hallmark symptoms associated with ADHD... determine whether a child has ADHD or not,critic_batch_016_01.jsonl
llm_train_01131,0.02,0.01,0.01,0.02,True,False,True,"This is a first-person/family account focusing on identity, feelings, and social experience ('bad day') without clinical analysis.","My kids didn't choose to be this way... You, unfortunately, saw them on a bad day.",critic_batch_016_01.jsonl
llm_train_01132,0.02,0.01,0.02,0.01,True,True,False,"The passage defines ADHD as a health problem for institutional/educational management and eligibility, falling under clinical/disorder-construct framing.",health problems such as... attention deficit hyperactivity disorder... adversely affects a child's educational performance,critic_batch_016_01.jsonl
llm_train_01133,0.05,0.01,0.05,0.02,True,True,True,The summary includes nosological detail (inattentive type) while foregrounding the personal journey and online community connection.,"personal journey of being diagnosed with ADHD, specifically the inattentive type... common behaviors among individuals with ADHD online",critic_batch_016_01.jsonl
llm_train_01134,0.08,0.08,,,False,,,"The passage is a list of unrelated news headlines where the target appears in one brief comparison; as an aggregator fragment, it is non-substantive.",Rosie O'Donnell Slams RFK Jr. After COVID & Autism Comparison,critic_batch_016_01.jsonl
llm_train_01135,0.01,0.01,0.01,0.01,True,True,False,"The passage discusses research involving patient populations aimed at developing diagnostic and treatment understandings, which is strictly clinical.",potential to be translated directly into patient populations... develop and apply this new understanding to the diagnosis and treatment,critic_batch_016_01.jsonl
llm_train_01136,0.01,0.01,,,False,,,"The passage is a product listing for flashcards, which is explicitly excluded from substantive discourse under the codebook.",Category: Toy Asin: B07FXWZLSK ... autism learning materials,critic_batch_016_02.jsonl
llm_train_01137,0.02,0.01,0.01,0.01,True,False,True,"The passage foregrounds the participation agenda and the right to a voice, which are core lived-experience indicators.",participation agenda and the right of those who use services to have a voice,critic_batch_016_02.jsonl
llm_train_01138,0.01,0.01,0.01,0.01,True,True,False,"The passage discusses genetic causes and cognitive impairment as clinical features of a syndrome, fitting the clinical frame.",absence of FMR1 mRNA and FMRP... results in cognitive impairment and autistic features,critic_batch_016_02.jsonl
llm_train_01139,0.05,0.01,0.05,0.01,True,False,True,The description of an autistic character's social traits and identity within a show constitutes a lived-experience account.,autistic woman from Quebec who doesn’t understand social cues and embodies Victorian womanhood,critic_batch_016_02.jsonl
llm_train_01140,0.01,0.01,0.01,0.01,True,True,False,"ADHD is invoked as an underlying psychological issue to explain time management difficulties, meeting the clinical/impairment definition.",attention-deficit/hyperactivity disorder (ADHD) can exacerbate time management difficulties,critic_batch_016_02.jsonl
llm_train_01141,0.02,0.02,,,False,,,The passage is administrative text for a webinar and does not contain any target-specific propositions or claims.,Focusing on general awareness about Learning Disability and Autism. This tier is for the entire health and social care workforce,critic_batch_016_02.jsonl
llm_train_01142,0.02,0.02,,,False,,,The passage lists blogs and participants without providing any substantive target-specific accounts or claims.,read the thoughts and perceptions of three Inside Voice spellers... Gregory: In Autism,critic_batch_016_02.jsonl
llm_train_01143,0.01,0.01,0.01,0.01,True,False,True,The mission statement about changing attitudes and creating a society that works for autistic people is a lived-experience claim.,"Our goal is to help transform lives, change attitudes and create a society that works for autistic people.",critic_batch_016_02.jsonl
llm_train_01144,0.01,0.01,0.01,0.01,True,True,False,"The announcement focuses on neurobiology, genetics, and comorbidities, which are explicit clinical and research indicators.","Neurobiology and Autism: Genetics, Comorbidities, and Dual Diagnosis... research and clinical care provides insight into co-morbidities",critic_batch_016_02.jsonl
llm_train_01145,0.01,0.01,,,False,,,"The target appears only as one item in a generic list of storefronts, which is non-substantive.",The Autism Site The Alzheimer's Site The Diabetes Site,critic_batch_016_02.jsonl
llm_train_01146,0.05,0.01,0.02,0.05,True,True,False,"The passage discusses specific herbal treatment for ADHD, a clear clinical/treatment frame.","herb of choice when treating ADD, ADHD and other mental/emotional disorders in children",critic_batch_016_03.jsonl
llm_train_01147,0.05,0.01,0.02,0.05,True,True,True,"Links medication management with religious participation and community experience, meeting both frame definitions.",Muslims managing mental health conditions worry about taking ADHD meds Ramadan,critic_batch_016_03.jsonl
llm_train_01148,0.05,0.01,0.02,0.02,True,True,False,"Discusses epidemiological research linking pollution to autism, which is a clinical/research frame.",research linking PM2. 5 pollution to autism,critic_batch_016_03.jsonl
llm_train_01149,0.05,0.01,0.02,0.02,True,True,False,Presents autism as a medical condition linked to environmental causes/risks.,"pesticides and chemicals is linked to various diseases such as cancer, autism",critic_batch_016_03.jsonl
llm_train_01150,0.1,0.01,0.1,0.05,True,False,True,This accessibility and accommodation claim for autistic visitors supports a lived-experience label under Rule 8.7.,"recommended to keep this button enabled, for visitors with... autism... visitor may not wish to download",critic_batch_016_03.jsonl
llm_train_01151,0.05,0.05,,,False,,,"Target appears only as a single headline in a long list of unrelated navigation links, making it non-substantive.",Jax Taylor Supports Son Living With Him Forever After Autism Diagnosis,critic_batch_016_03.jsonl
llm_train_01152,0.85,0.01,0.1,0.85,True,True,True,Caregiver account linking a dietary strategy (lived) to symptom resolution (clinical) is mixed under Rule 8.4.,son’s sudden onset of autism symptoms disappeared after 6 weeks of eating strictly organic,critic_batch_016_03.jsonl
llm_train_01153,0.15,0.15,,,False,,,The extraction is dominated by metadata and navigation; the brief service mention is non-substantive per Rule 5.3.,Pete Quily Adult ADD Coach in Vancouver BC Canada ADDCoach4U... Sign up for my Newsletter,critic_batch_016_03.jsonl
llm_train_01154,0.05,0.01,0.05,0.05,True,True,False,"Specifies a concrete institutional provision (charter school) for autistic students, a clinical frame indicator.",Florida Autism Center for Excellence... serves over 140 students on the autism spectrum,critic_batch_016_03.jsonl
llm_train_01155,0.05,0.05,,,False,,,"Target appears only in a long list of unrelated headlines and metadata, making it non-substantive per Rule 5.3.",Jax Taylor Supports Son Living With Him Forever After Autism Diagnosis,critic_batch_016_03.jsonl
llm_train_01156,0.05,0.05,,,False,,,"The passage is a list of article titles without developed target-specific accounts, which is non-substantive under Rule 8.10.",One Flew Over the Scientific Consensus’ Nest—The Story of Dr Ophir and ADHD,critic_batch_016_04.jsonl
llm_train_01157,0.05,0.02,0.1,0.02,True,False,True,"The passage develops a category-set claim about neurodiversity and representation, supporting a lived-experience frame under Rules 8.2 and 8.7.",Each display is designed to represent the one in five people... neurodiversity.,critic_batch_016_04.jsonl
llm_train_01158,0.02,0.01,0.01,0.01,True,True,False,"The passage discusses diagnostic differentiation and symptom manifestation, clearly meeting the clinical frame definition.",HFA and AS differ from classic autism with respect to language acquisition... similarities,critic_batch_016_04.jsonl
llm_train_01159,0.85,0.85,0.2,0.05,False,,,The passage functions as navigation or a table of contents pointer rather than a substantive target-specific account (Rule 5.3).,The list of side effects in the first part of this chapter are for... ADHD medications.,critic_batch_016_04.jsonl
llm_train_01160,0.02,0.01,0.01,0.01,True,True,False,"The passage makes an etiological claim about the link between MMR and autism, which is clinical discourse.",zero evidence of any link between MMR and autism,critic_batch_016_04.jsonl
llm_train_01161,0.05,0.02,0.02,0.01,True,True,False,"The passage makes a target-specific claim about the addiction risk and withdrawal of ADHD medications, meeting the clinical definition.",Prescription stimulants (for example: ADHD medications) ... highly addictive,critic_batch_016_04.jsonl
llm_train_01162,0.02,0.01,0.01,0.01,True,True,False,"The passage discusses prevalence, symptoms, and treatment for ADHD, which is clear clinical discourse.",ADHD numbers are increasing... Valerian root tea can help calm those hyperactive symptoms,critic_batch_016_04.jsonl
llm_train_01163,0.05,0.02,0.02,0.01,True,False,True,"The passage describes concrete accessibility and inclusion practices for autistic people, supporting a lived-experience label (Rule 7.2).",Autism friendly ... screenings have reduced sound levels... freedom to move around.,critic_batch_016_04.jsonl
llm_train_01164,0.02,0.01,0.01,0.01,True,True,False,"The passage reports on clinical research regarding medication prescription correlations, which is substantive clinical discourse.",correlation between sleep-disordered breathing... and the prescription of ADHD medication,critic_batch_016_04.jsonl
llm_train_01165,0.1,0.02,0.15,0.02,True,False,True,"The passage develops a personal healing and identity account, with symptom language functioning as self-explanation (Rule 8.5).",Debilitated by her own anxiety and ADHD... transformative healing journey,critic_batch_016_04.jsonl
llm_train_01166,0.01,0.01,0.01,0.01,True,True,False,The passage makes substantive claims about ADHD as a scientific object and its lack of a cure.,you will not learn the detailed science and research about ADHD... There is no cure” for ADHD,critic_batch_016_05.jsonl
llm_train_01167,0.05,0.05,,,False,,,ADHD is mentioned only as an example in a list of conditions for which meditation serves as a supplement.,meditation... can serve an important function as a supplement to... homeopathic medication for ADHD,critic_batch_016_05.jsonl
llm_train_01168,0.02,0.02,0.02,0.02,True,False,True,Develops a lived-experience account of participating in a performance without clinical framing beyond status.,just so easy to let the kids be themselves and not have to worry about keeping still or quiet,critic_batch_016_05.jsonl
llm_train_01169,0.01,0.01,0.01,0.01,True,False,True,"Discusses hiring and inclusion, foregrounding the skills and participation of autistic people.","Hiring ""misfits"" like autistic people can provide unique skills. But it requires an inclusive environment.",critic_batch_016_05.jsonl
llm_train_01170,0.01,0.01,0.01,0.01,True,True,False,The passage discusses ADHD medication and drug properties from a clinical perspective.,This makes it harder to abuse than older ADHD drugs... Experts say the drug may appeal to parents,critic_batch_016_05.jsonl
llm_train_01171,0.01,0.01,0.01,0.01,True,False,True,Provides a detailed first-person account of workplace experience and social participation.,Managing me has changed the way he works – he’s more detail-oriented... I overcommunicate,critic_batch_016_05.jsonl
llm_train_01172,0.85,0.85,0.85,0.85,False,,,The target mention is part of a thin biographical status account that does not develop a proposition.,Steve and I were licensed behavior analysts... owned and operated... ABA clinics for children with autism.,critic_batch_016_05.jsonl
llm_train_01173,0.02,0.02,0.02,0.02,True,True,False,Discusses symptoms and management of hyperactivity as a clinical object.,attention deficit and hyperactivity can frequently and highly accompany autism. Hyperactivity control...,critic_batch_016_05.jsonl
llm_train_01174,0.05,0.05,0.05,0.05,True,True,True,Combines clinical claims about prognosis and traits with lived-experience accounts of strengths.,harness your ADHD “hunter” strengths... Most people do not “grow out” of... ADHD,critic_batch_016_05.jsonl
llm_train_01175,0.05,0.05,0.05,0.05,True,True,True,Discusses both clinical research and empowerment/advocacy related to the target.,"share new ideas, research, knowledge and practices in autism... further empower people with autism",critic_batch_016_05.jsonl
llm_train_01176,0.01,0.01,0.01,0.01,True,True,False,"The passage describes specific clinical diagnostic tools (ADOS, ADI-R) and psychological interventions for autism, meeting the clinical frame definition.","Autism Diagnostic Observation Schedule (ADOS), Autism Diagnostic Interview (ADI-R) or a variety of questionnaires for teachers and parents",critic_batch_016_06.jsonl
llm_train_01177,0.05,0.01,0.05,0.01,True,True,False,"The passage discusses music therapy as a therapeutic treatment for ADHD and mentions focusing and hyperactivity, supporting a clinical frame.",people with ADHD may have an easier time focusing and may become less hyperactive when they are treated therapeutically with music,critic_batch_016_06.jsonl
llm_train_01178,0.02,0.01,0.01,0.02,True,False,True,"This is a first-person family account of everyday travel challenges and practical tips involving autism and ADHD, typical of the lived-experience frame.",With three kids... and autism and ADHD in the mix too - it's now about making the journey through the airport as simple and stress-free as possible.,critic_batch_016_06.jsonl
llm_train_01179,0.85,0.85,,,True,False,True,"The passage describes an event's aim to connect people with organizations and raise awareness/understanding, which is a substantive lived-experience claim.","The aim of the event is to put people in touch with organisations that can help them, as well as raising awareness of autism and helping to create more understanding.",critic_batch_016_06.jsonl
llm_train_01180,0.02,0.01,0.01,0.02,True,False,True,"The passage promotes a blog about a teenager's life experiences, struggles, and coping advice, which is a developed lived-experience account.","excited to share her story, life experiences, struggles, successes and coping advice to fellow children on the spectrum.",critic_batch_016_06.jsonl
llm_train_01181,0.05,0.01,0.05,0.01,True,True,False,"The passage discusses neurodevelopmental research topics like targeting 'Excitation-Inhibition imbalance' in autism, which is a clear clinical frame.","exploring open neurodevelopmental research topics, from targeting Excitation-Inhibition imbalance in Autism and irritability in ADHD",critic_batch_016_06.jsonl
llm_train_01182,0.02,0.01,0.02,0.01,True,True,False,"The passage presents autism as a brain disorder and a research object concerning genetics and disease, aligning with the clinical frame.",Genetic advances... give us a reasonable idea about what puts people at risk of developing brain disorders such as... autism,critic_batch_016_06.jsonl
llm_train_01183,0.05,0.05,,,False,,,"Autism appears only in a list of health concerns addressed by a study, without a target-specific claim, which is non-substantive per section 8.2.","scientific questions address some of the most pressing health and development concerns for today’s children, including: diabetes, injuries, asthma, obesity, autism",critic_batch_016_06.jsonl
llm_train_01184,0.02,0.01,0.02,0.01,True,True,False,A professional profile explicitly offering diagnosis and treatment of ADHD using formal assessment tools is a clear clinical frame.,I'm formally trained to diagnose and treat ADHD using formal assessment tools.,critic_batch_016_06.jsonl
llm_train_01185,0.9,0.9,,,True,False,True,"The passage contains a coherent claim about 'Love on the Spectrum' stars reacting to comments, which is substantive lived-experience/social discourse.",'Extremely ignorant': 'Love on the Spectrum' stars hit back at RFK Jr. 's autism comments,critic_batch_016_06.jsonl
llm_train_01186,0.02,0.02,,,False,,,The target appears only within a GWAS disease list without any specific claim or description.,"GWAS anorexia nervosa, attention-deficit/hyperactivity disorder, autism spectrum disorder",critic_batch_016_07.jsonl
llm_train_01187,0.12,0.12,0.05,0.05,True,True,False,"The passage identifies a specific clinical purpose (Social Skills Groups) for the target, qualifying it as substantive clinical discourse.",Social Skills Groups Social Communication/Language Problems Due to Autism Spectrum Disorders,critic_batch_016_07.jsonl
llm_train_01188,0.02,0.02,,,False,,,The target is mentioned only as an example in a professional profile's list of conditions.,"patients with behavioral disorders, such as ADHD and Autism",critic_batch_016_07.jsonl
llm_train_01189,0.01,0.01,0.01,0.01,True,True,False,The passage discusses a specific medication and its prescription for individuals with the target condition.,medication prescribed for individuals (usually children) who have ... attention-deficit hyperactivity disorder (ADHD),critic_batch_016_07.jsonl
llm_train_01190,0.01,0.01,0.01,0.01,True,True,False,The passage defines the target as a mental disorder and provides a description of clinical symptoms.,ADHD stands for Attention Deficit Hyperactivity Disorder and is considered a mental disorder.,critic_batch_016_07.jsonl
llm_train_01191,0.01,0.01,0.01,0.01,True,True,False,The passage discusses diagnostic symptoms and recommends a clinical assessment for the target.,"If your teen is showing symptoms of ADHD, then a sleep assessment should be part of the overall picture.",critic_batch_016_07.jsonl
llm_train_01192,0.08,0.05,0.05,0.08,True,False,True,The passage makes a target-specific claim about the internal motivational needs of autistic children.,"For kids with Autism Spectrum Disorder or any kind of learning disability, they need constant motivation to keep going.",critic_batch_016_07.jsonl
llm_train_01193,0.01,0.01,0.01,0.01,True,False,True,The passage describes everyday practical challenges and coping difficulties specifically linked to ADHD.,"Organizing, planning, deciding, managing time are bombs in a mine field for people with ADHD.",critic_batch_016_07.jsonl
llm_train_01194,0.15,0.05,0.1,0.15,True,True,False,"The passage uses a formal diagnostic subtype to interpret a person's behavior, establishing a clinical frame.","someone who has a moderate case of attention deficit disorder, inattentive type",critic_batch_016_07.jsonl
llm_train_01195,0.05,0.05,,,False,,,The target appears as one item in a long list of behavior issues within a promotional context for a school.,"Teen OCD, RAD, ADHD -Drifted from your family values",critic_batch_016_07.jsonl
llm_train_01196,0.02,0.01,0.01,0.01,True,True,False,"The passage makes a substantive claim about research linking autism to inflammation, qualifying as clinical neurobiology discourse.","associate... autism with inflammation, but it turns out that is exactly what the research is finding",critic_batch_016_08.jsonl
llm_train_01197,0.02,0.01,0.01,0.01,True,True,False,"The passage discusses a clinical product and treatment based on a preliminary study, without developing a lived-experience account.",trehalose was marketed as a treatment for autistic and special needs kids,critic_batch_016_08.jsonl
llm_train_01198,0.03,0.01,0.01,0.02,True,True,True,"The passage combines a clinical research approach with goals of workplace inclusiveness and neurodiversity, meeting both frame definitions.",public health approach to autism and advances workplace inclusiveness that spans disability and neurodiversity,critic_batch_016_08.jsonl
llm_train_01199,0.05,0.05,,,False,,,The passage is a noisy and truncated fragment that lacks the coherence required for substantive discourse under the conservative Stage 0 rule.,an adhd avoids assignments when i need to have ever seen as the consequences,critic_batch_016_08.jsonl
llm_train_01200,0.01,0.01,,,False,,,"The passage is a long list of book titles/topics, which is explicitly defined as non-substantive in the codebook.",Communication Issues In Autism And Asperger Syndrome... Critical New Perspectives on Attention Deficit/Hyperactivity Disorder,critic_batch_016_08.jsonl
llm_train_01201,0.02,0.01,0.05,0.01,True,False,True,The passage develops a substantive lived-experience account through first-person attributes and self-understanding.,We understand the world differently … that can be a huge issue for interpersonal skills and following the rules.,critic_batch_017_01.jsonl
llm_train_01202,0.01,0.01,0.01,0.01,True,True,False,The passage provides clinical prevalence data and estimates from a formal health institution (NIMH).,3 to 5% of children have Attention Deficit Hyperactivity Disorder (ADHD),critic_batch_017_01.jsonl
llm_train_01203,0.02,0.01,0.05,0.01,True,False,True,The passage expresses target-specific first-person accounts of everyday life and personal attributes.,"I have ADHD and no self control"" - goyourownwayy ""I have ADHD and I obsess over food too!",critic_batch_017_01.jsonl
llm_train_01204,0.02,0.02,,,False,,,The target appears only in a generic list of conditions for a service without a target-specific claim.,"Individuals who have been diagnosed with Autism, ADD, ADHD, Anxiety, or other learning and behavioural challenges",critic_batch_017_01.jsonl
llm_train_01205,0.02,0.01,0.02,0.01,True,True,False,The passage makes a target-specific clinical claim about comorbidity with Bruxism.,Hyperactive children (ADHD) commonly experience Bruxism as well.,critic_batch_017_01.jsonl
llm_train_01206,0.02,0.02,,,False,,,A thin biographical mention of a diagnosis reveal without further development is non-substantive per rule 5.3.,Heston revealed he suffers from attention deficit hyperactive disorder (ADHD) in 2016.,critic_batch_017_01.jsonl
llm_train_01207,0.02,0.02,,,False,,,The target appears in a list of overlapping conditions for PANS/PANDAS without a target-specific claim.,"Symptoms overlap with other conditions such as OCD, Tourette syndrome, ADHD, anxiety, or Autism Spectrum Disorder.",critic_batch_017_01.jsonl
llm_train_01208,0.02,0.02,,,False,,,A target-named book title appearing in a biographical profile is non-substantive under rule 8.10.,she is the author of Natural Language Acquisition on the Autism Spectrum,critic_batch_017_01.jsonl
llm_train_01209,0.98,0.98,0.95,0.05,False,,,An article title appearing in a list of citations or search results is non-substantive under rule 8.10.,Journal Article - Does the Environment Have an Enduring Effect on ADHD?,critic_batch_017_01.jsonl
llm_train_01210,0.02,0.01,0.02,0.01,True,True,False,The passage discusses ADHD as a neurobiological object through brain patterns and DMN suppression.,ADHD brain patterns presents yet another variation. People with ADHD often have trouble suppressing the DMN,critic_batch_017_01.jsonl
llm_train_01211,0.95,0.95,,,True,True,False,"The passage describes a concrete institutional arrangement (Certified Autism Center) and specialized services, which meets the clinical frame definition under Rule 8.3.",received the global designation of Certified Autism Center™... develop and design more specific and specialized services,critic_batch_017_02.jsonl
llm_train_01212,0.01,0.01,,,False,,,"The passage is incoherent and contains contaminated extraction unrelated to a target-specific claim, correctly identifying it as non-substantive.",n greutate pentru adul? ii adhd... Thecompany is burdened by nearly 29 billion euros of net debt.,critic_batch_017_02.jsonl
llm_train_01213,0.95,0.95,,,True,False,True,"The passage develops a class-level claim about parents navigating challenges and strategies that clearly applies to the target, qualifying as lived experience per Rule 8.2.","procure materials that address various challenges parents may encounter, including... ADHD, Autism... provide parents with valuable insights and strategies",critic_batch_017_02.jsonl
llm_train_01214,0.02,0.02,0.02,0.02,True,True,True,"Correctly identifies both clinical framing (ABA therapist, intervention services) and lived experience (advocating for families, Special Education teacher).","working with an ABA therapist, delivering in-home intervention services... advocating for families and children at IEP meetings",critic_batch_017_02.jsonl
llm_train_01215,0.05,0.05,,,False,,,"The mission statement uses generic support language and resources without developing a substantive target-specific proposition or concrete arrangement, fitting the non-substantive rule.","OUR MISSION: donate now to provide the opportunity... by enriching the autism community with education, training, accessible resources",critic_batch_017_02.jsonl
llm_train_01216,0.02,0.02,0.02,0.02,True,False,True,Correctly identifies lived experience (art making a difference) while clinical descriptors of the person do not trigger a clinical frame per rule 8.1.,How art has made a difference in the life of a northern Ont. man with severe autism... discovered his love for painting,critic_batch_017_02.jsonl
llm_train_01217,0.02,0.02,0.02,0.02,True,True,False,"Correctly identifies clinical framing based on the discussion of private ADHD assessments, which is a clear clinical indicator per Rule 6.2.",A Comprehensive Guide to Private ADHD Assessments for Adults,critic_batch_017_02.jsonl
llm_train_01218,0.01,0.01,,,False,,,Correctly identifies that a list of tags or search keywords is non-substantive per Rule 5.3.,Posts by Tag... - Autism - ... - ADHD -,critic_batch_017_02.jsonl
llm_train_01219,0.98,0.02,0.95,0.95,True,False,True,Symptom language describing social difficulty in everyday life functions as lived experience rather than clinical framing per Rule 8.5; diagnostic status alone is not clinical.,"lands on the autism spectrum. So while he can deal with people, he doesn’t understand them all that well.",critic_batch_017_02.jsonl
llm_train_01220,0.05,0.05,,,False,,,Correctly identifies that a statement merely including the target in a training scope list without a developed proposition is non-substantive per Rule 8.2.,We also make sure to include teaching children with sensory integration issues like ADHD and autism.,critic_batch_017_02.jsonl
llm_train_01221,0.02,0.01,0.02,0.02,True,True,True,The passage describes a project providing both clinical interventions and information on inclusive education (participation).,inclusive educational environment... and types of useful interventions for autistic children,critic_batch_017_03.jsonl
llm_train_01222,0.05,0.01,0.05,0.02,True,False,True,The passage develops a lived account of early struggles and sensory needs without treating ADHD as a clinical object beyond status.,"struggled with interacting with other children, and with adults who didn’t understand his sensory needs",critic_batch_017_03.jsonl
llm_train_01223,0.05,0.02,0.02,0.05,True,False,True,Offering a concrete activity for autistic children constitutes lived experience (practice/routine) without clinical intervention.,Independent Fine Motor Activity for Autistic Preschoolers,critic_batch_017_03.jsonl
llm_train_01224,0.02,0.01,0.02,0.02,True,True,False,"ADHD is presented as a research object (risk association) and legal object, which is clinical discourse.",mothers who take Tylenol... may have a higher risk... association between Tylenol use in pregnancy and ADHD,critic_batch_017_03.jsonl
llm_train_01225,0.02,0.02,,,False,,,The passage announces a target-named event with logistics but makes no target-specific claim.,"the Walk/Run for Autism Awareness, to be staged for the fifth year on Saturday, April 30",critic_batch_017_03.jsonl
llm_train_01226,0.02,0.01,0.02,0.01,True,True,False,A report on increasing cases specifically treats ADHD as an epidemiological/prevalence object.,ADHD cases increasing,critic_batch_017_03.jsonl
llm_train_01227,0.02,0.01,0.02,0.02,True,True,False,ADHD is discussed as a health risk and research object linked to environmental factors.,linked fluoridation to ADHD,critic_batch_017_03.jsonl
llm_train_01228,0.02,0.02,,,False,,,"The passage is a list of related link titles, which is navigation/metadata under Rule 5.3.",Related articles - ... What Autistic People Want You to Know About Autism,critic_batch_017_03.jsonl
llm_train_01229,0.02,0.01,0.02,0.02,True,True,True,The guide covers both medical procedure details (EEG/Diagnosis) and family support/preparation (lived experience).,aspects of the diagnosis... prepare their child before the procedure and how to help children and families,critic_batch_017_03.jsonl
llm_train_01230,0.08,0.02,0.05,0.08,True,False,True,The claim about church environments being ill-equipped for ADHD/autism foregrounds social participation and meaning.,least equipped to deal with a child with ADHD or autism,critic_batch_017_03.jsonl
llm_train_01231,0.02,0.01,0.01,0.01,True,True,False,"The passage discusses researchers' contributions to understanding ADHD, treating it as a clear research and clinical object.",young researchers are making contributions to our understanding of ADHD,critic_batch_017_04.jsonl
llm_train_01232,0.05,0.01,0.05,0.01,True,False,True,Foregrounds caregiver emotional experience and social meaning (changelings) rather than clinical analysis or treatment.,“Autism Mom” groups... talk about grieving the “normal” child they’ve lost,critic_batch_017_04.jsonl
llm_train_01233,0.85,0.05,0.05,0.85,True,True,False,"Rule 8.9 requires personal perspective in legal contexts; this passage remains institutional, focusing on 'need and severity' and court dividing lines.",The Court of Appeal considered the dividing line in the case of the Secretary of State for Work and Pensions,critic_batch_017_04.jsonl
llm_train_01234,0.02,0.01,0.01,0.01,True,False,True,Discusses ADHD identity and strengths ('Advantages To Having ADHD As A Writer') and public disclosure (Rule 7.2).,The Top 11 Advantages To Having ADHD As A Writer,critic_batch_017_04.jsonl
llm_train_01235,0.05,0.01,0.02,0.05,True,True,True,Mixed frame: independently develops clinical research/interventions and caregiver perspective/autistic abilities.,research investigating equine assisted interventions... autists’ unique abilities,critic_batch_017_04.jsonl
llm_train_01236,0.15,0.15,,,False,,,Target appears in a generic list of populations for a service (hockey clinics) without target-specific claims (Rule 5.3).,"special youth hockey clinics for disabled, distressed and autistic children",critic_batch_017_04.jsonl
llm_train_01237,0.01,0.01,,,False,,,Incoherent pharmacy list dominated by sales and listing metadata (Rule 5.3).,Adhd tablets atomoxetine generic topamax,critic_batch_017_04.jsonl
llm_train_01238,0.1,0.02,0.1,0.02,True,False,True,Family account linking ADHD to concrete everyday challenges; diagnostic status alone is not clinical evidence (Rule 8.1).,Dad’s forgetfulness and his “not listening” was too much my mother... Dad probably had... ADHD,critic_batch_017_04.jsonl
llm_train_01239,0.05,0.01,0.02,0.05,True,True,False,"Discusses comorbidity and treatment difficulty, treating autism as a clinical and diagnostic object.",autism and GI disease issues... they're not easy to treat,critic_batch_017_04.jsonl
llm_train_01240,0.02,0.01,0.01,0.01,True,True,False,Explicit target-specific service proposition involving diagnostic assessment and multi-disciplinary teams (Rule 8.3).,Neurodevelopmental Service... diagnosed with... autism spectrum disorder (ASD)... methods to assess,critic_batch_017_04.jsonl
llm_train_01241,0.02,0.02,,,False,,,"ADHD appears only as one example in a broad list of issues addressed by a counselor, without target-specific claims.",anxiety; depression; ADHD; developmental and learning disabilities,critic_batch_017_05.jsonl
llm_train_01242,0.04,0.01,0.03,0.01,True,False,True,The passage develops a substantive family account of stress and practical challenges during a doctor's visit.,nothing to do to keep an autistic mind calm... stressful because I’m so focused on my son,critic_batch_017_05.jsonl
llm_train_01243,0.01,0.01,0.01,0.01,True,True,False,Explicitly offers ADHD diagnosis and treatment as part of clinical specialty services.,ADHD diagnosis and treatment,critic_batch_017_05.jsonl
llm_train_01244,0.01,0.01,0.01,0.01,True,True,False,Discusses neurobiology and the use of medication for the treatment of ADHD.,affect the part of the brain that causes hyperactivity... Adderall is used to treat... ADHD,critic_batch_017_05.jsonl
llm_train_01245,0.01,0.01,0.01,0.01,True,True,False,Presents ADHD as a clinical condition treated by a specific medication to promote wakefulness.,medicine is used to promote wakefulness... in people suffering from... ADHD,critic_batch_017_05.jsonl
llm_train_01246,0.02,0.01,0.02,0.01,True,True,False,"Discusses diagnosis, psychoeducation, and medication management for ADHD/Asperger's.",Efter fastställd diagnos erbjuds patienten att delta i ett program som kallas ”psykoedukation” vilket sker parallellt med läkemedelsbehandling.,critic_batch_017_05.jsonl
llm_train_01247,0.03,0.01,0.02,0.01,True,False,True,"Invokes famous figures with ADHD to discuss identity, social recognition, and optimistic narratives.","Thomas Edison had ADHD, that Leonardo Da Vinci was severely dyslexic",critic_batch_017_05.jsonl
llm_train_01248,0.02,0.02,,,False,,,Autism appears only as the topic of a certificate program in a list of educational offerings.,"a certificate focusing on autism, inclusion, infant/toddler care",critic_batch_017_05.jsonl
llm_train_01249,0.01,0.01,0.01,0.01,True,True,False,Defines Autism Spectrum Disorder through clinical deficits in social skills and repetitive behaviors.,characterized by deficits in social skills (social interactions and social communication) and repetitive behaviors,critic_batch_017_05.jsonl
llm_train_01250,0.01,0.01,,,False,,,Autism appears only within the name of an organization in a list of clinical training settings.,Center for Autism and Related Disorders (CARD),critic_batch_017_05.jsonl
llm_train_01251,0.01,0.01,0.01,0.01,True,True,False,The passage develops a clear clinical claim regarding prenatal vitamins and autism risk reduction.,prenatal vitamins constitute a potentially groundbreaking means to reduce the risk of development of autism,critic_batch_017_06.jsonl
llm_train_01252,0.01,0.01,0.01,0.01,True,True,False,The passage explicitly discusses a medical treatment (tDCS) intended to improve symptoms of ADHD.,tDCS may improve symptoms of ADHD,critic_batch_017_06.jsonl
llm_train_01253,0.99,0.99,,,True,False,True,The headline contains a substantive experiential claim about the emotional impact of parenting autistic children.,‘It can break you’: life for parents of autistic children can be exhausting,critic_batch_017_06.jsonl
llm_train_01254,0.99,0.99,,,True,True,False,The headline expresses a clear clinical proposition linking early behaviors to autism risk.,Fussiness at 9 Months May Signal Early Autism Risk,critic_batch_017_06.jsonl
llm_train_01255,0.01,0.01,0.01,0.01,True,True,False,The passage describes a clinical protocol used to treat patients with ADHD and autism.,"IM protocol is aimed at synchronizing timing in the brain and has been used... to treat patients with... ADD/ADHD, Autism",critic_batch_017_06.jsonl
llm_train_01256,0.01,0.01,,,False,,,The passage is a list of resource and event titles without developing a substantive target-specific claim.,NIMH Special Event for Autism Awareness Month – A Woman’s Voice: Understanding Autistic Needs,critic_batch_017_06.jsonl
llm_train_01257,0.01,0.01,0.01,0.01,True,False,True,The passage foregrounds a family's lived experience of challenge and adaptation without formal clinical analysis.,making things very challenging for not only him but the family. It has been a long hard road,critic_batch_017_06.jsonl
llm_train_01258,0.01,0.01,0.01,0.01,True,True,False,The passage substantively discusses ADHD medication efficacy and its biological effects on the brain.,discuss common myths about ADHD medication and explain how these treatments affect the brain,critic_batch_017_06.jsonl
llm_train_01259,0.01,0.01,0.01,0.01,True,True,False,The passage makes a substantive clinical claim about nutrients as an adjunct to traditional ADHD treatments.,making them a valuable adjunct to traditional ADHD treatments,critic_batch_017_06.jsonl
llm_train_01260,0.01,0.01,,,False,,,The target appears only in a news headline about a political plan without developing a substantive claim.,RFK Jr. ’s ‘Autism Registry’ Plan Sparks Backlash,critic_batch_017_06.jsonl
llm_train_01261,0.02,0.02,,,False,,,The passage is a college testimonial focusing on a student's visual impairment; the mention of an autism course name and generic learning is non-substantive.,"I undertook the Understanding Autism course, which was very informative, but it also allowed me to think about how I'm able to improve situations for those with autism.",critic_batch_017_07.jsonl
llm_train_01262,0.01,0.01,0.01,0.01,True,True,False,The passage provides clear clinical guidance on screening for ADHD as an underlying condition and monitoring ADHD patients.,often have an underlying condition of ADHD (attention deficit hyperactive disorder) and should be screened for ADHD symptoms,critic_batch_017_07.jsonl
llm_train_01263,0.01,0.01,,,False,,,"ADHD and autism appear only as items in a generic list of conditions treated by a specific therapy, with no target-specific claim.",What conditions does Cranio∼Sacral Therapy address? - Migraines... - Autism... - ADD∼ADHD,critic_batch_017_07.jsonl
llm_train_01264,0.01,0.01,0.01,0.01,True,True,False,"The passage discusses evidence-based treatment for adult ADHD using medication and behavior therapy, which is a clear clinical frame.",adult attention deficit disorder ADD ADHD is treated successfully with a combination of medication and behavior therapy,critic_batch_017_07.jsonl
llm_train_01265,0.01,0.01,0.01,0.01,True,True,False,The passage develops a target-specific claim about the role of counselling as a therapy for individuals with ASD.,"The Role of Counselling with Clients with ASD Traditionally, counselling has not been the focus of therapy for individuals with Autism Spectrum Disorder.",critic_batch_017_07.jsonl
llm_train_01266,0.01,0.01,,,False,,,"ADHD is mentioned only as one specialization in a list of therapist services, which is non-substantive per the condition-list rule.","Their team of therapists vary in specializations, of which include anxiety... ADHD",critic_batch_017_07.jsonl
llm_train_01267,0.08,0.08,0.02,0.01,True,True,False,The passage makes a substantive clinical claim about the comorbidity of ADHD in people with Tourette Syndrome.,Many people with TS also have one or more of the following problems: - Attention deficit disorder with or without hyperactivity (ADD or ADHD),critic_batch_017_07.jsonl
llm_train_01268,0.01,0.01,0.01,0.01,True,True,False,"The passage discusses the co-occurrence and clinical treatment of OCD, TS, and ADHD, meeting the clinical frame definition.","Treatment of Co-occurring Disorders: Oftentimes OCD, TS and ADHD occur together and treatment is available for each or all.",critic_batch_017_07.jsonl
llm_train_01269,0.05,0.05,0.01,0.01,True,False,False,Reporting on a television show's joke about autism is a substantive metalinguistic/representation claim that fits neither substantive frame.,"the characters of the show joked about sensitive topics like necrophilia, autism and 'Selena Gomez's kidney transplant'.",critic_batch_017_07.jsonl
llm_train_01270,0.05,0.02,0.01,0.05,True,True,True,The school provision is clinical; children's feelings of looking forward to school and becoming self-reliant foreground lived experience.,Savitur is a nursery school for children with mild to moderate challenges like autism... Children look forward to being in a safe and enabling environment,critic_batch_017_07.jsonl
llm_train_01271,0.01,0.01,,,False,,,The passage identifies the author as a parent of a child with autism but provides no target-specific proposition beyond this bare status.,mom of a child with autism,critic_batch_017_08.jsonl
llm_train_01272,0.01,0.01,0.01,0.01,True,True,False,The passage discusses a clinical research report linking ADHD to celiac disease and the effects of dietary intervention on symptoms.,a report in The Primary Care Companion for CNS Disorders noted co-occurrence of celiac disease and ADHD... found a gluten-free diet helped with the ADHD symptoms,critic_batch_017_08.jsonl
llm_train_01273,0.02,0.01,0.02,0.01,True,False,True,The passage develops a lived-experience account focusing on an individual's social traits and family discussions about safety and trust.,"Josh has Autism and one thing about it is that he is so trusting. I love that he sees the good in people, but we talk about how there are times that he shouldn’t always go with the",critic_batch_017_08.jsonl
llm_train_01274,0.01,0.01,,,False,,,The passage is an incoherent extraction containing gaming or fantasy elements where the target term lacks any meaningful context.,He Cbd Gummies And Autism... his desire to get out of trouble has also increased... I killed my shadow demon clone.,critic_batch_017_08.jsonl
llm_train_01275,0.05,0.05,0.05,0.01,True,True,False,The passage describes a presentation of a specific longitudinal research project focusing on clinical biomarker discovery for autism.,The EU-AIMS Longitudinal European Autism Project: Examples of novel approaches to biomarker discovery.,critic_batch_017_08.jsonl
llm_train_01276,0.01,0.01,,,False,,,The passage is a noisy pharmaceutical/SEO fragment with no coherent target-specific claim beyond a mention in a list of medications.,Adhd medications – clinical treatment ofbetes medical inspection food.,critic_batch_018_01.jsonl
llm_train_01277,0.01,0.01,0.01,0.01,True,True,False,Correctly identifies substantive clinical discourse focusing on evidence-based treatment (ABA) for ASD skills and behavior modification.,effectiveness in helping individuals with autism spectrum disorder (ASD) develop and enhance various skills. ABA Therapy focuses on comprehending and modifying behaviors,critic_batch_018_01.jsonl
llm_train_01278,0.85,0.85,,,True,False,True,"The passage develops a substantive account of an 'Autism Ambassador' working in support settings, which qualifies as lived experience through participation/advocacy.",is an Autism Ambassador for Hampshire County Council. Sarah explores alternative ways to improve her and others’ health,critic_batch_018_01.jsonl
llm_train_01279,0.01,0.01,0.01,0.01,True,True,False,The passage substantively discusses the process and institutional providers of diagnostic assessment for ADHD and autism.,decide whether you should go through the NHS or choose a private ADHD or autism assessment in the UK.,critic_batch_018_01.jsonl
llm_train_01280,0.7,0.7,,,True,False,True,"The passage offers concrete support group and 'Mom's Meet Up' meetings, which constitutes substantive lived-experience discourse through peer support/community.","learn more about our monthly support group meetings, Autism 101 classes and Mom’s Meet Up meetings",critic_batch_018_01.jsonl
llm_train_01281,0.05,0.01,0.05,0.05,True,True,True,Correctly coded as mixed; it discusses clinical impairment/handicap while using a first-person identity perspective ('like me').,most autism groups concentrated their support on people with more visible and profound impairments. People with Asperger's (like me),critic_batch_018_01.jsonl
llm_train_01282,0.15,0.01,0.05,0.1,True,True,True,Correctly mixed; presents autism as a 'curable' condition requiring 'assistance' (clinical) alongside a mother's emotional/relational account.,discovered that autism was curable... he was still the sweet child who loved to give her hugs and kisses.,critic_batch_018_01.jsonl
llm_train_01283,0.01,0.01,0.01,0.01,True,False,True,Substantive lived experience discourse via museum accessibility and participation for the autism spectrum community.,invites the Autism Spectrum Community to enjoy our museum through this special opportunity.,critic_batch_018_01.jsonl
llm_train_01284,0.01,0.01,0.01,0.01,True,True,False,Substantive clinical discourse focusing on insurance mandates for treatment of autism spectrum disorders.,mandates that insurance companies provide coverage for treatment of autism spectrum disorders for children ages 5 and under.,critic_batch_018_01.jsonl
llm_train_01285,0.1,0.01,0.1,0.05,True,False,True,"While it mentions diagnosis, the focus is on personal history, parental strategies, and advocacy/support for dysregulation (lived experience).",Parents encouraged her to be herself at home... Embrace Difference: advocacy for children... Helps kids who get suspended due to dysregulation,critic_batch_018_01.jsonl
llm_train_01286,0.02,0.02,,,False,,,The target mention is a thin biographical status label for the speaker without a developed target-specific proposition.,Seán Ronayne who is an Autistic Bird Expert,critic_batch_018_02.jsonl
llm_train_01287,0.01,0.01,,,False,,,"The target appears only in navigation/URL context, and the substantive testimonial text concerns asthma rather than autism.",for-autism/pg3 Media Featured... suffering from Asthma,critic_batch_018_02.jsonl
llm_train_01288,0.02,0.02,,,False,,,ADHD is mentioned only as one example in a generic list of conditions treated by a provider.,"struggling with various disorders, such as anxiety, depression, ADHD, OCD",critic_batch_018_02.jsonl
llm_train_01289,0.01,0.01,0.01,0.01,True,True,False,"The passage discusses neurobiological research and clinical measures, fitting the clinical frame definition.","Researchers have linked reduced action of an inhibitory neurotransmitter, GABA, to behavioral measures in individuals with autism.",critic_batch_018_02.jsonl
llm_train_01290,0.02,0.02,,,False,,,The targets appear in a catalog-style curriculum list without a developed target-specific claim.,Special Education ADD and ADHD Autistic Spectrum Disorders,critic_batch_018_02.jsonl
llm_train_01291,0.55,0.05,0.6,0.1,True,True,True,"The research project covers both lived 'care experiences' and institutional 'breakdowns in placements', suggesting a mixed frame.",differences in care experiences including breakdowns in placements for autistic and non-autistic children,critic_batch_018_02.jsonl
llm_train_01292,0.02,0.02,0.02,0.02,True,True,False,The passage discusses ADHD comorbidities and medication as clinical objects.,"What Is the Most Common Comorbidity With ADHD? Anxiety disorders, depression, and sleep disorders are common",critic_batch_018_02.jsonl
llm_train_01293,0.05,0.05,0.1,0.05,True,False,True,"The passage focuses on inclusive participation and empowerment in youth classes, which fits the lived-experience frame.",Inclusive Youth Classes are geared toward empowering participants,critic_batch_018_02.jsonl
llm_train_01294,0.8,0.8,,,True,True,False,The professional offering of ADHD education seminars to health professionals is a substantive clinical-service proposition.,offers ADHD education seminars to health professionals through his nonprofit,critic_batch_018_02.jsonl
llm_train_01295,0.05,0.05,0.05,0.05,True,True,False,"The passage makes a theoretical claim about the causes and neurobiological nature of autism, fitting the clinical frame.",Any Suggestion Of GMO Autism Cause & Effect Bears On Orientation,critic_batch_018_02.jsonl
llm_train_01296,0.02,0.02,,,False,,,The mention of autism occurs within a generic description of an organization's mission and event blurb without a developed target-specific claim.,"FAP’s 20-year commitment to advocacy, education, and serving people with autism",critic_batch_018_03.jsonl
llm_train_01297,0.02,0.02,0.02,0.02,True,False,True,The passage develops a clear family-experience account by linking ADHD to a concrete everyday strategy and environmental adaptation.,parents of ADHD children know that they must reduce all distracting sounds to provide an environment that allows the children to do their homework,critic_batch_018_03.jsonl
llm_train_01298,0.02,0.02,0.02,0.02,True,True,False,The passage presents autism as an object of clinical research into neurobiological mechanisms and brain development.,research will open up opportunities for understanding systems-based mechanisms of other conditions affecting heart and brain such as ... autism,critic_batch_018_03.jsonl
llm_train_01299,0.05,0.05,,,False,,,The mention of autism is a thin biographical status indicator within a list of volunteering experiences without a developed target-specific account.,I have provided respite care for a boy with Autism.,critic_batch_018_03.jsonl
llm_train_01300,0.02,0.02,0.02,0.02,True,False,True,The blurb for the solo comedy substantively describes the emotional and practical experience of raising an autistic child.,"solo comedy by Megan Dolan about raising a son on the autism spectrum. ... shares the challenges, joys, and chaos",critic_batch_018_03.jsonl
llm_train_01301,0.05,0.02,0.02,0.05,True,True,False,"The passage reports on a large-scale clinical study and prevalence statistics, treating Asperger Syndrome as a formal research and epidemiological object.",Asperger Syndrome are nine times more likely to experience suicidal thoughts ... according to the first large-scale clinical study of its kind,critic_batch_018_03.jsonl
llm_train_01302,0.02,0.02,,,False,,,The passage is a list of news headlines where the target appears only as a fragment of a title without substantive discourse in the snippet.,A parent’s call for a better world for children with autism,critic_batch_018_03.jsonl
llm_train_01303,0.02,0.02,0.02,0.02,True,True,False,The passage substantively discusses ADHD as a diagnostic object and explains the clinical mechanism of stimulant medication.,"stimulant medications are often prescribed for children that have hyperactive disorders, such as ADHD. ... stimulant medication relaxes the ADHD brain",critic_batch_018_03.jsonl
llm_train_01304,0.02,0.02,0.02,0.02,True,True,False,The passage discusses ADHD and Asperger syndrome as objects of clinical research and prevention strategies.,infants who received probiotics ... were less likely to develop attention deficit hyperactivity disorder and Asperger syndrome,critic_batch_018_03.jsonl
llm_train_01305,0.1,0.1,,,False,,,The autism mention functions as a biographical descriptor within a news report about a legal process rather than a developed target-specific claim.,"to hear directly from Roberson, who is autistic, about his efforts to seek justice under the law",critic_batch_018_03.jsonl
llm_train_01306,0.01,0.01,0.01,0.01,True,True,False,The passage discusses a clinical task force report on identifying and treating ADHD as a comorbid psychiatric problem.,discuss how to identify and treat mood disorders when there is another medical condition also present... like Anxiety Disorders to ADHD,critic_batch_018_04.jsonl
llm_train_01307,0.05,0.02,0.05,0.01,True,True,False,The passage makes a substantive clinical claim about the cognitive root of autism and its status as a brain condition.,"Examples are ADHD, autism... They target the root cognitive issues, not just symptoms.",critic_batch_018_04.jsonl
llm_train_01308,0.02,0.02,,,False,,,"The target appears only in a news headline within a long list of unrelated articles, lacking a developed proposition.",Research Uncovers Genetic Link to Autism Development,critic_batch_018_04.jsonl
llm_train_01309,0.01,0.01,,,False,,,The target mention is restricted to the name of an organization in a professional profile without further discourse.,Freya Hunter is the owner and director of Autism Behavioural Service Inc.,critic_batch_018_04.jsonl
llm_train_01310,0.15,0.05,0.2,0.1,True,False,True,"This discusses classroom accommodations and participation needs, which falls under lived experience/social participation.",Some students (such as those with ADHD or autism) may need more breaks or different kinds of breaks,critic_batch_018_04.jsonl
llm_train_01311,0.01,0.01,0.01,0.01,True,True,False,A doctoral thesis title discussing structural connectivity represents substantive clinical/research discourse.,Structural connectivity of the brain in autism spectrum disorder.,critic_batch_018_04.jsonl
llm_train_01312,0.1,0.1,0.05,0.02,True,True,False,The passage includes ADHD in a list of comorbid conditions requiring diagnostic testing and medical history review.,Migraines may accompany ADHD... medical history and diagnostic testing must occur to rule out more serious problems,critic_batch_018_04.jsonl
llm_train_01313,0.05,0.01,0.05,0.01,True,False,True,"The professional profile focuses on lived experience, neurodivergent identity, and personal values rather than clinical treatment.",Exploring past experiences... through this new neurodivergent lens... help bring a new perspective and understanding,critic_batch_018_04.jsonl
llm_train_01314,0.01,0.01,0.01,0.01,True,True,True,"The passage explicitly discusses both clinical objects (diagnosis, medication, CBT) and lived experience (community, stigma, identity).",diagnose ADHD and prescribe ADHD medication... meeting and connecting with your fellow ADHD adults,critic_batch_018_04.jsonl
llm_train_01315,0.01,0.01,0.01,0.01,True,True,False,The passage discusses genetic research and physiological symptoms (gut-brain connection) as clinical objects.,Research confirms gut-brain connection... discovered the same gene mutations... could be the cause.,critic_batch_018_04.jsonl
llm_train_01316,0.08,0.05,0.05,0.05,True,False,True,"The passage discusses workplace training and support for neurodiverse staff, which qualifies as substantive lived experience discourse.",Foundation training related to neuro-divergent ‘conditions’ ... yet it is estimated at least 1 in 8 ... support neurodiverse staff.,critic_batch_018_05.jsonl
llm_train_01317,0.02,0.02,0.02,0.02,True,True,False,"The passage discusses diagnostic techniques and biological research (iron levels), clearly representing a clinical frame.",A new technique may help doctors pinpoint early symptoms ... iron levels in healthy kids and kids already diagnosed with ADHD.,critic_batch_018_05.jsonl
llm_train_01318,0.01,0.01,,,False,,,ADHD and Autism appear only as items in a long list of conditions that a therapist can help with.,"What I can help with Abuse, ADD / ADHD, ... Autism spectrum, ...",critic_batch_018_05.jsonl
llm_train_01319,0.05,0.05,,,False,,,"The passage is a noisy, fragmented citation that does not develop a coherent target-specific account beyond a book mention.","in his Taking Internagional of ADHD, also o¤ers ways for parents to deal with many behavioral problems associated with ADHD.",critic_batch_018_05.jsonl
llm_train_01320,0.1,0.1,,,False,,,"The passage is a commercial product blurb for a handbook, and its health claims are brief and promotional.",explore how The ADHD and Autism Nutritional Supplement Handbook can drastically improve their health.,critic_batch_018_05.jsonl
llm_train_01321,0.05,0.05,0.05,0.05,True,False,True,The passage describes an ADHD-friendly accessibility mode that helps users with concentration and reading on a website.,"Tryb przyjazny ADHD ... pomaga użytkownikom z ADHD i zaburzeniami neurorozwojowymi w łatwiejszym czytaniu, przeglądaniu i skupianiu się",critic_batch_018_05.jsonl
llm_train_01322,0.02,0.02,,,False,,,The target terms appear only in a list of conditions to be diagnosed as part of a job description for a Psychologist.,"diagnosing conditions such as anxiety disorders, depression, ADHD, and autism spectrum disorders.",critic_batch_018_05.jsonl
llm_train_01323,0.02,0.02,,,False,,,The target terms appear only as examples of special needs in a babysitter's list of professional experience.,"caring for children of all ages, including those with special needs such as ADHD and autism.",critic_batch_018_05.jsonl
llm_train_01324,0.02,0.02,,,False,,,The passage contains only professional credentials and institutional affiliations without a target-specific claim.,post-master’s training with the Autism Assessment ... Center ... Katy is also an ADHD-Certified Clinical Services Provider,critic_batch_018_05.jsonl
llm_train_01325,0.01,0.01,,,False,,,The target term appears only as part of an organisation name in a long list of venues and locations.,Bierman Autism Centers - Avon Bierman Autism Centers - Westfield Bierman Autism Centers – Fort Wayne,critic_batch_018_05.jsonl
llm_train_01326,0.02,0.01,0.01,0.01,True,True,False,"The passage makes a coherent (albeit dismissive) clinical claim linking vaccines to autism causes, meeting the clinical object definition.",Even if vaccines don’t cause autism,critic_batch_018_06.jsonl
llm_train_01327,0.02,0.01,0.01,0.01,True,True,False,"The passage discusses the scientific consensus on the lack of a link between vaccines and autism, treating it as a research and causal object.",study after study showing no link between vaccines and autism,critic_batch_018_06.jsonl
llm_train_01328,0.1,0.1,,,False,,,The mention of 'Issues Associated With Having a Child With Autism' is a link title in a search results list without substantive development.,Issues Associated With Having a Child With Autism http://pfp,critic_batch_018_06.jsonl
llm_train_01329,0.05,0.01,0.02,0.02,True,True,True,"The passage includes clinical objects (medication, to-do list organization) and first-person lived experience (motivation levels).",you may have been told that improving motivation is a matter of better organizing your to-do list or simply getting on the right medication.,critic_batch_018_06.jsonl
llm_train_01330,0.01,0.01,,,False,,,The target terms appear only in a list of organizations without any substantive claims or discourse.,Autism Society of Southeastern Wisconsin Autism Speaks,critic_batch_018_06.jsonl
llm_train_01331,0.05,0.01,0.02,0.02,True,False,True,"The author uses 'autism' as a self-explanatory status for their subjective difficulty with layout and design, meeting lived-experience criteria.",I have no skills at layout and design... which is a bad combination for someone with autism.,critic_batch_018_06.jsonl
llm_train_01332,0.15,0.01,0.1,0.05,True,True,True,"While primarily lived experience (family account), mentioning developmental delays and balance complications as clinical factors adds a clinical frame.",delays in her development have caused significant complications with her sense of balance.,critic_batch_018_06.jsonl
llm_train_01333,0.02,0.01,0.01,0.01,True,True,False,The passage discusses clinical treatment (melatonin dosage) and professional management (doctors' recommendations) for autistic children.,"melatonin is frequently prescribed to them... Kids with developmental disorders (including cerebral palsy, autism...) can take larger doses, as recommended by their doctors.",critic_batch_018_06.jsonl
llm_train_01334,0.05,0.02,0.02,0.02,True,True,False,The passage provides specific clinical instructions and resources for clinicians regarding autism screening and intervention.,Understand available screening tools and tests - Screen effectively for inborn and acquired conditions - Intervene appropriately,critic_batch_018_06.jsonl
llm_train_01335,0.05,0.01,0.02,0.02,True,True,True,"The passage combines clinical objects (assessment, documentation) with lived-experience participation (managing housing, support animals).",what the clinical assessment involves... live with the animal that genuinely supports their mental health.,critic_batch_018_06.jsonl
llm_train_01336,0.05,0.02,0.02,0.05,True,True,False,The passage describes a formal clinical process involving tests and doctors to arrive at a diagnosis.,"After three months of tests and appointments, Thom was told her son had autism.",critic_batch_018_07.jsonl
llm_train_01337,0.02,0.01,0.02,0.02,True,True,True,The passage identifies concrete institutional provision and foregrounds a caregiver's emotional advocacy experience.,"Hannah said she was ""tired"" of advocating on behalf of Tommy and families like theirs",critic_batch_018_07.jsonl
llm_train_01338,0.02,0.02,,,False,,,The target is mentioned only as an academic minor in a biographical profile without a target-specific proposition.,has two minors in autism and dance,critic_batch_018_07.jsonl
llm_train_01339,0.02,0.01,0.02,0.01,True,True,False,The passage makes a target-specific clinical claim concerning environmental causes and risk factors.,"sewage sludge and other contaminants are a cause of cancer, birth defects, autism",critic_batch_018_07.jsonl
llm_train_01340,0.1,0.1,,,False,,,The target appears in a generic provider training list; broader disability claims do not satisfy target-specific substantiveness.,Our carers are trained to cover a wide range of conditions... including: - Autism,critic_batch_018_07.jsonl
llm_train_01341,0.02,0.02,,,False,,,The passage contains a generic statement about the existence of support/volunteering without a classifiable proposition.,you may be able to help the autistic,critic_batch_018_07.jsonl
llm_train_01342,0.02,0.01,0.02,0.01,True,True,False,The technology is explicitly framed as a clinical tool for the treatment of the target condition.,the technology is already being used to treat autism and PTSD,critic_batch_018_07.jsonl
llm_train_01343,0.05,0.02,0.03,0.02,True,True,False,The passage specifies clinical treatment (medication) and management strategies for the target behavior.,Medications used to treat symptoms of FXS include: - Stimulants... to treat attention deficit,critic_batch_018_07.jsonl
llm_train_01344,0.15,0.1,0.1,0.05,True,True,False,The claim that the target condition manifests as social disturbances is a substantive clinical proposition about symptoms.,ADHD... can manifest as social and emotional disturbances,critic_batch_018_07.jsonl
llm_train_01345,0.05,0.02,0.03,0.02,True,True,False,The passage identifies the target as a behavioral difficulty within a broader clinical symptom and diagnosis description.,"Behavioral difficulties, including: - Attention deficit hyperactivity disorder (ADHD)",critic_batch_018_07.jsonl
llm_train_01346,0.02,0.01,0.02,0.01,True,False,True,The passage develops a clear family-experience account of the parent-child bond and meaning-making after diagnosis.,the pure love and incredible bond you had hoped for as a parent will still be there,critic_batch_018_08.jsonl
llm_train_01347,0.01,0.01,,,False,,,"The passage is a generic directory list of organisations and resources, lacking a target-specific claim.",Attention-Deficit Hyperactivity Disorder ADDA - Attention Deficit Disorder Association,critic_batch_018_08.jsonl
llm_train_01348,0.02,0.01,0.01,0.02,True,True,False,The passage discusses a clinical service providing evidence-based therapies and interventions.,provide cutting-edge interventions for children with Autism Spectrum Disorder... evidence-based therapies,critic_batch_018_08.jsonl
llm_train_01349,0.05,0.05,,,False,,,This is a commercial sales claim focused on ordering logistics and metadata rather than target discourse.,"dosage accuracy, regulatory compliance, shipping reliability, and secure payment",critic_batch_018_08.jsonl
llm_train_01350,0.01,0.01,,,False,,,The passage is an SEO product blurb or listing where the target appears only as a search keyword.,can hemp oil be used for adhd,critic_batch_018_08.jsonl
llm_train_01351,0.85,0.05,0.85,0.1,True,True,True,"The mention of 'working on requesting' identifies a specific clinical intervention goal, which constitutes a clinical frame alongside the lived-experience account of the activity.",working on requesting; He really likes art activities,critic_batch_019_01.jsonl
llm_train_01352,0.02,0.01,0.01,0.01,True,True,False,"The passage discusses scientific research into metabolites and potential pharmacological treatments for autism, which is purely clinical.",metabolite produced by gut bacteria is sufficient to cause behavioral abnormalities associated with autism,critic_batch_019_01.jsonl
llm_train_01353,0.02,0.01,0.01,0.01,True,True,False,The passage discusses epidemiological risk factors and diagnostic prevalence research regarding TV viewing and ADHD.,"link early TV viewing to development of ADD... increases the risk of attention problems, such as ADHD",critic_batch_019_01.jsonl
llm_train_01354,0.02,0.01,0.01,0.01,True,True,False,"The passage describes research findings on device use and ADHD symptoms/conduct problems, maintaining a clinical/nosological focus.",difficulty paying attention and exhibited attention deficit-hyperactivity disorder symptoms,critic_batch_019_01.jsonl
llm_train_01355,0.05,0.01,0.02,0.05,True,True,False,The passage reports research data on challenging behaviours and symptom-like emotional states in children with ADHD.,worsened existing challenging behaviours and increased problems with regulating emotions,critic_batch_019_01.jsonl
llm_train_01356,0.02,0.01,0.01,0.01,True,True,False,The passage discusses clinical trials and the efficacy of iron supplementation for treating ADHD symptoms.,supplementation with iron (ferrous sulfate) in people with ADHD improves symptoms,critic_batch_019_01.jsonl
llm_train_01357,0.02,0.01,0.01,0.01,True,True,False,The passage discusses clinical risk factors and epidemiological associations between pregnancy complications and autism.,High blood pressure during pregnancy may raise a woman’s chances of having an autistic child,critic_batch_019_01.jsonl
llm_train_01358,0.02,0.01,0.01,0.01,True,True,False,The passage describes medical research into the safety and efficacy of methylphenidate treatment for ADHD.,efficacy and safety of methylphenidate for the treatment of ADHD... prospective cohort design,critic_batch_019_01.jsonl
llm_train_01359,0.05,0.01,0.05,0.01,True,False,True,The passage focuses on the everyday practical challenge of participation in recreational activities for autistic children.,limited options when it comes to choosing a summer camp,critic_batch_019_01.jsonl
llm_train_01360,0.01,0.01,,,False,,,"The passage is a list of distinct article titles, which is non-substantive navigation/listing metadata.",Prison Is Even Worse When You Have a Disability Like Autism,critic_batch_019_01.jsonl
llm_train_01361,0.02,0.01,0.01,0.01,True,True,False,"The passage discusses research and theoretical frameworks regarding autism, which is a clear clinical frame without lived experience.",theoretical frameworks propose that the seemingly disparate features of autism may arise from a common underlying process,critic_batch_019_02.jsonl
llm_train_01362,0.01,0.01,,,False,,,"Target appears only in an SEO product blurb and keyword list, making it non-substantive per rule 5.3.",Adhd Pills And Weight Loss,critic_batch_019_02.jsonl
llm_train_01363,0.08,0.02,0.1,0.02,True,False,True,"Symptom language is used for self-explanation and coping within an everyday fitness account, supporting a lived-only frame.",my commitment to fitness... is the number one reason I’ve been able to cope with the struggles associated with ADHD,critic_batch_019_02.jsonl
llm_train_01364,0.01,0.01,,,False,,,"The passage is a commercial product listing/advert dominated by sales metadata, which is non-substantive.",cbd oil benefits autism garden,critic_batch_019_02.jsonl
llm_train_01365,0.05,0.02,0.02,0.05,True,False,True,"The passage describes a fictional character's personal struggles, which qualifies as a lived-experience frame through participation and social meaning.",show explores how he struggles with these huge changes,critic_batch_019_02.jsonl
llm_train_01366,0.02,0.01,0.01,0.02,True,True,True,Explicitly mentions clinical testing and management while also developing practical challenges and emotional frustration.,ADHD Testing & Management ... individuals’ histories are replete with reports of procrastination,critic_batch_019_02.jsonl
llm_train_01367,0.02,0.01,0.01,0.01,True,True,False,"Analyzes autism diagnostic boundaries and prevalence rates, which is a clear clinical frame.",autism rates are higher now than they were in 1990 because people who would not have been considered autistic in 1990 are considered autistic today,critic_batch_019_02.jsonl
llm_train_01368,0.02,0.01,0.01,0.02,True,True,True,Combines discussion of symptoms and medication with the emotional frustration of parents managing behavioral outbursts.,primary treatment for ADHD is stimulant medications... parents of kids with ADHD may become frustrated with their behavioral outbursts,critic_batch_019_02.jsonl
llm_train_01369,0.01,0.01,,,False,,,"Target appears only in a long list of conditions and topics, which is non-substantive per rule 5.3.",Refine Issues - ADHD - Addiction - Adoption ... Autism,critic_batch_019_02.jsonl
llm_train_01370,0.05,0.02,0.02,0.05,True,False,True,"Discusses the practical everyday need for consistency in transportation for autistic clients, foregrounding lived participation.","Clients with autism ... rely on consistency. ""With changing the driver, just whoever happens to be there""",critic_batch_019_02.jsonl
llm_train_01371,0.02,0.01,0.01,0.01,True,True,False,Correct; makes a substantive clinical claim about the increase and causes of behavior disorders including the target.,changes in society can lead to an increase of behavior disorders including ADHD and even Autism,critic_batch_019_03.jsonl
llm_train_01372,0.01,0.01,,,False,,,"Correct; the target appears only in a list of recommended article headlines, which is non-substantive per Rule 5.3.","‘Say The V Word’: RFK’s Approach To Solve Measles, Autism Epidemic Raises Questions From MAHA",critic_batch_019_03.jsonl
llm_train_01373,0.01,0.01,0.01,0.01,True,True,False,"Correct; provides an explicit service offering for diagnosis and treatment, which is clinical per Rule 6.2.",ADHD Psychiatrists – Find a Psychiatrist Who Specialises in ADHD Diagnosis and Treatment,critic_batch_019_03.jsonl
llm_train_01374,0.01,0.01,0.01,0.01,True,True,False,"Correct; discusses diagnosis and misconceptions from a professional psychological perspective, meeting the clinical definition.","Some of the most frequently asked questions about Adult ADHD, as well as comments and misconceptions about it are discussed by ur psychologists",critic_batch_019_03.jsonl
llm_train_01375,0.01,0.01,0.01,0.01,True,True,False,Correct; describes a concrete clinical service (behavior analysis and intervention) and diagnosis education.,Behavior Analysts will carefully craft an assessment-based intervention... provide education regarding the autism diagnosis,critic_batch_019_03.jsonl
llm_train_01376,0.05,0.02,0.03,0.01,True,True,False,"Correct; makes a substantive clinical claim about the link between ADHD and bruxism, which is a comorbidity claim.","others link it to underlying health conditions, such as sleep apnea, ADHD, and gastroesophageal reflux disorder",critic_batch_019_03.jsonl
llm_train_01377,0.01,0.01,,,False,,,"Correct; the target appears only as a book title within a list of books, which is non-substantive per Rule 5.3.",The Reason I Jump: The inner voice of a thirteen-year-old boy with autism by Naoki Higashida,critic_batch_019_03.jsonl
llm_train_01378,0.02,0.01,0.01,0.01,True,False,True,Correct; develops a lived-experience frame through identity and everyday workplace participation/employment.,"collectively hired 1,400 neurodivergent employees... includes, but not limited to, those identifying as autistic",critic_batch_019_03.jsonl
llm_train_01379,0.03,0.01,0.02,0.01,True,True,False,Correct; treats the target as a clinical object by specifying medical requirements and diagnosis type.,a form of autism that requires medication three times a day,critic_batch_019_03.jsonl
llm_train_01380,0.1,0.1,,,False,,,Correct; event promotion for a charity run with generic support language (iPads) is non-substantive per Rule 8.10.,The run raises money for the Kiwanis Autism Project. The project supports six local schools by giving iPads to children with Autism.,critic_batch_019_03.jsonl
llm_train_01381,0.05,0.05,,,False,,,"ADHD appears only as a symptom in a list for another condition (NF1), which is non-substantive for the target itself.",Neurofibromatosis 1 – appearance of light brown spots... ADHD; learning disabilities,critic_batch_019_04.jsonl
llm_train_01382,0.05,0.05,0.05,0.05,True,False,True,"The passage provides a family account of life changes and grief, while diagnosis is mentioned only as a life status.",I was dealing with grief and this complete life change: my little girl being diagnosed as autistic,critic_batch_019_04.jsonl
llm_train_01383,0.05,0.05,,,False,,,"The target terms appear only in a generic list of conditions treated by a provider, lacking target-specific discourse.","examples include depression... autism, ADHD and so on",critic_batch_019_04.jsonl
llm_train_01384,0.1,0.1,,,False,,,The passage is a collection of SEO-style topic tags and service categories without developing a coherent claim.,ADHD Assessment Techniques - ADHD Therapy - ADHD Therapy Interventions,critic_batch_019_04.jsonl
llm_train_01385,0.05,0.05,0.05,0.1,True,True,False,"The passage describes a concrete institutional provision (specialist school) for the target population, which is clinical.",independent day and boarding school offering specialist learning support for... children on the autistic spectrum,critic_batch_019_04.jsonl
llm_train_01386,0.05,0.05,0.05,0.05,True,True,False,"The discourse focuses on the neurobiological causes and symptomatic mechanisms of ADD/ADHD, fitting the clinical frame.",inefficient development of the nervous system as a cause... Moro reflex in children... with attention deficit disorder,critic_batch_019_04.jsonl
llm_train_01387,0.15,0.1,0.2,0.1,True,False,True,"The passage details sensory-friendly accessibility and participation for autistic children, foregrounding lived experience.",sensory-friendly activities... these properties truly understand that every child experiences the world differently,critic_batch_019_04.jsonl
llm_train_01388,0.85,0.1,0.1,0.9,True,True,False,"Mentioning where diagnosis occurs is clinical, but generic 'inclusive practices' for a broad SEN list do not meet the lived-experience threshold.","It is often in a language classroom that SEN, like dyslexia, dysgraphia or autism, are first diagnosed",critic_batch_019_04.jsonl
llm_train_01389,0.15,0.1,0.1,0.2,True,True,False,The profile offers professional interventions (strategy development) for ADHD within a clinical/therapeutic context.,licensed professionals... ADHD/ADD strategy development,critic_batch_019_04.jsonl
llm_train_01390,0.1,0.1,,,False,,,"This is a report on fundraising and CSR activities which, per rule 8.10, remains non-substantive without a target-specific claim.",community programme to raise funds... for the National Autism Society of Malaysia (NASOM),critic_batch_019_04.jsonl
llm_train_01391,0.05,0.01,0.02,0.02,True,False,True,"The passage develops a clear family/caregiver account of feelings and meaning-making following a diagnosis, which is a canonical lived-experience indicator.",I cried a lot and I have a faint memory of eating lots of ice cream after my son’s ADHD diagnosis.,critic_batch_019_05.jsonl
llm_train_01392,0.05,0.01,0.02,0.02,True,False,True,"The passage discusses professional integration and environments suited to autistic individuals, focusing on participation and strengths.","reflection on environments and types of activities that best suit individuals with high-functioning autism, facilitate seamless professional integration",critic_batch_019_05.jsonl
llm_train_01393,0.02,0.01,0.01,0.01,True,False,True,"The passage describes family relational experience and references a seminal lived-experience text, clearly meeting the lived-experience definition.","You try to relate to your autistic child, and the child doesn't respond.",critic_batch_019_05.jsonl
llm_train_01394,0.85,0.85,,,True,False,True,"The passage makes a target-specific claim about 'Learning to do things differently with ADHD' and identifies a concrete adaptation tool, qualifying as lived experience.",Learning to do things differently with ADHD ... and a tool that’s helping me get tasks done called Groove,critic_batch_019_05.jsonl
llm_train_01395,0.9,0.9,,,True,True,False,"The headline 'Tandem Repeats May Explain Autism Risk' is a coherent target-specific clinical proposition about genetic risk factors, meeting the substantive threshold.",Tandem Repeats May Explain Autism Risk,critic_batch_019_05.jsonl
llm_train_01396,0.02,0.02,,,False,,,"The target mention is part of a generic administrative/promotional statement without developed target-specific discourse, correctly coded as non-substantive.",non profit that does programming for children with Autism,critic_batch_019_05.jsonl
llm_train_01397,0.05,0.02,0.03,0.02,True,False,True,"The passage discusses public understanding and stereotypes of ADHD, which supports a lived-experience label per codebook section 7.2.",they have no idea what ADHD is... some probably thought it was a type of plasma screen TV,critic_batch_019_05.jsonl
llm_train_01398,0.01,0.01,,,False,,,"ADHD appears only in a generic list of conditions a practitioner assists with, which is non-substantive per rule 8.2.",Paediatrics (ADD ADHD),critic_batch_019_05.jsonl
llm_train_01399,0.01,0.01,,,False,,,"The target terms appear only in a navigation/topic list, which is non-substantive per rule 5.3.",Health Library Topics ... adhd ... autism,critic_batch_019_05.jsonl
llm_train_01400,0.01,0.01,,,False,,,"The text contains keyword-stuffed list fragments without a coherent proposition, correctly coded as non-substantive.",Keto diet autism,critic_batch_019_05.jsonl
llm_train_01401,0.02,0.02,,,False,,,"The passage contains only the title of a resource guide and a slogan, which are non-substantive promotional materials per Rule 5.3.",Autism Spectrum Disorder Formulation & Resource Guide... Knowledge Changes Everything,critic_batch_019_06.jsonl
llm_train_01402,0.01,0.01,0.01,0.01,True,True,False,The passage provides a formal clinical definition of ADHD as a neurodevelopmental disorder with symptoms (Rule 6.2).,ADHD/ADD-Attention Deficit Hyperactivity Disorder/Attention Deficit Disorder is the inability to focus... (a neurodevelopmental disorder).,critic_batch_019_06.jsonl
llm_train_01403,0.01,0.01,0.01,0.01,True,True,False,"The passage discusses clinical onset, diagnosis timing, and subtypes of autism (Rule 6.2).",typically diagnosed in early childhood. There are two types of autism: early-onset autism and regression autism.,critic_batch_019_06.jsonl
llm_train_01404,0.02,0.02,,,False,,,The target appears only as one example in a broader list of conditions served by an organization without a specific claim (Rule 5.3).,"Serves children with special needs related to autism, Asperger's Disorder, learning disabilities, attention deficit/hyperactivity disorder",critic_batch_019_06.jsonl
llm_train_01405,0.05,0.01,0.05,0.02,True,False,True,This is a lived-experience account of a family coping strategy; the biological explanation is self-theorising and secondary (Rule 8.5).,"She has ADHD and for some reason, if I gave her gum or candy to suck on, she was much calmer and more productive.",critic_batch_019_06.jsonl
llm_train_01406,0.1,0.1,,,False,,,The passage is a truncated event description where the mention of autism is linked only to the event's generic purpose (Rule 8.10).,The 5K To celebrate and recognize those among us on the autism spectrum and to pray for a renewed sense of hope,critic_batch_019_06.jsonl
llm_train_01407,0.02,0.01,0.02,0.01,True,True,False,The passage discusses clinical impairment and professional interventions in an academic setting (Rule 6.2).,Children with ADHD often exhibit both academic and behavioral difficulties... Combining Behavioral and Academic Interventions,critic_batch_019_06.jsonl
llm_train_01408,0.04,0.04,,,False,,,This is an event promotion for a foundation project; the goal of raising awareness is too generic to be substantive (Rule 8.10).,to raise awareness and understanding and encourage discussion around Attention Deficit Hyperactivity Disorder (ADHD) and autism.,critic_batch_019_06.jsonl
llm_train_01409,0.06,0.01,0.05,0.03,True,True,False,"The passage describes symptoms and resulting impairment in functioning, which fits the clinical/disorder-construct frame (Rule 6.2/7.3).","social interaction are often hard for them. this will cause anxiety and stress, also as make it harder to function in class",critic_batch_019_06.jsonl
llm_train_01410,0.02,0.02,,,False,,,A bare diagnosis mention for a family member without a developed account is non-substantive (Rule 8.1).,"In case some of you don't know, Bob's grandson is autistic.",critic_batch_019_06.jsonl
llm_train_01411,0.05,0.02,0.1,0.02,True,False,True,"The passage provides a conceptual definition of neurodiversity, which supports a lived-experience label under Rule 8.7, correctly avoiding a clinical label despite mention of disorders.",Neurodiversity (noun) is the range of differences in brain function and behavior,critic_batch_019_07.jsonl
llm_train_01412,0.02,0.01,0.01,0.01,True,True,False,Correctly identifies clinical framing in the context of professional therapy and medical treatment for condition-related brain dysfunction.,therapy which utilizes optometric vision therapy ... treated with Neuro-Optometric Rehabilitation,critic_batch_019_07.jsonl
llm_train_01413,0.02,0.01,0.01,0.01,True,True,False,"Accurately identifies clinical discourse focused on epidemiological research, diagnostic rates, and medical consensus in peer-reviewed journals.","recent scientific research ... higher rates of children being diagnosed with ADHD, autism",critic_batch_019_07.jsonl
llm_train_01414,0.05,0.02,0.02,0.02,True,False,True,"Correctly identifies lived-experience framing through advocacy, community awareness, and social participation in cultural festivals.",NGO which uses art to raise awareness ... autism theme based kathak performances,critic_batch_019_07.jsonl
llm_train_01415,0.9,0.85,0.5,0.8,False,,,"The mention of autism is purely rhetorical within a political argument; it lacks a substantive target-specific account, proposition, or lived experience as required by Stage 0.",autism does not care about politics or borders,critic_batch_019_07.jsonl
llm_train_01416,0.05,0.02,0.02,0.02,True,False,True,"Accurately identifies lived-experience framing in the context of community participation, accessibility, and practical family support.",provide trained assistance for families and caregivers ... make adaptations as needed,critic_batch_019_07.jsonl
llm_train_01417,0.05,0.05,,,False,,,Correctly classifies the target mention within a list of unrelated news headlines as non-substantive navigation/related-link metadata.,'Love on the Spectrum' stars hit back at RFK Jr. 's autism comments,critic_batch_019_07.jsonl
llm_train_01418,0.1,0.1,,,False,,,Correctly identifies that the diagnosis is mentioned only as a status marker in a rescue narrative without further target-specific discourse (Rule 8.1).,rescuing a 4-year-old girl with autism from drowning,critic_batch_019_07.jsonl
llm_train_01419,0.05,0.02,0.05,0.05,True,True,True,"Correctly identifies a mixed frame where research-based clinical constructs (diagnosis/study) and lived experience (leisure, coping, burnout) are both substantive.",identified with the autism spectrum ... video video games as a manner to deal with ... autistic burnout,critic_batch_019_07.jsonl
llm_train_01420,0.02,0.01,,,False,,,Correctly identifies a truncated event promotion fragment as non-substantive per Rule 5.3.,"Event details - Sunday | May 22, 2022 Join us in a discussion about ADHD",critic_batch_019_07.jsonl
llm_train_01421,0.05,0.05,,,False,,,"The passage consists of a podcast title and metadata, which is typically non-substantive under the conservative Stage 0 rules for titles and page names.","ADHD Experts Podcast : 137- ""I Can Do This! "" How Mindset Impacts Learning in Kids with ADHD",critic_batch_019_08.jsonl
llm_train_01422,0.01,0.01,0.01,0.01,True,False,True,The passage develops a clear lived-experience account by foregrounding the subject's personal perspective on how autism affects her speech and expression.,"her autism makes her speak with a “very unique tone and manner of speech. ” “Sometimes we have stilted speech,”",critic_batch_019_08.jsonl
llm_train_01423,0.01,0.01,0.01,0.01,True,True,False,ADHD is treated as a clinical object defined by the requirement for stimulant medication in the context of research/epidemiological polling.,Study drugs refer to stimulant medications typically prescribed for the treatment of attention deficit hyperactivity disorder (ADHD),critic_batch_019_08.jsonl
llm_train_01424,0.01,0.01,0.01,0.01,True,False,True,"The passage summarizes a book that focuses on the subjective stories and relational experiences of autistic individuals, meeting the lived-experience definition.","following five autistic individuals' experience with love, in all its forms - romantic, familial, platonic",critic_batch_019_08.jsonl
llm_train_01425,0.01,0.01,,,False,,,"The mention of autism is a bare query about diagnostic status without a developed clinical, lived-experience, or other target-specific proposition.",So does she have an autistic son after all? Because my niece’s son isn’t autistic.,critic_batch_019_08.jsonl
llm_train_01426,0.02,0.02,,,False,,,"The passage is a collection of citation fragments and bibliography entries, which are non-substantive under Section 5.3.",Autism Spectrum Disorder - Malak Biebiel et al; Music improves Social communication... Translational Psychiatry,critic_batch_020_01.jsonl
llm_train_01427,0.01,0.01,,,False,,,"The passage is a single citation fragment, which is explicitly defined as non-substantive in Section 5.3.",Ashtari M... Attention-Deficit/Hyperactivity Disorder: A Preliminary Diffusion Tensor Imaging Study.,critic_batch_020_01.jsonl
llm_train_01428,0.02,0.02,,,False,,,A target-named book title or excerpt label without a developed target-specific claim is non-substantive per Section 8.10.,Excerpt from Not Even Wrong: Adventures in Autism by Paul Collins,critic_batch_020_01.jsonl
llm_train_01429,0.05,0.05,,,False,,,"The passage is largely incoherent and uses target terms in a confused, non-substantive commercial or metaphorical context.",everyone knew that once the cavalry charged... hunger control tablets was already ADHD pills for weight loss,critic_batch_020_01.jsonl
llm_train_01430,0.95,0.95,,,True,True,False,The passage makes a substantive claim about institutional provision and the pausing of clinical assessments for autism and ADHD.,Some ICBs have now instructed providers to pause new bookings for autism assessments.,critic_batch_020_01.jsonl
llm_train_01431,0.08,0.08,,,False,,,The autism mention is a thin biographical status mention that does not develop a target-specific proposition (Section 5.3).,"10-year-old boy from Reykjavik, Iceland, who is on the autism spectrum.",critic_batch_020_01.jsonl
llm_train_01432,0.03,0.03,,,False,,,"The passage is a list of headlines and related-link labels, which are non-substantive under Section 5.3.","Harvard research links fluoridated water to ADHD, mental disorders",critic_batch_020_01.jsonl
llm_train_01433,0.04,0.04,,,False,,,The closure of a target-named organization is administrative news and does not constitute a substantive target-specific claim.,"Action for ASD... has closed its doors. In June 2023, the trustees... made the difficult decision to cease operations.",critic_batch_020_01.jsonl
llm_train_01434,0.05,0.05,,,False,,,Generic claims of 'providing services' or 'raising awareness' by an organization are non-substantive per Section 8.3.,"Ambitious about Autism is the national charity... We provide services, raise awareness and understanding",critic_batch_020_01.jsonl
llm_train_01435,0.05,0.05,0.02,0.05,True,False,True,"The passage foregrounds a caregiver's practical and emotional effort in caring for a child with ADHD, meeting the lived-experience definition.",Mommy is the drama... mother of a 15 year old teenager suffering from ADHD. Mother’s desperate effort to take care of her son,critic_batch_020_01.jsonl
llm_train_01436,0.02,0.01,0.02,0.01,True,False,True,"The passage develops an everyday account of marriage and behavior using symptom language as self-explanation, which is lived experience per Rule 8.5.","Greg told me how the ADHD caused him to speak out somewhat suddenly, often harshly and critical to his wife",critic_batch_020_02.jsonl
llm_train_01437,0.01,0.01,,,False,,,"The target appears only in a professional credential list and a navigation 'See main listing' blurb, which is non-substantive per Rule 5.3 and 8.8.","experienced in many aspects of behavioural, learning and communication difficulties including general behaviour management, ADHD",critic_batch_020_02.jsonl
llm_train_01438,0.03,0.01,0.02,0.03,True,False,True,"The passage discusses the social meaning, stigma, and use of autism as an insult in online communities, meeting the lived-experience definition.",I’ve seen the word ‘autist’ used as an insult in online games... calling their esports team “autistic nerds”,critic_batch_020_02.jsonl
llm_train_01439,0.01,0.01,0.01,0.01,True,False,True,"The passage foregrounds family dynamics and caregiver relationships involving an autistic brother, which is lived experience per Rule 7.2 and 8.4.",the man’s responsibility towards his high needs autistic brother... wife perceives his attention to his brother as neglect,critic_batch_020_02.jsonl
llm_train_01440,0.01,0.01,,,False,,,"This is a truncated resource citation fragment without a developed target-specific account, coded non-substantive per Rule 5.3.","Resources: Hamilton, Jon. “Remote Learning’s Distractions Put Extra Pressure on Students with ADHD.”",critic_batch_020_02.jsonl
llm_train_01441,0.05,0.01,0.05,0.08,True,True,False,"The passage discusses autism-related wandering as a clinical/behavioral risk factor and safety warning from an organization, supporting a clinical frame.",National Autism Association is warning caregivers about the increased risks of autism-related wandering,critic_batch_020_02.jsonl
llm_train_01442,0.02,0.01,0.02,0.02,True,False,True,"The passage focuses on a family's personal story, advocacy, and peer support for other families, which are core lived-experience indicators.",by telling our story we may be able to assist families with similar challenges,critic_batch_020_02.jsonl
llm_train_01443,0.01,0.01,0.01,0.01,True,True,False,"The passage discusses diagnostic screening and the formal process of assessment/diagnosis, which is a clinical frame per Rule 6.2.",These quizzes are designed to identify specific conditions... but they cannot give you a full diagnosis.,critic_batch_020_02.jsonl
llm_train_01444,0.01,0.01,0.01,0.01,True,True,False,"The passage uses nosological classification (DSM-V) and discusses ADHD as a disorder associated with other mental health conditions, fitting the clinical frame.",anxiety is associated with many other mental disorders like... attention deficit hyperactivity disorder,critic_batch_020_02.jsonl
llm_train_01445,0.02,0.02,,,False,,,"ADHD/Autism appear only as entries in a noisy list of conditions without a target-specific proposition or class-level claim, per Rule 5.3.","upset stomach, vomiting, cold, flu symptoms. or Autism, ADHD, over-react, rebelling",critic_batch_020_02.jsonl
llm_train_01446,0.05,0.05,,,False,,,The passage poses a question about a relation between autism and Lyme disease but does not develop a coherent target-specific claim.,Is there a relation between autism and Lyme disease?,critic_batch_020_03.jsonl
llm_train_01447,0.02,0.01,0.01,0.01,True,True,False,The passage discusses clinical neurofeedback treatment approaches for ADHD as a medical/psychological object.,standard ADHD neurofeedback treatment approach may be doing more harm than good,critic_batch_020_03.jsonl
llm_train_01448,0.01,0.01,,,False,,,The term is used metaphorically or generically to describe phone-checking behavior rather than the condition itself.,develop attention deficit disorders from checking their phones for messages from HER every 2 minutes,critic_batch_020_03.jsonl
llm_train_01449,0.02,0.01,0.01,0.01,True,False,True,The passage provides a specific family account of an autistic person's practical challenge and choice in an everyday setting.,My autistic daughter took a dislike to that drag lift. So much that she decided she would walk,critic_batch_020_03.jsonl
llm_train_01450,0.05,0.02,0.05,0.02,True,True,False,Discussing student prevalence and 'high level needs' in an educational/institutional context supports a clinical frame.,"high level needs pupils she had in her class, with dyslexia and autism especially prevalent",critic_batch_020_03.jsonl
llm_train_01451,0.15,0.05,0.15,0.1,True,True,True,The mention of specific 'strategies' for autism in a support group context often includes clinical/behavioral management and lived experience.,advice using Michelle Garcie Winner's strategies to help children with autism,critic_batch_020_03.jsonl
llm_train_01452,0.02,0.02,,,False,,,The target appears only as a title in a list of news headlines without a developed claim.,Local teacher has a mission to make sure all students and staff understand autism,critic_batch_020_03.jsonl
llm_train_01453,0.02,0.01,0.01,0.01,True,False,True,"The passage foregrounds acceptance, identity, and sharing personal stories, which are core lived-experience indicators.",dedicated to increasing understanding and acceptance of Autistic People. One of the many ways we can do this is by sharing your stories.,critic_batch_020_03.jsonl
llm_train_01454,0.85,0.85,,,True,False,True,"The passage discusses a podcast about college life with autism and mentions students developing plans with support, indicating lived experience.",Students develop plans for employment after graduation... with individualized support. The Autism Goes to College Podcast,critic_batch_020_03.jsonl
llm_train_01455,0.05,0.01,0.01,0.05,True,True,False,ADHD is used as a formal clinical/forensic object to explain behavior and mental health in a legal defense context.,"McDonald, who suffers from ADHD and depression... Judge David Aubrey, QC, accepted that McDonald had mental health issues",critic_batch_020_03.jsonl
llm_train_01456,0.05,0.02,0.02,0.02,True,True,False,ADHD is substantively discussed as a clinical risk factor for addiction within a meaningful class-level claim.,"Suffering from another mental health disorder, such as ADHD... can contribute to the development of dependence or addiction.",critic_batch_020_04.jsonl
llm_train_01457,0.05,0.02,0.02,0.02,True,False,True,"The passage develops a substantive account of school participation and individual needs, which is lived experience.",Each child on the autism spectrum has very different needs... things that teachers can do to make their time at school run smoothly,critic_batch_020_04.jsonl
llm_train_01458,0.1,0.05,0.05,0.02,True,True,False,"A school organized specifically for children with ADHD is a concrete institutional provision, which supports a clinical frame.","DePaul School... for children with dyslexia, ADD/ADHD, and related learning differences.",critic_batch_020_04.jsonl
llm_train_01459,0.05,0.02,0.02,0.02,True,False,True,Symptom language used for self-explanation of everyday interests and behavior is lived experience.,"I’ve always had a bit of ADHD, and was always intrigued by any potential new hobby",critic_batch_020_04.jsonl
llm_train_01460,0.02,0.01,,,False,,,The target appears only as part of an organization name in an event announcement for a wine-tasting.,"PALS Brevard, providing autism links and support, hosts... wine-tasting experience",critic_batch_020_04.jsonl
llm_train_01461,0.05,0.02,0.02,0.02,True,False,True,The passage develops a substantive account of the lived journey and practical challenges of autism parenting.,autism moms... Struggling to find themselves again on this new parenting journey... no manual,critic_batch_020_04.jsonl
llm_train_01462,0.1,0.05,0.05,0.05,True,False,True,"An employability program for youths concerns social participation and support, fitting the lived-experience frame.",employability program for youths... working to get them the job placements.,critic_batch_020_04.jsonl
llm_train_01463,0.05,0.02,0.02,0.02,True,True,False,"The passage discusses ABA treatment and insurance billing, which are formal clinical and service objects.",insurance companies provide ABA for children... with autism spectrum disorders and permits BCBAs to independently bill,critic_batch_020_04.jsonl
llm_train_01464,0.05,0.02,0.02,0.02,True,False,True,A first-person account of the experience of procrastination and motivation linked to ADHD is lived experience.,with ADHD and procrastination... excitement of the challenge needs to be there or I won't do a great job,critic_batch_020_04.jsonl
llm_train_01465,0.85,0.8,0.1,0.2,False,,,The target appears only in organization names and as a biographical status without developing a substantive account.,founder... of a foundation serving Georgia families living with Autism... voice for families living with autism.,critic_batch_020_04.jsonl
llm_train_01466,0.02,0.02,,,False,,,Correctly identified as a non-substantive promotional advert for a presentation topic.,Natural Solutions for ADD/ADHD... One of the most saught after presentations,critic_batch_020_05.jsonl
llm_train_01467,0.01,0.01,0.01,0.01,True,True,False,Correctly coded as clinical for discussing special education programs and identification referrals.,Special Education programs are available for children with identified learning disabilities... autism... Referral for identification,critic_batch_020_05.jsonl
llm_train_01468,0.65,0.05,0.6,0.05,True,True,True,"The passage discusses executive functions as clinical objects within a professional service context, requiring a clinical label.",parent class that will help explain the importance of executive functions and how students can develop these skills,critic_batch_020_05.jsonl
llm_train_01469,0.01,0.01,0.01,0.01,True,False,True,Correctly identified as lived experience; diagnosis is used only as status to locate a first-person identity account.,received a diagnosis of autism spectrum disorder (ASD)... Change in Diagnosis Makes You Question Your Identity,critic_batch_020_05.jsonl
llm_train_01470,0.05,0.05,,,False,,,Correctly identified as non-substantive navigation/headline list despite the target-specific health claim in one item.,Harvard research links fluoridated water to ADHD,critic_batch_020_05.jsonl
llm_train_01471,0.01,0.01,0.01,0.01,True,True,False,Correctly coded as clinical for target-specific discussion of medication and treatment.,primarily prescribed to treat attention deficit hyperactivity disorder (ADHD),critic_batch_020_05.jsonl
llm_train_01472,0.05,0.02,0.02,0.1,True,True,False,Correctly identified as clinical institutional provision; mentions of family goals remain generic service language.,professional NDIS autism support services... tailored to your child’s developmental needs and your family’s goals,critic_batch_020_05.jsonl
llm_train_01473,0.05,0.05,,,False,,,Correctly coded as non-substantive; autism is mentioned only as a bare status within a broader account of benefits.,oldest son is autistic... how dare they cut our benefits,critic_batch_020_05.jsonl
llm_train_01474,0.01,0.01,0.01,0.01,True,True,False,Correctly identified as clinical for discussing concrete institutional provision and regulatory management.,child care facility that provides specialized care for children with autism would be subject to inspection,critic_batch_020_05.jsonl
llm_train_01475,0.05,0.05,,,False,,,Correctly identified as non-substantive navigation/headline list despite the target-specific clinical claim.,PTEN problems underscore autism connection to excess brain fluid,critic_batch_020_05.jsonl
llm_train_01476,0.02,0.02,,,False,,,The target mention appears only in a generic list of charity support recipients without a substantive claim.,supporting Beatson Cancer Charity and Autism in local schools,critic_batch_020_06.jsonl
llm_train_01477,0.01,0.01,0.01,0.01,True,False,True,The passage foregrounds the subjective emotional experience and 'wounds' of living with ADHD.,The wounds from ADHD are cumulative and start to take a toll on a person. The pain was unbearable,critic_batch_020_06.jsonl
llm_train_01478,0.15,0.05,0.1,0.02,True,False,False,"This is a conceptual historical claim about the introduction of a term, correctly labeled as substantive_other.",The concept of ADHD coaching was first introduced in 1994 by psychiatrists,critic_batch_020_06.jsonl
llm_train_01479,0.01,0.01,,,False,,,The target mention is part of a navigational or organizational fragment without a coherent claim.,Connects Autism Tennessee members to up to date information,critic_batch_020_06.jsonl
llm_train_01480,0.01,0.01,0.01,0.01,True,True,False,The passage discusses diagnostic assessment using standardized tests and checklists for ADHD and autism.,checklists to help determine whether a child might have issues indicative of ADHD or autism spectrum disorder,critic_batch_020_06.jsonl
llm_train_01481,0.02,0.01,0.01,0.01,True,False,True,"The account focuses on personal tendencies, passion-based focus, and childhood family experiences.",I have tendencies in the ADHD direction... focus when someone is sharing their passion... mother often ignoring what I said,critic_batch_020_06.jsonl
llm_train_01482,0.05,0.05,,,False,,,"This is a professional profile/specialty list, which is non-substantive under the Stage 0 rules.","Katherine M Kilgore Psychologist, PhD... Specialties and Expertise... ADHD",critic_batch_020_06.jsonl
llm_train_01483,0.01,0.01,0.01,0.01,True,True,False,The passage discusses a clinical study on the diagnosis of autism and related developmental conditions.,The study assessed how the presence of other developmental conditions related to the diagnosis of autism.,critic_batch_020_06.jsonl
llm_train_01484,0.01,0.01,0.01,0.01,True,True,False,The discourse concerns clinical treatment and medication (Adderall) prescribing practices.,telehealth companies that treat patients for ADHD have come under fire for alleged overprescribing of Adderall,critic_batch_020_06.jsonl
llm_train_01485,0.01,0.01,0.01,0.01,True,True,False,The passage discusses research testing for a clinical association between Lyme disease and autism.,new research failed to find any evidence to back up a suggested association between Lyme disease and autism spectrum disorders,critic_batch_020_06.jsonl
llm_train_01486,0.02,0.01,0.01,0.01,True,True,False,The passage discusses prolonged medical treatment and dosage management for ADHD as a clinical object.,"Attention Deficit/Hyperactivity Disorder (ADHD), which may require treatment over a long period of time... adjust dosage as necessary.",critic_batch_020_07.jsonl
llm_train_01487,0.01,0.01,,,False,,,The passage is a contaminated extraction where the text following the target mention is unrelated to ADHD.,14 common signs of ADHD in children: 1. Antique and vintage signs are highly sought after by collectors,critic_batch_020_07.jsonl
llm_train_01488,0.02,0.01,0.01,0.02,True,True,False,ADHD medication is treated as a clinical object requiring professional medical evaluation for DOT certification.,includes... ADHD medication) - You will most likely need a note and medical records from your treating physician regarding the safety of driving,critic_batch_020_07.jsonl
llm_train_01489,0.1,0.01,0.02,0.1,True,True,False,The poll results categorize parents' motives for intervention without developing an experiential account.,"Parents’ most popular motives for providing or considering CBD... consist of... notice deficit hyperactivity ailment, or ADHD, (33%)",critic_batch_020_07.jsonl
llm_train_01490,0.05,0.01,0.05,0.02,True,False,True,"The account foregrounds group participation and accommodation at a venue, with diagnosis used only as status.","12 dancers had really met one another, half of them having autism... extremely accommodating which made the job for our staff a lot easier",critic_batch_020_07.jsonl
llm_train_01491,0.01,0.01,,,False,,,This is a generic list of organizations and journals without any target-specific propositions or claims.,ADDA - Attention Deficit Disorder Association... Yale Autism Program... Journals & Magazines ADHD Report... Autism,critic_batch_020_07.jsonl
llm_train_01492,0.05,0.01,0.05,0.05,True,True,True,The passage describes a concrete institutional arrangement and the children's subjective experience within it.,nursery school for children with mild to moderate challenges like autism... Children look forward to being in a safe and enabling environment,critic_batch_020_07.jsonl
llm_train_01493,0.02,0.01,0.01,0.02,True,True,False,The discourse presents ADHD as an object of professional assessment and functional impairment analysis.,multi-disciplinary team that assesses your child with ADHD... ADHD (Attentional Deficit Hyperactive Disorder) can impact on many areas of functioning,critic_batch_020_07.jsonl
llm_train_01494,0.05,0.01,0.05,0.02,True,False,True,The passage foregrounds students' social participation and community involvement through volunteering.,volunteering opportunities for a small group of 6th Form students with High Functioning Autism... looking forward to finding about any opportunities,critic_batch_020_07.jsonl
llm_train_01495,0.65,0.01,0.1,0.65,True,True,True,The metaphor 'entered the octagon' expresses a substantive family account of the struggle following diagnosis.,she RE-diagnosed her PDD NOS with ADHD. This gave her an autism diagnosis and Leslie and I entered the octagon.,critic_batch_020_07.jsonl
llm_train_01496,0.02,0.01,0.01,0.01,True,True,False,"The passage provides substantive clinical detail about ADHD medication, its prescription for school difficulties, and the development of tolerance in adults.","One of the more common drugs used to increase concentration in those that have attention deficit hyperactivity disorder (ADHD), Ritalin is usually prescribed...",critic_batch_020_08.jsonl
llm_train_01497,0.01,0.01,,,False,,,"The target appears only as one example in a list of conditions a tutor has worked with, which is non-substantive per Rule 5.3 and Rule 8.2.","worked with students suffering from ADD, autism, dyslexia, dysgraphia, dyscalculia, speech disorders, and depression",critic_batch_020_08.jsonl
llm_train_01498,0.02,0.01,0.01,0.01,True,True,False,"The passage describes specialized care and treatment plans for autism as a neurocognitive disorder, meeting the clinical frame definition.",including ADHD and Autism. We provide specialized care and therapies to support individuals and families in managing these conditions,critic_batch_020_08.jsonl
llm_train_01499,0.05,0.01,0.02,0.02,True,True,True,The passage is mixed as it discusses institutional provision (funding rules/evidence) and lived experience (barriers and reasonable adjustments).,Reasonable Adjustments Some apprentices face barriers... affect how a person performs... funding rules allow flexibilities... when evidence supports it.,critic_batch_020_08.jsonl
llm_train_01500,0.02,0.01,0.01,0.01,True,True,False,"The passage presents ADHD as a research object, focusing on brain networks and impaired error monitoring, supporting a clinical-only frame.",Patients with ADHD... do not slow down after errors... changes in the underlying decision making brain networks.,critic_batch_020_08.jsonl
llm_train_01501,0.35,0.02,0.05,0.35,True,True,True,"The mention of using Batman as a strategy for ADHD kids constitutes a concrete adaptation/practice, supporting a lived-experience label in addition to the clinical focus on executive function.",using Batman to help ADHD kids with executive function skills,critic_batch_021_01.jsonl
llm_train_01502,0.01,0.01,0.01,0.01,True,True,False,The passage provides a purely clinical definition of ASD as a developmental disability and spectrum condition without developing a subjective or social participation account.,Autism spectrum disorder (ASD) is a complex developmental disability... ASD is a spectrum condition,critic_batch_021_01.jsonl
llm_train_01503,0.01,0.01,0.01,0.01,True,True,False,"The discourse presents ADHD as an object of clinical research and comorbidity risk identified by experts, lacking a developed experiential or identity perspective.",greater risk of developing eating disorders... a new study has found,critic_batch_021_01.jsonl
llm_train_01504,0.01,0.01,,,False,,,"The target appears only in the title of a film within an event description, which does not constitute a substantive target-specific claim or account.",the short film on Autism was held on Sunday,critic_batch_021_01.jsonl
llm_train_01505,0.4,0.02,0.1,0.4,True,True,True,"The passage frames ADHD through the practical challenge of studying and the provision of strategies for success, which meets the lived-experience definition while also identifying the clinical impairment.",Studying with ADHD: strategies for success... especially hard for those with attention-deficit/hyperactivity disorder,critic_batch_021_01.jsonl
llm_train_01506,0.01,0.01,0.01,0.01,True,True,False,"The passage makes a clinical claim about the etiology of ADHD, linking it to artificial colors as a health and behavioral problem.",contributing to learning problems like ADHD,critic_batch_021_01.jsonl
llm_train_01507,0.01,0.01,0.01,0.01,True,False,True,"The discourse focuses exclusively on the everyday social and relational impact of ADHD, foregrounding the experience of nagging and relationship problems.",common problems seem to affect the relationships of adults with ADHD... you might feel like they're nagging you,critic_batch_021_01.jsonl
llm_train_01508,0.0,0.0,,,False,,,"The target mention is restricted to a single entry in a long list of academic programs, making it non-substantive.",Autism Endorsement Certificate (Graduate),critic_batch_021_01.jsonl
llm_train_01509,0.01,0.01,,,False,,,"ADHD is listed as one of many conditions a service treats, which functions as a generic provider list rather than a substantive target-specific proposition.","More serious clinical issues can be treated, such as: ... ADHD",critic_batch_021_01.jsonl
llm_train_01510,0.0,0.0,,,False,,,The target-related term appears to be a transcription error or used in an incoherent manner that does not form a target-specific claim.,used in the autistic impacts,critic_batch_021_01.jsonl
llm_train_01511,0.02,0.02,,,False,,,The target appears only as part of named organizations in a list of 30 local groups receiving donations.,"Vista Autism Services, ... and Autism Society Greater Harrisburg Area",critic_batch_021_02.jsonl
llm_train_01512,0.02,0.02,,,False,,,The target mention is part of a venue name (Autism Rocks Arena) and contains no target-specific claim.,Dubai's Autism Rocks Arena,critic_batch_021_02.jsonl
llm_train_01513,0.05,0.05,,,False,,,The passage contains only a thin biographical status mention without developing a clinical or lived account.,Lewis Hamilton has claimed that he has attention deficit hyperactivity disorder (ADHD).,critic_batch_021_02.jsonl
llm_train_01514,0.02,0.02,,,False,,,The target appears as a single item in a long list of horse symptoms and conditions.,attention deficit/hyperactivity disorder,critic_batch_021_02.jsonl
llm_train_01515,0.9,0.9,,,True,False,True,The headline makes a substantive claim about the community and families facing a shared social/political threat.,autistic people and their families everywhere should fear Trump and his allies,critic_batch_021_02.jsonl
llm_train_01516,0.95,0.95,,,True,False,True,"The passage describes a personal journey and overcoming adversity, which constitutes a developed lived-experience account.","Recounts Her Journey With Autism... Through her story, she inspires others to overcome adversity.",critic_batch_021_02.jsonl
llm_train_01517,0.02,0.02,0.02,0.02,True,True,False,"The passage discusses a clinical validation study for a diagnostic tool, treating ADHD as a research and assessment object.","validation study of its online, asynchronous, clinician-reviewed diagnostic evaluation for adult ADHD",critic_batch_021_02.jsonl
llm_train_01518,0.02,0.02,,,False,,,The target appears only as part of a club name without a substantive proposition.,ADHD 1982 is not just an organization. It’s a club.,critic_batch_021_02.jsonl
llm_train_01519,0.05,0.02,0.02,0.05,True,True,False,"The passage discusses diagnostic assessment and symptom identification, treating ADHD as a clinical object.","If your teen is showing symptoms of ADHD, then a sleep assessment should be part of the overall picture.",critic_batch_021_02.jsonl
llm_train_01520,0.15,0.05,0.05,0.1,True,True,False,"The passage presents epidemiological data and risk management tips, treating autism as an object of professional safety provision.",Autism: Pool and Water Safety Tips... Drowning is a leading cause of death for children and adults who have Autism.,critic_batch_021_02.jsonl
llm_train_01521,0.01,0.01,0.01,0.01,True,True,False,"The passage discusses ADHD and ASD as critical public health concerns requiring early detection and therapeutics, clearly establishing a clinical frame.","Disorders such as ... ASD, and ... ADHD are being recognized as critical public health concerns ... early detection, advanced therapeutics",critic_batch_021_03.jsonl
llm_train_01522,0.15,0.05,0.15,0.05,True,False,False,This is a target-specific administrative claim about legislative guidelines that does not develop clinical or lived-experience content.,HB 3173 Amending ... child custody guidelines to take into consideration the presence of an autistic child,critic_batch_021_03.jsonl
llm_train_01523,0.02,0.01,0.02,0.02,True,True,True,The passage covers professional training for identifying autism (clinical) and strategies for engaging with self-advocates (lived experience).,practical strategies for identifying autism and engaging with self-advocates on the job,critic_batch_021_03.jsonl
llm_train_01524,0.02,0.01,0.02,0.02,True,False,True,Describing slime as a sensory experience for kids who are sensory seeking develops a lived-experience account of everyday preferences and adaptations.,"Slime is also wonderful for kiddos who are sensory seeking, particularly for kids with SPD, autism, and ADHD.",critic_batch_021_03.jsonl
llm_train_01525,0.01,0.01,,,False,,,"The passage is a contaminated extraction with incoherent text and truncated fragments, failing the Stage 0 gate for a coherent proposition.",Come from ask north and the south the potential customers ways anyhow all extreme other,critic_batch_021_03.jsonl
llm_train_01526,0.01,0.01,0.01,0.01,True,True,False,Linking ADHD to Tourette Syndrome as 'diseases' and discussing patients' trouble with symptom control is a clear clinical frame.,He links Tourette syndrome to ... ADHD. All three diseases result in patients having trouble controlling certain things.,critic_batch_021_03.jsonl
llm_train_01527,0.02,0.01,0.02,0.02,True,False,True,The passage describes specific solitary activities as everyday coping mechanisms or preferences for an ADHD child.,"Beading, drawing and building models are some of the solitary activities into which an ADD/ADHD kid can escape.",critic_batch_021_03.jsonl
llm_train_01528,0.01,0.01,,,False,,,The passage contains only navigation links and references to information sheets without any substantive target-specific claim.,WWK refers to the What We Know series of information sheets on ADHD. See the complete list.,critic_batch_021_03.jsonl
llm_train_01529,0.02,0.01,0.02,0.02,True,False,True,Discussing a nonprofit that employs people with autism and highlighting a specific person's work develops lived experience through participation and life.,nonprofit business to employ people with autism. James produced a video for her new “PreLOVED Toys” enterprise,critic_batch_021_03.jsonl
llm_train_01530,0.05,0.05,,,False,,,Autism is stated only as bare status alongside other diagnoses; the subsequent account describes birth details rather than autism-specific discourse.,My son Boston is 7 and has Down Syndrome and Autism - he also happened to enter this world 10 weeks early,critic_batch_021_03.jsonl
llm_train_01531,0.05,0.01,0.1,0.05,True,False,True,"The passage develops a family perspective on the emotional demands and life sacrifices involved in caring for an autistic child, meeting the lived-experience definition.",focusing on Kelly's ambivalent feelings towards her demanding brother... 'People... can sacrifice their entire lives taking care of an autistic child.',critic_batch_021_04.jsonl
llm_train_01532,0.1,0.01,0.15,0.05,True,True,True,The passage combines a family account of childhood and supervision with a clinical description of complex learning disabilities and lack of a sense of danger.,He’s autistic and has complex learning disabilities. Although he’s physically very active... he has absolutely no sense of danger and requires close adult support,critic_batch_021_04.jsonl
llm_train_01533,0.05,0.05,,,False,,,The target mention is part of a broader list of injustices in a political context; it does not develop a target-specific clinical or lived-experience proposition.,what democracy when an autistic kid gets shot by soldiers on his way to school,critic_batch_021_04.jsonl
llm_train_01534,0.02,0.01,0.02,0.02,True,True,False,"The passage discusses a research study on fish oil as a treatment to improve concentration in children with ADHD, which is a clinical/research object.",fish oil can improve concentration in children with ADHD... points to a possible improvement in ADHD,critic_batch_021_04.jsonl
llm_train_01535,0.01,0.01,,,False,,,"The mention is part of a product name (adhd pills) in a highly noisy, incoherent passage dominated by weight loss keywords.",Adhd pills and weight loss still not giving up?,critic_batch_021_04.jsonl
llm_train_01536,0.1,0.01,0.15,0.1,True,True,True,It mixes clinical symptom terminology (hyperactivity) with an experiential account of using fidget tools to support learning and participation.,perfect fidget can make a world of difference... hyperactivity is a natural form for children with ADHD... children were effective in learning when they were allowed.,critic_batch_021_04.jsonl
llm_train_01537,0.02,0.02,,,False,,,"The target appears only in a generic, non-substantive list of topics, conditions, and resources without a target-specific claim.",ADD/ADHD Autism Help Biomedical and Nutrition Therapy Resources,critic_batch_021_04.jsonl
llm_train_01538,0.02,0.02,,,False,,,The mention occurs within a list of conditions treated by a facility; the passage focus is on directory services and referral rather than target-specific discourse.,"battling drug abuse/addiction (including marijuana) issues, ADD/ADHD (attentional disorder), and/or anger",critic_batch_021_04.jsonl
llm_train_01539,0.02,0.01,0.02,0.02,True,True,False,Autism is presented as a clinical object of genetic research and epidemiological inheritance patterns.,"A large number of human disorders—autism and cancer among them—display a confusing pattern of inheritance. In some cases, they are clearly genetic",critic_batch_021_04.jsonl
llm_train_01540,0.05,0.01,0.1,0.05,True,False,True,"The passage develops a lived-experience frame through workplace participation, identity (talent), and neurodivergent community in a professional setting.","actively recruiting autistic talent. Seventy-five percent of the team is on the autism spectrum, and the entire team works from home.",critic_batch_021_04.jsonl
llm_train_01541,0.9,0.01,0.1,0.95,True,True,True,"The passage foregrounds caregiver empowerment and life improvement, which meets the lived-experience definition alongside the clinical training provision.",empower parents... maximize the potential of their child... help families work with their child and improve their lives,critic_batch_021_05.jsonl
llm_train_01542,0.02,0.01,0.01,0.01,True,False,True,Correctly identifies family experience and coping stressors without clinical development.,for every mom of an ADHD child... ADHD adds an extra layer of stress,critic_batch_021_05.jsonl
llm_train_01543,0.01,0.01,0.01,0.01,True,True,False,Correctly identifies dense neurobiological and pathogenic analysis as clinical-only.,dysregulated myelination... ADHD pathogenesis... neurobiology,critic_batch_021_05.jsonl
llm_train_01544,0.05,0.01,0.05,0.05,True,True,False,Treats ADHD as a cognitive difficulty and medical object of decline and intervention.,cognitive-related difficulties such as ADHD... clinically-supported supplements,critic_batch_021_05.jsonl
llm_train_01545,0.02,0.01,0.02,0.01,True,False,True,Correctly identifies first-person journey and subjective experience of perfectionism and shame.,Natalie shares her journey of discovering her own ADHD diagnosis... source of shame,critic_batch_021_05.jsonl
llm_train_01546,0.05,0.01,0.05,0.05,True,True,False,"Passage focuses on a technical intervention nudging social interactions, fitting a clinical management frame.",wearable system... to encourage social interactions for hypo-sensitive children,critic_batch_021_05.jsonl
llm_train_01547,0.02,0.01,0.02,0.01,True,False,True,"Correctly identifies inclusion, advocacy, and social awareness as lived experience.",Autism Awareness Week... greater inclusion and support,critic_batch_021_05.jsonl
llm_train_01548,0.02,0.01,0.01,0.01,True,False,True,Correctly identifies social participation and friendship building in a community setting.,create lasting memories and build new friendships,critic_batch_021_05.jsonl
llm_train_01549,0.01,0.01,,,False,,,Target appears only as one example in a long list of unrelated news headlines.,Boarding schools urged to make room for bush students with autism,critic_batch_021_05.jsonl
llm_train_01550,0.01,0.01,0.01,0.01,True,False,True,Correctly identifies first-person experiential account of environment and symptoms.,I don’t have ADHD when I’m at forest school,critic_batch_021_05.jsonl
llm_train_01551,0.02,0.01,0.02,0.05,True,True,False,"The passage expresses a coherent proposition about diagnosis statistics and service needs, which constitutes substantive clinical discourse.",given the statistics on the number of people being diagnosed with autism... they’re going to have to come up with more options,critic_batch_021_06.jsonl
llm_train_01552,0.0,0.0,0.0,0.0,True,True,False,"The passage provides detailed diagnostic and symptomatic information, which is a textbook example of a clinical frame.",mainly diagnosed when children are 6 to 12 years old. ADHD affects the ability to sustain concentration,critic_batch_021_06.jsonl
llm_train_01553,0.95,0.95,,,True,True,False,"The passage explicitly describes a clinical service providing assessment and treatment for the target, meeting the threshold for substantive clinical discourse.",Mental Health Service for People with Intellectual Disability provides assessment and treatment... including Autism Spectrum Disorder,critic_batch_021_06.jsonl
llm_train_01554,0.05,0.05,,,False,,,"The target appears only within a list of unrelated news headlines, which is non-substantive under the codebook.",Robert F. Kennedy wants us to be scared of a 'autism epidemic',critic_batch_021_06.jsonl
llm_train_01555,0.0,0.0,0.0,0.0,True,True,False,The passage discusses a specific treatment and its intended clinical outcome for children with ADHD.,"support the nervous system, which may help improve focus and behavior in children with ADHD",critic_batch_021_06.jsonl
llm_train_01556,0.05,0.05,,,False,,,The target mention is a generic specialty in a professional profile without a target-specific claim or developed clinical/lived account.,supporting children and parents with Autism,critic_batch_021_06.jsonl
llm_train_01557,0.0,0.0,0.0,0.0,True,True,False,The passage makes a direct clinical claim about medication for ADHD.,Adderall is among the most effective prescription drugs for curing ADHD,critic_batch_021_06.jsonl
llm_train_01558,0.02,0.01,0.02,0.05,True,False,False,"The passage discusses media representation and debate, which is substantive discourse but fits neither clinical nor lived-experience frames.","reigniting debate about autism portrayal Among autism advocates and experts, opinions about the character... are mixed",critic_batch_021_06.jsonl
llm_train_01559,0.02,0.01,0.02,0.05,True,True,False,The passage provides medical statistics and identifies a clinical complication associated with autism.,development of seizures in perhaps 20 of individuals with autism,critic_batch_021_06.jsonl
llm_train_01560,0.05,0.05,,,False,,,"ADHD appears only in a list of specialties in a professional profile, which is non-substantive.",Some of her practice specialties include (but are not limited to) ADHD,critic_batch_021_06.jsonl
llm_train_01561,0.01,0.01,0.01,0.01,True,True,False,"The passage substantively discusses symptoms and misdiagnosis in older adults, meeting the clinical frame criteria.","symptoms may present differently in older adults compared to younger counterparts, often leading to misdiagnosis",critic_batch_021_07.jsonl
llm_train_01562,0.02,0.01,0.02,0.02,True,True,True,The passage combines clinical management (crisis prevention) with lived-experience participation (inclusion in church activities).,Supportive Strategies for Crisis Prevention... applies easily to including kids with ASD in Sunday School,critic_batch_021_07.jsonl
llm_train_01563,0.01,0.01,,,False,,,The target term appears only as part of an organization name in a list of award winners without any target-specific claim.,"chief executive, Ambitious about Autism",critic_batch_021_07.jsonl
llm_train_01564,0.01,0.01,,,False,,,"The passage is a marketplace listing for tutors, which is classified as non-substantive under Rule 5.3.",ADD/ADHD Tutors near UC Irvine,critic_batch_021_07.jsonl
llm_train_01565,0.01,0.01,0.01,0.01,True,True,False,"The passage focuses on medication (methylphenidate), prescription trends, and individualized assessment, meeting the clinical frame criteria.",treatment of ADHD... prescription of psycho-stimulants... individualized assessment,critic_batch_021_07.jsonl
llm_train_01566,0.02,0.01,0.02,0.02,True,True,False,The passage describes symptoms and impairment from a clinical observer's perspective without developing a lived-experience account.,repetitive behaviors... impaired their ability to learn and make friends,critic_batch_021_07.jsonl
llm_train_01567,0.01,0.01,0.01,0.01,True,False,True,"The passage frames ADHD through workplace participation and diversity, which are indicators of lived experience.","Someone with ADHD may struggle at an interview, but once in the workplace, they could offer completely different insights.",critic_batch_021_07.jsonl
llm_train_01568,0.01,0.01,0.01,0.01,True,False,True,"The passage foregrounds peer support and the subjective experience of isolation, meeting lived-experience criteria.",opportunity to meet peers and break free from the sense of isolation,critic_batch_021_07.jsonl
llm_train_01569,0.01,0.01,,,False,,,"The passage is a citation or reference fragment containing only a URL and organization name, making it non-substantive.",TEACCH (Treatment and Education of Autistic and related Communication handicapped Children) www. teacch,critic_batch_021_07.jsonl
llm_train_01570,0.01,0.01,0.01,0.01,True,False,True,"The passage provides a direct subjective account of being autistic, which is definitive lived experience.","know what it’s like to be autistic, to be so comfortable in your own company that a day alone is heaven",critic_batch_021_07.jsonl
llm_train_01571,0.05,0.01,0.1,0.02,True,False,True,"The passage develops a practical caregiver account regarding learning tools, meeting the lived-experience definition while avoiding a formal clinical object despite expert mentions.","difficult for caregivers to determine which games, toys, and learning tools are best for kids with ADHD",critic_batch_021_08.jsonl
llm_train_01572,0.02,0.01,0.02,0.02,True,True,False,"The passage discusses increased rates and potential causal factors of ADHD, which are core positive indicators for a clinical frame.","increased rates of obesity, Attention Deficit Hyperactivity Disorder (ADHD)",critic_batch_021_08.jsonl
llm_train_01573,0.01,0.01,0.01,0.01,True,False,True,"The passage focuses entirely on Autistic community, culture, and collective identity, which is canonical lived-experience discourse.",celebration of Autistic culture and community,critic_batch_021_08.jsonl
llm_train_01574,0.02,0.01,0.02,0.02,True,False,True,"The passage promotes self-determination, acceptance, and social participation, explicitly aligning with the lived-experience frame's focus on rights and social meaning.","promote awareness, presence and self-determination for all",critic_batch_021_08.jsonl
llm_train_01575,0.01,0.01,0.01,0.01,True,True,False,The passage provides a formal clinical definition of autism as a disorder of brain development with varying severity.,complex disorders of brain development. It may range from mild to severe conditions,critic_batch_021_08.jsonl
llm_train_01576,0.01,0.01,0.01,0.01,True,True,False,"The passage discusses autism in the context of government scheme access, costs, and institutional support which are clinical indicators.",flagging changes to the way children would access autism support,critic_batch_022_01.jsonl
llm_train_01577,0.01,0.01,,,False,,,Mentions of an awareness month and a generic service provider list without target-specific propositions are non-substantive.,"fundraiser for a nonprofit organization that provides employment services for adults with mental illness, addiction or autism",critic_batch_022_01.jsonl
llm_train_01578,0.9,0.9,0.8,0.1,False,,,ADHD appears only as a prototypical example in a list of conditions without a developed target-specific or class-level claim.,Mental illness can be much more than what we normally consider big diagnoses such as ADHD or Bipolar.,critic_batch_022_01.jsonl
llm_train_01579,0.0,0.0,,,False,,,The passage is truncated extraction noise without a coherent target-specific claim.,adhd essayOnline assignment service 2001,critic_batch_022_01.jsonl
llm_train_01580,0.01,0.01,0.01,0.01,True,False,True,"The passage foregrounds advocacy, rights, and caretaker experience, which are lived-experience indicators.","delve into the evolving landscape of autism advocacy with Lola Dada-Olley, an attorney and dedicated supporter of autism rights",critic_batch_022_01.jsonl
llm_train_01581,0.05,0.05,,,False,,,Describing someone as 'probably slightly autistic' is a thin biographical status mention that is non-substantive.,a very intelligent and probably slightly autistic fund manager,critic_batch_022_01.jsonl
llm_train_01582,0.0,0.0,,,False,,,Fragmented administrative or promotional text about a certification without target-specific content is non-substantive.,get Autism Personal Training fitness Certification,critic_batch_022_01.jsonl
llm_train_01583,0.01,0.01,,,False,,,A provider listing that includes ADHD in a generic list of conditions is non-substantive.,"struggle with anxiety, stress, PTSD, depression, ADHD, or other life challenges",critic_batch_022_01.jsonl
llm_train_01584,0.01,0.01,0.01,0.01,True,False,True,A first-person account of feelings of not fitting in linked to the diagnosis qualifies as lived experience.,I have ADHD and autism. I dont always feel as if i fit in anywhere.,critic_batch_022_01.jsonl
llm_train_01585,0.01,0.01,0.01,0.01,True,True,False,Explicitly identifying therapeutic benefits for ADHD characterizes it as an object of intervention/clinical frame.,increased concentration can have therapeutic benefits for individuals with conditions such as ADHD,critic_batch_022_01.jsonl
llm_train_01586,0.02,0.02,0.02,0.02,True,True,False,"The passage discusses ADHD prevalence, symptoms, and mechanisms as research objects, which clearly fits the clinical frame definition.","interconnectedness in recent years... significant overlap in their prevalence, symptoms, and underlying mechanisms",critic_batch_022_02.jsonl
llm_train_01587,0.02,0.02,,,False,,,"Autism appears only as a biographical status mention for a victim in a broader crime/political report, which is non-substantive under Rule 5.3.",alleged murder-rape of a young autistic woman,critic_batch_022_02.jsonl
llm_train_01588,0.02,0.02,,,False,,,"The target appears as one example in a generic list of services and conditions, which is non-substantive under Rules 5.3 and 8.2.","Among our services: early intervention, inclusive childcare, medical rehabilitation and autism services for young children",critic_batch_022_02.jsonl
llm_train_01589,0.8,0.8,0.8,0.2,False,,,"The target appears as one item in a list of legislative acts, which is non-substantive administrative text under Rules 5.3 and 8.2.",S. 671 An Act creating a scholarship fund to increase the number of medical providers who are knowledgeable in autism,critic_batch_022_02.jsonl
llm_train_01590,0.85,0.85,0.3,0.85,False,,,"The target appears as one example in a long administrative list of grant awards, making it non-substantive under Rule 5.3.","Circle of Support for Autism Families: £54,621 towards wellbeing, mental health and information workshops for carers of autistic children",critic_batch_022_02.jsonl
llm_train_01591,0.05,0.05,,,False,,,"The target appears only as one headline in a long list of navigation links and news updates, which is non-substantive under Rule 5.3.","Proposed autism registry is ‘dangerous,’ Maine disability rights activists say",critic_batch_022_02.jsonl
llm_train_01592,0.02,0.02,0.02,0.02,True,True,False,The passage develops a clear clinical/research account of autism etiology and neurodevelopmental risk factors.,"risk for neurodevelopmental disorders, including autism and schizophrenia, in offspring",critic_batch_022_02.jsonl
llm_train_01593,0.02,0.02,,,False,,,"The target appears as a thin biographical status mention in lyrics without developing a substantive proposition, per Rule 5.3.","Nigga, I got ADHD",critic_batch_022_02.jsonl
llm_train_01594,0.05,0.05,0.05,0.15,True,True,False,"The passage frames autism through IQ and institutional provision; the mention of independence is the service's goal, supporting the clinical frame.",some students there who have autism but who have very high IQs... classes help them lead independent lives,critic_batch_022_02.jsonl
llm_train_01595,0.02,0.02,0.02,0.02,True,True,False,The coherent fragment makes a clear target-specific clinical claim about medication alternatives for ADHD.,CONCERTA is thought to be an alternative to drugs for kids with ADHD or attention deficit,critic_batch_022_02.jsonl
llm_train_01596,0.02,0.01,0.02,0.01,True,False,True,Correct; the passage describes a family's practical social experience at a barbershop without developing a clinical object.,"Freddy immediately started chatting and joking with Michael, and managed to put him right at ease.",critic_batch_022_03.jsonl
llm_train_01597,0.08,0.08,,,False,,,Correct; a throwaway board comment mentioning a 'type' of autism without a developed proposition is non-substantive.,this is my favorite type of autism,critic_batch_022_03.jsonl
llm_train_01598,0.02,0.01,0.01,0.02,True,True,False,Correct; explicit medically necessary treatment and intervention benefit constitute clinical discourse; person-centered language is orthogonal.,Early Intensive Developmental and Behavioral Intervention (EIDBI) services offer medically necessary treatment,critic_batch_022_03.jsonl
llm_train_01599,0.02,0.01,0.01,0.02,True,True,False,Correct; the passage defines the condition through diagnostic symptoms and prevalence across the lifespan.,"symptoms such as the inability to focus, easily distracted, having too much energy and being impulsive",critic_batch_022_03.jsonl
llm_train_01600,0.12,0.12,,,False,,,"Correct; awareness, charities, and generic resource pointers without a target-specific claim are non-substantive per Rule 5.3.",encouraged people to contact their local chapter of the Autism Society of America if they knew a child who had autism,critic_batch_022_03.jsonl
llm_train_01601,0.02,0.01,0.02,0.01,True,False,True,"Correct; discusses a specific accommodation practice for sensory regulation in school, which is lived experience.","wear their Loops... for school, so they’re hard to lose and easy to grab when things get noisy",critic_batch_022_03.jsonl
llm_train_01602,0.01,0.01,,,False,,,Correct; a commercial slot machine listing with target keywords in noise fragments is non-substantive.,"Understanding Devastating Considering Within the Adhd... this slot, a new slots launch",critic_batch_022_03.jsonl
llm_train_01603,0.05,0.02,0.05,0.02,True,False,True,Correct; self-theorizing about how the mind works after diagnosis supports a lived-experience label per Rule 8.5.,I have really been struggling with finding myself internally and how my mind works,critic_batch_022_03.jsonl
llm_train_01604,0.05,0.02,0.05,0.02,True,False,True,Correct; a caregiver account of teaching social participation focuses on lived relational challenges rather than clinical objects.,"I'm trying to teach him how to be a friend, how to have a conversation... unspoken social conventions",critic_batch_022_03.jsonl
llm_train_01605,0.02,0.01,0.02,0.01,True,False,True,Correct; a first-person account of ADHD impacting everyday life and emotional capacity is lived experience.,"Couple that with ADHD, grieving... I’ve found it hard to write",critic_batch_022_03.jsonl
llm_train_01606,0.05,0.01,0.01,0.05,True,True,False,The passage describes a structured intervention using person-centred clinical language for functional outcomes rather than a developed lived-experience account.,Autism Clay is used to create a comprehensive set of life-concepts to allow the individual to make sense of their inner and outer world,critic_batch_022_04.jsonl
llm_train_01607,0.01,0.01,0.01,0.01,True,True,False,The passage discusses research grants for treatments and prevention of a class of illnesses explicitly including autism as a clinical object.,"awards research grants to develop improved treatments, cures, and methods of prevention for mental illness. These illnesses include... autism",critic_batch_022_04.jsonl
llm_train_01608,0.01,0.01,0.01,0.01,True,True,False,The passage presents ADHD as a condition requiring professional management and protection within a clinical frame of vulnerability and institutional provision.,Neurodiverse conditions including... ADHD... unable to sufficiently care for or protect themselves... professional advisor will... recommend different solutions,critic_batch_022_04.jsonl
llm_train_01609,0.01,0.01,0.01,0.01,True,False,True,"The passage describes target-specific accessibility and accommodation for social participation, which meets the codebook definition for lived experience.",Relaxed environment screening have reduced sound levels... sensory aids. They are particularly suited to to people with neuro-diversities including autism,critic_batch_022_04.jsonl
llm_train_01610,0.01,0.01,,,False,,,"The ADHD mention is a brief health claim within a promotional supplement advertisement dominated by sales metadata, which is non-substantive.",natural memory nootropics supplement is also capable of treating ADHD naturally,critic_batch_022_04.jsonl
llm_train_01611,0.01,0.01,0.01,0.01,True,False,True,"The first-person account uses symptom language for self-explanation and reflects on identity and social labels, qualifying as lived experience.",remember my first coffee... caused a massive outburst of productivity when all of the time I was known for being ‘lazy’ and distracted,critic_batch_022_04.jsonl
llm_train_01612,0.01,0.01,,,False,,,The passage contains only a thin biographical status mention and an article title without a developed target-specific proposition.,someone with autism... Internet Helps Autistic Girl Replace Beloved Shirt,critic_batch_022_04.jsonl
llm_train_01613,0.01,0.01,0.01,0.01,True,True,False,ADHD is substantively discussed as a clinical comorbidity and problem object in the context of Tourette Syndrome research and causes.,Many people with TS also have one or more of the following problems: - Attention deficit disorder... (ADD or ADHD),critic_batch_022_04.jsonl
llm_train_01614,0.01,0.01,0.01,0.01,True,True,False,"The passage provides a formal clinical treatment recommendation citing a medical journal, treating ADHD as a professional intervention object.",Supplementing with Iron could be considered a 1st line treatment for kids with ADHD. Arch Pediatr Adolesc Med.,critic_batch_022_04.jsonl
llm_train_01615,0.01,0.01,0.01,0.01,True,False,True,"The shirt quote expresses identity and everyday behavioral traits, meeting the codebook indicators for lived experience.","shirt that reads 'I am an ADHD riddled superheroine, if I am acting distractible and agitated then that’s perfectly normal'",critic_batch_022_04.jsonl
llm_train_01616,0.01,0.01,0.01,0.01,True,True,False,The passage develops a clear clinical claim about the neurobiological causes and mechanisms of autism and ADD.,gut causes inflammation that directly and indirectly fuel inflammation and neuronal death in the brain... factor in kids with behavioural problems such as autism,critic_batch_022_05.jsonl
llm_train_01617,0.01,0.01,0.01,0.01,True,True,False,"The passage discusses pharmacokinetic studies of an ADHD medication, which is a core clinical/treatment object.",Pharmacokinetic studies of Adderall XR have been conducted in... pediatric patients with ADHD.,critic_batch_022_05.jsonl
llm_train_01618,0.05,0.01,0.02,0.05,True,True,False,The passage focuses on the clinical efficacy of DBT for ADHD; mention of school labeling explains symptoms rather than developing lived experience.,Dialectical behavior therapy is extremely effective in the treatment of attention-deficit hyperactivity disorder (ADHD),critic_batch_022_05.jsonl
llm_train_01619,0.01,0.01,0.01,0.01,True,True,False,The passage describes clinical research into a pharmacological treatment for autism spectrum disorder.,GW Pharmaceuticals is actively studying the potential of CBDV to treat autism spectrum disorder.,critic_batch_022_05.jsonl
llm_train_01620,0.01,0.01,0.01,0.01,True,True,False,The passage provides a formal clinical definition of autism and mentions clinical expertise.,Autism One of a group of developmental disorders characterized by significant communication and social interaction impairments,critic_batch_022_05.jsonl
llm_train_01621,0.01,0.01,,,False,,,The passage is a generic newsletter subscription call-to-action without any substantive target-specific claims.,Get weekly email updates on more great ways to Live ADHD Awesome! Click Here,critic_batch_022_05.jsonl
llm_train_01622,0.02,0.02,0.02,0.02,True,True,False,The passage explicitly offers clinical evaluations and treatment for autism within a professional healthcare context.,CHKD offers augmentative and alternative communication evaluations and treatment... including... autism,critic_batch_022_05.jsonl
llm_train_01623,0.01,0.01,0.01,0.01,True,True,False,The passage discusses clinical research into brain differences and risk factors for ADHD.,"scientists have pinpointed differences in the developing brain that may increase the risk of cognitive disabilities, such as attention deficit hyperactivity disorders.",critic_batch_022_05.jsonl
llm_train_01624,0.01,0.01,,,False,,,ADHD medications are mentioned only as examples of stimulants in a list of drug interactions for an unrelated medicine.,"Avoid taking this medication if you also take diet pills, caffeine pills, or other stimulants... as ADHD medications",critic_batch_022_05.jsonl
llm_train_01625,0.01,0.01,0.01,0.01,True,True,False,The passage describes professional research into the underlying mechanisms and causes of ADHD.,further his work on the underlying mechanisms and causes of attention deficit hyperactivity disorder.,critic_batch_022_05.jsonl
llm_train_01626,0.02,0.02,,,False,,,Target-specific book and podcast titles appearing in a resource list are non-substantive under codebook section 5.3.,ADHD Her Way,critic_batch_022_06.jsonl
llm_train_01627,0.85,0.85,0.1,0.05,False,,,"ADHD appears only in a generic list of conditions comorbid with depression, without target-specific development or a meaningful class-level claim.","such as anxiety, eating disorders, substance abuse or attention-deficit/hyperactivity disorder (ADHD)",critic_batch_022_06.jsonl
llm_train_01628,0.05,0.05,0.05,0.05,True,False,True,Developing an account of workplace barriers and thriving represents substantive lived experience.,local autistic people who had previously faced barriers to finding and holding good jobs – but who were now happily thriving,critic_batch_022_06.jsonl
llm_train_01629,0.02,0.02,0.02,0.02,True,True,False,Linking the target to a specific cause (Tylenol use) is substantive clinical discourse regarding risk factors.,The science linking the mother’s Tylenol use with ADHD and autism is strong.,critic_batch_022_06.jsonl
llm_train_01630,0.02,0.02,,,False,,,A legislative bill title in a tabular list is non-substantive navigation without a target-specific claim.,SB 401 Relating to insurance coverage for autism spectrum disorders,critic_batch_022_06.jsonl
llm_train_01631,0.8,0.8,0.1,0.05,False,,,"The passage consists of navigation links and FAQ titles, which function as non-substantive related-link labels.",What is ADHD or ADD? Myths and Misunderstandings Causes and Brain Chemistry The Science of ADHD,critic_batch_022_06.jsonl
llm_train_01632,0.02,0.02,,,False,,,A university certificate name in a list of programs is non-substantive per section 5.3.,Certificate in Applied Early Intensive Behaviour Intervention (EIBI)-Autism Spectrum Disorders (ASD),critic_batch_022_06.jsonl
llm_train_01633,0.05,0.05,0.05,0.05,True,True,False,Defining the target as a psychiatric disorder rather than a medical disease is substantive clinical discourse.,The ADHD or attention-deficit hyperactivity disorder is not a medical disease. It is more of a psychiatric disorder.,critic_batch_022_06.jsonl
llm_train_01634,0.15,0.15,,,False,,,A news headline in a sidebar list functions as a related-link label and is non-substantive.,CPS seizes child after parents challenge ADHD diagnosis (Naturalnews. com),critic_batch_022_06.jsonl
llm_train_01635,0.1,0.1,,,False,,,Mentioning the target in a list of populations served in a professional bio is non-substantive per section 8.8.,"Monica's experience includes being an advocate for students with learning disabilities, Autism, intellectual disabilities, ADHD",critic_batch_022_06.jsonl
llm_train_01636,0.05,0.02,0.05,0.02,True,False,True,"The passage develops a substantive family account of a child's educational situation, which correctly triggers lived experience but remains non-clinical as ADHD is not treated as a formal medical object.",My 14-year-old has ADHD... they said he is on a second and third grade level.,critic_batch_022_07.jsonl
llm_train_01637,0.02,0.02,0.02,0.02,True,True,False,"The passage makes a substantive claim about the etiology (causes) of autism, which is a clinical indicator, even when used as an example of a conspiracy theory.",vaccines cause autism,critic_batch_022_07.jsonl
llm_train_01638,0.02,0.02,0.02,0.02,True,True,True,The passage discusses both a concrete educational program for autism (clinical) and the lived frustration of parents regarding their children's education (lived).,program that teaches children with Autism... frustration with how their children are taught,critic_batch_022_07.jsonl
llm_train_01639,0.01,0.01,,,False,,,ADHD and autism appear only as items in a generic list of library topics without any target-specific claim.,Health Library Topics... adhd... autism,critic_batch_022_07.jsonl
llm_train_01640,0.02,0.02,0.02,0.02,True,True,False,"The passage is a professional service offering for ADHD management; reference to life impact is part of the clinical management goal, not a lived perspective.","Ivan Walks, MD, can help adult patients with ADHD manage their condition",critic_batch_022_07.jsonl
llm_train_01641,0.01,0.01,,,False,,,Autism appears only as a navigation or category tag in a list of groups.,Autism and neurodiversity - 41K,critic_batch_022_07.jsonl
llm_train_01642,0.02,0.02,0.02,0.02,True,True,False,"The passage discusses peer-reviewed research linking autism and ADHD to biological mechanisms (inflammation), representing a clear clinical/research frame.","research to support the connection between inflammation and... ADHD, and autism spectrum disorder",critic_batch_022_07.jsonl
llm_train_01643,0.02,0.02,0.02,0.02,True,True,False,"The passage uses autism to explain or contest culpability in a legal context, which is coded as substantive clinical discourse under rule 8.9.",didn’t know what he was doing was wrong because he has autism spectrum disorder,critic_batch_022_07.jsonl
llm_train_01644,0.05,0.02,0.02,0.05,True,True,False,The mission description focuses on research for causes and cures (clinical); generic mentions of advocacy and awareness do not meet the lived-experience threshold.,"funds research for treatments, causes, prevention and a cure for autism",critic_batch_022_07.jsonl
llm_train_01645,0.85,0.85,0.85,0.1,False,,,"ADHD appears only as one example in a generic list of chronic medical conditions within a service description, failing the substantive discourse threshold.","chronic medical conditions, such as childhood Obesity, ADD/ADHD and Asthma",critic_batch_022_07.jsonl
llm_train_01646,0.01,0.01,,,False,,,The passage is a contaminated extraction where the target appears in a garbled SEO or product review fragment.,fired at Cbd oil marketing the Adhd cbd oil review vehicle,critic_batch_022_08.jsonl
llm_train_01647,0.05,0.05,0.05,0.05,True,True,False,The passage makes a substantive claim about the effectiveness of a therapy for a clinical class including ADHD.,Ecotherapy... is particularly effective for... ADHD,critic_batch_022_08.jsonl
llm_train_01648,0.02,0.02,0.02,0.02,True,True,False,The passage provides a detailed clinical description of ADHD symptoms and behavioral impairments.,"find it particularly difficult to concentrate on tasks, to pay attention, follow directions, modulate their energy, and control impulsive behavior",critic_batch_022_08.jsonl
llm_train_01649,0.05,0.05,,,False,,,The target is used metaphorically to describe corporate behavior rather than discussing autism as a condition or identity.,"With a disregard for ownership bordering on the autistic, Google scraped websites",critic_batch_022_08.jsonl
llm_train_01650,0.85,0.85,,,True,False,True,The passage makes a substantive class-level claim about the emotional experience of women with ADHD in a community context.,The women in our community... Combined with... ADHD... these challenges may feel hopeless.,critic_batch_022_08.jsonl
llm_train_01651,0.02,0.01,0.01,0.01,True,True,False,The annotation correctly identifies a clinical etiological claim regarding ADHD/autism and vaccines.,"cover up any link between thimerosal, ADHD, autism, speech delay, tics",critic_batch_023_01.jsonl
llm_train_01652,0.01,0.01,,,False,,,The target appears only in a long list of acronym definitions without any target-specific claim.,ASCAutism Spectrum Condition ASCAdmissions and Standards Committee,critic_batch_023_01.jsonl
llm_train_01653,0.02,0.01,0.01,0.01,True,True,False,"Correctly identifies clinical discourse focused on insurance coverage, ABA intervention, and diagnostic testing.",testing using the Autism Diagnostic Observation Schedule... to confirm the ASD diagnosis.,critic_batch_023_01.jsonl
llm_train_01654,0.03,0.01,0.01,0.01,True,False,True,"Correctly applies Rule 8.5, treating self-theorizing symptom language in the context of relationships as lived experience.","impulsivity, it can be tough to protect ourselves from falling into toxic relationships.",critic_batch_023_01.jsonl
llm_train_01655,0.02,0.02,,,False,,,The passage discusses awareness events and ceremonial logistics without making a substantive target-specific claim.,Harwood Center will be the site of two events aimed at bringing more attention to autism.,critic_batch_023_01.jsonl
llm_train_01656,0.05,0.05,,,False,,,"Autism is mentioned only as one item in a list of generic parent worries, qualifying as non-substantive under Rule 5.3.","I worried about SIDS, about autism. When they were toddlers... I worried about head trauma injuries.",critic_batch_023_01.jsonl
llm_train_01657,0.85,0.02,0.02,0.85,True,True,True,The passage includes a first-person account of ADHD symptom experience (Rule 8.5) alongside clinical discussion of PMDD and SSRIs.,"For those of us who already experience inconsistencies with memory, focus, mood, and energy, the decline in estrogen can be especially noticeable.",critic_batch_023_01.jsonl
llm_train_01658,0.02,0.01,0.01,0.01,True,True,False,Correctly identifies purely clinical discourse regarding genetics and chromosomal research.,"identified large, rare chromosomal deletions and duplications associated with risk for developing ADHD",critic_batch_023_01.jsonl
llm_train_01659,0.02,0.01,0.01,0.01,True,True,False,Correctly identifies purely clinical discourse regarding physiological research into cytokines and microglial activation.,studies involving autistic populations evaluating levels of cytokines... have demonstrated very clearly... high levels of IL-1b.,critic_batch_023_01.jsonl
llm_train_01660,0.8,0.05,0.8,0.05,True,True,True,The passage describes a concrete institutional service adapted for the target (Rule 8.3) in addition to a caregiver's lived account.,"new vaccine clinic for children and some adults with unique needs, including sensory issues, anxiety, and other disabilities.",critic_batch_023_01.jsonl
llm_train_01661,0.05,0.05,,,False,,,The target appears only as one item in a long list of conditions for an auditory assessment service.,CAPD ... • Autism ... • Sound Sensitivity ... • ADHD ... • Related Conditions,critic_batch_023_02.jsonl
llm_train_01662,0.02,0.02,,,False,,,ADHD and Autism are mentioned only as two topics in a broader list of staff training areas.,"undertaken training across many aspects... including safeguarding, child protection, behaviour management, first aid, ADHD and Autism",critic_batch_023_02.jsonl
llm_train_01663,0.08,0.05,0.1,0.1,True,True,True,The passage describes respite care provision and a course to understand how people with ASD experience the world.,respite care to individuals who have autism... learn about Autism Spectrum Disorder (ASD) and understand how people with ASD experience the world,critic_batch_023_02.jsonl
llm_train_01664,0.05,0.05,,,False,,,The mention is part of a generic support and advice claim for families with disabilities or other conditions.,"Provides support, information, and advice for families with children with disabilities or other conditions including ADHD.",critic_batch_023_02.jsonl
llm_train_01665,0.03,0.03,0.03,0.03,True,True,False,"The passage discusses ADHD misdiagnosis and symptom differentiation, which are core clinical frame indicators.",explaining how ADHD is often misdiagnosed... what signs or symptoms to look for in separating the two,critic_batch_023_02.jsonl
llm_train_01666,0.15,0.05,0.2,0.2,True,True,True,The passage uses a disease framework while discussing the impact on identity and subconscious self-acceptance.,locking that unnatural pattern of dis-ease into their identity... once they relate to it and subconsciously accept it as part of themselves,critic_batch_023_02.jsonl
llm_train_01667,0.02,0.02,,,False,,,Autism is mentioned only to identify the mission of a charity whose financial needs are being discussed.,"charity run by and for adults with a learning disability and/or autism, needed support to analyse and diversify income streams",critic_batch_023_02.jsonl
llm_train_01668,0.03,0.03,,,False,,,The target appears in a list of conditions eligible for program participation without target-specific discourse.,"Yes ADHD or Similar, Autism or Related... We offer many people to have the availability to take part",critic_batch_023_02.jsonl
llm_train_01669,0.03,0.03,0.03,0.03,True,True,False,"The passage provides a clinical account of diagnosis rates, professional guidelines, and specific ADHD medications.",diagnosed with... (ADHD) and receiving medication... treat ADHD in children younger than 4... drugs such as Adderall and Ritalin,critic_batch_023_02.jsonl
llm_train_01670,0.2,0.1,0.1,0.3,True,False,True,"The passage discusses 'neurodiversity' as an alternative conceptualisation of the autistic spectrum, supporting a lived-experience frame.",Singer (1999) as an alternative way of conceptualising the autistic spectrum,critic_batch_023_02.jsonl
llm_train_01671,0.01,0.01,,,False,,,Autism mention is a thin biographical status within a TV drama description without a target-specific claim.,follows Shaun who is a young autistic and savant surgical doctor,critic_batch_023_03.jsonl
llm_train_01672,0.01,0.01,0.01,0.01,True,True,True,Passage develops a mixed frame by discussing diagnosis and symptoms alongside family frustration.,11% ... diagnosed ... central symptoms ... parents ... become frustrated,critic_batch_023_03.jsonl
llm_train_01673,0.01,0.01,,,False,,,The target appears only within an awareness event title without any substantive discourse.,Raise the Flag for Autism Awareness!,critic_batch_023_03.jsonl
llm_train_01674,0.01,0.01,,,False,,,ADHD mention is part of a webinar promotion/reminder without a developed target-specific claim.,webinar on helping students with ADHD and Executive Function impairments to achieve school success,critic_batch_023_03.jsonl
llm_train_01675,0.01,0.01,0.01,0.01,True,False,True,First-person account focuses on long-term experience and coping methods for neurodivergence.,ones I have long dealt with ... learned methods to cope,critic_batch_023_03.jsonl
llm_train_01676,0.01,0.01,,,False,,,Autism appears only as one organization in a list of potential donation recipients.,contributions may be made to ... Autism Speaks,critic_batch_023_03.jsonl
llm_train_01677,0.01,0.01,,,False,,,ADHD mention is a professional experience claim within a provider profile fragment.,ADHD I have a lot of experience working with adults and children who are neurodiverse,critic_batch_023_03.jsonl
llm_train_01678,0.85,0.85,0.05,0.8,False,,,ADHD is merely an example in a generic list of learners within an inclusive classroom description.,Such a classroom could include ... students with disabilities like ADHD,critic_batch_023_03.jsonl
llm_train_01679,0.01,0.01,0.01,0.01,True,False,True,Passage describes a concrete accessibility arrangement and participation environment for children on the spectrum.,"relaxed sensory friendly ... performances ... safe and accepting environment where children, including those on the autism spectrum",critic_batch_023_03.jsonl
llm_train_01680,0.01,0.01,,,False,,,ADHD is listed only as an example condition for which a product or service might be useful.,"You experience dyslexia, ADHD, or low vision",critic_batch_023_03.jsonl
llm_train_01681,0.05,0.02,0.05,0.02,True,True,False,"The passage discusses whether a subject fits the category of autism based on a developmental assessment, which constitutes substantive clinical discourse.","So, was A27 autistic? Who the hell knows?",critic_batch_023_04.jsonl
llm_train_01682,0.01,0.01,,,False,,,The target appears only as part of an organization name in a list or navigation fragment without a target-specific claim.,Cornerstone Autism Center,critic_batch_023_04.jsonl
llm_train_01683,0.01,0.01,,,False,,,"ADHD is mentioned as a topic list within a professional profile, which is non-substantive according to codebook rules.",focus on LD and ADHD issues through the life span,critic_batch_023_04.jsonl
llm_train_01684,0.01,0.01,,,False,,,"The passage is an SEO product blurb or marketplace listing, which is explicitly defined as non-substantive.",Toys for Toddlers with Autism,critic_batch_023_04.jsonl
llm_train_01685,0.05,0.05,,,False,,,"The passage contains promotional fundraising text and a thin biographical status mention, which do not meet the threshold for substantive discourse.",parents whose children had autism,critic_batch_023_04.jsonl
llm_train_01686,0.01,0.01,0.01,0.01,True,True,False,"The passage makes specific clinical claims about ADHD medication efficacy and its role in treatment, fitting the clinical frame definition.",70 to 80 percent of ADHD children show significant response to stimulant medication,critic_batch_023_04.jsonl
llm_train_01687,0.85,0.85,0.05,0.02,False,,,ADHD is mentioned as one example in a list of conditions for which medications are prescribed; the claim about side effects is a general point about medications.,not only those which are prescribed for depression/anxiety/ADHD,critic_batch_023_04.jsonl
llm_train_01688,0.01,0.01,,,False,,,"The target appears only in a navigation tag list or footer, which is non-substantive.","ADD, ADHD, Literacy, ESL, Special Ed",critic_batch_023_04.jsonl
llm_train_01689,0.05,0.02,0.02,0.15,True,True,False,"The passage discusses diagnostic indicators and symptoms, which is substantive clinical discourse; the sensory details illustrate symptoms rather than lived experience.",sensory processing issues can be used as symptomatic indicators of Autism Spectrum Disorder,critic_batch_023_04.jsonl
llm_train_01690,0.01,0.01,0.01,0.01,True,True,False,"The passage discusses early identification and diagnostic guidance, which are core indicators of a clinical frame.",through early identification of autism and other developmental disabilities,critic_batch_023_04.jsonl
llm_train_01691,0.02,0.02,,,False,,,"The target appears only within a list of related-link headlines, which is non-substantive per rule 5.3.",Recommended Resources... Harvard research links fluoridated water to ADHD,critic_batch_023_05.jsonl
llm_train_01692,0.01,0.01,0.01,0.01,True,True,False,The passage discusses clinical research into comorbidity and prevalence without developing a personal or subjective account.,children with autism spectrum disorders (ASD) or attention deficit hyperactivity disorder (ADHD) were more likely to exhibit gender variance,critic_batch_023_05.jsonl
llm_train_01693,0.01,0.01,0.01,0.01,True,True,False,"ADHD symptoms are invoked as a clinical object in a forensic context to explain behavior, following rule 8.9.",ADHD and Driving — A Recipe for False DUI Convictions... officer claimed... client (1) did not pay attention,critic_batch_023_05.jsonl
llm_train_01694,0.05,0.01,0.02,0.03,True,True,True,The passage combines clinical discussion of presentations with lived-experience advocacy for neurodivergent-affirming approaches.,focus on differing presentations for autistic girls... practical approaches to taking a neurodivergent-affirming approach,critic_batch_023_05.jsonl
llm_train_01695,0.01,0.01,0.01,0.01,True,True,False,"The passage presents autism as a research object within psychological study, specifically 'theory of mind'.",autism-normal children do markedly better at what are unfortunately lumped together as 'theory of other minds.',critic_batch_023_05.jsonl
llm_train_01696,0.08,0.08,,,False,,,Mentioning a child is 'profoundly affected' is a biographical status mention without developing a target-specific proposition (Rule 8.4).,"Primo's son, who is profoundly affected by autism. Primo's own children played themselves in the movie",critic_batch_023_05.jsonl
llm_train_01697,0.01,0.01,0.01,0.01,True,False,True,The passage develops a target-specific account of social participation and befriending in a gaming context.,"people... even those who suffer from... Autism, befriending fellow players is easier than many social interactions.",critic_batch_023_05.jsonl
llm_train_01698,0.01,0.01,0.01,0.01,True,False,True,Symptom language functions as self-explanation within a lived-experience account of potential and motivation (Rule 8.5).,what if I’m still not meeting my potential? Improving motivation with ADHD is also a matter of emotional regulation.,critic_batch_023_05.jsonl
llm_train_01699,0.01,0.01,0.01,0.01,True,True,False,Formal dictionary-style definitions of symptoms and disorder categories constitute a clinical frame.,"Attention Deficit Hyperactivity Disorder (ADHD) A developemental disability involving short attention span, distractability",critic_batch_023_05.jsonl
llm_train_01700,0.01,0.01,0.01,0.01,True,False,True,"The passage discusses the social meaning, identity, and social recognition of autism in the context of online culture.",Autism is the new hot online otherness... I know you've been talking more about your autistic features lately,critic_batch_023_05.jsonl
llm_train_01701,0.02,0.01,0.02,0.01,True,False,True,"The passage explores disability and ableism through a fictional character, fitting the lived-experience frame's social meaning and identity criteria.","uses her learning difference as a way to explore disability, ableism, and mental health",critic_batch_023_06.jsonl
llm_train_01702,0.01,0.01,,,False,,,ADHD appears only as a biographical status in a list of relationship headlines without developing a specific claim.,Relationship With My Bipolar and ADHD Girlfriend,critic_batch_023_06.jsonl
llm_train_01703,0.03,0.03,,,False,,,The mention occurs in a professional profile's list of workplaces and does not develop a target-specific claim or service proposition.,special education centers for children with autism,critic_batch_023_06.jsonl
llm_train_01704,0.01,0.01,0.01,0.01,True,True,False,"The passage discusses specific behavioral reinforcement strategies for autistic individuals, which constitutes a formal clinical intervention.","differential reinforcement... fundamental strategies in behavioral approaches, especially for young individuals on the autism spectrum",critic_batch_023_06.jsonl
llm_train_01705,0.01,0.01,0.01,0.01,True,True,False,"The passage discusses dietary factors as a cause of ADHD, fitting the clinical frame's criteria for causes and risk factors.",claim that eating grains... are a major culprit in causing... ADHD,critic_batch_023_06.jsonl
llm_train_01706,0.02,0.01,0.01,0.02,True,True,False,Focuses on detection/diagnosis and social difficulties framed as a functional impairment or deficit.,autism are detected earlier... profound social difficulties can limit every aspect of their lives,critic_batch_023_06.jsonl
llm_train_01707,0.01,0.01,0.01,0.01,True,True,True,The passage explicitly mentions medication (clinical) alongside a personal account of feeling better (lived experience).,stopped taking my meds and feel better than ever!,critic_batch_023_06.jsonl
llm_train_01708,0.01,0.01,,,False,,,The target appears only within an organization and event name without a substantive claim about autism itself.,The Kinney Center for Autism Education and Support is putting on the event,critic_batch_023_06.jsonl
llm_train_01709,0.01,0.01,0.01,0.01,True,True,False,The passage discusses neurobiological research and the development of therapeutics for autism.,"unexpected links among... autism, and paved the path toward the development of tau-lowering therapeutics",critic_batch_023_06.jsonl
llm_train_01710,0.02,0.01,0.01,0.02,True,True,False,The passage treats ADHD as an object of functional improvement through intervention (nootropics) without a developed experiential account.,What sort of nootropics help individuals with... (ADHD)?... improve their daily performance,critic_batch_023_06.jsonl
llm_train_01711,0.02,0.02,0.05,0.02,True,False,True,The passage develops a substantive lived-experience account of caregiver shock and life challenges following a diagnosis.,life with your child will not be as you expected due to a diagnosis of Autism and all the challenges that will follow,critic_batch_023_07.jsonl
llm_train_01712,0.02,0.02,,,False,,,"The target appears only in a professional profile list of experience, which is non-substantive under the codebook.",Emily has years of experience working with children with autism,critic_batch_023_07.jsonl
llm_train_01713,0.02,0.02,,,False,,,"The target mention is a generic reference to raising awareness, which lacks substantive target-specific discourse.",Alex Manners has been to all 92 football league clubs to raise awareness of autism,critic_batch_023_07.jsonl
llm_train_01714,0.02,0.02,0.02,0.02,True,True,True,The passage makes a causal claim (clinical) and foregrounds the emotional impact on parents and children (lived).,incidence of autism clearly happening after the administration of vaccines... heart breaking situation for any parent,critic_batch_023_07.jsonl
llm_train_01715,0.02,0.02,0.02,0.02,True,True,True,"The passage uses clinical tropes (health crisis, puzzle) while emphasizing community advocacy and collective voice.",urgent global health crisis... bring the autism community together as one strong voice,critic_batch_023_07.jsonl
llm_train_01716,0.05,0.05,0.1,0.05,True,False,True,"The passage describes specific accessibility features and their benefits for participation, constituting lived experience.","ADHD Friendly Mode: this mode helps users with ADHD... to read, browse, and focus... while significantly reducing distractions",critic_batch_023_07.jsonl
llm_train_01717,0.02,0.02,0.02,0.02,True,True,False,The passage discusses a specific therapy (ABA/BST) and its application to the target as an intervention.,Behavioral Skills Training (BST) is a vital methodology within Applied Behavior Analysis (ABA) therapy... for individuals with autism spectrum disorder,critic_batch_023_07.jsonl
llm_train_01718,0.02,0.02,0.02,0.02,True,True,False,The passage discusses differential diagnosis and treatment options for ADHD as a clinical object.,solution than treating a learning disorder or ADHD; yet many people fail to check that first,critic_batch_023_07.jsonl
llm_train_01719,0.02,0.02,0.02,0.02,True,True,False,The passage discusses the role of diet and lifestyle in the etiology and prevention of autism and ADHD.,"role diet, lifestyle and one’s environment play in most diseases, including... autism, ADD/ADHD",critic_batch_023_07.jsonl
llm_train_01720,0.85,0.85,0.8,0.2,False,,,"The target mention is an administrative survey announcement in a news bulletin, providing no substantive target-specific discourse.",The purpose of the survey is to help improve the health and care services in Bromley for people with Autism,critic_batch_023_07.jsonl
llm_train_01721,0.8,0.15,0.8,0.05,True,False,False,The rhetorical claim that listicles are a 'pathway to ADHD' is social commentary rather than a meaningful clinical or disorder-construct discourse.,are they a pathway to ADHD for everyone?,critic_batch_023_08.jsonl
llm_train_01722,0.1,0.02,0.05,0.15,True,True,False,The passage describes a clinical service (ABA therapy) and clinical approach (family-centered care) without developing a lived-experience account.,Personalized ABA therapy... to help children with autism thrive.,critic_batch_023_08.jsonl
llm_train_01723,0.05,0.02,0.05,0.05,True,True,False,"The legal notice discusses clinical risks and side effects of medication for children with ADHD, constituting a clinical frame.",Children with ADHD... may have been exposed to the dangerous side effects of the drug,critic_batch_023_08.jsonl
llm_train_01724,0.05,0.05,,,False,,,"The passage is an SEO-driven product listing dominated by metadata and keywords, meeting the non-substantive criteria.",autism full size canopy childrens uk toddler bed tent canopy,critic_batch_023_08.jsonl
llm_train_01725,0.05,0.05,,,False,,,The mention occurs in a biographical list of memberships without any target-specific claim or account.,Committee Member for the Autism and Fear Symposium,critic_batch_023_08.jsonl
llm_train_01726,0.05,0.05,,,False,,,The target term appears only within the name of a master's certificate without any target-specific proposition.,obtaining his master’s certificate in autism spectrum disorder,critic_batch_024_01.jsonl
llm_train_01727,0.1,0.05,0.1,0.05,True,True,False,"The passage discusses the likelihood of diagnostic placement, which constitutes a clinical proposition about the target.",would likely see him placed somewhere on the autism spectrum,critic_batch_024_01.jsonl
llm_train_01728,0.01,0.01,0.01,0.01,True,True,False,The passage provides clinical prevalence data and treats ADHD as a nosological object within a research context.,Between 3 and 5 percent of all youth ages 9-17 are believed to suffer from ADHD,critic_batch_024_01.jsonl
llm_train_01729,0.1,0.05,0.05,0.1,True,False,True,The passage describes a memoir focused on neurodiversity and reframing the social meaning of autism.,memoir in essays... aims to reframe our thinking on autism by suggesting new labels,critic_batch_024_01.jsonl
llm_train_01730,0.15,0.05,0.15,0.05,True,True,False,"Discusses research into the clinical accuracy of autism information, treating the condition as a research object.",One study examined the reach and accuracy of information on autism on TikTok,critic_batch_024_01.jsonl
llm_train_01731,0.1,0.05,0.1,0.05,True,True,False,Presents autism as a condition requiring clinical care and symptom management.,Ayurveda approaches autism care... aim not just to manage symptoms,critic_batch_024_01.jsonl
llm_train_01732,0.2,0.2,0.05,0.2,True,False,True,A brief caregiver account linking a specific practical outcome to the person's autism diagnosis.,David only got seven hours because he has autism,critic_batch_024_01.jsonl
llm_train_01733,0.05,0.05,,,False,,,"The target appears only in a generic list of conditions within a service directory, which is non-substantive.",CAREGIVING Autism Cerebral Palsy,critic_batch_024_01.jsonl
llm_train_01734,0.1,0.1,,,False,,,A thin biographical mention of diagnosis status without any further target-specific account.,He was diagnosed with ADHD when he was in the 6th grade.,critic_batch_024_01.jsonl
llm_train_01735,0.15,0.05,0.15,0.05,True,True,False,"Discusses brain imaging for diagnosis and global prevalence, clearly treating ADHD as a clinical object.",imaging that could be used to diagnose Attention Deficit Hyperactivity Disorder (ADHD),critic_batch_024_01.jsonl
llm_train_01736,0.05,0.05,0.05,0.05,True,True,False,"The passage describes a concrete institutional arrangement (residential home) organized for people with autism conditions, which is substantive clinical discourse under Rule 8.3.","Grange Court is a residential home for people with learning disabilities, autism spectrum conditions and complex needs",critic_batch_024_02.jsonl
llm_train_01737,0.05,0.05,,,False,,,"The mention appears in a commercial product listing dominated by sales metadata, which is non-substantive under Rule 5.3.","Rainbow Ball Cube: Perfect stress reducer for ADHD, anxiety, staying awake on long travels, etc.",critic_batch_024_02.jsonl
llm_train_01738,0.05,0.05,0.05,0.05,True,True,False,"The passage makes a coherent claim about a category-set (mental health conditions) that includes the target and discusses prevalence trends, meeting the clinical frame definition.","kids all over the world have increased depression, anxiety, behavioral issues, ADHD, autism",critic_batch_024_02.jsonl
llm_train_01739,0.05,0.05,0.05,0.05,True,True,False,"The professional profile identifies specific areas of clinical experience involving autism and feeding challenges, which is clinical discourse under Rule 8.8.","training and clinical experience in a range of paediatric feeding areas, including: - fussy eating - Autism and related feeding challenges",critic_batch_024_02.jsonl
llm_train_01740,0.1,0.1,0.05,0.1,True,False,True,"This is a caregiver account linking potential ADHD to concrete everyday behaviors, using self-theorizing symptom language which supports a lived-experience label per Rules 8.4 and 8.5.",Will she grow into being able to sit for at least five minutes ... Is she just high energy (am I looking toward a future of ADHD? )?,critic_batch_024_02.jsonl
llm_train_01741,0.1,0.1,0.1,0.1,True,True,False,"The passage uses ADHD to explain personal impairment and behavioral deficits ('severe ADHD and poor motor skills'), which fits the clinical frame.",An overgrown 12-year-old with severe ADHD and poor motor skills is allowed to play professional basketball,critic_batch_024_02.jsonl
llm_train_01742,0.05,0.05,0.05,0.05,True,True,False,"The passage discusses diagnostic co-occurrence and symptoms as clinical objects, clearly meeting the clinical frame definition.","higher-than-expected co-occurrence of ADHD, EDS, and POTS ... neurodevelopmental disorder characterized by symptoms",critic_batch_024_02.jsonl
llm_train_01743,0.01,0.01,,,False,,,"The target appears only in a citation list or bibliography, which is non-substantive under Rule 5.3.",Systematic identification of functionally relevant noncoding variants in ADHD,critic_batch_024_02.jsonl
llm_train_01744,0.15,0.15,,,False,,,"The organizations are mentioned without a target-specific claim beyond a generic mission statement, failing the Stage 0 boundary test (Rule 5.4).",The ADHD Foundation works in partnership ... to improve emotional well being ... through better understanding and self management.,critic_batch_024_02.jsonl
llm_train_01745,0.15,0.15,,,False,,,This is a promotional provider profile that fails the Stage 0 boundary test; the service description remains essentially the same if the target name is removed.,"ADHD specialists, and parenting and student coaches. We offer organizing, time management, and coaching services",critic_batch_024_02.jsonl
llm_train_01746,0.05,0.02,0.02,0.05,True,True,False,The passage correctly identifies a clinical frame via treatment and symptoms; parent mentions describe seeking remedies rather than a developed lived experience account.,no Food and Drug Administration-approved medical treatment for the core symptoms of autism,critic_batch_024_03.jsonl
llm_train_01747,0.02,0.02,,,False,,,"ADHD appears only in a generic list of specialties without a target-specific claim, meeting the non-substantive criteria for condition lists.","This includes but is not limited to: ADHD, Anxiety, Depression",critic_batch_024_03.jsonl
llm_train_01748,0.02,0.02,,,False,,,"The target term appears only in a list of recommended article titles, which is a non-substantive navigation or link mention.","RFK’s Approach To Solve Measles, Autism Epidemic Raises Questions",critic_batch_024_03.jsonl
llm_train_01749,0.05,0.02,0.02,0.05,True,True,False,"The focus is on diagnostic prevalence and clinical presentation ('condition might present') in girls, fitting the clinical frame without developed lived experience.","About four times as many boys as girls are diagnosed with autism. As a result, there is little information about how the condition might present in girls.",critic_batch_024_03.jsonl
llm_train_01750,0.05,0.02,0.02,0.05,True,True,False,"Behaviors are framed as signs of a disorder and impairment ('ability to learn'), which supports a clinical label over a developed lived perspective.",these can be signs of Attention Deficit Hyperactivity Disorder. ADHD can affect your child’s ability to learn and get along with others.,critic_batch_024_03.jsonl
llm_train_01751,0.05,0.02,0.02,0.02,True,True,False,The passage makes a substantive clinical claim about the prevalence of sleep difficulties across a class of conditions including ADHD and ASD.,"Insomnia and sleep difficulties are more prevalent in children with ADHD, ASD",critic_batch_024_03.jsonl
llm_train_01752,0.15,0.05,0.05,0.15,True,True,False,"Coaching is presented as an intervention for executive functioning; while it mentions life goals, it lacks a developed lived perspective or account.",ADHD Coaching can help improve the executive functioning areas that are your greatest challenges and help you achieve your most urgent and important goals.,critic_batch_024_03.jsonl
llm_train_01753,0.1,0.1,,,False,,,The passage describes an awareness event and its logistics without making a target-specific substantive claim about the condition itself.,raise awareness and understanding and encourage discussion around Attention Deficit Hyperactivity Disorder (ADHD) and autism,critic_batch_024_03.jsonl
llm_train_01754,0.1,0.05,0.05,0.1,True,False,True,"A claim about ableism relates to social stigma and discrimination, which supports the lived-experience frame as per codebook guidelines.",RFK Jr. 's Obsession With Autism Is A 'Dangerous' Form Of Ableism.,critic_batch_024_03.jsonl
llm_train_01755,0.1,0.05,0.05,0.1,True,True,True,The passage combines clinical prevalence data and specialized support needs with participation in a preference-based autism-friendly camp.,1 in 54 children are diagnosed with autism... face unique challenges and require specialized support... camp mixes art and animals,critic_batch_024_03.jsonl
llm_train_01756,0.02,0.02,,,False,,,"The passage is a gift guide mention of ADHD children as a target market, which constitutes non-substantive promotional text under rule 5.3.","Whether they’re a child with ADHD or an adult just looking for some new toys, we have got them covered.",critic_batch_024_04.jsonl
llm_train_01757,0.01,0.01,,,False,,,"The passage consists of incoherent extraction noise and pharmaceutical keywords, meeting the rule 5.3 definition of non-substantive discourse.",suprax. pyridium-xl propranolol adhd reddit,critic_batch_024_04.jsonl
llm_train_01758,0.02,0.01,0.01,0.01,True,True,False,Academic discussion of narrative recall deficits in autism constitutes a substantive clinical/disorder-construct frame under rule 6.2.,the inability to coherently produce or recall a narrative is associated with... autism,critic_batch_024_04.jsonl
llm_train_01759,0.05,0.01,0.02,0.02,True,True,False,A professional profile specifying the assessment and treatment of ADHD and autism with concrete therapies is substantive clinical discourse.,worked with... ADHD and autism spectrum disorders... using cognitive behavior therapy,critic_batch_024_04.jsonl
llm_train_01760,0.02,0.01,0.01,0.01,True,True,False,Discussion of clinical research into autism etiology and risk factors is a clear example of a substantive clinical/disorder-construct frame.,association between first-trimester exposure to antidepressants and autism spectrum disorder,critic_batch_024_04.jsonl
llm_train_01761,0.15,0.15,,,False,,,The mention is a thin biographical status; the account of being excited about a book does not develop a target-specific lived experience or clinical proposition.,a letter from a girl with autism who wanted me to know how excited she was to meet Bat... She told me about all of her pets,critic_batch_024_04.jsonl
llm_train_01762,0.02,0.01,0.01,0.01,True,True,False,Explicit discussion of ADHD prevalence and the critical importance of treatment is substantive clinical discourse under rules 6.2 and 11.,1 in 5 children suffer from ADHD... treatment for the same is critically important,critic_batch_024_04.jsonl
llm_train_01763,0.1,0.01,0.05,0.08,True,True,False,CDC-sourced clinical definition of symptoms and disorder classification constitutes substantive clinical discourse; lived experience is only implied.,ADHD is a very common neurodevelopmental disorder... Kids and teens with ADHD can’t pay attention,critic_batch_024_04.jsonl
llm_train_01764,0.02,0.02,,,False,,,"The target appears only in a generic list of agencies for school support, which is non-substantive under rules 5.3 and 8.3.",ask for support and advice... ADHD Solutions,critic_batch_024_04.jsonl
llm_train_01765,0.05,0.01,0.02,0.02,True,False,True,"The study explores the collective experiences and community participation of autistic adults, meeting the rule 7.1 definition of a lived-experience frame.",Exploring the Experiences of Autistic Adults... in Accessing and Utilising Autism Services,critic_batch_024_04.jsonl
llm_train_01766,0.95,0.95,,,True,True,False,"The passage explicitly offers clinical assessment and therapy for a specific list of diagnoses including autism, meeting the threshold for substantive clinical discourse under Rule 8.3.","Combining child-centered assessment with family, school, and team collaboration... offering the best evidence-based occupational therapy, speech therapy",critic_batch_024_05.jsonl
llm_train_01767,0.9,0.9,,,True,False,True,"The passage describes a target-specific guide for adult ADHD focusing on unique strengths and adaptation, which constitutes substantive lived-experience discourse under Rule 7.2.",This adult ADHD guide may even uncover your unique strengths! ... finding productive habits,critic_batch_024_05.jsonl
llm_train_01768,0.02,0.02,,,False,,,"The passage is an event promotion where autism appears only as an organization name and in a generic awareness claim, which is non-substantive under Rule 8.10.",Hosted by Autism Speaks ... event is held to support autism awareness,critic_batch_024_05.jsonl
llm_train_01769,0.01,0.01,,,False,,,The target term is used solely as an insult or slur without any coherent target-specific proposition.,Your screen names autistic and wasting my time on you just gave me cancer,critic_batch_024_05.jsonl
llm_train_01770,0.05,0.05,,,False,,,"The passage is a product advert for gummies with a brief, non-developed health claim, which is non-substantive under Rule 5.3.","best it for autism of vegan it gummies, which are nothing to Pure hemp brand gummies",critic_batch_024_05.jsonl
llm_train_01771,0.01,0.01,,,False,,,The passage consists of incoherent extraction noise where the target's relationship to the surrounding medical fragments is unclear.,mended for autism and becomes occluded frequency monitor,critic_batch_024_05.jsonl
llm_train_01772,0.01,0.01,,,False,,,The passage is incoherent and appears to be truncated or contaminated extraction.,Adhd children start doing her nagging your child to do not relate so after 18 weeks.,critic_batch_024_05.jsonl
llm_train_01773,0.05,0.05,,,False,,,"The target appears only as one headline in a broad list of unrelated topics, which is non-substantive under Rule 5.3.",Integrating virtual reality into ADHD therapy: advancing clinical evidence,critic_batch_024_05.jsonl
llm_train_01774,0.05,0.05,,,False,,,"The target appears as titles in a list of statistics and facts, functioning as a topic list rather than a substantive claim.",28 Captivating ADHD Statistics ... 31 Awesome Autism Statistics,critic_batch_024_05.jsonl
llm_train_01775,0.05,0.05,0.05,0.1,True,True,False,The passage correctly identifies a clinical frame by discussing diagnostic prescriptions and symptom prevalence in a coherent argument about the condition.,"ADHD, one of the leading causes of extra time prescriptions, only lingers until adulthood in 1/2 of children",critic_batch_024_05.jsonl
llm_train_01776,0.02,0.01,0.02,0.05,True,True,False,The passage describes a mental health summit focusing on ADHD as a clinical condition requiring recognition and professional insight.,speakers also shared their experiences of dealing with kids suffering from ADHD (Attention Deficit Hyperactivity Disorder) and the need for its recognition,critic_batch_024_06.jsonl
llm_train_01777,0.01,0.01,,,False,,,The passage is a contaminated extraction or SEO product blurb with no coherent target-specific proposition.,This cbd oil benefits adhd very annoyed.,critic_batch_024_06.jsonl
llm_train_01778,0.01,0.01,0.01,0.01,True,True,False,The passage discusses pharmacological treatment and clinical symptom management for ADHD.,"ATOMOXETINE is used to treat... ADHD... improve attention span, concentration, and emotional control.",critic_batch_024_06.jsonl
llm_train_01779,0.05,0.01,0.02,0.05,True,True,True,The text combines a clinical research object frame (scientific study) with an account of everyday social navigation and peer engagement.,Researchers who presented the findings virtually at the 2021 International Society for Autism Research... help autistic people navigate their daily lives better,critic_batch_024_06.jsonl
llm_train_01780,0.02,0.01,0.02,0.01,True,False,True,A first-person account describes a specific everyday strategy for managing attention as lived experience.,"Ms. Honeywell, who has ADHD. 'You can take a breather between things... really helpful and supportive'",critic_batch_024_06.jsonl
llm_train_01781,0.01,0.01,0.01,0.01,True,True,False,The passage outlines formal clinical services and institutional provision for ADHD.,"Bournemouth ADHD centre... range of specialist services, including diagnostic assessments, medication management, psychotherapy",critic_batch_024_06.jsonl
llm_train_01782,0.02,0.02,,,False,,,"The target appears only as an example in a list within a professional profile, which is non-substantive per the codebook.","volunteering with children with special needs including autism, ADHD",critic_batch_024_06.jsonl
llm_train_01783,0.02,0.01,0.02,0.01,True,False,True,A first-person account describes ADHD identity and a specific generative writing practice.,"I have ADHD, I realized... I'm different, very generative. I'm just constantly writing",critic_batch_024_06.jsonl
llm_train_01784,0.01,0.01,0.01,0.01,True,True,False,The passage analyzes diagnostic prevalence and clinical patterns in different populations.,ADHD under-diagnosed in adults... over-diagnoses of ADHD in children... condition has usually been overlooked,critic_batch_024_06.jsonl
llm_train_01785,0.05,0.05,,,False,,,The text is a thin biographical status mention with personality descriptions unrelated to a target-specific proposition.,Special Need: Autism Jane is so full of life and has a bubbly personality.,critic_batch_024_06.jsonl
llm_train_01786,0.95,0.05,0.95,0.95,True,True,False,"The passage identifies a concrete institutional provision (surfing lessons) for autistic children, which is a clinical frame indicator under Rule 8.3, and lacks a developed lived account.",event that teaches autistic children how to surf,critic_batch_024_07.jsonl
llm_train_01787,0.02,0.02,,,False,,,"The target appears only in the name of an award, which is non-substantive under Rule 8.10.",nominated for 2019 Autism Spectrum Australia Recognition Award,critic_batch_024_07.jsonl
llm_train_01788,0.01,0.01,0.01,0.01,True,True,False,"The passage discusses symptoms and treatment, which are core clinical indicators under Section 6.2.",symptoms of ADHD. ... there are ways of treating it,critic_batch_024_07.jsonl
llm_train_01789,0.01,0.01,,,False,,,The target appears only as part of an organization name (Brooklyn Autism Center) without a target-specific claim.,the Brooklyn Autism Center,critic_batch_024_07.jsonl
llm_train_01790,0.01,0.01,0.01,0.01,True,True,False,"The passage discusses metabolic disruptions and research links, which are clinical indicators under Section 6.2.",Research also links the metabolic disruptions ... with ... autism,critic_batch_024_07.jsonl
llm_train_01791,0.01,0.01,0.01,0.01,True,True,False,"The passage discusses a treatment (nicotine patches) for a specific symptom (aggression), which is clinical.",treatment for autism aggression,critic_batch_024_07.jsonl
llm_train_01792,0.01,0.01,0.01,0.01,True,True,False,"The passage discusses ADHD as a co-occurring condition and its role in the assessment process, both clinical indicators.",co-occurring conditions such as ... ADHD ... assessment process,critic_batch_024_07.jsonl
llm_train_01793,0.05,0.01,0.01,0.05,True,True,True,The passage contains both a clinical service description (assessment service) and an accessibility program (Autism Friendly Award).,Autism Diagnosis Assessment service ... Autism Friendly Award aimed at retailers,critic_batch_024_07.jsonl
llm_train_01794,0.01,0.01,0.01,0.01,True,True,False,"The passage discusses functional impairment, treatment, and nosology (ADD/ADHD), which are clinical indicators.","Without treatment, ADHD can cause problems ... called attention deficit disorder (ADD)",critic_batch_024_07.jsonl
llm_train_01795,0.01,0.01,0.01,0.01,True,False,True,The passage foregrounds a family account of a practical problem (locked out of school) without clinical development.,boy with autism was locked out of his school ... according to his mother,critic_batch_024_07.jsonl
llm_train_01796,0.02,0.01,0.01,0.01,True,False,True,The passage develops a substantive account of social experience and dating challenges without treating the diagnosis as a clinical object.,"Navigating the dating scene... whether or not they have an Autism Spectrum Disorder (ASD). Dating is filled with many challenges to maneuver, resulting in awkward situations.",critic_batch_024_08.jsonl
llm_train_01797,0.02,0.01,0.01,0.01,True,True,False,"The passage focuses on the formal diagnostic process, treatments, and core attributes of the condition.","private assessments... ADHD diagnosis... treatments, expenses... Comprehending ADHD... core attributes.",critic_batch_024_08.jsonl
llm_train_01798,0.15,0.01,0.05,0.12,True,True,False,"The passage primarily presents ADHD as a clinical object of symptoms and diagnosis, with daily life tools mentioned as part of a symptom overview.","Understanding ADHD Symptoms in Adult Women... symptoms of ADHD in adult women, checking out how they manifest... significance of awareness and medical diagnosis.",critic_batch_024_08.jsonl
llm_train_01799,0.05,0.01,0.02,0.03,True,True,True,"The passage combines a neurobiological claim about hormones with a subjective, experiential account of attention changes.",How hormones and the menstrual cycle can affect women with ADHD... Have you noticed that your levels of attention may slightly change,critic_batch_024_08.jsonl
llm_train_01800,0.01,0.01,,,False,,,ADHD appears only as an item in a generic list of professional areas of interest.,Areas of Interest... ADHD,critic_batch_024_08.jsonl
llm_train_01801,0.02,0.02,0.02,0.02,True,True,False,"The passage describes specific institutional educational provision for pupils with ADHD, which qualifies as substantive clinical discourse.",Our teaching and non-teaching staff continually support a wide range of individual needs which include... ADHD,critic_batch_025_01.jsonl
llm_train_01802,0.05,0.02,0.05,0.05,True,True,False,"The helpline offers guidance on all aspects of the condition and associated problems, constituting a substantive clinical service proposition.","Autism Bedfordshire Helpline is open... for information, advice and guidance on all aspects of Autistic Spectrum Conditions and associated problems",critic_batch_025_01.jsonl
llm_train_01803,0.01,0.01,0.01,0.01,True,False,True,"The hub's mission focuses on empowering parents based on first-hand challenges, which aligns with the lived-experience frame.",spearheaded by parents and grandparents who have dealt first hand with the challenges associated with having a child with an autism spectrum disorder.,critic_batch_025_01.jsonl
llm_train_01804,0.15,0.15,,,False,,,"This is a commercial landing page snippet dominated by metadata and sales boilerplate, making it non-substantive despite the brief health claim.",West Caldwell Chiropractor Thank you for visiting the website of West Caldwell Chiropractor Dr.,critic_batch_025_01.jsonl
llm_train_01805,0.95,0.95,0.9,0.1,False,,,"A request for a show of hands based on status is not a substantive proposition about ADHD, failing the Stage 0 criteria.",What number of individuals self-determined themselves to have ADHD? Lift your hands.,critic_batch_025_01.jsonl
llm_train_01806,0.01,0.01,0.01,0.01,True,True,False,"The passage discusses clinical research and drug trials for ADHD, which is a core clinical indicator.",an ad for a study of a new ADHD drug was running on a television across the room.,critic_batch_025_01.jsonl
llm_train_01807,0.0,0.0,,,False,,,"The passage contains only navigation links and website interface elements, making it non-substantive.",(503) 716-8203 Email Us Newsletter Sign up ... Sign in HomeSign in,critic_batch_025_01.jsonl
llm_train_01808,0.01,0.01,0.01,0.01,True,True,False,The passage offers specific clinical assessment and testing services for ADHD and makes a claim about behavior causing problems.,"ADHD counseling, assessment, and testings services... available... ADHD... can cause major problems.",critic_batch_025_01.jsonl
llm_train_01809,0.02,0.02,0.02,0.02,True,True,True,The passage combines a clinical discussion of symptoms and misdiagnosis with a foregrounded family experience and journey.,evidence that this was the result of narcissistic abuse and not ADHD ... showing me how to support my son all this time in our journey,critic_batch_025_01.jsonl
llm_train_01810,0.01,0.01,0.01,0.01,True,True,False,"The passage discusses clinical research studies and the genetic causes of ADHD, meeting the clinical frame criteria.",More studies knock down the theory that sugar causes or worsens ADHD than support it. ... your genes probably play a large role.,critic_batch_025_01.jsonl
llm_train_01811,0.02,0.01,0.03,0.01,True,False,True,"The passage focuses on practical techniques and everyday management of executive functioning challenges, supporting a lived-experience frame.","strategies for managing executive functioning challenges... practical techniques to enhance organization, time management, and emotional regulation",critic_batch_025_02.jsonl
llm_train_01812,0.01,0.01,,,False,,,"This is a list of pharmacy/drug spam dominated by commercial metadata, which is non-substantive under Rule 5.3.",revia side effects saveapanda. com naltroxin ldn for autism link acamprosate naltrexone pharmacy,critic_batch_025_02.jsonl
llm_train_01813,0.05,0.01,0.01,0.08,True,True,False,"Social traits are used here specifically as indicators of a clinical category (high-functioning autism), supporting a clinical frame only.",things that people are pointing out... are things that tend to be characteristic of high-functioning autism,critic_batch_025_02.jsonl
llm_train_01814,0.08,0.08,,,False,,,A news aggregator list where target mentions function as link labels is non-substantive under Rule 5.3.,Body-worn camera footage shows Idaho police shooting autistic teen... Oral Bacteria May Help Detect Autism,critic_batch_025_02.jsonl
llm_train_01815,0.01,0.01,0.01,0.01,True,True,False,The passage discusses the clinical etiology/cause of ADHD as a disorder construct.,"What causes ADHD? Just like other mental disorders, the exact cause of ADHD is not well understood",critic_batch_025_02.jsonl
llm_train_01816,0.01,0.01,0.01,0.01,True,True,False,The passage describes professional behavior analytic treatment and clinical case management services.,autism services include behavior analytic education and treatment... wraparound services that coordinate care,critic_batch_025_02.jsonl
llm_train_01817,0.01,0.01,0.01,0.01,True,True,False,The passage lists autism as a clinical feature or comorbidity within a medical description.,Features of autism may develop.,critic_batch_025_02.jsonl
llm_train_01818,0.05,0.01,0.04,0.01,True,True,True,Mixed frame: clinical via management in a psychotherapist's practice; lived via support groups and a 'different way to think about differences'.,psychotherapist... help those in his practice... manage their ADHD... ADHD Support Group... different way to think about your differences,critic_batch_025_02.jsonl
llm_train_01819,0.01,0.01,0.01,0.01,True,False,True,"The passage focuses on awareness, empathy, understanding, and community support, aligning with lived experience.",focuses on autism awareness... passionately discusses the importance of empathy and understanding... community support,critic_batch_025_02.jsonl
llm_train_01820,0.01,0.01,,,False,,,"The extraction is incoherent and contaminated, rendering it non-substantive.",can metronidazole be bought over the counter sometimes makes perfect solution... common complication of anxiety tamoxifen,critic_batch_025_02.jsonl
llm_train_01821,0.05,0.05,,,False,,,ADHD appears only as one example in a generic list of conditions for parental concern.,"Does my child have signs of anxiety, ADHD, or other chronic conditions?",critic_batch_025_03.jsonl
llm_train_01822,0.02,0.01,0.01,0.01,True,True,False,Passage develops a substantive clinical claim regarding under-diagnosis and over-diagnosis rates.,ADHD under-diagnosed in adults: Although the over-diagnoses of ADHD in children is a well-known controversy,critic_batch_025_03.jsonl
llm_train_01823,0.01,0.01,,,False,,,The target appears only as part of an organisation name in a professional profile.,Public Relations Specialist The Autism Spectrum Foundation,critic_batch_025_03.jsonl
llm_train_01824,0.05,0.01,0.02,0.02,True,False,True,"Develops a lived-experience account focusing on community, peer support, and social safety for children.","searching for a safe place for their children to play without fear of bullying, teasing or harassment",critic_batch_025_03.jsonl
llm_train_01825,0.05,0.01,0.02,0.02,True,True,False,Substantive clinical discourse discussing contested causes and risk factors for the condition.,"false information in regard to vaccine well-being, specially the mistaken declare that vaccines make autism",critic_batch_025_03.jsonl
llm_train_01826,0.1,0.01,0.05,0.05,True,True,False,Uses clinical interpretation to explain behavior as a result of ADHD based on data collection.,teacher has collected enough data to form the opinion that Leonard’s challenging behavior is a result of ADHD,critic_batch_025_03.jsonl
llm_train_01827,0.02,0.01,0.01,0.01,True,True,False,"Explicitly discusses misdiagnosis, which is a core clinical frame indicator.","vision problems that are often misdiagnosed as dyslexia, ADD, or ADHD",critic_batch_025_03.jsonl
llm_train_01828,0.02,0.01,0.01,0.01,True,True,False,Discusses medication management and clinical appropriateness of prescriptions for the target.,Providers conduct thorough medication management reviews... prescriptions... for... ADHD,critic_batch_025_03.jsonl
llm_train_01829,0.02,0.01,0.01,0.01,True,True,False,"Focuses on neurobiology, genetics, and research into illness risk factors.",missing or duplicated pieces of chromosomes... associated with autism... Research is addressing how great a risk,critic_batch_025_03.jsonl
llm_train_01830,0.15,0.15,,,False,,,Target appears as one example in a generic list of conditions for professional preparation.,"kids who have learning disabilities like dyslexia, ADHD, or other conditions",critic_batch_025_03.jsonl
llm_train_01831,0.05,0.05,,,False,,,The target term appears only as an article title within a list of resources; it does not contain a target-specific proposition.,Some Suggestions for Dealing with Attention Deficit Disorder,critic_batch_025_04.jsonl
llm_train_01832,0.02,0.02,0.02,0.02,True,True,False,"The passage discusses medication, symptom alleviation, and cognitive effects, which are core clinical indicators.",ADHD medications can alleviate symptoms of attention-deficit disorder. These medications are typically stimulants and aid in increasing concentration.,critic_batch_025_04.jsonl
llm_train_01833,0.05,0.05,,,False,,,The target appears in a list of classroom conditions; the passage makes a claim about the teacher's burden rather than a target-specific claim.,"multitude of issues starting from ADHD to PTSD, from autism to attachment dysfunction",critic_batch_025_04.jsonl
llm_train_01834,0.02,0.02,0.02,0.02,True,False,True,"The passage foregrounds family experience, hearing stories, and the impact of community support on autistic children and their families.","some of the best parts about the charity are getting to know the kids, their families, and hearing their stories",critic_batch_025_04.jsonl
llm_train_01835,0.05,0.05,0.05,0.05,True,False,True,The passage describes ADHD as an 'alternative neuro-operating system' and focuses on creative participation and identity.,teach you how to make your wonderfully imperfect art with the constraints imposed by your alternative neuro-operating system,critic_batch_025_04.jsonl
llm_train_01836,0.02,0.02,0.02,0.02,True,False,True,"The passage discusses an app built by and for the autistic community, highlighting their unique social and sensory experiences.",every single-piece of concept is made for your autistic society and by the autistic society,critic_batch_025_04.jsonl
llm_train_01837,0.05,0.05,,,False,,,Autism is mentioned only as a status for a child undergoing a medical procedure that is not linked to the target condition in the text.,My grandson who is 4 yrs. Old with mild autism had to get his tonsils and adnoids,critic_batch_025_04.jsonl
llm_train_01838,0.05,0.05,,,False,,,The passage consists of truncated snippets and meme references without a coherent target-specific proposition.,The best Tylenol-to-autism memes.,critic_batch_025_04.jsonl
llm_train_01839,0.05,0.05,0.05,0.05,True,False,True,The passage develops a caregiver's lived account by reflecting on a child's meltdowns and the meaning of his diagnosis.,When Max was little and newly diagnosed I thought a lot of the things he was experiencing were just a part of his autism.,critic_batch_025_04.jsonl
llm_train_01840,0.95,0.9,0.1,0.95,False,,,The target is one example in a generic administrative list; the documentation rule for a class of conditions is not substantive discourse.,"If you have a specific learning disability (such as dyslexia, autism or ADHD), you can provide a copy of your diagnostic assessment report instead.",critic_batch_025_04.jsonl
llm_train_01841,0.05,0.01,0.01,0.04,True,False,True,"The passage discusses ableism as a form of stigma and discrimination in public discourse, which fits the lived-experience frame under rule 7.2.",RFK Jr. 's Obsession With Autism Is A 'Dangerous' Form Of Ableism,critic_batch_025_05.jsonl
llm_train_01842,0.02,0.01,0.01,0.01,True,False,True,The claim regarding self-understanding and stigma clearly aligns with the lived-experience frame (Rule 7.2).,"stigma surrounding ADHD, understanding about your adult ADHD is preferable to struggling unawares",critic_batch_025_05.jsonl
llm_train_01843,0.01,0.01,0.01,0.01,True,True,False,Explicit discussion of FDA-approved medication and clinical handbooks confirms a clinical frame (Rule 6.2).,"viloxazine, the first new drug to be approved by the FDA for the treatment of ADHD",critic_batch_025_05.jsonl
llm_train_01844,0.01,0.01,0.01,0.01,True,True,False,Discussion of symptoms and substance use disorder risk based on research studies fits the clinical frame (Rule 6.2).,symptoms experienced by people with ADHD... relation between ADHD and marijuana use... risk of developing a substance use disorder,critic_batch_025_05.jsonl
llm_train_01845,0.12,0.01,0.01,0.1,True,True,False,"The focus is on medication benefits for functioning; while social interaction is mentioned, it is presented as a treatment outcome (Rule 8.3/8.6).","benefit is it really does help some of these kids focus function better in school, socially interact",critic_batch_025_05.jsonl
llm_train_01846,0.05,0.05,,,False,,,Product testimonials making brief health claims as part of a list of conditions are non-substantive (Rule 5.3 and 8.2).,testimonials of how hemp seeds and the oil have helped conditions such as ADHD,critic_batch_025_05.jsonl
llm_train_01847,0.15,0.1,0.02,0.05,True,False,True,An internship program is a concrete institutional arrangement (8.3) focused on neurodiverse identity and participation (7.2).,Autism Summer Internship Program... undergraduate students who identify as neurodiverse,critic_batch_025_05.jsonl
llm_train_01848,0.1,0.1,,,False,,,Biographical text about the process of being asked to write a book without a developed target-specific proposition is non-substantive (Rule 5.3).,write a picture book about autism and sensory issues,critic_batch_025_05.jsonl
llm_train_01849,0.01,0.01,0.01,0.01,True,True,False,"Discussion of diagnosis, medication, and pathologization in a research context is clinical (Rule 6.2).",diagnosed with and medicated for attention deficit hyperactivity disorder... pathologised,critic_batch_025_05.jsonl
llm_train_01850,0.0,0.0,,,False,,,"This is a keyword/metadata list, which is explicitly non-substantive under Rule 5.3.",adhd adhesive... autism avengers,critic_batch_025_05.jsonl
llm_train_01851,0.02,0.01,0.02,0.02,True,True,False,The passage identifies a concrete institutional provision (social skills camps) specifically organized for the target population.,Families travel all over the world for our ADHD and High Functioning ASD Social Skills Camps!,critic_batch_025_06.jsonl
llm_train_01852,0.01,0.01,,,False,,,The target appears only as an organization name within a broader list of partners and organizations.,Among the organizations that have tapped into BBDO’s creative juices: Autism Speaks,critic_batch_025_06.jsonl
llm_train_01853,0.01,0.01,0.01,0.01,True,True,False,The passage describes a clinical research study analyzing the effectiveness of a therapy for children with ADHD symptoms.,Effectiveness of Vision Therapy for Children With... Attention Deficit Hyperactivity Disorder... checklist of ADHD symptoms.,critic_batch_025_06.jsonl
llm_train_01854,0.02,0.02,,,False,,,The passage mentions autism only as a biographical status without developing a clinical or lived-experience proposition.,"ensure the wellbeing of the five-year-old, who was also determined to be autistic",critic_batch_025_06.jsonl
llm_train_01855,0.02,0.02,,,False,,,"The passage is a commercial product blurb/guide for toys, which is categorized as non-substantive under Rule 5.3.",you could find the best ADHD toys for your child.,critic_batch_025_06.jsonl
llm_train_01856,0.05,0.05,,,False,,,The passage is a promotional service blurb with a generic list of conditions; the support claim lacks target-specific detail.,our passion is working with neurological cases like ADHD... autism... using safe and non-medicine methods.,critic_batch_025_06.jsonl
llm_train_01857,0.01,0.01,,,False,,,The target mention is part of a related-links footer/navigation list.,Tandem Repeats May Explain Autism Risk - Neuroscience News,critic_batch_025_06.jsonl
llm_train_01858,0.02,0.01,0.02,0.02,True,True,True,"The passage discusses both clinical research/interventions and the lived experience of transition, resilience, and potential.",presenting research and interventions that support the young person’s ability to be resilient,critic_batch_025_06.jsonl
llm_train_01859,0.02,0.01,0.01,0.02,True,False,True,The passage develops a neurodiversity-oriented lived-experience account focusing on strengths rather than a disorder construct.,There’s also neurodiversity... these supposed ‘defects’ can be positively flipped and harnessed as strengths.,critic_batch_025_06.jsonl
llm_train_01860,0.02,0.02,,,False,,,The target mention is a status indicator in a missing-person news report without developed target-specific discourse.,Minneapolis Police did have a report from a caretaker of a lost child who was autistic,critic_batch_025_06.jsonl
llm_train_01861,0.02,0.01,0.01,0.05,True,True,False,The passage substantively discusses ADHD diagnosis and the management of medication through medical providers.,Timely dagnosis and prompt treatment of ADHD... see how well their medication was working,critic_batch_025_07.jsonl
llm_train_01862,0.05,0.01,0.05,0.01,True,False,True,The passage develops a lived experience account of social acceptance and subjective well-being following a diagnosis.,"you see the people embrace you, it becomes easier... healthy and feeling better than ever",critic_batch_025_07.jsonl
llm_train_01863,0.02,0.02,,,False,,,The target appears only as one item in a biographical professional experience list without developing a target-specific claim.,his passion for coaching youth basketball and working with teens and young adults with autism,critic_batch_025_07.jsonl
llm_train_01864,0.05,0.05,0.01,0.01,True,False,False,This is a substantive administrative/political claim about funding for autistic minors that does not develop clinical or lived frames.,HB 2384 Requiring the DHHR to provide matching funds for trust income disbursed to support autistic minors,critic_batch_025_07.jsonl
llm_train_01865,0.01,0.01,,,False,,,"The passage discusses fundraising and event recognition with only generic mentions of support, which is non-substantive.","donate 10% of Monday’s revenues to the National Autism Association (NAA), in recognition of Autism Awareness Month",critic_batch_025_07.jsonl
llm_train_01866,0.01,0.01,0.01,0.01,True,True,False,The passage provides a detailed clinical and epidemiological analysis of ADHD medication prescription rates.,nearly four-and-a-half million kids... were prescribed ADHD drugs... toddlers and preschoolers being prescribed “dangerous” drugs,critic_batch_025_07.jsonl
llm_train_01867,0.03,0.01,0.05,0.05,True,True,False,"The passage treats ADHD as an object of diagnosis and medication treatment, even if the speaker claims it was a lie.",diagnosed with ADHD and have been taking Adderall to treat it,critic_batch_025_07.jsonl
llm_train_01868,0.05,0.02,0.02,0.1,True,True,False,The passage explicitly discusses the clinical medication of ADHD children with amphetamines as its primary focus.,how we medicate kids for ‘learning disabilities’ like ADD/ADHD with amphetamines,critic_batch_025_07.jsonl
llm_train_01869,0.15,0.15,,,False,,,This is a commercial product blurb for specialized furniture; such promotional claims are typically non-substantive.,BABAMU Spinning Chair for Autistic Kids is superior for parents... seeking specialized kids’ furniture,critic_batch_025_07.jsonl
llm_train_01870,0.01,0.01,,,False,,,The target ADHD appears only as one item in a broader list of illicit substances on a marketplace.,list includes everything from cocaine to steroids to adhd,critic_batch_025_07.jsonl
llm_train_01871,0.85,0.85,0.85,0.75,False,,,ADHD meds appear only as one example in a list of controlled substances subject to a general DEA rule change regarding electronic prescription transfer.,"even controlled substances like opioids, ADHD meds, and anxiety prescriptions can be transferred electronically",critic_batch_025_08.jsonl
llm_train_01872,0.05,0.05,0.05,0.05,True,True,False,The passage develops a substantive clinical frame by discussing forensic psychiatric evaluation and diagnostic evidence in a legal competency hearing.,psychiatrist... found he suffered from... a possible autistic spectrum disorder... expert also had offered evidence at a competency hearing of an autism diagnosis.,critic_batch_025_08.jsonl
llm_train_01873,0.05,0.05,0.05,0.05,True,True,False,The passage makes a substantive clinical claim about the role of DHA and Omega-3 in reducing the risk of developmental disorders like ADHD.,Omega-3 fatty acids have been linked to a lower risk of developmental disorders such as ADHD,critic_batch_025_08.jsonl
llm_train_01874,0.05,0.05,0.05,0.05,True,True,False,The passage presents a substantive clinical/epidemiological discussion of studies investigating the link between vaccines and autism.,"As for autism, after Wakefield there was a ton of studies, and all of them concluded that vaccines don't cause autism",critic_batch_025_08.jsonl
llm_train_01875,0.05,0.05,0.05,0.05,True,True,False,The passage describes a target-specific institutional mandate for schools to provide educational strategies for students with ADHD.,"When a school is informed that a student has... ADHD, the school is required to utilize appropriate educational strategies.",critic_batch_025_08.jsonl
llm_train_01876,0.01,0.01,0.01,0.01,True,True,True,The passage contains both professional behavioral interpretation (clinical) and descriptions of everyday family routines (lived).,"defiant about getting things done like getting dressed, making their bed, taking a shower",critic_batch_026_01.jsonl
llm_train_01877,0.01,0.01,0.01,0.01,True,False,True,The passage foregrounds the family's emotional and practical experience of diagnosis and resource-seeking.,the first thing that might cross their mind is “Now what? ”,critic_batch_026_01.jsonl
llm_train_01878,0.01,0.01,,,False,,,"The target mention is a biographical status mention within a career list, lacking a target-specific claim.","worked directly in the classroom with autistic children in Hanalei, HI",critic_batch_026_01.jsonl
llm_train_01879,0.05,0.01,0.05,0.01,True,False,True,The passage describes everyday coping strategies for parents rather than formal clinical treatment or objects.,"predictable routines for getting ready for school, homework, play, bedtime",critic_batch_026_01.jsonl
llm_train_01880,0.01,0.01,0.01,0.01,True,True,False,The passage treats autism as a negative cognitive/social impact and condition within a medicalized list of effects.,negative impacts ranging from brain cancer to attention and behavioral problems... to social autism,critic_batch_026_01.jsonl
llm_train_01881,0.01,0.01,0.01,0.01,True,True,False,The passage is purely clinical/epidemiological research discussing psychiatric risk factors and comorbidity.,"risk factor for mood disorders, anxiety disorders... attention deficit, autism spectrum disorder",critic_batch_026_01.jsonl
llm_train_01882,0.01,0.01,0.01,0.01,True,False,True,This is a first-person account of identity and the lived impact of the conditions on the artist's life.,the effect these conditions have had on my life is not. Art... it’s my path to freedom,critic_batch_026_01.jsonl
llm_train_01883,0.01,0.01,0.01,0.01,True,True,False,"The passage discusses medication, legitimacy of illness, and institutional management from a professional perspective.",prescribes Adderall to low-income schoolchildren... doesn't even believe ADHD is a legitimate illness,critic_batch_026_01.jsonl
llm_train_01884,0.01,0.01,0.01,0.01,True,False,True,The passage focuses on community misunderstanding and bringing the lived experiences of children to life.,found that the wider community often misunderstood the kids... bring their experiences to life,critic_batch_026_01.jsonl
llm_train_01885,0.01,0.01,,,False,,,"The target mention appears only as a plot point in a book review list, without target-specific discourse.",cases like the death of an autistic boy in a care home or a deadly armed robbery,critic_batch_026_01.jsonl
llm_train_01886,0.15,0.05,0.05,0.15,True,False,False,The passage makes a coherent claim about autism representation in media without developing clinical or lived-experience evidence.,"when she “rescues” the autistic girl like halfway through the series, good lord. Just wear a t-shirt that says “ALLY” and be done with it.",critic_batch_026_02.jsonl
llm_train_01887,0.15,0.15,,,False,,,The passage is promotional text listing a presentation topic without target-specific content beyond the title.,"September's Included Topic - ""Natural Solutions for ADD/ADHD""",critic_batch_026_02.jsonl
llm_train_01888,0.05,0.01,0.05,0.05,True,True,True,It includes clinical prevalence data from research and discusses personal identity and belonging.,"As an autistic person... A higher percentage of autistic people identify as LGBTQ than the general population, according to research studies.",critic_batch_026_02.jsonl
llm_train_01889,0.02,0.01,0.01,0.01,True,True,False,The passage discusses clinical research findings regarding symptoms and feeding problems in children with ASD.,analysis of feeding behavior in children with autism spectrum disorders (ASD) indicates that these children are five times more likely to have a feeding problem,critic_batch_026_02.jsonl
llm_train_01890,0.01,0.01,,,False,,,The target appears only as an acronym in a generic list of terms.,ASD Autism Spectrum Disorder ... AUT Autism,critic_batch_026_02.jsonl
llm_train_01891,0.01,0.01,,,False,,,The target appears only in a list of essay titles and SEO metadata.,Adhd And Our Education System Adhd And Our Education System,critic_batch_026_02.jsonl
llm_train_01892,0.02,0.01,0.01,0.01,True,True,False,It discusses clinical research involving animal models and pharmacology related to ADHD populations.,examine model-specific compulsive readouts... in rats and mice... analogous behaviors to each clinical population... ADHD,critic_batch_026_02.jsonl
llm_train_01893,0.01,0.01,,,False,,,Target terms appear only as items in a generic health library topic list.,Health Library Topics ... add/adhd adhd ... autism,critic_batch_026_02.jsonl
llm_train_01894,0.15,0.01,0.05,0.15,True,True,False,The passage develops clinical content about DSM-V criteria and neural pathways; strategies focus on professional management.,"Although Emotional Regulation is not a criterion in DSM-V for a diagnosis of autism, ADHD... strategies... enable students to build new neural pathways",critic_batch_026_02.jsonl
llm_train_01895,0.05,0.05,,,False,,,Target appears only as an example in a list of conditions covered by a service provider.,They also cater to various conditions such as autism spectrum,critic_batch_026_02.jsonl
llm_train_01896,0.05,0.01,0.04,0.02,True,True,True,"The passage discusses both ADHD medication (clinical) and a caregiver's account of challenging behavior (lived), meeting both definitions independently.","books provided a potion that was as effective as any ADHD medication. Before my son’s medicine kicks in, he has a boatload of energy, and his behavior can be challenging.",critic_batch_026_03.jsonl
llm_train_01897,0.12,0.12,,,False,,,The target appears in a news headline where autism is incidental to the core point of the reported conflict; conservative Stage 0 rule applies.,School Board Member Caught Trashing Father Who Was Advocating for Son with Autism: 'Pain in the Ass',critic_batch_026_03.jsonl
llm_train_01898,0.02,0.01,0.01,0.01,True,True,False,"The passage discusses neurobiological causes and cellular pathways, treating autism as a research and clinical object.",potential causes of autism include hyper activation of the MTor Pathways and impaired authophagy.,critic_batch_026_03.jsonl
llm_train_01899,0.05,0.05,,,False,,,Event promotion and fundraising logistics without a target-specific claim are non-substantive per codebook 8.10.,Second Autism walk scheduled... raise both awareness and money for Autism awareness,critic_batch_026_03.jsonl
llm_train_01900,0.08,0.02,0.05,0.03,True,False,True,"The passage discusses the social use of the ADHD label and public stereotypes, which qualifies as lived experience (stigma/social recognition).",make sure to throw in 'suffers from ADHD' because then he's a 'vulnerable child' and people will go 'ahh. Poor thing.,critic_batch_026_03.jsonl
llm_train_01901,0.04,0.01,0.02,0.02,True,True,False,The passage specifies concrete institutional arrangements including eligibility determination and wait list management for autism services.,determine eligibility & priority rating for developmental disability services - process referrals & manage wait lists,critic_batch_026_03.jsonl
llm_train_01902,0.01,0.01,,,False,,,Fragmented extraction without a coherent proposition is non-substantive.,19 Autistic child then please take survey 3.,critic_batch_026_03.jsonl
llm_train_01903,0.05,0.05,,,False,,,Mention of an association and parents/children participating in carnival activities is non-substantive event coverage.,Ambassadors took members of the Macau Autism Association... to play at some of the carnival's game booths,critic_batch_026_03.jsonl
llm_train_01904,0.05,0.05,,,False,,,Autism is a bare status mention; the substantive account concerns unrelated medical procedures.,Mia Timbrello has autism and underwent double organ transplant when she was a toddler.,critic_batch_026_03.jsonl
llm_train_01905,0.02,0.01,0.01,0.01,True,True,False,Explicit offer of assessment and screening services for autism meets the clinical/institutional provision definition.,"Autism Assessments The University does not offer autism screening or assessment, this is available via the NHS or privately.",critic_batch_026_03.jsonl
llm_train_01906,0.02,0.02,,,False,,,"The ADHD mention is part of a list of unrelated news headlines, functioning as a navigation or related-link label.",Harvard research links fluoridated water to ADHD,critic_batch_026_04.jsonl
llm_train_01907,0.01,0.01,0.01,0.01,True,True,False,The passage develops a target-specific clinical account of medication titration and dosage adjustment.,ADHD Medication Titration In many instances doctors may have to adjust the dosage,critic_batch_026_04.jsonl
llm_train_01908,0.01,0.01,0.01,0.01,True,False,True,The passage foregrounds a family's emotional journey and subjective experience following a son's diagnosis.,a family's painful and often humorous journey of denial and introspection,critic_batch_026_04.jsonl
llm_train_01909,0.02,0.01,0.01,0.05,True,True,False,The passage discusses clinical studies regarding ADHD symptom reduction through environmental factors.,Studies suggest that children exposed to green play spaces exhibit... reduced ADHD symptoms,critic_batch_026_04.jsonl
llm_train_01910,0.01,0.01,0.01,0.02,True,True,False,The passage describes professional diagnostic and treatment services specifically for ADHD and autism.,"multidisciplinary treatment facility providing a range of diagnostic and treatment services... autism, ADHD",critic_batch_026_04.jsonl
llm_train_01911,0.02,0.01,0.01,0.04,True,True,False,The passage discusses clinical research linking iron and vitamin D levels to ADHD and autism symptoms.,Relationship between serum vitamin D and iron level in children with attention-deficit hyperactivity disorder,critic_batch_026_04.jsonl
llm_train_01912,0.08,0.08,,,False,,,The target mention is a biographical status detail within a narrative primarily focused on vision loss and surgery.,Viktor was assessed at... the Mater Intellectual Disability and Autism Service (MIDAS),critic_batch_026_04.jsonl
llm_train_01913,0.01,0.01,,,False,,,ADHD appears only as one item in a generic list of conditions/issues without a developed claim.,ADHD related issues / academic difficulty,critic_batch_026_04.jsonl
llm_train_01914,0.08,0.08,,,False,,,The ADHD mention is part of a truncated sentence and the overall extraction is contaminated with unrelated content.,"now this little boy had adhd and was constantly naughty, so his parents",critic_batch_026_04.jsonl
llm_train_01915,0.02,0.01,0.01,0.02,True,True,False,The passage identifies a concrete clinical purpose (treating) for ADHD and autism within a hospital context.,"turn to Doernbecher experts for help in treating ADHD, autism",critic_batch_026_04.jsonl
llm_train_01916,0.01,0.01,0.01,0.05,True,True,False,"The passage develops clinical propositions regarding symptoms and therapy; the mention of helping individuals thrive is a generic service claim, not a developed experiential account.",persistent pattern of inattention; effective therapy to help them thrive,critic_batch_026_05.jsonl
llm_train_01917,0.95,0.01,0.95,0.02,True,True,True,"The passage includes explicit clinical propositions in post titles regarding medical care and seizure management, alongside the lived account of receiving a diagnosis.",medical care for people; Identifying and Managing Seizures in Autism; Treating Autism,critic_batch_026_05.jsonl
llm_train_01918,0.01,0.01,0.01,0.01,True,True,False,"The passage discusses ADHD patients as medical subjects sensitive to metabolites and side effects, which constitutes a clinical frame.",patients suffering from ADHD are also sensitive to these metabolites and experience side effects,critic_batch_026_05.jsonl
llm_train_01919,0.01,0.01,0.01,0.05,True,True,False,The discussion of diagnostic criteria and psychological testing constitutes a clinical frame; strengths/needs are framed as assessment outcomes rather than lived accounts.,comprehensive psychological assessment; criteria for a diagnosis of Autism Spectrum Disorder,critic_batch_026_05.jsonl
llm_train_01920,0.01,0.01,0.01,0.01,True,True,False,"The passage discusses behavioral interventions and research guidelines, which are core clinical frame indicators.","evidence-based guidelines for behavioral interventions; research on ""Applied Verbal Behavior""",critic_batch_026_05.jsonl
llm_train_01921,0.02,0.02,,,False,,,"ADHD appears only as a headline in a related-link list of recommended articles, which is non-substantive under Rule 5.3.",Recommended Articles - How video games are reshaping global health: ADHD,critic_batch_026_05.jsonl
llm_train_01922,0.01,0.01,0.01,0.01,True,False,True,"The passage develops an account of social isolation and lack of public understanding, which is a lived-experience frame.",feeling socially isolated and often avoiding public places,critic_batch_026_05.jsonl
llm_train_01923,0.01,0.01,0.01,0.01,True,True,False,"The passage focuses on misdiagnosis, diagnostic overlap, and specific clinical symptoms, which are clinical objects.","ASD shares several symptoms with ADHD, including difficulties with impulsivity, executive functioning, and hyperactivity",critic_batch_026_05.jsonl
llm_train_01924,0.05,0.05,,,False,,,"The passage consists only of a title/program name and clinician name without a target-specific claim, which is non-substantive.","ADHD ASSESSMENT SUITE Vincent Monastra, Ph. D.",critic_batch_026_05.jsonl
llm_train_01925,0.01,0.01,0.01,0.01,True,True,False,"The discussion of medication safety, effectiveness, and age-based advisories for Concerta is a clinical frame.","ADHD medications currently in the marketplace, is not advisable for kids under the age of six",critic_batch_026_05.jsonl
llm_train_01926,0.01,0.01,,,False,,,The passage is a navigation menu or topic list where ADHD appears only as a tag without a specific claim.,Topics Advocacy ADD/ADHD Allergy/Anaphylaxis American Indian Assistive Technology Autism Spectrum,critic_batch_026_06.jsonl
llm_train_01927,0.01,0.01,0.02,0.01,True,False,True,The passage develops a lived experience account focusing on stigma and personal identity rather than a clinical object.,"hard for people to understand that he has autism, and that he's not a naughty boy",critic_batch_026_06.jsonl
llm_train_01928,0.01,0.01,,,False,,,This is a list of events and tags where autism is merely one entry in a broader directory.,Asbury Park events ASD Solutions Inc. Ashanti ashima franklin Ashley Graham,critic_batch_026_06.jsonl
llm_train_01929,0.05,0.05,,,False,,,"The passage is a product advertisement making only a brief health claim, which is non-substantive per rule 5.3.",TouchPoints are even helping people to manage symptoms of Autism Spectrum Disorders and ADHD.,critic_batch_026_06.jsonl
llm_train_01930,0.01,0.01,,,False,,,"The passage is a list of conditions for a therapy, which is a non-substantive list under rule 5.3.",Proposed Uses - Anorexia - Anxiety - Asthma - Attention Deficit Disorder (ADD) - Autism,critic_batch_026_06.jsonl
llm_train_01931,0.01,0.01,0.01,0.02,True,True,False,The passage discusses ADHD/Autism as neurological disorders requiring professional diagnosis and institutional services.,diagnosis from a pediatrician must first be made before these services become fully available,critic_batch_026_06.jsonl
llm_train_01932,0.85,0.85,0.05,0.8,False,,,A film synopsis listing 'autistic' as a character attribute without developing target-specific discourse is non-substantive.,A mystic autistic man heals his broken family without saying a word.,critic_batch_026_06.jsonl
llm_train_01933,0.02,0.01,0.01,0.05,True,True,False,The passage presents the target as a clinical object of treatment (CBD oil) for a disorder and seizures.,"claim evidence that CBD oil can improve autism disorders, ADHD.",critic_batch_026_06.jsonl
llm_train_01934,0.01,0.01,0.01,0.01,True,True,False,"The passage discusses misdiagnosis and pharmaceutical treatment, which are core indicators of a clinical frame.",Misdiagnosis of ADD is a well-known controversy... doctors to prescribe the drug Ritalin,critic_batch_026_06.jsonl
llm_train_01935,0.01,0.01,0.01,0.01,True,True,True,The passage combines a clinical/institutional program with lived experience focused on everyday academic adaptation strategies.,group program teach adolescents and their parents specific strategies targeting academic improvement,critic_batch_026_06.jsonl
llm_train_01936,0.01,0.01,0.01,0.01,True,True,False,"The passage makes a target-specific claim about signs and symptoms, treating ADHD as a clinical object.",A common sign of ADHD is what looks like an inability to recognize other people’s needs and desires.,critic_batch_026_07.jsonl
llm_train_01937,0.02,0.01,0.02,0.01,True,False,True,The passage foregrounds the everyday challenges of autistic people and mentions collaborative resource creation for wellbeing.,we know it is extremely difficult for autistic children and young people... worked with autistic young people to create resources,critic_batch_026_07.jsonl
llm_train_01938,0.01,0.01,0.01,0.01,True,True,False,The passage discusses clinical etiology (gluten intolerance association) and symptom manifestation.,ADHD Yet another disorder that may be associated with gluten intolerance... short attention span and problems with self-control.,critic_batch_026_07.jsonl
llm_train_01939,0.05,0.02,0.02,0.02,True,True,False,"ADHD is invoked to contextualize professional behavior in a disciplinary investigation, functioning as a clinical object.",teachers referred for investigation... found to have a range of disorders... including... ADHD,critic_batch_026_07.jsonl
llm_train_01940,0.02,0.01,0.01,0.01,True,True,False,The passage makes a target-specific claim about the clinical management of ADHD using medication.,teachers insisting spirited children take dangerous ADHD drugs to make them easier to manage,critic_batch_026_07.jsonl
llm_train_01941,0.05,0.05,,,False,,,"The target appears only as a headline or link label in a navigation list, which is non-substantive.","Children with ADHD frequently use healthcare service before diagnosis, study finds",critic_batch_026_07.jsonl
llm_train_01942,0.01,0.01,,,False,,,ADHD appears only as one item in a list of conditions treated by a provider in a commercial advert.,Whether you suffer from... ADD/ADHD... Calease Chiropractic Center helps patients find solutions,critic_batch_026_07.jsonl
llm_train_01943,0.01,0.01,0.01,0.01,True,True,False,The passage discusses specific genetic research findings related to the biological causes of the target conditions.,autism and ADHD share changes in the same genes. The new knowledge relates directly to the biological causes,critic_batch_026_07.jsonl
llm_train_01944,0.75,0.75,0.7,0.2,False,,,ADHD is listed as an example in a generic professional profile without a target-specific claim or service proposition.,a mental health professional has an understanding of various disorders like ADHD and depression,critic_batch_026_07.jsonl
llm_train_01945,0.01,0.01,0.01,0.01,True,True,False,The passage provides specific clinical information about medication treatment options and their behavioral effects.,The medication is often the first-choice treatment option for ADHD. Adderall improves attention and focus,critic_batch_026_07.jsonl
llm_train_01946,0.02,0.01,0.01,0.05,True,True,True,"The passage correctly identifies both clinical objects (medications, therapies) and lived practical family costs for sensory items.","medications, behavioral therapies... parents raising a child with autism... sensory-friendly items",critic_batch_026_08.jsonl
llm_train_01947,0.01,0.01,0.01,0.01,True,True,False,The passage develops a clinical research claim about etiology and trials without personal or social perspective.,trial of vitamin D supplements... examine the impact on the child’s brain development and risk of conditions,critic_batch_026_08.jsonl
llm_train_01948,0.05,0.01,0.01,0.05,True,False,True,The apology to the 'autism community' and removal of harmful scenes foregrounds collective voice and social recognition.,addressed to members of the autism community... remove the restraint scenes,critic_batch_026_08.jsonl
llm_train_01949,0.01,0.01,0.01,0.01,True,True,False,"The text presents ADHD as a clinical disorder object focusing on medication facts, symptoms, and side effects.",ADHD medications facts... disorder... increased the risk of suicidal ideation,critic_batch_026_08.jsonl
llm_train_01950,0.01,0.01,0.01,0.01,True,False,True,"The passage foregrounds identity and community advocacy, with no clinical assessment or treatment discussed.",autistic self-advocate... deep respect for her disabled community... eliminate ableism,critic_batch_026_08.jsonl
llm_train_01951,0.02,0.01,0.02,0.02,True,True,True,The passage discusses both a clinical misdiagnosis (autism vs. hearing loss) and the child's subjective 'hermetic world' and isolation.,"cause of isolation is not autism, but hearing loss... lives in his hermetic world, unable to establish contact",critic_batch_027_01.jsonl
llm_train_01952,0.01,0.01,0.01,0.01,True,False,True,"The passage presents ADHD through personal drive, focus, and energy rather than as a clinical or treatment object.","ADHD has given him the focus and drive... outlet for his energy, which channelled into his passion",critic_batch_027_01.jsonl
llm_train_01953,0.01,0.01,,,False,,,"The target mention is a single headline within a long list of news items, providing no substantive development.",RFK Jr. ’s ‘Autism Registry’ Plan Sparks Backlash,critic_batch_027_01.jsonl
llm_train_01954,0.01,0.01,0.01,0.01,True,True,False,The passage describes intensive residential treatment and diagnostic categories without developing personal or social experience.,"intensive residential treatment program... Diagnostically, these youths present with... ADHD",critic_batch_027_01.jsonl
llm_train_01955,0.01,0.01,,,False,,,The target term appears only as a category tag in a long navigation list.,Categories All Categories... adhd,critic_batch_027_01.jsonl
llm_train_01956,0.01,0.01,,,False,,,ADHD is listed only as one of many specialties offered by a provider service.,Specialties on BetterHelp include: ... ADHD,critic_batch_027_01.jsonl
llm_train_01957,0.05,0.05,,,False,,,An autism diagnosis is mentioned as a generic motive for therapy in a list without substantive development.,"attend therapy for specific motives, such as... an autism diagnosis",critic_batch_027_01.jsonl
llm_train_01958,0.01,0.01,0.01,0.01,True,True,False,The passage discusses the clinical and bidirectional relationship between ADHD and sleep patterns/brain processing.,Sleep is also thought to have a bidirectional relationship with... attention-deficit/hyperactivity disorder,critic_batch_027_01.jsonl
llm_train_01959,0.01,0.01,,,False,,,The target mention appears only within a book title in a long list of publications.,Adolescents with Autism Spectrum Disorder A Clinical Handbook,critic_batch_027_01.jsonl
llm_train_01960,0.1,0.05,0.1,0.1,True,False,True,"The discourse focuses on inclusion and participation strategies, which supports a lived-experience frame over clinical management.",discover the challenges and strategies to support their inclusion in education and society,critic_batch_027_01.jsonl
llm_train_01961,0.02,0.01,0.01,0.01,True,True,False,The passage makes a substantive clinical claim about the prevalence of autism cases and the associated disability benefits.,"disability benefits has jumped by more than 100,000... after a surge in autism and ADHD cases",critic_batch_027_02.jsonl
llm_train_01962,0.05,0.01,0.05,0.05,True,True,True,The passage describes a concrete institutional provision for education (clinical) and foregrounds student belonging and recognition (lived).,"education for students with ADHD, autism... we want them to feel seen here",critic_batch_027_02.jsonl
llm_train_01963,0.02,0.01,0.01,0.01,True,True,False,A quiz for identifying adult ADHD is a substantive clinical assessment/screening object.,Quiz: Do You Have Adult ADHD?,critic_batch_027_02.jsonl
llm_train_01964,0.08,0.02,0.05,0.05,True,True,False,"The passage mentions a psychologist for support with a diagnosis, qualifying as a clinical service object.",diagnosed with Autism late last year and sees a psychologist for general support with that,critic_batch_027_02.jsonl
llm_train_01965,0.02,0.01,0.01,0.01,True,False,True,The passage developments a lived-experience frame through advocacy for respect and dignity for autistic people.,help Autistic people earn the respect and dignity they deserved,critic_batch_027_02.jsonl
llm_train_01966,0.05,0.02,0.01,0.02,True,False,True,The passage describes the practical family/caregiver experience of managing costs related to raising an autistic child.,"help pay for different costs that come along with raising her younger brother Manny, who lives with autism",critic_batch_027_02.jsonl
llm_train_01967,0.03,0.03,,,False,,,"The target appears only in a generic list of news, products, and services without a developed claim, making it non-substantive.","autism news, products and services! Store For Autism Families and Professionals",critic_batch_027_02.jsonl
llm_train_01968,0.1,0.02,0.1,0.02,True,False,True,The Ritalin mention is self-theorising/hyperbolic rather than a developed clinical object; the lived school experience is primary.,Ritalin dosage would’ve been OFF THE CHARTS!! ... teacher moved my desk out into the hallway,critic_batch_027_02.jsonl
llm_train_01969,0.01,0.01,0.01,0.01,True,True,False,The passage makes a substantive clinical claim regarding symptoms and differential diagnosis.,"ADHD has symptoms that overlap with bipolar disorder. For this reason, bipolar disorder can be difficult to differentiate",critic_batch_027_02.jsonl
llm_train_01970,0.01,0.01,0.01,0.01,True,True,False,The passage describes professional specialized knowledge in clinical assessment and treatment.,"specialized knowledge, skill and independence in the areas of assessment and treatment of autism spectrum disorder",critic_batch_027_02.jsonl
llm_train_01971,0.01,0.01,0.01,0.05,True,True,True,The passage discusses ADHD diagnosis and TCM treatment alongside a mother's experiential account of her child's behavioral changes and feelings.,boy who was diagnosed with ADHD... the best change... is that he is smiling a lot more,critic_batch_027_03.jsonl
llm_train_01972,0.01,0.01,0.01,0.01,True,True,False,"This is an institutional service description for students with documented disabilities, which qualifies as clinical framing.",University’s designated service provider to students with documented... ADHD,critic_batch_027_03.jsonl
llm_train_01973,0.01,0.01,0.01,0.01,True,True,False,The passage uses an ASD diagnosis as a formal clinical object in a legal argument for criminal responsibility mitigation.,should be found not criminally responsible (NCR) for his actions due to his Autism Spectrum Disorder (ASD) diagnosis,critic_batch_027_03.jsonl
llm_train_01974,0.05,0.05,,,False,,,"This is a commercial SEO blurb for buying medication online, which is non-substantive according to the commercial-claim rule (5.3).",buying Vyvanse online can be straightforward and convenient,critic_batch_027_03.jsonl
llm_train_01975,0.01,0.01,0.01,0.01,True,True,False,"The passage explicitly discusses breakthroughs in treating autism as a disorder, characteristic of the clinical frame.",breakthroughs in treatments for autism... treating this disorder,critic_batch_027_03.jsonl
llm_train_01976,0.01,0.01,0.01,0.01,True,True,False,The school's provision for detecting early signs and providing help constitutes clinical/institutional discourse.,detecting early signs of any conditions... including dyslexia and ADHD,critic_batch_027_03.jsonl
llm_train_01977,0.05,0.01,0.05,0.05,True,True,True,"The passage links clinical therapy to the identity and collective experience of Native Autistic kids, qualifying as mixed.",trauma of Native Autistic kids impact their experience of our therapy,critic_batch_027_03.jsonl
llm_train_01978,0.1,0.01,0.05,0.15,True,True,False,"The passage uses clinical symptom language to describe patient behavior in a medical setting, fitting the clinical frame.","Patients may feel irritated, anxious, and unable to control impulsive behaviors",critic_batch_027_03.jsonl
llm_train_01979,0.01,0.01,0.01,0.01,True,True,False,"The passage lists ADHD as a clinical risk factor for substance use, which is a nosological and epidemiological claim.",Teens are more likely to use alcohol or drugs if... a parent or teen has... ADHD,critic_batch_027_03.jsonl
llm_train_01980,0.01,0.01,,,False,,,"The target organization appears only as a donation recipient for an event, making it non-substantive under Rule 8.10.",donated its proceeds to Alpha Xi Delta’s Beta Tau Foundation benefiting Autism Speaks,critic_batch_027_03.jsonl
llm_train_01981,0.01,0.01,0.01,0.05,True,True,False,The passage discusses the timing of diagnosis as a clinical research object; family involvement is described as a factor in that timing rather than a foregrounded experiential account.,important role that family members and friends can play in the timing of a child's initial diagnosis of autism,critic_batch_027_04.jsonl
llm_train_01982,0.0,0.0,0.0,0.0,True,True,False,"The passage describes professional intervention strategies and services provided by clinical specialists, adhering strictly to the clinical frame definition.","early intervention strategies for those working with young children at risk for or diagnosed with autism spectrum disorder, such as occupational therapists",critic_batch_027_04.jsonl
llm_train_01983,0.0,0.0,,,False,,,The mention appears in a product tagline for an AI note app without any target-specific proposition or developed account.,AI Note app for busy professionals with ADHD,critic_batch_027_04.jsonl
llm_train_01984,0.0,0.0,0.0,0.0,True,True,False,The passage discusses neurobiological mechanisms and clinical research findings regarding zinc supplementation for ADHD symptoms.,"zinc supplementation can improve attention and reduce impulsivity, particularly in individuals with ADHD",critic_batch_027_04.jsonl
llm_train_01985,0.0,0.0,,,False,,,The target term is part of a contaminated extraction consisting of SEO keywords and spam noise.,conner’s adult adhd rating scales,critic_batch_027_04.jsonl
llm_train_01986,0.05,0.01,0.08,0.02,True,False,True,The passage foregrounds family experience and perspective; the diagnosis is status-only and insurance planning is an administrative rather than clinical service.,"profound effect on Gabrielle and her family, opening their eyes to a world that needs much assistance",critic_batch_027_04.jsonl
llm_train_01987,0.02,0.05,,,False,,,The target appears in a generic list of disorders within a statement that merely indicates the existence of professional support.,especially for people with identified disorders including attention deficit disorder,critic_batch_027_04.jsonl
llm_train_01988,0.0,0.0,,,False,,,"The passage is a navigation list of organizations and resource centers, which is non-substantive per the codebook.","Center for ADHD Awareness, Canada - Canadian ADHD Resource Alliance",critic_batch_027_04.jsonl
llm_train_01989,0.01,0.0,0.01,0.01,True,True,True,The passage combines a lived account of practical daily challenges with clinical discussion of medication response and diagnostic classification.,"contend with noise, planning, transitions ... he has never responded to the typical ADHD medications",critic_batch_027_04.jsonl
llm_train_01990,0.0,0.0,,,False,,,The target appears only as an organization name within a footer or navigation list.,What We Do - Autism Society Southwest Louisiana,critic_batch_027_04.jsonl
llm_train_01991,0.05,0.05,,,False,,,The passage is a promotional testimonial where the target mention is generic and lacks target-specific discourse beyond the sales pitch.,"“IXL has worked wonders for my students with autism.""",critic_batch_027_05.jsonl
llm_train_01992,0.01,0.01,0.01,0.01,True,True,False,"The passage substantively discusses diagnosis and meeting criteria, which are core clinical indicators.",About half of the remaining children were diagnosed with... attention deficit hyperactivity disorder. The other half did not meet the criteria for any condition.,critic_batch_027_05.jsonl
llm_train_01993,0.01,0.01,,,False,,,The target appears only as a headline in a long list of navigation or related-link labels without a target-specific claim.,Jax Taylor Supports Son Living With Him Forever After Autism Diagnosis,critic_batch_027_05.jsonl
llm_train_01994,0.05,0.02,0.05,0.02,True,False,True,"This is a family account foregrounding personal observation and everyday relational meaning, which constitutes lived experience.","“My son has autism and I recognised the gestures they were making with their hands and bodies.""",critic_batch_027_05.jsonl
llm_train_01995,0.05,0.01,0.02,0.1,True,True,False,"The passage describes a concrete institutional provision organised for autistic children, which is a clinical frame indicator.",Forest Bridge School is a special school for those aged 4-16 with autistic diagnoses... provision for local young people with autism.,critic_batch_027_05.jsonl
llm_train_01996,0.01,0.01,,,False,,,The target appears only as an example in a broader list of nonprofit partner organizations.,"The new nonprofit partner organizations are: Aarohi, Action for Autism...",critic_batch_027_05.jsonl
llm_train_01997,0.02,0.02,0.01,0.01,True,False,True,"The passage describes a peer support group and its topics, which fits the lived-experience definition of community and participation.","A support group that focuses on building community and support for LGBTQ+ and neurodivergent folks (ADHD, Autistic...)",critic_batch_027_05.jsonl
llm_train_01998,0.02,0.02,0.01,0.01,True,False,True,"The passage discusses ways of being and everyday life patterns (nests), which is substantive lived-experience discourse.",It is common for us to create ‘nests’ around our homes... especially if we also have ADHD,critic_batch_027_05.jsonl
llm_train_01999,0.05,0.02,0.02,0.15,True,True,False,"The passage treats autism and ADHD in the context of core symptoms and FDA-approved medical treatment, supporting a clinical frame.",Because there is no Food and Drug Administration-approved medical treatment for the core symptoms of autism...,critic_batch_027_05.jsonl
llm_train_02000,0.95,0.95,0.9,0.1,False,,,ADHD appears only in a generic list of conditions for a supplement; the scientific claim is class-level and the list is non-substantive.,People take vitamin B5 supplements... to help with a range of conditions. - acne - ADHD ...,critic_batch_027_05.jsonl
llm_train_02001,0.05,0.01,0.05,0.02,True,False,True,"The passage focuses on the mother's feelings and the son's reaction to an appointment, fitting a lived experience account.",My son is autistic and I was worried about how he would respond to being tested. I was very pleased with our first appointment.,critic_batch_028_01.jsonl
llm_train_02002,0.0,0.0,0.0,0.0,True,True,False,"The passage discusses ADHD in the context of prescription medication and misuse, which constitutes a clinical frame.",Stimulants used for ADHD that may be misused for academic performance,critic_batch_028_01.jsonl
llm_train_02003,0.0,0.0,0.0,0.0,True,True,False,The passage discusses institutional provision and clinical management of autism within a hospital context.,reduce the number of people with a learning disability or autism becoming longer-term inpatients in a hospital unnecessarily,critic_batch_028_01.jsonl
llm_train_02004,0.0,0.0,,,False,,,The passage mentions an organization and publication name without making a target-specific claim.,The Canadian Journal of Autism Equity is published by McMaster University Library Press,critic_batch_028_01.jsonl
llm_train_02005,0.0,0.0,,,False,,,"ADHD appears only as a title in a table of contents list, which is non-substantive per Rule 5.3.",Appendix A: Practical Notes on ADHD in Boys,critic_batch_028_01.jsonl
llm_train_02006,0.0,0.0,0.0,0.0,True,True,False,The passage discusses the clinical development of medical treatments for ADHD patients.,developing several product candidates ... for the treatment of Impulsive Aggression in ADHD patients and SPN-812 for the treatment of ADHD.,critic_batch_028_01.jsonl
llm_train_02007,0.0,0.0,,,False,,,"Autism spectrum disorders appears only in a generic list of conditions treated by a clinic, which is non-substantive.",We treat patients having any of the following: ... Autism spectrum disorders,critic_batch_028_01.jsonl
llm_train_02008,0.0,0.0,,,False,,,Mentions autism as a conceptual lens for a product but makes no coherent target-specific proposition.,Seeing this through the lens of autism has led to the production of my eBook,critic_batch_028_01.jsonl
llm_train_02009,0.05,0.01,0.05,0.01,True,False,True,The passage focuses on children's subjective experience of overwhelm and their emotional and relational needs.,"Children whose responses to the overwhelm they experience are given any number of labels: ADHD, Autism",critic_batch_028_01.jsonl
llm_train_02010,0.05,0.02,0.05,0.02,True,True,False,The passage makes a categorical claim about nutritional needs and eating problems as a clinical concern for children with ASD.,What are the nutritional needs of children with autism spectrum disorders (ASDs)?,critic_batch_028_01.jsonl
llm_train_02011,0.05,0.01,0.02,0.03,True,True,False,The passage presents ASD through epidemiological risk (elopement stats) and institutional safety provision without developed lived experience.,Children with ASD have more than a 50 percent greater chance of eloping than their typical peers,critic_batch_028_02.jsonl
llm_train_02012,0.05,0.01,0.02,0.02,True,True,False,The discourse focuses on funding for neurological research and policy development; lived experience is mentioned only in generic terms.,study the neurological basis for autism... create the Lurie Institute for Disability Policy and endow a professorship,critic_batch_028_02.jsonl
llm_train_02013,0.05,0.05,,,False,,,Autism appears as one item in a list of adverse effects within a product-related health claim for a conditioner.,"Parabens have been linked to the development of allergies, autism and cancer",critic_batch_028_02.jsonl
llm_train_02014,0.08,0.02,0.04,0.04,True,True,False,The passage identifies a diagnostic marker/symptom as a trigger for clinical suspicion rather than developing a lived account.,A child who doesn’t say “mama” or “dada” at 15 months. These behaviors may make parents worry that their child has autism.,critic_batch_028_02.jsonl
llm_train_02015,0.05,0.01,0.02,0.02,True,False,False,This is a metalinguistic/academic claim analyzing metaphors of autism without clinical or experiential development.,"Among the recurring metaphors and analogies in the characterization of 'autism', those drawn from the field of technology are prevalent",critic_batch_028_02.jsonl
llm_train_02016,0.1,0.05,0.1,0.02,True,False,False,Reporting search query frequency by term is a metalinguistic/trend observation similar to canonical 'other' examples.,queries about... attention deficit-hyperactivity disorder were higher in winter,critic_batch_028_02.jsonl
llm_train_02017,0.02,0.01,0.01,0.01,True,True,True,"The passage combines clinical details (treatment, meds, testing) with a developed family account of strengths and empowerment.",We know he has ADHD and we have taken steps to treat it and empower him. We know he’s scary smart with an IQ in the 150s without his meds,critic_batch_028_02.jsonl
llm_train_02018,0.05,0.05,,,False,,,The target appears only in a list of article headlines which function as navigation/related-link labels.,Boarding schools urged to make room for bush students with autism,critic_batch_028_02.jsonl
llm_train_02019,0.02,0.01,0.01,0.01,True,True,True,"The passage develops both clinical framing (referral, diagnosis, therapy) and a lived account of adult self-discovery and life context.",asked for a referral to a psychologist who had experienced diagnosing autism in adults... I began working as a maid as I attended therapy.,critic_batch_028_02.jsonl
llm_train_02020,0.05,0.02,,,False,,,ADHD appears only as one item in a professional's list of clinical experience and treated conditions.,"clinical experience in nursing providing... Anxiety, ADHD, Chronic Pain, Depression, Diabetes",critic_batch_028_02.jsonl
llm_train_02021,0.01,0.01,,,False,,,"The passage is a URL fragment and article title without a developed target-specific claim, which is non-substantive.",healthyplace. com/adhd/articles/helping-your-child-overcome-spatial-problems,critic_batch_028_03.jsonl
llm_train_02022,0.05,0.01,0.05,0.01,True,True,True,The passage includes both a first-person lived account and a discussion of pharmaceutical and behavioral treatment options.,Managing ADHD Behaviourally... I haven't been stoked with the pharmaceutical options,critic_batch_028_03.jsonl
llm_train_02023,0.01,0.01,0.01,0.01,True,True,False,"The passage discusses prevalence and definition, which are clinical indicators, without any lived experience account.",8 million adults in the US who suffer from ADHD?,critic_batch_028_03.jsonl
llm_train_02024,0.85,0.01,0.05,0.85,True,True,False,This academic scoping review discusses the measurement of outcomes as clinical research objects; it lacks a developed lived perspective.,significant variation in both the definition and measurement of social participation outcomes,critic_batch_028_03.jsonl
llm_train_02025,0.02,0.01,0.01,0.01,True,False,True,The passage develops a family experiential account of a child's behavior at a funeral without clinical framing.,We took him to his Great-Grandmother’s funeral... he was so young and so involved in his autism.,critic_batch_028_03.jsonl
llm_train_02026,0.01,0.01,,,False,,,The passage is a contaminated extraction consisting of a long list of news navigation headlines.,"RFK Jr calls autism a tragedy. As an autistic journalist, I have thoughts",critic_batch_028_03.jsonl
llm_train_02027,0.01,0.01,0.01,0.01,True,True,False,The passage is a clinical description of a medication used for ADHD treatment.,Intuniv is a long-acting version of guanfacine that is used for ADHD treatment.,critic_batch_028_03.jsonl
llm_train_02028,0.05,0.05,,,False,,,"The target mention is part of a generic partner list, which is non-substantive under the codebook.",The Joshua School is committed to helping each individual with autism spectrum disorder,critic_batch_028_03.jsonl
llm_train_02029,0.01,0.01,,,False,,,The passage is a clinic location overview without a substantive target-specific claim.,"Dr. Jeeva ADHD Clinic is located in Johannesburg, South Africa.",critic_batch_028_03.jsonl
llm_train_02030,0.05,0.01,0.05,0.05,True,True,True,The passage explicitly discusses both therapeutic intervention/scientific investigation and family/community participation and experience.,"Our aim is to involve people with autism, their families... in the most inclusive, integral, and compassionate experience",critic_batch_028_03.jsonl
llm_train_02031,0.01,0.01,,,False,,,The target appears only as part of a blog title in a long list of resources without a target-specific claim.,Engage ADHD: ADHD and Learning Resource,critic_batch_028_04.jsonl
llm_train_02032,0.05,0.01,0.01,0.08,True,True,False,The passage identifies a specific school for autism and provides a clinical/nosological definition of the condition.,Autism Spectrum Disorder (ASD) can flourish in a dedicated and specially designed environment... Autism is a lifelong developmental condition,critic_batch_028_04.jsonl
llm_train_02033,0.05,0.05,,,False,,,Target appears in a list of conditions and symptoms used to define a provider's service population without a claim.,"Are diagnosed with ASD, ADHD, or other developmental delays/ disabilities.",critic_batch_028_04.jsonl
llm_train_02034,0.01,0.01,,,False,,,The passage contains incoherent extraction noise and contaminated commercial text.,generic Levitra 40 mg Wholesale... one mutual trust among ADHD population),critic_batch_028_04.jsonl
llm_train_02035,0.02,0.01,0.01,0.01,True,True,False,Explicitly offers clinical services including psychiatric evaluations and medication management for ADHD.,"Nicole provides comprehensive psychiatric evaluations, medication management, and supportive therapy for... ADHD",critic_batch_028_04.jsonl
llm_train_02036,0.01,0.01,,,False,,,Target appears only within an organization name in a list of provider locations.,Achieve Beyond Pediatric Therapy & Autism Services,critic_batch_028_04.jsonl
llm_train_02037,0.02,0.02,,,False,,,Target appears as a course title in a list of topics without a substantive target-specific claim.,SEND courses such as Autism Awareness,critic_batch_028_04.jsonl
llm_train_02038,0.01,0.01,,,False,,,Target appears only in book titles within a biographical blurb.,author of... The Autism Epidemic: A Medical Controversy,critic_batch_028_04.jsonl
llm_train_02039,0.05,0.02,0.02,0.02,True,True,False,The passage develops a clinical claim about a class of conditions (birth defects) that explicitly includes autism.,Some examples of birth defects that affect the nervous system include Autism,critic_batch_028_04.jsonl
llm_train_02040,0.01,0.01,0.01,0.01,True,True,False,Discusses ADHD in the context of clinical research findings regarding stimulant medication and addiction.,Research indicates that people with ADHD do not become addicted to stimulant medications,critic_batch_028_04.jsonl
llm_train_02041,0.1,0.01,0.2,0.01,True,False,True,"Correctly identifies lived-experience advocacy, though the clinical object 'approach to condition' is present but thin.",Autistic people and experts voice alarm at RFK’s ‘terrible’ approach to condition,critic_batch_028_05.jsonl
llm_train_02042,0.01,0.01,,,False,,,Correctly identifies the target mention as a noisy commercial fragment in an unrelated narrative.,CBD gummies dosage for adhd child,critic_batch_028_05.jsonl
llm_train_02043,0.15,0.01,0.01,0.25,True,True,False,Identifies an intervention for ADHD management; lived experience is secondary to the functional benefit claim.,martial arts can help kids develop a better feel for their body in space ... valuable for kids with ADHD,critic_batch_028_05.jsonl
llm_train_02044,0.01,0.01,,,False,,,Correctly identifies ADHD as an item in a generic condition list for a product advert.,"depression, stress, fatigue, ADHD, and chronic pain",critic_batch_028_05.jsonl
llm_train_02045,0.01,0.01,0.01,0.01,True,True,False,Correctly identifies the clinical frame where ADHD is used as an explanatory object for behavior.,it might explain it but not excuse it,critic_batch_028_05.jsonl
llm_train_02046,0.05,0.05,,,False,,,"Correctly identifies contaminated extraction, despite containing a coherent book blurb fragment.",Taking Internagional of ADHD,critic_batch_028_05.jsonl
llm_train_02047,0.1,0.1,,,False,,,"Correctly identifies a list of unrelated headlines, though one headline contains a specific etiological claim.",Harvard research links fluoridated water to ADHD,critic_batch_028_05.jsonl
llm_train_02048,0.01,0.01,0.01,0.01,True,True,False,Correctly identifies clinical discourse regarding research into risk factors for the condition.,"children are more likely to suffer with asthma, ADHD, autism or depression if their mother has experienced maltreatment",critic_batch_028_05.jsonl
llm_train_02049,0.1,0.01,0.15,0.01,True,False,True,Correctly identifies the lived-experience frame focusing on practical support and safety in everyday life.,tracking an autistic child who has wandered away,critic_batch_028_05.jsonl
llm_train_02050,0.01,0.01,0.01,0.01,True,True,False,Correctly identifies the clinical frame regarding etiological claims and research links.,Kennedy is still holding on to the belief that vaccines may be responsible for autism,critic_batch_028_05.jsonl
llm_train_02051,0.85,0.85,0.1,0.8,False,,,"The passage is a promotional advertisement for a training course dominated by sales and listing metadata, making it non-substantive under Rule 5.3.","A free live training for moms of hypersensitive, high-needs kids (PDA, autistic, ADHD, ODD, OCD)",critic_batch_028_06.jsonl
llm_train_02052,0.05,0.01,0.05,0.01,True,True,False,Proposed labels correctly identify the clinical research report linking ADHD medication to sleep-disordered breathing.,correlation between sleep-disordered breathing in children and the prescription of ADHD medication,critic_batch_028_06.jsonl
llm_train_02053,0.9,0.9,0.9,0.1,False,,,"ADHD appears only in a generic list of conditions for a tutoring service, which is non-substantive according to the Rule 11 contrast pairs.","Tutors Are Specialized in Helping Middleton Students With Learning Challenges Including Dyslexia, ADHD, Language-Based Learning Disabilities",critic_batch_028_06.jsonl
llm_train_02054,0.05,0.01,0.05,0.01,True,True,False,Proposed labels correctly capture the clinical focus on ADHD diagnosis and digital intervention.,digital game creators believe it can be used to diagnose ADHD. … Akili video game for ADHD intervention,critic_batch_028_06.jsonl
llm_train_02055,0.05,0.01,0.05,0.01,True,True,False,Proposed labels accurately reflect the clinical classification and symptom description of ADD.,Attention Deficit Disorder is medically classified as a neurobehavioral developmental disorder.,critic_batch_028_06.jsonl
llm_train_02056,0.8,0.1,0.8,0.1,True,True,False,"The passage discusses a link between autism and violence, which constitutes a clinical/forensic argument under Rule 8.9.",speculated a link existed between autism spectrum disorder and violence,critic_batch_028_06.jsonl
llm_train_02057,0.1,0.05,0.1,0.1,True,True,True,The passage mixed clinical medication management with a personal family account of emotional distress and depression.,off the medication he was taking for his ADHD since that seemed to worsen the depression,critic_batch_028_06.jsonl
llm_train_02058,0.7,0.2,0.7,0.2,True,True,True,The mention of 'urgent intervention' for children with autism adds a clinical frame to the lived experience of family frustration.,"frustration of families with children who have... autism, ASD... they require urgent intervention",critic_batch_028_06.jsonl
llm_train_02059,0.8,0.8,,,True,False,True,"The passage makes a specific educational claim about what strategy works for autistic children, qualifying as substantive lived experience.",spell a citation in the body of the essay works well for children on the autistic spectrum,critic_batch_028_06.jsonl
llm_train_02060,0.05,0.01,0.05,0.05,True,False,True,Proposed labels correctly identify the lived experience account focusing on social challenges and companionship for parents.,sense of companionship on a difficult journey by illustrating the particular challenges,critic_batch_028_06.jsonl
llm_train_02061,0.01,0.01,,,False,,,"The passage is a directory-style list of links and organization names, which is non-substantive under the navigation and list rules.",Attention-Deficit Hyperactivity Disorder ADDA... Autism Childhood Contemporary Hypnosis... Journals & Magazines,critic_batch_028_07.jsonl
llm_train_02062,0.01,0.01,0.01,0.01,True,False,True,The passage develops a first-person account of self-understanding and emotional processing related to ADHD.,"I’ve avoided thinking/accepting my ADHD, how I feel about myself, and how I can make some positive changes.",critic_batch_028_07.jsonl
llm_train_02063,0.02,0.01,0.02,0.01,True,False,True,This is substantive lived-experience discourse focusing on practical everyday adaptations and support strategies.,ADHD support - Offer routines and structure - Create a quiet space... Give them something to fiddle with,critic_batch_028_07.jsonl
llm_train_02064,0.01,0.01,0.01,0.01,True,True,False,"The passage discusses risk factors and legal arguments linking Tylenol to ADHD/autism, fitting the clinical frame.",concerns that the use of acetaminophen during pregnancy causes autism and ADHD... These lawsuits claim...,critic_batch_028_07.jsonl
llm_train_02065,0.05,0.05,,,False,,,"The target terms appear as related-link labels in a news feed, which is non-substantive under the navigation and list rules.",Children with ADHD frequently use healthcare service... New study demonstrates link between brain chemical and visual processing in autism,critic_batch_028_07.jsonl
llm_train_02066,0.01,0.01,,,False,,,The target appears only as one item in a long list of unrelated news headlines and navigation links.,"How video games are reshaping global health: ADHD, mental health",critic_batch_028_07.jsonl
llm_train_02067,0.01,0.01,0.01,0.01,True,False,True,"The passage foregrounds personal experience and identity, using the 'square pegs' metaphor for autistic life.",Individuals on the autism spectrum... see and experience the world different from the norm. We are the quintessential ‘square pegs’,critic_batch_028_07.jsonl
llm_train_02068,0.01,0.01,0.01,0.01,True,True,False,This is clinical discourse focused on neurobiology and research findings concerning brain activity in ADHD.,symptoms of attention-deficit/hyperactivity disorder (ADHD) are tied to atypical interactions between the brain's frontal cortex,critic_batch_028_07.jsonl
llm_train_02069,0.02,0.01,0.02,0.01,True,False,True,"The passage describes an accessibility feature for ADHD, which is a form of lived-experience support and accommodation.","This mode helps users with ADHD and Neurodevelopmental disorders to read, browse, and focus... while significantly reducing distractions.",critic_batch_028_07.jsonl
llm_train_02070,0.05,0.05,,,False,,,The passage is a thin biographical status mention listing credentials and affiliations without developing a frame.,completed her clinical internship... Katy is also an ADHD-Certified Clinical Services Provider (ADHD-CCSP).,critic_batch_028_07.jsonl
llm_train_02071,0.02,0.02,,,False,,,"The target mention is part of a blog name in a list of tour stops, which is non-substantive under section 5.3.",proud to be an autism mom,critic_batch_028_08.jsonl
llm_train_02072,0.95,0.95,0.05,0.05,False,,,"The target is an example in a generic list of insurance categories, which section 8.2 classifies as non-substantive.","including diabetes treatment, autism, AIDS and HIV",critic_batch_028_08.jsonl
llm_train_02073,0.01,0.01,,,False,,,"The target appears in a navigation sidebar list of related topics, which is non-substantive according to section 5.3.",Related Topics ADHD: Attention Deficit Hyperactivity Disorder,critic_batch_028_08.jsonl
llm_train_02074,0.01,0.01,0.01,0.01,True,False,True,The passage develops a substantive first-person account of autistic identity and social participation in everyday life.,I'm autistic and have always had a thing for insects. My neurotypical best friend and I used to hang out at this local bar,critic_batch_028_08.jsonl
llm_train_02075,0.02,0.02,0.02,0.02,True,True,False,The passage expresses a coherent clinical proposition regarding the aggravation of ADHD symptoms by sleep loss.,aggravate symptoms if you already have ADHD,critic_batch_028_08.jsonl
llm_train_02076,0.02,0.02,,,False,,,"The target appears only as one item in a generic symptom checklist for gluten intolerance, which is non-substantive for ADHD.",Attention Deficit Disorder (ADD) - Back pain - Bloating ... checklist helps you,critic_batch_029_01.jsonl
llm_train_02077,0.85,0.01,0.05,0.85,True,True,True,Discussing strategies to overcome the challenge of procrastination constitutes a lived-experience coping account.,discuss effective strategies to overcome this challenge,critic_batch_029_01.jsonl
llm_train_02078,0.01,0.01,0.01,0.01,True,True,False,"Passage discusses medication (Ritalin), FDA approval, and physician concerns regarding the treatment of ADHD.","Ritalin, a stimulant medication used to treat attention deficit hyperactivity disorder (ADHD)",critic_batch_029_01.jsonl
llm_train_02079,0.02,0.02,,,False,,,"ADHD is listed as one of many concerns a professional has experience with, which constitutes a non-substantive provider list.","addressing a range of concerns including anxiety, depression ... ADHD, self-esteem issues",critic_batch_029_01.jsonl
llm_train_02080,0.75,0.75,,,True,True,False,The profile makes a meaningful claim about specializing in the mental health of a class (neurodevelopmental) that includes autism.,research lab specializing in the mental health of people with neurodevelopmental conditions,critic_batch_029_01.jsonl
llm_train_02081,0.01,0.01,0.01,0.01,True,True,False,Passage explicitly discusses ABA as a 'gold-standard treatment' for children with autism.,ABA Therapy ... gold-standard treatment for Massachusetts children with autism,critic_batch_029_01.jsonl
llm_train_02082,0.01,0.01,,,False,,,The target appears only in a navigation or directory list of conditions.,Asperger Syndrome - Attention Deficit Hyperactivity Disorder - Autism,critic_batch_029_01.jsonl
llm_train_02083,0.01,0.01,0.01,0.01,True,True,False,Passage discusses ADHD as a genetic mental condition and mentions treatment and psychotherapies.,ADHD is a mental condition passed down through genes ... subside with extensive treatment,critic_batch_029_01.jsonl
llm_train_02084,0.15,0.15,,,False,,,"ADHD is stated as a personal status, but the subsequent life account is not substantively linked to the target in this passage.",lives with bipolar disorder and ADHD. Just over a year ago Cassie had been unemployed,critic_batch_029_01.jsonl
llm_train_02085,0.01,0.01,0.01,0.01,True,True,False,The abstract discusses physiological mechanisms (oxytocin deficiency) in conjunction with autism spectrum disorder.,oxytocin deficiency ... have been observed in conjunction with autism spectrum disorder ASD,critic_batch_029_01.jsonl
llm_train_02086,0.01,0.01,0.01,0.01,True,True,False,"The passage discusses biological mechanisms and scientific research into preventing autism, which is a clear clinical frame.",UVA scientists were able to use their discovery to prevent the development of autism-like neurodevelopmental disorders in lab mice.,critic_batch_029_02.jsonl
llm_train_02087,0.02,0.02,,,False,,,ADHD and autism appear only as items in a broad list of diagnoses without any target-specific claim or account.,includes work with such diagnoses as ... autism spectrum disorders ... ADD/ADHD and many others,critic_batch_029_02.jsonl
llm_train_02088,0.01,0.01,0.01,0.01,True,True,False,The passage describes a clinical cohort study investigating growth impairment and medication effects in children with ADHD.,This study examines the relationship between Attention Deficit Hyperactivity Disorder (ADHD) and growth impairment in children,critic_batch_029_02.jsonl
llm_train_02089,0.05,0.05,,,False,,,The target appears only as a curriculum topic in a list of areas of study for a practitioner training program.,Examples of Year Three areas of study include: ... Autism Spectrum Disorders,critic_batch_029_02.jsonl
llm_train_02090,0.02,0.02,,,False,,,The passage consists of a generic medical recommendation and a resource link label without target-specific discourse.,Read more about treatment for adhd here.,critic_batch_029_02.jsonl
llm_train_02091,0.01,0.01,0.01,0.01,True,False,True,This is a first-person account using ADHD to interpret personal career anxieties and feelings of competence.,I'm worried with my ADHD I'll fuck it up,critic_batch_029_02.jsonl
llm_train_02092,0.01,0.01,0.01,0.01,True,True,False,"The passage offers a neurobiological definition of ADHD, focusing on attention regulation and brain network functions.","It is a deficit of attention regulation, the ability to control when the default mode network turns on and off.",critic_batch_029_02.jsonl
llm_train_02093,0.02,0.02,0.01,0.01,True,False,True,"The passage foregrounds the practical, everyday challenge for parents in managing the activities of a child with ADHD.",it can be harder to find options that'll keep a child with attention deficit hyperactivity disorder (ADHD) busy at times.,critic_batch_029_02.jsonl
llm_train_02094,0.05,0.05,,,False,,,The passage is a fragmented pharmaceutical advertisement dominated by sales metadata and incoherent extraction.,want to buy oxytrol 100mg online legit in Townsville money order generic oxytrol mastercard canada,critic_batch_029_02.jsonl
llm_train_02095,0.05,0.05,0.02,0.01,True,True,False,"The passage makes a coherent, target-specific claim regarding the etiology/cause of autism, which is a clinical frame indicator.",Vaccines cause autism!,critic_batch_029_02.jsonl
llm_train_02096,0.02,0.01,0.01,0.02,True,False,True,The passage develops a substantive lived-experience account of a family incident involving an autistic child at school.,"Heather Luke's son, Carson, who has autism... found her son in pain, with his hand wrapped in gauze.",critic_batch_029_03.jsonl
llm_train_02097,0.01,0.01,0.01,0.01,True,True,False,"The passage discusses research linking environmental factors to autism symptoms, qualifying as a clinical frame.","fluoride exposure could lead to neurobehavioral issues, including autism-like symptoms",critic_batch_029_03.jsonl
llm_train_02098,0.1,0.1,,,False,,,The passage is a thin news summary of an ADHD diagnosis status without developing a substantive frame.,"Aoki Lee Simmons opened up about her mental health, ADHD diagnosis and the pressures of the fashion industry.",critic_batch_029_03.jsonl
llm_train_02099,0.15,0.15,,,False,,,"The target appears as a headline item in a list of faculty news, which is non-substantive under the codebook.","Center for Access awarded $50,000 SERS grant; plans autism camp",critic_batch_029_03.jsonl
llm_train_02100,0.05,0.02,0.02,0.02,True,True,False,"The professional profile lists target-specific clinical assessment services, meeting the clinical frame definition.",Specialising in... ADHD assessment for all ages. Areas of Expertise... Adult ADHD diagnosis and assessment,critic_batch_029_03.jsonl
llm_train_02101,0.1,0.02,0.05,0.15,True,True,False,"The passage focuses on the science, diagnosis, and medication of ADHD, which are clinical objects.","learns about the science of ADHD, goes for a diagnosis and tries the drug methylphenidate",critic_batch_029_03.jsonl
llm_train_02102,0.01,0.01,0.01,0.01,True,True,False,"The passage discusses neurobiological models and subgroups of ADHD, which is a clinical research frame.",model focuses on the brain systems... predicts separable subgroups among individuals with ADHD,critic_batch_029_03.jsonl
llm_train_02103,0.01,0.01,,,False,,,"The target term is used metaphorically as a simile for a band's style, which is non-substantive.","homeboys, THROWING STUFF, who made like Minor Threat with ADHD.",critic_batch_029_03.jsonl
llm_train_02104,0.01,0.01,0.01,0.01,True,True,False,"The passage discusses clinical coding and diagnostic criteria for ADHD, which is a clinical frame.","coding for ADHD, it might be necessary to use codes like F90. 9, requiring detailed documentation",critic_batch_029_03.jsonl
llm_train_02105,0.85,0.85,0.1,0.1,False,,,"The target appears in a generic list of conditions supported by general classroom provision, which is non-substantive.","We can support students who: ... Have ADHD, ODD, Autism or Aspergers... help you in the classroom",critic_batch_029_03.jsonl
llm_train_02106,0.95,0.95,,,True,True,True,"The passage develops a substantive category-set claim about IEPs and transitions for ADHD/autism, qualifying as mixed discourse under Rules 8.2, 8.3, and 8.4.","covers a wide range of special needs... like... autism, ADHD... Parents will appreciate the information on IEPs, problems with transitions",critic_batch_029_04.jsonl
llm_train_02107,0.0,0.0,,,False,,,Technical registry keys and command-line code fragments are non-substantive under Rule 5.3.,reg adhd HKLM\SYSTEM\CurrentControlSet,critic_batch_029_04.jsonl
llm_train_02108,0.02,0.02,0.02,0.02,True,True,False,"The passage provides a formal clinical definition of ADHD as a behavioral disorder requiring professional help, fitting the clinical frame.",ADHD is one of the most common behavioural disorders... symptoms... professional help.,critic_batch_029_04.jsonl
llm_train_02109,0.1,0.1,,,False,,,"The extraction is noisy and truncated, making it non-substantive under Rule 5.3 despite the brief medication mention.",ADHD for for of Holidays at Adderall taking rodents.,critic_batch_029_04.jsonl
llm_train_02110,0.05,0.02,0.1,0.02,True,False,True,"The passage focuses on social vulnerability and group participation skills, which are indicators of lived experience under Rule 7.2.",vulnerable to being picked on... acquiring and honing essential social skills.,critic_batch_029_04.jsonl
llm_train_02111,0.05,0.02,0.1,0.02,True,False,True,"Symptom language is used here for self-theorizing and everyday coping strategies, which supports a lived-experience label under Rule 8.5.",if you suffer from ADHD... issues with trying to stay focused... keep you free of unnecessary distractions.,critic_batch_029_04.jsonl
llm_train_02112,0.15,0.15,,,False,,,"This promotional summary lists show segments without making a target-specific claim, remaining non-substantive under Rule 8.10.",In our show on Autism... talks with writer and parent... also talks about research,critic_batch_029_04.jsonl
llm_train_02113,0.02,0.02,0.02,0.02,True,True,False,"Autism is invoked as a formal clinical object to contextualize behavior in a legal sentencing context, meeting Rule 8.9.",Judge maintains death penalty as possible punishment... despite autism diagnosis,critic_batch_029_04.jsonl
llm_train_02114,0.9,0.9,,,True,False,True,"The headline expresses a substantive advocacy claim about the social perception of ADHD, qualifying as lived experience under Rules 5.2 and 7.2.",Moonlake Lee's Call for a Singapore That Sees ADHD Differently,critic_batch_029_04.jsonl
llm_train_02115,0.05,0.02,0.1,0.02,True,False,True,"The passage develops a lived-experience frame by foregrounding community, wellbeing, and lifestyle for families and adults.",wellbeing and lifestyle for parents & carers with children or adults on the Autistic Spectrum.,critic_batch_029_04.jsonl
llm_train_02116,0.01,0.01,0.01,0.01,True,False,True,"The passage develops lived experience through student empowerment, advocacy, and practical success strategies.",empower students with ADHD and autism to speak up for themselves and their needs,critic_batch_029_05.jsonl
llm_train_02117,0.05,0.01,0.05,0.01,True,False,True,"Diagnosis is mentioned as status, while issues with social boundaries describe everyday social participation.",My child was diagnosed with autism... has some issues with social boundaries,critic_batch_029_05.jsonl
llm_train_02118,0.01,0.01,0.01,0.01,True,False,True,The passage foregrounds the emotional meaning-making (guilt) following a diagnosis.,Is It Normal to Feel Guilt After an Autism Diagnosis?,critic_batch_029_05.jsonl
llm_train_02119,0.01,0.01,0.01,0.01,True,True,False,"The discourse focuses on professional interventions, treatments, and clinical research importance.",Top Autism Treatments & Working with Professionals... early intervention is very important,critic_batch_029_05.jsonl
llm_train_02120,0.05,0.01,0.05,0.01,True,False,True,Foregrounds caregiver experience and practical support following a diagnosis status mention.,help buy some of the educational supplies that she needed,critic_batch_029_05.jsonl
llm_train_02121,0.01,0.01,,,False,,,The target appears as one example in a long list of navigation links and unrelated news headlines.,Doctor shares exactly what happens at an ADHD assessment,critic_batch_029_05.jsonl
llm_train_02122,0.01,0.01,,,False,,,The passage is a product advert dominated by sales metadata for toys.,curated the very best toys that help autistic kids remain calm,critic_batch_029_05.jsonl
llm_train_02123,0.05,0.01,0.05,0.01,True,False,True,Describes a practical everyday coping strategy using symptom language for self-management.,help you control ADHD ADD impulsiveness,critic_batch_029_05.jsonl
llm_train_02124,0.01,0.01,0.01,0.01,True,True,False,Presents autism/ADHD as biological anomalies with specific symptoms and a developmental prognosis.,cause physical changes in your brain... cause individuals to be preoccupied... grow more normal with age,critic_batch_029_05.jsonl
llm_train_02125,0.01,0.01,,,False,,,This is a commercial SEO blurb/product recommendation with only brief target mentions.,find the best ADHD toys for your child,critic_batch_029_05.jsonl
llm_train_02126,0.02,0.01,0.02,0.02,True,False,True,"The passage develops a coherent claim about neurodiversity and social recognition, qualifying as lived experience discourse.",recognised and respected as all other human variations,critic_batch_029_06.jsonl
llm_train_02127,0.02,0.01,0.02,0.02,True,True,False,"The passage describes a professional profile offering specialized clinical services and parental counseling, constituting a clinical frame.",clinical psychologist who specializes in working with children... behavioral issues related to autism,critic_batch_029_06.jsonl
llm_train_02128,0.02,0.02,,,False,,,The passage is a commercial directory listing for coaches without any substantive target-specific proposition or account.,Find the best ADHD coach for you here or let our Coach Concierge find one for you!,critic_batch_029_06.jsonl
llm_train_02129,0.05,0.02,0.05,0.05,True,True,False,"The passage presents autism as a demographic trait within a population analysis of identity, which functions as a clinical/epidemiological object.",A significant proportion of those who identified as trans or non-binary before the pandemic had autism,critic_batch_029_06.jsonl
llm_train_02130,0.1,0.02,0.1,0.05,True,False,True,"The passage describes a device for everyday sensory management and communication, foregrounding adaptation and the caretaker relationship.",device to help people with Autism Spectrum Disorder... use of haptics as both a calming agent and a communicator,critic_batch_029_06.jsonl
llm_train_02131,0.01,0.01,,,False,,,The target appears only as a keyword within a long list of product metadata and SEO tags.,adhd adjustable airflow aerotank,critic_batch_029_06.jsonl
llm_train_02132,0.05,0.05,,,False,,,"ADHD is mentioned only in a participant list for an event, and the mission statement is a generic class-level claim.","guest speakers, made up of parents, entrepreneurs with ADHD",critic_batch_029_06.jsonl
llm_train_02133,0.02,0.01,0.02,0.02,True,False,True,"The passage describes socialization and participation in a sports program for athletes with autism, which is lived experience discourse.",provide special needs athletes with an opportunity to have fun playing tennis... and to provide one another with socialization,critic_batch_029_06.jsonl
llm_train_02134,0.02,0.01,0.02,0.02,True,True,False,"The passage cites a research study identifying ADHD as a comorbidity in a specific population, establishing a clinical/epidemiological frame.","One study found that 75% of users had mental health issues such as depression, ADHD",critic_batch_029_06.jsonl
llm_train_02135,0.05,0.01,0.05,0.05,True,True,False,"The passage provides a psychological explanation for a clinical risk factor (addiction) within a patient population, which is clinical discourse.",Why are autistic individuals at risk of developing substance addiction? The simple explanation is to... moderate intense emotions.,critic_batch_029_06.jsonl
llm_train_02136,0.02,0.01,0.02,0.02,True,True,False,"The passage discusses treatment outcomes for sleep disorders in children with ADHD/autism, fitting the clinical frame.",The hormone has had a great outcome for children with sleeping disorders due to conditions such as autism and ADHD.,critic_batch_029_07.jsonl
llm_train_02137,0.05,0.01,0.05,0.05,True,False,True,The passage focuses on the experience of sitting still and social/participatory benefits of activities for those with ADHD.,"But not everyone can manage to sit still for that long, in particular those with conditions like ADHD... build social and teamwork skills",critic_batch_029_07.jsonl
llm_train_02138,0.01,0.01,0.01,0.01,True,False,True,"The passage describes social interaction styles (oversharing) and peer connection, which are core lived-experience indicators.",find another ADHDer and overshare together! ... why I vibe well with other people who have autism,critic_batch_029_07.jsonl
llm_train_02139,0.15,0.02,0.05,0.2,True,True,True,"The scholarship covers therapies (clinical) and respite/personal development (lived), though the lived evidence is list-like.","monetary scholarships... for services such as respite, therapies, safety, sensory equipment, and personal/professional development.",critic_batch_029_07.jsonl
llm_train_02140,0.02,0.01,0.02,0.02,True,True,False,The passage frames autism as a condition requiring medical care and psychotropic drugs at campus health centers.,health centers are increasingly complex as students arrive on campus with conditions such as... autism spectrum disorders... require psychotropic drugs.,critic_batch_029_07.jsonl
llm_train_02141,0.01,0.01,,,False,,,"The passage is a list of related-link headlines, which is non-substantive under the navigation/list rules.","ADHD in Childhood May Raise Risk for Obesity in Adulthood... Allergies, Asthma Show Links to ADHD: Study",critic_batch_029_07.jsonl
llm_train_02142,0.05,0.01,0.05,0.1,True,True,False,"The passage treats hyperfixation as a trait to be diagnostically categorized between conditions, a clinical/nosological framing.","Is Hyperfixation ADHD or autism? Compared to hyperfocus, hyperfixation is more likely to occur in people with autism or ADHD.",critic_batch_029_07.jsonl
llm_train_02143,0.05,0.02,0.05,0.05,True,False,True,The focus on the importance of play and participation in community spaces aligns with the lived-experience frame.,"Having a safe, outdoor place to play is extremely important for children with Autism",critic_batch_029_07.jsonl
llm_train_02144,0.02,0.01,0.02,0.02,True,False,True,"The passage provides detailed accessibility and design guidelines, which are core indicators of lived-experience/accommodation.",Designing for Users on the Autism Spectrum... Do: Use simple colors... Write in plain language,critic_batch_029_07.jsonl
llm_train_02145,0.08,0.02,0.1,0.1,True,True,False,"The app is presented as a professional intervention developed by a PhD to help children communicate, fitting the clinical frame.","smartphone app helps children with autism communicate better... Developed by Keith Allen, Ph.D.",critic_batch_029_07.jsonl
llm_train_02146,0.02,0.01,0.02,0.01,True,False,True,The passage develops a clear lived-experience account of anxiety and social participation using symptom language for self-explanation.,a wife with ADHD may be anxious about going to family mediation as she thinks that she will be overwhelmed by the length of the session and unable to cope.,critic_batch_029_08.jsonl
llm_train_02147,0.01,0.01,0.01,0.01,True,True,False,The passage defines ADHD through its primary clinical symptoms and mentions the importance of professional intervention.,"explore the three primary symptoms of ADHD in children: Inattention, Hyperactivity, and Impulsivity, helping you gain a better understanding of this condition",critic_batch_029_08.jsonl
llm_train_02148,0.02,0.01,0.02,0.01,True,False,True,The passage discusses participation and accessibility by addressing sensory stress in a social environment.,cinema environment can be stressful for guests with autism ... host special autism friendly screenings one Sunday morning each month,critic_batch_029_08.jsonl
llm_train_02149,0.03,0.02,0.02,0.02,True,False,True,The passage contains a category-set claim about family experience and meaning-making that clearly applies to the target.,parents about their own experiences (some have ... children with autism ...) and how dealing with exceptional circumstances gives their lives profound meaning.,critic_batch_029_08.jsonl
llm_train_02150,0.05,0.05,,,False,,,The target mention is restricted to a named organization and a generic statement of support without a specific proposition.,Autism Together is a specialist charity supporting people with autism.,critic_batch_029_08.jsonl
llm_train_02151,0.01,0.01,,,False,,,"The passage is a list of embroidery options and tags for a product, which is non-substantive under Section 5.3.",Autism Awareness Awareness Ribbon,critic_batch_030_01.jsonl
llm_train_02152,0.02,0.01,0.02,0.02,True,False,True,Correctly identifies a family account of a social challenge and practical adaptation without clinical development.,hard time connecting with her autistic son ... suggested that she and her son start gaming together,critic_batch_030_01.jsonl
llm_train_02153,0.01,0.01,0.01,0.01,True,True,False,The passage defines ADHD and autism as behavioral disorders/conditions with a list of clinical symptoms.,"behavioural disorder that includes symptoms such as inattentiveness, hyperactivity and impulsiveness",critic_batch_030_01.jsonl
llm_train_02154,0.03,0.01,0.02,0.02,True,False,True,Focuses on the social experience of stigma ('demonized at school') and personal meaning-making through a game character.,struggles quite a bit with feelings of being demonized at school for ADHD ... find a way to become fully human,critic_batch_030_01.jsonl
llm_train_02155,0.02,0.02,,,False,,,Pure event promotion and media partnership announcement without target-specific claims or accounts.,proud media partner of the 2020 Lehigh Valley Autism Speaks WALK,critic_batch_030_01.jsonl
llm_train_02156,0.08,0.08,,,False,,,Lists autism-related topic titles for a networking event; similar to the non-substantive 'topic list' contrast pair.,The topics to be focused on ... are ... Autism friendly homes,critic_batch_030_01.jsonl
llm_train_02157,0.1,0.05,0.1,0.05,True,False,True,"Develops a family-caregiver account of upbringing and routine adaptations, which is lived experience.",parents to take a special approach to upbringing which includes a particular schedule of activities,critic_batch_030_01.jsonl
llm_train_02158,0.01,0.01,0.01,0.01,True,True,False,Epidemiological study focusing on prevalence figures and demographic data (boys vs girls).,national study by the Centers for Disease Control and Prevention ... identified with the disorder,critic_batch_030_01.jsonl
llm_train_02159,0.02,0.01,0.02,0.02,True,False,True,Documents family experience of social exclusion and discrimination within a community setting.,experiences raising their autistic child ... asked to leave their church,critic_batch_030_01.jsonl
llm_train_02160,0.05,0.01,0.1,0.02,True,True,True,Mixed frame: discusses personal struggle/meaning (lived) and investigation of diagnostic delay/disability status (clinical).,why it took so long for her ... to be diagnosed ... struggles she’s had over the years,critic_batch_030_01.jsonl
llm_train_02161,0.98,0.98,,,True,True,False,The passage makes a specific causal claim about Harvard research linking fluoridated water to ADHD.,Harvard research links fluoridated water to ADHD,critic_batch_030_02.jsonl
llm_train_02162,0.02,0.01,0.01,0.02,True,True,False,"The passage discusses institutional provision, specialist schooling, and national autism strategies.",in-patient provision for autistic people... specialist provision... autism strategy,critic_batch_030_02.jsonl
llm_train_02163,0.05,0.05,,,False,,,The passage is a commercial mention of a CBD product for ADHD without substantive discourse.,cbd gummies for adhd,critic_batch_030_02.jsonl
llm_train_02164,0.05,0.01,0.08,0.02,True,True,True,The program provides social skills (clinical provision) and inclusive theater (lived experience/participation).,"fully inclusive theater, film, social skills, and expressive arts programs for individuals with autism",critic_batch_030_02.jsonl
llm_train_02165,0.02,0.01,0.01,0.02,True,True,False,"The passage discusses ADHD medication management, diagnosis rates, and clinical reports.",managing ADHD medications... ADHD diagnosis rates are exploding,critic_batch_030_02.jsonl
llm_train_02166,0.02,0.01,0.01,0.02,True,True,False,The passage discusses the perceived causal link between vaccines and autism as a medical risk factor.,fears of links to autism,critic_batch_030_02.jsonl
llm_train_02167,0.02,0.01,0.01,0.02,True,True,False,The passage evaluates the vaccine-autism link as a matter of science and medical community consensus.,vaccines... cause autism... inaccurate as a matter of science,critic_batch_030_02.jsonl
llm_train_02168,0.05,0.01,0.02,0.15,True,True,False,This is a nosological definition of autism as a developmental condition affecting communication.,Autism... is a lifelong developmental condition that affects how a person communicates,critic_batch_030_02.jsonl
llm_train_02169,0.02,0.02,,,False,,,The passage contains only a thin biographical status mention without a target-specific proposition.,daughter with autism,critic_batch_030_02.jsonl
llm_train_02170,0.08,0.05,0.05,0.05,True,True,False,The passage identifies ADHD as the clinical condition for which stimulant medications are prescribed.,Stimulants—most often prescribed to treat attention-deficit hyperactivity disorder (ADHD),critic_batch_030_02.jsonl
llm_train_02171,0.05,0.02,0.08,0.03,True,False,True,"The passage describes specific community support activities like peer groups and meet-ups, which are core lived-experience indicators.","monthly support group meetings, Autism 101 classes and Mom’s Meet Up meetings",critic_batch_030_03.jsonl
llm_train_02172,0.01,0.01,,,False,,,"ADHD appears only as one item in a generic list of health centers and topics, without any target-specific proposition.",Health Centers: ADD/ADHD Allergies Alzheimer's Disease,critic_batch_030_03.jsonl
llm_train_02173,0.02,0.01,0.02,0.02,True,True,True,The passage explicitly discusses clinical diagnosis and therapies alongside a developed account of caregiver feelings and experience.,diagnosis... confusing and tiring... therapies... developmental milestones,critic_batch_030_03.jsonl
llm_train_02174,0.85,0.85,,,True,False,True,The passage develops a specific lived-experience account of a child's feelings (alienation) being interpreted through the autism label.,"told my mother I didn't felt this was my planet, she thought I was... autistic",critic_batch_030_03.jsonl
llm_train_02175,0.01,0.01,,,False,,,The target mention is part of incoherent extraction noise and fragmented text without a coherent proposition.,Adhd attention seeking grunnleggende behov hos eldre,critic_batch_030_03.jsonl
llm_train_02176,0.03,0.01,0.04,0.05,True,True,True,The passage links clinical symptoms to a developed account of daily navigation and practical caregiver understanding.,what their ADHD child goes through on a daily basis... navigate through attention issues,critic_batch_030_03.jsonl
llm_train_02177,0.05,0.01,0.02,0.08,True,True,False,The discourse focuses on formal treatment plans and medication; social outcomes are mentioned as generic treatment goals.,balanced treatment plan... Stimulants such as Ritalin and Adderall are often prescribed,critic_batch_030_03.jsonl
llm_train_02178,0.02,0.01,0.01,0.05,True,True,False,The passage presents ADHD as an object of professional clinical treatment managed by a multidisciplinary specialist team.,multidisciplinary approach of treatment... AYURVEDIC PEDIATRICIAN... reduce hyperactivity,critic_batch_030_03.jsonl
llm_train_02179,0.02,0.01,0.02,0.05,True,True,False,"The passage discusses autism through clinical and epidemiological constructs like causes, epidemics, and psychiatric disease.",major cause of psychiatric disease and the current autism epidemic,critic_batch_030_03.jsonl
llm_train_02180,0.01,0.01,0.01,0.05,True,True,False,Autism is discussed as a research category and psychiatric construct (AQ) within a scientific study framework.,"Autism Spectrum Quotient (AQ), a common self-report instrument",critic_batch_030_03.jsonl
llm_train_02181,0.98,0.98,,,True,True,False,"The passage makes a coherent claim about managing ADHD through specific therapies and lifestyle changes, which constitutes substantive clinical discourse.","cannot be relied on as the only real therapy to your child’s ADHD. For the very best results, give your baby a homeopathic treatment",critic_batch_030_04.jsonl
llm_train_02182,0.01,0.01,0.01,0.01,True,True,False,The passage correctly identifies a substantive clinical frame regarding diagnostic assessments for ADHD and autism.,"These assessments can help with a diagnosis of Intellectual disability (ID), Autism, Attention Deficit hyperactivity disorder (ADHD)",critic_batch_030_04.jsonl
llm_train_02183,0.02,0.02,,,False,,,"The mention appears only in a list of article titles or questions without further development, which is non-substantive per the codebook.",Relationship With My Bipolar and ADHD Girlfriend,critic_batch_030_04.jsonl
llm_train_02184,0.01,0.01,0.01,0.01,True,False,True,The passage correctly identifies lived experience through an account of everyday accessibility challenges and participation for people on the spectrum.,on the autism spectrum and fonts are too small or toggles are color-coded or pages are overly busy... frustrating experience,critic_batch_030_04.jsonl
llm_train_02185,0.01,0.01,,,False,,,"The target appears only as part of a book title without any target-specific proposition, which is non-substantive.",her book Songs of the Gorilla Nation: My Journey Through Autism.,critic_batch_030_04.jsonl
llm_train_02186,0.02,0.01,0.01,0.01,True,False,True,The passage correctly identifies lived experience through a caregiver account of a child's everyday distress and practical routine management.,used to get distressed on car journeys - but now he is calm thanks to his incredible parents,critic_batch_030_04.jsonl
llm_train_02187,0.01,0.01,0.01,0.01,True,True,False,The passage correctly identifies clinical discourse regarding medication response and treatment for ADHD.,inform your doctor about how you may break down or respond to certain medications commonly prescribed to treat... ADHD,critic_batch_030_04.jsonl
llm_train_02188,0.05,0.01,0.04,0.01,True,True,False,"The passage correctly identifies clinical framing focused on diagnosis, treatment, and comorbidity with other conditions.",doctor may ask questions about these problems to help your child get the right diagnosis and treatment.,critic_batch_030_04.jsonl
llm_train_02189,0.15,0.15,,,False,,,"The mention is a thin biographical status claim about 'investigating' neurodivergence without developing a specific proposition, justifying the conservative FALSE.","We’d been investigating our own neurodivergence (or as we like to call it, neurospicy) as well as the autism of those living with us.",critic_batch_030_04.jsonl
llm_train_02190,0.05,0.01,0.04,0.04,True,True,False,The passage correctly identifies clinical framing as it treats autism as a research/epidemiological object within a cost-of-condition study.,"suggests that autism's financial toll... includes direct medical, educational and residential costs",critic_batch_030_04.jsonl
llm_train_02191,0.02,0.02,,,False,,,The passage is an administrative tutorial where ADHD is used as a placeholder diagnostic status for a generic clinical note.,An example of a DAP note is below for a client with ADHD.,critic_batch_030_05.jsonl
llm_train_02192,0.02,0.02,,,False,,,The passage is a commercial claim dominated by pharmaceutical sales metadata and SEO keywords.,Diovan voltarene pommade prix france... marketing the nolvadex without a prescription,critic_batch_030_05.jsonl
llm_train_02193,0.02,0.02,,,False,,,The target appears only in a theory title and a biographical description of a parent's academic pursuits.,Autistic Development Theory... Ruth is Billy's mum... completing her Doctorate,critic_batch_030_05.jsonl
llm_train_02194,0.01,0.01,,,False,,,The extraction is incoherent and contaminated with unrelated technical and media fragments.,make slapdash firmware method depicted according to embodiments of competencies,critic_batch_030_05.jsonl
llm_train_02195,0.02,0.02,0.02,0.02,True,True,False,The passage explicitly discusses diagnosis and medication management for the target as a clinical object.,Randy will help make a correct diagnosis... coordinate with your medical doctor to help with medication management.,critic_batch_030_05.jsonl
llm_train_02196,0.02,0.02,0.02,0.02,True,False,True,The passage describes a lived account of everyday adaptation and social participation through a personal interest.,"story about a man with autism, who learns to communicate through his love of Disney films",critic_batch_030_05.jsonl
llm_train_02197,0.02,0.02,0.02,0.02,True,False,True,"The discourse focuses on social identity, personal relationships, and neurodivergent self-identification.","maybe they're your family, friends, classmates, or coworkers, or perhaps you identify as neurodivergent yourself",critic_batch_030_05.jsonl
llm_train_02198,0.8,0.05,0.8,0.1,True,False,True,Clinical terms are used only as labels for experiential struggle and identity without developed clinical discourse.,"Whether they struggle with ADHD, dyslexia, or another disorder, these celebrities all know what it's like to struggle",critic_batch_030_05.jsonl
llm_train_02199,0.02,0.02,0.02,0.02,True,True,False,The passage defines the target as a disorder construct and describes its diagnostic symptoms and characteristics.,"It is a spectrum disorder... Individuals with autism demonstrate difficulties in social interaction, communication, and behavior.",critic_batch_030_05.jsonl
llm_train_02200,0.8,0.05,0.8,0.1,True,True,True,The passage describes a concrete institutional provision (relaxed performance) specifically adapted for the target population.,The relaxed performance will be specially adapted for customers with... autistic spectrum disorder,critic_batch_030_05.jsonl
llm_train_02201,0.85,0.85,0.8,0.1,False,,,The target appears in a list of conditions served by an organization without a target-specific claim or a meaningful class-level proposition beyond scope.,"best practices for people aging with developmental disabilities (autism spectrum disorder, ...)",critic_batch_030_06.jsonl
llm_train_02202,0.05,0.02,0.05,0.05,True,True,False,"The passage makes a target-specific health claim about neurobiology and dietary management, fitting the clinical frame.",must for ADHD brain,critic_batch_030_06.jsonl
llm_train_02203,0.02,0.02,,,False,,,Mention of a target-named organization and generic advocacy language is non-substantive under the codebook.,"Dan Marino Foundation, which advocates for families with autism.",critic_batch_030_06.jsonl
llm_train_02204,0.05,0.02,0.05,0.05,True,False,True,The passage develops a substantive lived-experience account focused on participation and family perspective without clinical framing.,"my daughter, who has autism... great if we could find some sort of opportunity for her to work",critic_batch_030_06.jsonl
llm_train_02205,0.05,0.05,,,False,,,A bare statement of diagnostic status without a further target-specific account is non-substantive.,My son was diagnosed with autism in 2005.,critic_batch_030_06.jsonl
llm_train_02206,0.9,0.9,0.8,0.2,False,,,"The target is used as an informal label in a thin metaphorical scenario, which does not constitute a coherent target-specific proposition.",the birder might be little Tommy’s ADHD acting up again.,critic_batch_030_06.jsonl
llm_train_02207,0.1,0.05,0.1,0.05,True,False,True,"This is a substantive account of social participation and relationship-building, fitting the lived-experience frame.",Way to Play is a fun one-day introduction to playing joyously with a child on the autism spectrum.,critic_batch_030_06.jsonl
llm_train_02208,0.02,0.02,0.02,0.02,True,True,False,The passage explicitly proposes a clinical service for the assessment and treatment of the target.,Offer assessment and treatment of a variety of mental health problems... including... ADHD,critic_batch_030_06.jsonl
llm_train_02209,0.02,0.02,,,False,,,A headline followed by metadata and non-specific text is non-substantive.,How To Improve Focus With ADHD Naturally **This post contains referral links...**,critic_batch_030_06.jsonl
llm_train_02210,0.05,0.05,,,False,,,Professional profile mention and generic support language are non-substantive.,"work with the New Mexico Autism Society, Liz Thomson worked hard to help families thrive",critic_batch_030_06.jsonl
llm_train_02211,0.05,0.05,,,False,,,The passage is an event announcement that invites learning but does not itself provide target-specific content.,World Autism Awareness Week competition... learn more about what it takes to be a carer,critic_batch_030_07.jsonl
llm_train_02212,0.01,0.01,0.01,0.01,True,True,False,Correctly identifies clinical discourse regarding medication health risks and research.,"Leading ADHD drugs like Adderall... could also pose some health risks, according to a new study",critic_batch_030_07.jsonl
llm_train_02213,0.01,0.01,0.01,0.01,True,True,True,Correctly identifies mixed frames: caregiver stress (lived) and developmental disability safety risks (clinical).,fear of wandering can be a daily source of stress and anxiety for parents... risk to the safety... of children with developmental disabilities,critic_batch_030_07.jsonl
llm_train_02214,0.05,0.01,0.01,0.05,True,True,True,Correctly identifies mixed frames: clinical definition of Asperger's and lived experience of social stigma/arrest.,"Asperger syndrome, a form of autism that impacts social interaction abilities... arrested as a suspected terrorist",critic_batch_030_07.jsonl
llm_train_02215,0.01,0.01,0.01,0.01,True,True,False,Correctly identifies clinical discourse regarding Applied Behavior Analysis as a professional service.,Applied behavior analysts have been particularly effective serving individuals on the autism spectrum,critic_batch_030_07.jsonl
llm_train_02216,0.01,0.01,,,False,,,Correctly identifies that a target-named organization in a client list is non-substantive.,Our Corporate Clients... Autism Resource Centre Singapore,critic_batch_030_07.jsonl
llm_train_02217,0.85,0.85,,,True,True,False,"The passage makes a coherent claim about ADHD patients using nootropics for symptom management, which is clinical discourse.",ADHD clients typically turn to natural nootropics to help them focus much better and handle their symptoms.,critic_batch_030_07.jsonl
llm_train_02218,0.15,0.05,0.05,0.15,True,True,False,Clinical frame is clear; lived experience is borderline but negative is defensible as the impact is stated generally.,Children with Autism... have challenges fitting in socially... Research shows these children can be taught social skills,critic_batch_030_07.jsonl
llm_train_02219,0.01,0.01,0.01,0.01,True,True,False,Correctly identifies clinical discourse regarding biological causes and symptoms.,Paternal Sperm May Hold Clues to Autism Tags on DNA... linked to children’s autism symptoms.,critic_batch_030_07.jsonl
llm_train_02220,0.01,0.01,0.01,0.01,True,True,True,Correctly identifies mixed frames: caregiver feelings (lived) and communication software intervention (clinical).,Communication with severe autistic children is difficult and frustrating... developing an Open-source software... to facilitate on-the-go communication,critic_batch_030_07.jsonl
llm_train_02221,0.02,0.01,0.02,0.01,True,False,True,The passage develops a substantive lived-experience frame focusing on workforce participation and inclusive employment practices.,inclusive and accessible employment practices,critic_batch_030_08.jsonl
llm_train_02222,0.01,0.01,0.01,0.01,True,True,False,The passage is a substantive clinical service description that lists assessment and treatment areas for ADHD and autism.,"assessment, treatment or consultation",critic_batch_030_08.jsonl
llm_train_02223,0.01,0.01,0.01,0.01,True,True,False,The passage provides a substantive clinical account of ADHD as a common developmental disorder and discusses drug treatment options.,drug treatment,critic_batch_030_08.jsonl
llm_train_02224,0.08,0.08,,,False,,,"The target appears only within a noisy list of unrelated headlines and navigation links, which is non-substantive per Rule 5.3.",10 outrageous (but true) facts,critic_batch_030_08.jsonl
llm_train_02225,0.05,0.05,0.05,0.02,True,True,False,"The diagnosis functions as an explanatory clinical object in a legal sentencing context, triggering Rule 8.9's substantive requirement.",despite autism diagnosis,critic_batch_030_08.jsonl
llm_train_02226,0.01,0.01,0.01,0.01,True,True,False,"ADHD is discussed as a comorbid mental health problem, fitting the clinical frame definition.","mental health problems as well, including unmanaged ADHD",critic_batch_031_01.jsonl
llm_train_02227,0.01,0.01,0.01,0.01,True,False,True,"The passage discusses the life events and relationships of an autistic character, foregrounding lived experience.",geneticist finding a wife; the second is about the couple having a baby,critic_batch_031_01.jsonl
llm_train_02228,0.01,0.01,0.01,0.01,True,False,True,The passage describes target-specific accessibility and accommodation measures for cinema screenings.,"reduced sound levels, partially raised lighting... and freedom to move around",critic_batch_031_01.jsonl
llm_train_02229,0.01,0.01,0.01,0.01,True,False,True,The passage explicitly focuses on the point of view and life moments of autistic people.,exploration of autism from the point of view of autistic people themselves,critic_batch_031_01.jsonl
llm_train_02230,0.05,0.01,0.01,0.05,True,True,False,The focus on social skills and emotional management training presents the target as a clinical management object.,"program of social skills, communication and emotional management training",critic_batch_031_01.jsonl
llm_train_02231,0.01,0.01,0.05,0.01,True,False,True,The passage foregrounds the emotional experience and perspective of the parent following a child's diagnosis.,one of the hardest things I’ve ever done... wondering what his future would be like,critic_batch_031_01.jsonl
llm_train_02232,0.01,0.01,,,False,,,The passage is a commercial advert dominated by sales metadata without non-promotional target discourse.,Download the 40+ page... now,critic_batch_031_01.jsonl
llm_train_02233,0.01,0.01,0.01,0.01,True,True,False,The passage provides a formal clinical definition of ADHD as a behavioral disorder with symptoms.,behavioural disorder that includes symptoms such as inattentiveness,critic_batch_031_01.jsonl
llm_train_02234,0.05,0.01,0.05,0.05,True,True,False,"The webinar showcases expert research and techniques, treating autism as a research and clinical object.","showcase new findings, useful techniques and emerging topics in autism research",critic_batch_031_01.jsonl
llm_train_02235,0.01,0.01,0.01,0.01,True,True,False,The passage discusses neurobiological research comparing amygdala size in ADHD patients vs. controls.,amygdala... was smaller in adult ADHD patients compared to the control group,critic_batch_031_01.jsonl
llm_train_02236,0.02,0.01,0.01,0.01,True,True,False,The passage discusses ADHD as a screening and diagnosis object within a healthcare context.,help healthcare providers screen for mental health concerns like... ADHD,critic_batch_031_02.jsonl
llm_train_02237,0.05,0.01,0.01,0.02,True,False,True,A first-person account of autism identity and social representation/stigma qualifies as lived experience.,As a person with autism... I’ve tired seeing Middle Eastern people appearing as bloodthirsty fanatics,critic_batch_031_02.jsonl
llm_train_02238,0.02,0.01,0.01,0.01,True,True,False,The passage presents a clinical research study on brain function and developmental causes of autism.,Autism study: Shedding new light on brain function in autism... clue to how autism develops,critic_batch_031_02.jsonl
llm_train_02239,0.02,0.01,0.01,0.01,True,True,False,"Discourse focuses on professional intervention, methodology, and research into ABA treatment.",providing advancing effective methodology and behavior analytic intervention for individuals diagnosed with Autism,critic_batch_031_02.jsonl
llm_train_02240,0.08,0.05,0.02,0.02,True,False,False,This is a substantive metalinguistic/policy claim about AI content restrictions without clinical or lived framing.,Why is Down syndrome banned but Autism allowed?,critic_batch_031_02.jsonl
llm_train_02241,0.02,0.01,0.01,0.01,True,True,False,The passage provides a clinical definition of autism as a developmental disability affecting brain function.,Autism is a developmental disability that usually appears during the first three years of life.,critic_batch_031_02.jsonl
llm_train_02242,0.05,0.02,0.02,0.01,True,True,False,Discussion of Transformation Care Plans and institutional care quality improvement is clinical.,support colleagues with their Transformation Care Plans to improve the quality of care for people with Learning Disabilities and Autism.,critic_batch_031_02.jsonl
llm_train_02243,0.02,0.01,0.01,0.01,True,True,False,The passage promotes a specific clinical intervention (ABA therapy) for skill development.,"With in-home ABA therapy, we’ll help your child develop skill in social, language and communication",critic_batch_031_02.jsonl
llm_train_02244,0.02,0.01,0.01,0.01,True,True,False,Knowledge is framed as a tool to combat autism/ADHD as diseases via neuroscience research.,this knowledge can be used to combat diseases such as Autism or Attention Deficit Disorder.,critic_batch_031_02.jsonl
llm_train_02245,0.02,0.01,0.01,0.01,True,True,False,This is a detailed summary of a clinical research study (MTA) regarding ADHD-related risks.,In a sample with (n = 516) and without (n = 249) childhood ADHD from the Multimodal Treatment Study of ADHD,critic_batch_031_02.jsonl
llm_train_02246,0.01,0.01,0.01,0.01,True,True,False,"The passage makes a target-specific biological claim about ADHD's association with serotonin levels, meeting the clinical-frame criteria.",serotonin levels are associated with... ADD/ADHD,critic_batch_031_03.jsonl
llm_train_02247,0.02,0.01,0.02,0.02,True,True,True,The passage describes a service providing both clinical management (sensory/behavior) and lived-experience support and advocacy.,gap in support... and advocacy... Sensory Issues... Challenging Behavior,critic_batch_031_03.jsonl
llm_train_02248,0.01,0.01,,,False,,,"Autism appears only as one headline in a long navigational list of medical news topics, which is non-substantive.",Age of Autism Diagnosis May Depend on Symptoms: Study,critic_batch_031_03.jsonl
llm_train_02249,0.01,0.01,,,False,,,"The target is mentioned only as a point of contrast for a book narrator, with no substantive claim about autism itself.","rather than an autistic narrator, Haddon tells the story",critic_batch_031_03.jsonl
llm_train_02250,0.01,0.01,0.01,0.01,True,False,True,A first-person account using ADHD-related symptom language to self-explain everyday behavior is lived experience per rule 8.5.,My little ADHD butt couldn’t handle much more than that,critic_batch_031_03.jsonl
llm_train_02251,0.01,0.01,0.01,0.01,True,True,False,"Autism is explicitly identified as a clinical cause of epilepsy, a substantive biological/etiological claim.",Common causes [of epilepsy] include... autism,critic_batch_031_03.jsonl
llm_train_02252,0.02,0.01,0.01,0.02,True,True,False,The passage defines autism as a developmental disability without developing a personal or social experience account.,Autism is a lifelong developmental disability,critic_batch_031_03.jsonl
llm_train_02253,0.02,0.01,0.01,0.02,True,True,False,"The passage discusses ADHD medication and scientific evidence for alternative treatments, which constitutes a clinical frame.",looking for alternatives to ADHD medication... science is solid,critic_batch_031_03.jsonl
llm_train_02254,0.01,0.01,0.01,0.01,True,True,False,The passage explains the clinical composition of ADHD medication and its direct effect on drug testing.,Adderall contains a mixed amphetamine salt widely prescribed... for ADHD,critic_batch_031_03.jsonl
llm_train_02255,0.02,0.01,0.02,0.01,True,False,True,"The passage foregrounds neurodiversity and the experience of navigating neurotypical norms, rejecting the clinical model.",unique ways of experiencing and interacting with the world,critic_batch_031_03.jsonl
llm_train_02256,0.05,0.02,0.05,0.1,True,True,False,"The passage discusses psychotherapy as a professional intervention for autism, focusing on developmental skills and outcomes.","Dance/Movement Psychotherapy... process to further the emotional, cognitive, physical and social integration skills... key selling point for children with autism",critic_batch_031_04.jsonl
llm_train_02257,0.02,0.01,0.01,0.02,True,True,False,The passage discusses research linking magnesium to ADHD symptoms and reports on the condition's economic impact.,studies linking low magnesium levels to ADD and ADHD symptoms... ADHD is one of the most costly health conditions,critic_batch_031_04.jsonl
llm_train_02258,0.01,0.01,,,False,,,ADHD appears only in a generic list of educational resource categories without any target-specific proposition.,"ADD, ADHD, Literacy, ESL, Special Ed, Bilingual Ed... Health Ed, Early Childhood Education",critic_batch_031_04.jsonl
llm_train_02259,0.95,0.95,,,True,True,False,"The passage makes coherent clinical claims about ADHD management, identifying symptoms, and seeking intervention.",Recognizing early signs of ADHD in children can lead to timely intervention... parents can identify symptoms of ADHD and seek appropriate treatment.,critic_batch_031_04.jsonl
llm_train_02260,0.02,0.01,0.01,0.02,True,True,False,The passage identifies dry mouth as a side effect of medications used in the treatment of ADHD.,side effect of popular medications including... Even neurological medications for treatment of ADHD.,critic_batch_031_04.jsonl
llm_train_02261,0.05,0.01,0.02,0.05,True,True,True,The passage explicitly references both the author's lived experience and clinical topics like treatment and holistic therapies.,his own lived experience with the disorder... co-occurs with other mental health disorders... Up-to-date holistic treatments,critic_batch_031_04.jsonl
llm_train_02262,0.05,0.01,0.02,0.05,True,True,True,"The passage contains both clinical framing (doctor's advice, therapy) and a parent's description of a practical daily routine.",controlling their screen time was much needed... doctor told me... first step of the ADHD therapy,critic_batch_031_04.jsonl
llm_train_02263,0.01,0.01,,,False,,,The target term appears only as part of a professional credential in a biographical snippet.,"M. ed in Special Education, with an emphasis in Autism Spectrum Disorder.",critic_batch_031_04.jsonl
llm_train_02264,0.1,0.1,,,False,,,"The mention is a brief news headline within a list of unrelated links, providing insufficient context for a substantive claim.",CDC autism report disputes RFK Jr’s claims,critic_batch_031_04.jsonl
llm_train_02265,0.9,0.9,0.8,0.1,False,,,"Autism is one item in a very long, generic list of conditions potentially associated with leaky gut.","associated with symptoms and conditions including... inflammatory bowel disease, diabetes, autism spectrum disorder, chronic fatigue",critic_batch_031_04.jsonl
llm_train_02266,0.01,0.01,0.01,0.01,True,True,False,"The passage identifies a specific autism treatment center and ABA therapy, which clearly meets the clinical frame definition for institutional provision and treatment.",state-of-the-art autism treatment center welcoming families... to learn more about ABA therapy,critic_batch_031_05.jsonl
llm_train_02267,0.02,0.02,,,False,,,ADHD appears only in a list of conditions helped by a supplement; this is a brief health claim in a product-related list and is non-substantive per rule 5.3.,studies have proven that vitamin C also helps those with dementia and ADHD,critic_batch_031_05.jsonl
llm_train_02268,0.01,0.01,0.01,0.01,True,True,False,"The passage discusses diagnostic overlap and DSM classification rules, which is substantive clinical discourse specifically about the target conditions.",found that autism and attention deficit hyperactivity disorder (ADHD) overlapped... rule in an earlier version of the DSM,critic_batch_031_05.jsonl
llm_train_02269,0.1,0.1,,,False,,,"The passage contains significantly contaminated and noisy extraction with fragments from different topics, making it non-substantive under the conservative rule 5.3.",percent percent Private Health Insurance... UKRecent... Want Many adults are working with autism,critic_batch_031_05.jsonl
llm_train_02270,0.85,0.85,0.85,0.85,False,,,ADHD appears only as a comorbidity example in a list describing BFRBs; the passage makes no target-specific claim and fails the boundary test in rule 5.4.,BFRBs can exist on their own or alongside OCD or ADHD,critic_batch_031_05.jsonl
llm_train_02271,0.01,0.01,,,False,,,ADHD is used here as part of a media brand name (Fox Animation Domination - ADHD) and does not contain any substantive target-specific discourse.,Fox Animation Domination – ADHD via GIPHY,critic_batch_031_05.jsonl
llm_train_02272,0.02,0.02,0.02,0.02,True,False,True,"The passage discusses social participation and inclusion for neurodiverse guests, which is substantive lived-experience discourse per rule 7.2.",Building a Sensory-Friendly Wedding: Tips for Neurodiverse Guests... traditional weddings can pose significant sensory and social challenges,critic_batch_031_05.jsonl
llm_train_02273,0.01,0.01,,,False,,,"The target is listed as one of many parental concerns in a promotional blurb for vitamin manufacturing, which is non-substantive per rule 5.3.",Improving attention deficits... vitamin contract manufacturing product line,critic_batch_031_05.jsonl
llm_train_02274,0.75,0.75,0.75,0.75,False,,,ADHD is one item in a broad health-claim list of conditions linked to MSG; it functions as an example in a list and is non-substantive per rule 5.3 and 8.2.,Research links MSG to... attention deficit hyperactivity disorder (ADHD),critic_batch_031_05.jsonl
llm_train_02275,0.05,0.05,,,False,,,"The target appears only within an article title in a list of unrelated news headlines, which is non-substantive per rule 8.10.",Why does RFK Jr want to put my family on an ‘autism registry’?,critic_batch_031_05.jsonl
llm_train_02276,0.01,0.01,0.01,0.01,True,True,False,"The passage defines autism as a complex disorder affecting interactions, fitting the clinical frame.","highly complex disorder, yet at its heart Autism is a disorder that affects human interactions",critic_batch_031_06.jsonl
llm_train_02277,0.01,0.01,0.01,0.01,True,True,True,It combines clinical classification (DSM-V) with social stigma and participation rights.,DSM-V consolidated Asbergers... France has a backwards perspective... Only 20%... are educated.,critic_batch_031_06.jsonl
llm_train_02278,0.02,0.02,,,False,,,"The target appears only as one news link in a long list of unrelated headlines, which is non-substantive.","Proposed autism registry is ‘dangerous,’ Maine disability rights activists say",critic_batch_031_06.jsonl
llm_train_02279,0.02,0.01,0.01,0.02,True,True,False,The passage describes symptoms using formal terms like 'sensory processing' and 'hypersensitive'.,Many children on the autism spectrum have challenges with sensory processing... hypersensitive or hyposensitive,critic_batch_031_06.jsonl
llm_train_02280,0.01,0.01,0.01,0.01,True,True,False,ADHD is explicitly treated as a mental health condition requiring possible medication.,"If the patient has underlying mental health conditions such as depression or ADHD, medication may be recommended.",critic_batch_031_06.jsonl
llm_train_02281,0.02,0.01,0.01,0.02,True,True,False,The passage focuses on identifying causes and treating physical restlessness in children with ADHD.,identify the underlying cause... gentle manual techniques to relieve tension,critic_batch_031_06.jsonl
llm_train_02282,0.01,0.01,0.01,0.01,True,True,False,The passage presents ADHD as a neurological disorder with specific functional impairments.,ADHD is one of the most common neurological disorders... lead to a variety of impairments,critic_batch_031_06.jsonl
llm_train_02283,0.01,0.01,0.01,0.01,True,True,True,It addresses institutional provision (law/centers) and social integration/accessibility challenges.,allow the social integration of young people... framework law on autism... 10 day centers,critic_batch_031_06.jsonl
llm_train_02284,0.01,0.01,0.01,0.01,True,True,False,The passage frames ADHD through the clinical lens of executive-planning deficits.,"deficits in executive-planning skills—self-motivation, problem-solving, organization",critic_batch_031_06.jsonl
llm_train_02285,0.01,0.01,,,False,,,The target name is used only within an organization's title without any substantive claim.,volunteered with local nonprofit Autism Community Network as a camp counselor,critic_batch_031_06.jsonl
llm_train_02286,0.0,0.0,0.0,0.0,True,True,False,The passage provides a clinical description of the emergence and presentation of ADHD symptoms over time.,"Symptoms of ADHD will appear over the course of many months, often with the symptoms of impulsiveness and hyperactivity",critic_batch_031_07.jsonl
llm_train_02287,0.0,0.0,0.0,0.0,True,True,False,"The passage defines ASD as a developmental disability and cites prevalence statistics, which are canonical clinical markers.",Autism Spectrum Disorder (ASD) is a lifelong developmental disability... Recent studies estimate that up to 1 of every 58 children,critic_batch_031_07.jsonl
llm_train_02288,0.0,0.0,,,False,,,"The target appears only as part of an article or book title within a long list, which is non-substantive per Rule 8.10.",Critical New Perspectives on Attention Deficit/Hyperactivity Disorder,critic_batch_031_07.jsonl
llm_train_02289,0.05,0.0,0.02,0.05,True,True,False,The passage discusses ADHD via a specialist's clinical/psychological framework of 'learned helplessness' and 'mental health challenges'.,Ted talks about ‘learned helplessness’ as a common outlook for people struggling with ADHD,critic_batch_031_07.jsonl
llm_train_02290,0.02,0.0,0.02,0.02,True,False,True,"The passage describes an everyday practical challenge and social environment adaptation for an autistic student, fitting lived experience.","the noisy space next to the cafeteria, that sets off your student with autism.",critic_batch_031_07.jsonl
llm_train_02291,0.02,0.0,0.02,0.02,True,True,True,Mixed frame: discussions of day-to-day existence (lived) and legal/disciplinary mitigation (clinical) are both present.,how it impacts one’s day-to-day existence... autistic students facing Title IX complaints,critic_batch_031_07.jsonl
llm_train_02292,0.0,0.0,,,False,,,"The target appears in a generic list of conditions treated by a pediatric doctor, with no target-specific proposition.",Common conditions a pediatric doctor will treat include... attention deficit disorder,critic_batch_031_07.jsonl
llm_train_02293,0.0,0.0,0.0,0.0,True,True,False,The professional profile explicitly details specialization in treating the target conditions as clinical objects.,"I specialize in treating ADHD, autism spectrum conditions... I'm an ADHD Certified Clinical Services Provider",critic_batch_031_07.jsonl
llm_train_02294,0.0,0.0,0.0,0.0,True,True,False,"The passage reports on CDC diagnosis rates and prevalence statistics, which are definitive clinical framing.",Autism rates in the United States have increased... one in 31 school-age children now diagnosed,critic_batch_031_07.jsonl
llm_train_02295,0.0,0.0,0.0,0.0,True,True,False,The passage discusses statistics on seeking help and clinical inquiry into the adult presentation of the condition.,"Only 20 percent of those adults seek help for the condition... If You Have ADHD as an Adult, Did You Have It as a Kid?",critic_batch_031_07.jsonl
llm_train_02296,0.12,0.01,0.01,0.12,True,True,False,"The passage focuses on clinical prevalence data from the CDC and the need for institutional services, with family support mentioned as a service need.",United States Center of Disease Control and Prevention... autism prevalence report... how American families can be served who are facing a lifetime of support,critic_batch_031_08.jsonl
llm_train_02297,0.01,0.01,0.01,0.01,True,False,True,"The passage describes everyday practical challenges and adaptation strategies (moving zones) for individuals with ADHD, fitting the lived experience definition.",Moving can be a challenging process for individuals with ADHD... involves a lot of organization and focus. Designating specific zones can help,critic_batch_031_08.jsonl
llm_train_02298,0.02,0.02,,,False,,,"The target term appears only as one item in a list of child behaviors within a generic commercial service pitch, without a target-specific proposition.",even kids with constant Attention Deficit issues. This only scratches the surface of topics I help parents resolve,critic_batch_031_08.jsonl
llm_train_02299,0.01,0.01,0.01,0.01,True,True,False,The passage presents ADHD and autism as objects of biomedical research into inflammation and the cytokine model of cognitive function.,associate cognitive health issues like... ADHD... with inflammation... field of research known as the cytokine model of cognitive function,critic_batch_031_08.jsonl
llm_train_02300,0.1,0.01,0.01,0.1,True,True,False,"The passage describes professional ABA intervention, telemedicine, and behavioral management strategies, treating autism as a clinical service object.",meaningful ABA training to parents of children with autism... Increase Communication... Decrease Problem Behavior,critic_batch_031_08.jsonl
llm_train_02301,0.02,0.02,0.01,0.01,True,True,False,The passage makes a coherent clinical claim comparing condition prevalence and similarities.,"while the three conditions discussed below have many similarities, they vary drastically in how common they are",critic_batch_032_01.jsonl
llm_train_02302,0.01,0.01,,,False,,,Target mention appears only in a list of unrelated news headlines acting as related-link labels.,Klein ISD nurse fired after students’ ADHD medications vanish from clinic,critic_batch_032_01.jsonl
llm_train_02303,0.1,0.1,,,False,,,The proposition concerns government secrecy; autism is a non-developed population descriptor for the case victims.,Other families with autistic children were never to know.,critic_batch_032_01.jsonl
llm_train_02304,0.01,0.01,,,False,,,Target appears in a generic list of conditions served by a center without specific target-specific content.,"including: autism spectrum disorders, childhood apraxia & other speech disorders",critic_batch_032_01.jsonl
llm_train_02305,0.01,0.01,0.01,0.01,True,True,False,Research abstract discussing reader profiles in relation to ASD symptom severity is clearly clinical discourse.,examine the profiles in relation to ASD symptom severity,critic_batch_032_01.jsonl
llm_train_02306,0.03,0.02,0.02,0.01,True,True,False,Comparing vision problems to ADHD behaviors constitutes clinical symptom and behavioral analysis.,untreated vision problems can even elicit some of the same behaviors as ADHD,critic_batch_032_01.jsonl
llm_train_02307,0.08,0.05,0.05,0.04,True,False,True,Account of a student-athlete's participation and grit represents substantive lived-experience discourse.,Having autism doesn’t make it any easier ... first student-athlete with the developmental disorder to sign,critic_batch_032_01.jsonl
llm_train_02308,0.01,0.01,0.01,0.01,True,True,False,Detailed medication description used to treat ADHD is standard clinical discourse.,It is used to treat attention deficit hyperactivity disorder (ADHD). It helps to increase attention,critic_batch_032_01.jsonl
llm_train_02309,0.01,0.01,,,False,,,Target appears only as one item in a broad list of conditions in a professional provider profile.,"include divorce, grief, self-harm, depression, and autism among others",critic_batch_032_01.jsonl
llm_train_02310,0.01,0.01,,,False,,,Autism is mentioned only as a service animal category in an administrative pet policy list.,Icelandair pet policy allows the following service animals ... - Autism service dogs,critic_batch_032_01.jsonl
llm_train_02311,0.01,0.01,0.01,0.01,True,True,False,"The passage defines ASD as a disorder and discusses neuroimaging research, clearly meeting the clinical frame criteria.",Autism spectrum disorder (ASD) is a neurodevelopmental disorder consisting of altered social and communication difficulties along with repetitive and restrictive behaviors.,critic_batch_032_02.jsonl
llm_train_02312,0.02,0.01,0.01,0.02,True,False,True,"The text foregrounds neurodiversity and identity-based acceptance, explicitly rejecting a deficit-based clinical frame.","neurodiversity recognizes that the neurological differences, like autism... are natural variations of the human experience, rather than deficits.",critic_batch_032_02.jsonl
llm_train_02313,0.01,0.01,0.01,0.01,True,True,False,The passage provides a formal clinical definition and symptom description of ADHD as a mental disorder.,Attention deficit hyperactivity disorder (ADHD) is a mental disorder of the neurodevelopmental type.,critic_batch_032_02.jsonl
llm_train_02314,0.01,0.01,0.01,0.01,True,True,False,"The discussion focuses on behavioral treatment, research validation, and formal diagnosis, fitting the clinical frame.",Children who receive early intensive behavioral treatment... entry into intervention programs as soon as an autism spectrum diagnosis is seriously considered,critic_batch_032_02.jsonl
llm_train_02315,0.02,0.01,0.02,0.01,True,True,False,The passage discusses government investment in medical research for treating autism as a neurological disorder.,"investing $21. 8 million in vital research that could mean major breakthroughs in treating a range of neurological disorders, including... autism",critic_batch_032_02.jsonl
llm_train_02316,0.01,0.01,,,False,,,"The passage contains only biographical status mentions and professional identity, which are non-substantive under codebook rule 5.3.","Autistic, ADHD, solo dad.",critic_batch_032_02.jsonl
llm_train_02317,0.01,0.01,0.01,0.01,True,True,False,"The text describes a formal clinical diagnosis and specific psychiatric symptoms, with no developed lived perspective.","A Yale University professor diagnosed Lanza in 2006 with profound autism spectrum disorder, ""with rigidity, isolation, and a lack of comprehension""",critic_batch_032_02.jsonl
llm_train_02318,0.02,0.02,,,False,,,"This is a brief administrative notice regarding a consultation status, lacking target-specific propositions beyond the name.",South Australia's first Autism Strategy Consultation has concluded.,critic_batch_032_02.jsonl
llm_train_02319,0.01,0.01,0.01,0.01,True,True,False,"The passage discusses pharmaceutical production and shortages of specific ADHD medications, a clinical/medical object of focus.",pharmaceutical companies weren’t making as many doses of ADHD medications as they could... shortage spread to... Ritalin and Vyvanse.,critic_batch_032_02.jsonl
llm_train_02320,0.02,0.02,,,False,,,"The text is a product advertisement dominated by sales language and promotional metadata, which is non-substantive per rule 5.3.",PLN EXQUISITE TRAVEL has partnered with Hotels and Resorts properties... it's 5 star treatment for the whole family.,critic_batch_032_02.jsonl
llm_train_02321,0.01,0.01,0.01,0.01,True,True,False,"The passage discusses legislation requiring coverage for clinical screening and diagnosis, meeting the clinical frame criteria.","requires coverage for the screening, diagnosis and treatment of autism spectrum disorder",critic_batch_032_03.jsonl
llm_train_02322,0.01,0.01,0.01,0.01,True,False,True,"The passage focuses on gifts, talents, and employability, which are indicators of the lived-experience frame.","pure celebration of the gifts, talents and quirks... emphasis on the employability",critic_batch_032_03.jsonl
llm_train_02323,0.05,0.05,,,False,,,The passage is a professional bio where ADHD appears as a client population without a substantive target-specific claim.,worked as a behavioral specialist with many clients who has been diagnosed with ADD/ADHD,critic_batch_032_03.jsonl
llm_train_02324,0.01,0.01,0.01,0.01,True,True,True,"The passage mentions clinical characteristics and foregrounds family hardship, satisfying both frames.",characteristics of Autism Spectrum Disorder (ASD) and the hardship families face,critic_batch_032_03.jsonl
llm_train_02325,0.01,0.01,0.01,0.01,True,False,True,The focus on accessibility and 'relaxed' performances for autistic people aligns with the lived-experience frame.,improved its accessibility by introducing “relaxed” performances... for people on the Autism Spectrum,critic_batch_032_03.jsonl
llm_train_02326,0.01,0.01,0.01,0.01,True,True,False,Evaluating institutional assessment policies for ADHD qualifies as a clinical frame under institutional management.,evaluating policies around how the federal student loan program assesses learning disabilities and ADHD,critic_batch_032_03.jsonl
llm_train_02327,0.01,0.01,0.01,0.01,True,False,True,The podcast's focus on autistic students entering college programs represents participation and lived experience.,following people who had autism go into typical college programs,critic_batch_032_03.jsonl
llm_train_02328,0.02,0.01,0.02,0.02,True,True,False,The passage discusses ADHD as a learning disorder and its functional effects without a developed experiential perspective.,"learning disorders, like ADHD... can affect tasks like goal planning, problem solving",critic_batch_032_03.jsonl
llm_train_02329,0.01,0.01,0.01,0.01,True,True,True,The passage combines a first-person experiential account with a discussion of missing institutional medical support.,"battle of endurance, especially for those with severe ADHD symptoms but no hope of help",critic_batch_032_03.jsonl
llm_train_02330,0.05,0.05,,,False,,,"The passage consists of navigation metadata and a brief procedural question, making it non-substantive.",Logo of National Resource Center on AD/HD... My child has been diagnosed with ADHD... apply?,critic_batch_032_03.jsonl
llm_train_02331,0.01,0.01,,,False,,,Target appears only in a professional specialty list and website navigation without a target-specific claim.,ADHD/ADD ... ADHD Blog,critic_batch_032_04.jsonl
llm_train_02332,0.04,0.01,0.03,0.01,True,False,True,Diagnosis mention establishes status only; the focus is on creating safe environments and empowerment for neurodiverse people.,create a safe space for neurodiverse parents ... environment that promotes both empowerment and comfort,critic_batch_032_04.jsonl
llm_train_02333,0.02,0.01,0.01,0.01,True,False,True,Discusses navigating parenting challenges and advocacy without treating the target as a formal clinical object.,"navigating that aspect of parenting ... help parents, educators, and caregivers navigate the challenges",critic_batch_032_04.jsonl
llm_train_02334,0.05,0.02,0.01,0.03,True,False,True,First-person account of how personal traits interact with ADHD to produce results is lived experience.,(Excitement + interest) x ADHD = Results!,critic_batch_032_04.jsonl
llm_train_02335,0.03,0.01,0.02,0.02,True,True,True,"Contains both clinical symptom/cure discourse and a developed, emotional caregiver account of everyday preferences and difficulties.",cured from autism ... he always complain of poor eye contact ... likes music so much,critic_batch_032_04.jsonl
llm_train_02336,0.02,0.01,0.01,0.01,True,True,False,Discusses clinical research into supplements for ADHD as a treatment object.,growing research on the usage of supplements in ADHD,critic_batch_032_04.jsonl
llm_train_02337,0.02,0.01,0.01,0.01,True,False,True,"Focuses on accessibility guides for outings and inclusive environments, which are lived experience indicators.",autism friendly outings ... make their environment more autism friendly,critic_batch_032_04.jsonl
llm_train_02338,0.01,0.01,0.01,0.01,True,True,False,Discusses biological mutations as causes and potential treatment options for autism.,mutation ... already associated with epilepsy and autism ... new treatment options,critic_batch_032_04.jsonl
llm_train_02339,0.08,0.02,0.03,0.04,True,True,True,Mixed frame: outlines concrete institutional support (clinical) alongside social recognition and ways of being (lived).,"housing to adults, paying disability allowance ... awareness about people who communicate in a different way",critic_batch_032_04.jsonl
llm_train_02340,0.01,0.01,,,False,,,Target appears only in a long search-refinement list of medical and social issues.,- ADHD - ... - Autism -,critic_batch_032_04.jsonl
llm_train_02341,0.01,0.01,0.01,0.01,True,True,False,The passage makes a substantive clinical claim about the rise in ADHD medication prescriptions based on research data.,prescriptions for ADHD drugs rose 46 percent from 2002 to 2010,critic_batch_032_05.jsonl
llm_train_02342,0.02,0.02,,,False,,,A professional title like 'ADHD coach' is non-substantive when the surrounding text provides only generic parenting advice.,"current ADHD coach, Brendan Mahan, says that it’s important you remember that kids are bound to make mistakes",critic_batch_032_05.jsonl
llm_train_02343,0.02,0.02,,,False,,,"The target appears only within a commercial SEO product blurb for CBD oil, which is non-substantive under Rule 5.3.",Cbd Cannabis Oil For Autism,critic_batch_032_05.jsonl
llm_train_02344,0.05,0.05,,,False,,,A fictional character's claim of autism as a plot excuse is a thin biographical status mention that does not develop a frame.,claiming among other reasons to be autistic,critic_batch_032_05.jsonl
llm_train_02345,0.02,0.01,0.01,0.01,True,True,False,"The passage discusses ADHD as a psychiatric condition that impairs function, meeting the clinical frame definition.",Child Psychiatry: Supporting Children with ADHD ... these conditions can significantly impair a child’s ability to function,critic_batch_032_05.jsonl
llm_train_02346,0.05,0.01,0.02,0.05,True,True,True,The passage links medication (clinical) to a family crisis and practical 'cascade failure' (lived experience).,son's ADHD medicine having another cascade failure,critic_batch_032_05.jsonl
llm_train_02347,0.02,0.01,0.01,0.01,True,True,False,The claim that biophilic design lessens ADHD symptoms is a substantive clinical proposition about symptom management.,symptoms of ADHD lessened,critic_batch_032_05.jsonl
llm_train_02348,0.95,0.05,0.05,0.95,True,False,False,Rule 8.10 classifies claims about media representation as substantive_other when no lived-experience evidence is present.,"ADHD, and Autism representation (because I believe fantasies need to represent more disabilities)",critic_batch_032_05.jsonl
llm_train_02349,0.02,0.02,,,False,,,Mentioning 'people with ADHD' gave 'positive feedback' is an administrative/meta mention without target-specific discourse.,I’ve had a lot of wonderful positive feedback from people with ADHD,critic_batch_032_05.jsonl
llm_train_02350,0.05,0.02,0.03,0.02,True,True,False,Specifying residential and support services for autism in a community setting is substantive clinical/institutional discourse.,services and supports to people with ... autism ... Support Worker provides residential or support services,critic_batch_032_05.jsonl
llm_train_02351,0.02,0.02,0.01,0.01,True,True,False,The passage provides a concrete target-specific service proposition for diagnosis and testing.,"Get Psychological Testing to Diagnose Learning Disabilities, ADHD",critic_batch_032_06.jsonl
llm_train_02352,0.01,0.01,0.01,0.01,True,True,False,The passage discusses symptoms and difficulties within a clinical disorder framework.,Autism Spectrum Disorders Symptoms... communication often remains difficult.,critic_batch_032_06.jsonl
llm_train_02353,0.01,0.01,0.01,0.01,True,True,False,This identifies a concrete institutional provision organised specifically for autistic children.,the centre for autism for 24 children with autism,critic_batch_032_06.jsonl
llm_train_02354,0.01,0.01,0.01,0.01,True,True,False,The passage makes a target-specific claim about environmental causes and developmental disorders.,associated with various developmental disorders such as ADHD and autism,critic_batch_032_06.jsonl
llm_train_02355,0.03,0.02,0.02,0.05,True,True,False,Defines autism as a disorder with impairment; family mention is status only without developed account.,Autism is a disorder in which most cases it is hard for autistic children to do the simplest tasks.,critic_batch_032_06.jsonl
llm_train_02356,0.01,0.01,0.01,0.01,True,False,True,Foregrounds the emotional and practical perspective of families living with ADHD children.,parents feel anticipatory dread at the thought of their children being out of control,critic_batch_032_06.jsonl
llm_train_02357,0.05,0.02,0.02,0.08,True,True,False,Lists concrete service provisions and clinical subtypes; lived elements are present but not substantively developed.,"DPAO offers case management, respite and recreation services for people on the autism spectrum",critic_batch_032_06.jsonl
llm_train_02358,0.01,0.01,0.01,0.01,True,False,True,Discusses social meaning and participation of autistic people in their communities.,"celebrating the contributions people with autism make at work, at home and to their communities",critic_batch_032_06.jsonl
llm_train_02359,0.01,0.01,,,False,,,The target appears only as one related-link label in a list of diverse press releases.,How Otsimo Is Using Assistive Technology To Help Students With Autism Thrive,critic_batch_032_06.jsonl
llm_train_02360,0.02,0.01,0.01,0.05,True,True,False,Discusses the target as a formal clinical object within a professional assessment referral process.,before referring them for a formal ADHD assessment,critic_batch_032_06.jsonl
llm_train_02361,0.02,0.01,0.02,0.01,True,True,False,"The passage discusses ADHD's neurobiological causes and links to specific neurotransmitters, clearly fitting the clinical frame.","GABA, Dopamine and Serotonin are three chemical messengers commonly linked to disorders like ADD, ADHD & OCD.",critic_batch_032_07.jsonl
llm_train_02362,0.05,0.02,0.01,0.05,True,False,True,"The passage describes a student's successful participation in a school assembly, which constitutes a lived-experience account of participation.",we have a student with ADHD Syndrome. He was the enactor and the narrator .,critic_batch_032_07.jsonl
llm_train_02363,0.02,0.01,0.01,0.02,True,False,True,"The discussion of strengths, talents, and career paths for neurodivergent individuals fits the lived-experience frame's focus on participation and ways of being.","These individuals, including those with autism, ADHD... possess unique talents and perspectives that are particularly suited to specific sectors",critic_batch_032_07.jsonl
llm_train_02364,0.02,0.01,0.01,0.02,True,False,True,"The passage details a specific incident of social exclusion in a public space, which is a core indicator of lived-experience discourse.","Nicholas, who has autism, were told to leave the Franklin Lakes Public Library",critic_batch_032_07.jsonl
llm_train_02365,0.02,0.01,0.02,0.01,True,True,False,A professional profile focusing on diagnostic assessment and treatment planning treats the target as a clinical object.,I have conducted assessments on children... to help determine functioning and to drive treatment planning.,critic_batch_032_07.jsonl
llm_train_02366,0.02,0.01,0.02,0.01,True,True,False,Treating a population as a research object to inform clinical understanding of another disease is a clear clinical/research frame.,"the ADHD population, could, they’re all can be studied in isolation... give us a better understanding of Alzheimer’s disease",critic_batch_032_07.jsonl
llm_train_02367,0.02,0.01,0.02,0.01,True,True,False,"The passage describes concrete institutional provision and specialized clinical services (evaluations, screenings) for autistic children.","BASSC performs multiple services including: child find duties, psychological evaluations, screenings and specialized evaluations in areas such as... autism",critic_batch_032_07.jsonl
llm_train_02368,0.02,0.01,0.02,0.01,True,True,False,The passage develops clinical evidence by discussing nosological causes (dopamine imbalance) and formal symptoms.,"ADHD is a common mental health condition caused by dopamine imbalance. Common symptoms include inattention, hyperactivitiy, and impulsivity.",critic_batch_032_07.jsonl
llm_train_02369,0.08,0.02,0.05,0.08,True,True,False,The delivery of a specific therapy constitutes clinical evidence; service-level support gaps do not sufficiently foreground lived experience.,three of our volunteers are qualified to deliver Autism Movement Therapy and training.,critic_batch_032_07.jsonl
llm_train_02370,0.1,0.1,,,False,,,The passage focuses on the speaker's research activity and specialty status rather than making a substantive claim about the target condition.,"I had no previous knowledge of autism spectrum disorders, as they were outside my specialty.",critic_batch_032_07.jsonl
llm_train_02371,0.05,0.05,,,False,,,The target appears only as part of an organization name in a passage describing generic educational workshops.,New York Center for Autism Charter School are collaborating... help their children become college and career ready,critic_batch_032_08.jsonl
llm_train_02372,0.02,0.02,,,False,,,ADHD is one example in a generic list of conditions supported by the mentioned software tool.,"provide support and enhance the learning experience for users with dyslexia, ADHD, and other learning challenges",critic_batch_032_08.jsonl
llm_train_02373,0.02,0.02,,,False,,,The passage is a professional profile that lists autism only as a population served without further development.,"experience working with individuals with autism, intellectual disabilities, and behavioral health needs",critic_batch_032_08.jsonl
llm_train_02374,0.15,0.15,,,False,,,ADHD is listed as a biographical status among other labels; the passage does not develop a target-specific proposition.,"I am hyperlexic type three, ADHD, CPTSD maniac who was in the juvenile justice system",critic_batch_032_08.jsonl
llm_train_02375,0.05,0.05,0.05,0.05,True,True,False,The Capstone title expresses a clear clinical proposition about addressing social deficits in children with ADHD.,Promotes Parental Involvement to More Effectively Address Social Deficits in Children with ADHD,critic_batch_032_08.jsonl
llm_train_02376,0.08,0.02,0.02,0.08,True,True,False,The passage discusses VR as a clinical support tool without developing a substantive experiential or social account of lived experience.,"Virtual Reality might sound futuristic, but for many families, it’s becoming a real tool in supporting autistic children and adults.",critic_batch_033_01.jsonl
llm_train_02377,0.02,0.01,0.01,0.01,True,True,False,The passage makes a coherent clinical claim about the comorbidity of dyslexia and ADHD.,According to Morris Smaglik these two disabilities are often present at the same time.,critic_batch_033_01.jsonl
llm_train_02378,0.02,0.02,,,False,,,ADHD appears only in a generic list of conditions within a promotional hook for a boarding school.,"Due to Emotional Distress from PTSD, ADHD, Eating Disorders, Abuse, Family Discord, or Other Trauma in Her Life?",critic_batch_033_01.jsonl
llm_train_02379,0.12,0.02,0.06,0.06,True,False,True,The passage foregrounds social vulnerability and family impact rather than treating autism as a clinical object of diagnosis or treatment.,"targeting vulnerable youth, especially those with autism... potentially leading to family separation",critic_batch_033_01.jsonl
llm_train_02380,0.05,0.05,,,False,,,The passage contains a target mention but lacks a coherent target-specific proposition or description.,So what does all this have to do with Attention-Deficit/Hyperactivity Disorder (ADHD)?,critic_batch_033_01.jsonl
llm_train_02381,0.01,0.01,,,False,,,The target appears only in a headline fragment within a list of unrelated news links.,Judge maintains death penalty as possible punishment for Bryan Kohberger despite autism diagnosis,critic_batch_033_01.jsonl
llm_train_02382,0.01,0.01,0.01,0.01,True,True,False,The passage provides specific epidemiological data and diagnostic statistics for ADHD.,6. 1 million children (aged 4-17 years) had been diagnosed with ADHD at some point in their lives.,critic_batch_033_01.jsonl
llm_train_02383,0.05,0.05,,,False,,,ADHD appears only in a long generic list of conditions treated by a provider without target-specific development.,The providers at Wellnite are specialists and can treat the following health conditions: - ADHD - Anxiety...,critic_batch_033_01.jsonl
llm_train_02384,0.02,0.01,0.01,0.01,True,True,False,The passage discusses clinical outcomes and advertising claims for autism as a 'malady' requiring treatment.,stop advertising success rates for children and adults suffering from maladies such as... autism,critic_batch_033_01.jsonl
llm_train_02385,0.02,0.01,0.01,0.01,True,True,True,The passage independently develops clinical concerns about underdiagnosis and lived-experience topics like accommodation and inclusion.,Emphasizing the underdiagnosis of autism... Ross highlights practical steps organizations can take to accommodate neurodivergent employees,critic_batch_033_01.jsonl
llm_train_02386,0.05,0.05,,,False,,,The passage details the logistics of a car rally and donation; the named school is a location/recipient without a developed target-specific claim.,cruise to NSSA Commack NY to present a donation to the School for Autistic Children and arrange the cars in their parking lot for a static car show,critic_batch_033_02.jsonl
llm_train_02387,0.01,0.01,,,False,,,"ADHD appears only in a generic category list of educational and health topics, which is non-substantive per the codebook list rule.","ADD, ADHD, Literacy, ESL, Special Ed, Bilingual Ed, Gifted, Health Ed, Early Childhood Education",critic_batch_033_02.jsonl
llm_train_02388,0.02,0.01,0.01,0.01,True,True,False,"The passage discusses clinical outcomes and the stability of a diagnosis, treating autism as a formal clinical and research object.",children attaining highly positive outcomes from ASD... Lose Their Autism Diagnosis Between Age Two and Four,critic_batch_033_02.jsonl
llm_train_02389,0.01,0.01,,,False,,,A mention within a list of book titles is non-substantive as it fails to develop a coherent target-specific proposition.,Weather Reports from the Autism Front,critic_batch_033_02.jsonl
llm_train_02390,0.1,0.1,,,False,,,"A commercial claim for a detox system is non-substantive even when making a brief target health claim, as it is dominated by product promotion.",using the IonCleanse® by AMD detox foot bath... work primarily with children on the autism spectrum,critic_batch_033_02.jsonl
llm_train_02391,0.02,0.01,0.01,0.01,True,True,False,"The passage appraises clinical disciplines and treatments (neurobiology, genetics, drug treatment), clearly establishing a clinical frame.","appraisal of the contributions and failures of various disciplines (psychoanalysis, neurobiology, genetics, chemical and drug treatment...)",critic_batch_033_02.jsonl
llm_train_02392,0.05,0.05,,,False,,,The professional profile listing conditions treated is non-substantive without a further developed target-specific proposition.,"training sessions for children & adults with a variety of conditions such as ADD/ADHD, Autism Spectrum Disorder",critic_batch_033_02.jsonl
llm_train_02393,0.05,0.01,0.05,0.05,True,True,False,Characterizing 'inflexibility' as 'hard wired' constitutes a deterministic neurobiological claim typical of a clinical frame.,Inflexibility in teens with autism is hard wired.,critic_batch_033_02.jsonl
llm_train_02394,0.9,0.9,,,True,False,True,A claim regarding the impact on 'spiritual development' and 'inclusion' is a meaningful lived-experience proposition that applies to ADHD.,impact of ADHD... on spiritual development in kids... strategies for promoting mental health inclusion at church,critic_batch_033_02.jsonl
llm_train_02395,0.95,0.95,,,True,True,False,"A news headline discussing an 'environmental cause' makes a specific etiological claim, which is a substantive clinical object.",RFK seeks the 'environmental' cause of autism. Scientists say it's not that simple,critic_batch_033_02.jsonl
llm_train_02396,0.05,0.05,,,False,,,"The passage mentions a book title and suggests an excerpt may be helpful for parents, but lacks a substantive target-specific claim beyond product promotion.","this next excerpt, from The SCD for Autism and ADHD, may be helpful",critic_batch_033_03.jsonl
llm_train_02397,0.01,0.01,0.01,0.01,True,True,False,"The passage discusses ADHD by definition, symptoms like distractibility, and scientific studies, which clearly constitutes a clinical frame.","by definition, are more distractible ... studies showing specific variability of task vigilance",critic_batch_033_03.jsonl
llm_train_02398,0.01,0.01,0.01,0.01,True,True,False,"The passage reports research and medical diagnosis statistics, fitting the clinical frame definition for epidemiology and diagnostic status.",research from the federal Centers for Disease Control ... medically diagnosed with either ADHD,critic_batch_033_03.jsonl
llm_train_02399,0.05,0.01,0.05,0.1,True,True,False,ADHD is presented as a clinical outcome of a concussion and involves professional services like OT; it lacks developed lived experience beyond clinical status.,ended up with you have ADHD as a result ... worked with a dietician,critic_batch_033_03.jsonl
llm_train_02400,0.02,0.01,0.02,0.01,True,False,True,"The passage describes an everyday routine and strategy for organization and responsibility, which is canonical lived-experience discourse.",display the routine ... help children with ADHD to learn about organisation and planning,critic_batch_033_03.jsonl
llm_train_02401,0.01,0.01,0.01,0.01,True,True,False,"ADHD is listed as a neurological problem resulting from a clinical condition (celiac disease), which is a clinical/nosological claim.",Neurological problems like learning disabilities and attention deficit hyperactivity disorder (ADHD),critic_batch_033_03.jsonl
llm_train_02402,0.01,0.01,0.01,0.01,True,True,False,"The passage discusses scientific hypotheses regarding etiology and environmental/genetic factors, representing a clear clinical frame.",scientists have hypothesized ... environmental and genetic factors involved in this disease,critic_batch_033_03.jsonl
llm_train_02403,0.01,0.01,,,False,,,"The target appears only in a list of organizations and resources, which is explicitly defined as non-substantive in the codebook.","Autism (ASD), Attention Deficit Disorders (ADHD) ... and other organizations",critic_batch_033_03.jsonl
llm_train_02404,0.05,0.01,0.05,0.05,True,True,True,The passage covers peer support (lived) and also discusses 'what science says' and development of communication skills (clinical/institutional provision).,peer buddy program ... trained ... on what science says about autism,critic_batch_033_03.jsonl
llm_train_02405,0.01,0.01,0.01,0.01,True,True,False,"The passage mentions a phenotype transfer study and reports prevalence and core symptoms, fitting the clinical frame definition.",transfers autism phenotype to mice ... affects an estimated one in 59 ... repetitive behavior,critic_batch_033_03.jsonl
llm_train_02406,0.02,0.01,0.01,0.02,True,True,False,"Legislation requiring insurance coverage for screening, diagnosis, and treatment is a clear clinical frame.","bill that requires health insurers to cover the treatment of children with autism... coverage for the screening, diagnosis and treatment",critic_batch_033_04.jsonl
llm_train_02407,0.02,0.01,0.01,0.02,True,True,False,Professional training for neurofeedback treatment and clinical assessment of ADHD fits the clinical frame.,"Introduction to Neurofeedback for treating ADHD, Introduction to Assessing for ADHD in Adults",critic_batch_033_04.jsonl
llm_train_02408,0.03,0.03,,,False,,,Extensive list of topics and resource titles without target-specific claims is non-substantive per 5.3 and 8.10.,ADHD Help... Autism in Children... ADHD Books - English / Spanish - (offsite) NorthEast Books & Publishing,critic_batch_033_04.jsonl
llm_train_02409,0.02,0.01,0.01,0.02,True,True,False,Research findings on comorbidity between ADHD and alcoholism represent a clinical/epidemiological frame.,People with attention deficit hyperactivity disorder also have a higher rate of alcoholism,critic_batch_033_04.jsonl
llm_train_02410,0.05,0.02,0.02,0.05,True,True,False,Definition of ASD as a 'long-term disability' and discussion of its continuum is a disorder-construct frame.,"Autism spectrum disorder (ASD) refers to a long-term disability, which can manifest differently based upon ‘where an individual sits’ on the continuum",critic_batch_033_04.jsonl
llm_train_02411,0.08,0.08,,,False,,,"Product advertisement for earplugs is non-substantive per rule 5.3, even with a brief sensory health claim.",Earplugs for ADHD Earplugs for the Autistic. Earplugs for sensory disorders.,critic_batch_033_04.jsonl
llm_train_02412,0.02,0.02,,,False,,,"ADHD is used only as a generic example in a list of 'problems' for essay writing, which is non-substantive.","variations of problems: you are shy... adhd, ocd... But for the purposes of writing these dreaded essays",critic_batch_033_04.jsonl
llm_train_02413,0.02,0.01,0.01,0.02,True,True,False,Propositions regarding the cause (pregnancy) and developmental symptoms of autism are clinical discourse.,autism occurs during pregnancy... children with autistic disorders will experience social and language developmental problems,critic_batch_033_04.jsonl
llm_train_02414,0.01,0.01,,,False,,,Profile headers and navigation labels with no target-specific claim are non-substantive per 5.3.,MY CRAZY ADD - ADHD - ASPERGER ASPERGERS ASPERGER'S SYNDROME LUNACY!,critic_batch_033_04.jsonl
llm_train_02415,0.01,0.01,,,False,,,Incoherent and contaminated extraction fragments are non-substantive per 5.3.,Buy water-based oil paint the Classroom ADHD Children water to clean up favorite English teacher,critic_batch_033_04.jsonl
llm_train_02416,0.05,0.01,0.01,0.05,True,True,False,"The passage develops a clinical frame through a research study and risk factors, while support tips remain generic takeaways.","study about ADHD and shorter lifespan, most common risk factors associated with unmanaged ADHD, early diagnosis",critic_batch_033_05.jsonl
llm_train_02417,0.01,0.01,0.01,0.01,True,True,False,The passage explicitly describes professional training interventions and behavioral strategies for autism.,"behavioral analytic strategies, Behavioral Skills Training (BST) for very challenging behaviors",critic_batch_033_05.jsonl
llm_train_02418,0.01,0.01,,,False,,,"ADHD appears only as one item in a list of conditions the institute researches, without a target-specific claim.","research efforts in autism, fragile X syndrome... ADHD and Down syndrome",critic_batch_033_05.jsonl
llm_train_02419,0.01,0.01,0.01,0.01,True,True,False,The passage provides a clinical definition of autism as a neurological spectrum disorder.,"autism is a lifelong neurological disorder, spectrum disorder",critic_batch_033_05.jsonl
llm_train_02420,0.05,0.01,0.01,0.05,True,True,False,The passage reports on a research survey concerning the prevalence of institutional education accommodations and plans.,"Study Examines School Accommodations, evidence-based, disability-specific accommodations, individualized education programs",critic_batch_033_05.jsonl
llm_train_02421,0.01,0.01,0.01,0.01,True,True,False,"The passage discusses a clinical claim regarding the causes of autism, specifically the alleged vaccine link.",claimed there’s a link between vaccines and autism,critic_batch_033_05.jsonl
llm_train_02422,0.01,0.01,0.01,0.01,True,False,True,The passage develops a first-person account of ADHD identity and school experience using self-theorising symptom language.,"probably an ADHD trait- wearing crazy clothes, playing the class clown, socially awkward",critic_batch_033_05.jsonl
llm_train_02423,0.01,0.01,0.01,0.01,True,True,False,The passage discusses potential therapeutic uses and research studies for ADHD as a clinical treatment object.,studies have suggested that nicotine may have potential therapeutic uses for... ADHD,critic_batch_033_05.jsonl
llm_train_02424,0.01,0.01,0.01,0.01,True,False,True,The passage develops a lived-experience account of caregiver adaptation to sensory issues in meal planning.,two of them... are on the Autism Spectrum. That means sensory issues often play into food options when planning meals.,critic_batch_033_05.jsonl
llm_train_02425,0.05,0.05,,,False,,,Autism is mentioned only as a biographical status for a character in a plot summary without further target-specific discourse.,twin sister with autism has gone missing,critic_batch_033_05.jsonl
llm_train_02426,0.05,0.05,0.1,0.05,True,True,False,"The passage identifies a specific class for kids with special needs (including ADHD), which counts as a concrete institutional provision under Rule 8.3.","There is also an art class for kids with special needs (dyslexia, ADHD, Asperger syndrome...)",critic_batch_033_06.jsonl
llm_train_02427,0.95,0.9,,,True,False,True,"The passage describes an 11-year-old's specific ability (drawing a map from memory), which is a substantive account of strengths/ways of being under Rule 7.2.",An 11-year-old boy with autism came into my daughter’s college class today and drew this from memory.,critic_batch_033_06.jsonl
llm_train_02428,0.05,0.05,,,False,,,The target ADHD appears only as part of a professional's credentials and title in a directory-style listing without a developed claim.,"Dee Crane BA, Senior Certified ADHD Coach... ADD ADHD Coach",critic_batch_033_06.jsonl
llm_train_02429,0.05,0.01,0.01,0.05,True,True,False,"The passage provides a detailed clinical description of early signs and symptoms of autism, satisfying the clinical frame definition.","Autism symptoms can vary, but some early signs include difficulty with eye contact, delayed speech, repetitive behaviors...",critic_batch_033_06.jsonl
llm_train_02430,0.1,0.1,,,False,,,"This is a navigation menu or list of article titles/topics, which is non-substantive under Rule 5.3.","ADHD Attention-Deficit / Hyperactivity Disorder (ADHD), The Symptoms of ADHD, A Joint Approach to Treat ADHD...",critic_batch_033_06.jsonl
llm_train_02431,0.1,0.1,,,False,,,The mention of 'support of autism research and services' in the context of a radiothon is a generic administrative/promotional mention without a specific claim.,support of autism research and services,critic_batch_033_06.jsonl
llm_train_02432,0.8,0.8,,,True,False,True,"The passage describes a booklist that 'explores living well' with these conditions, which is a substantive lived-experience claim about social participation.","The booklist also explores living well with a range of diagnosed conditions including Attention Deficit Hyperactivity Disorder (ADHD), Autism Spectrum Disorder (ASD)",critic_batch_033_06.jsonl
llm_train_02433,0.05,0.01,0.05,0.01,True,False,True,The passage foregrounds the exhausting lived experience of parents of autistic children and a podcast offering hope.,‘It can break you’: life for parents of autistic children can be exhausting. One podcast is offering hope.,critic_batch_033_06.jsonl
llm_train_02434,0.01,0.01,,,False,,,The mention of 'Eagles Autism Foundation' is a name/organisation mention without any target-specific discourse or claim.,What is the Eagles Autism Foundation?,critic_batch_033_06.jsonl
llm_train_02435,0.05,0.05,,,False,,,"The text is fragmented and largely incoherent due to extraction noise, failing the Stage 0 coherence requirement.",portrayed in a matrix-a the usual defenses of which is great for player... serve the autism community.,critic_batch_033_06.jsonl
llm_train_02436,0.05,0.05,,,False,,,The passage is a thin biographical status mention and greeting without a developed target-specific proposition.,The products and thoughts are of my own and used to assist me as a diagnosed ADHD’er as an adult.,critic_batch_033_07.jsonl
llm_train_02437,0.05,0.02,0.05,0.02,True,False,True,"The passage describes an everyday meditative technique and cognitive self-understanding, matching the lived-experience frame.",The key for this person would be a meditative technique that works with their ADHD rather than against it.,critic_batch_033_07.jsonl
llm_train_02438,0.15,0.02,0.05,0.15,True,True,False,"The passage describes a therapeutic tool for autistic children, focusing on its clinical mechanism and intended intervention outcomes.",designed to be used by children who have conditions related to autism... minimal movements of Kaspar encourage,critic_batch_033_07.jsonl
llm_train_02439,0.02,0.01,0.01,0.01,True,True,False,"The passage explicitly offers professional diagnostic evaluation and treatment for ADHD, fitting the clinical frame.",evaluation of ADHD and other behavioral health issues,critic_batch_033_07.jsonl
llm_train_02440,0.05,0.01,0.08,0.02,True,False,True,The passage foregrounds a mother's lived experience of social/economic burdens and an advocacy appeal for social integration.,One mother of a child with autism shared the social and economic burden on caregivers,critic_batch_033_07.jsonl
llm_train_02441,0.05,0.02,0.02,0.01,True,True,False,The passage makes a substantive epidemiological and comorbidity claim about a meaningful class that includes ADHD.,Approximately 50% of people with substance use disorders have dual diagnoses... ADHD,critic_batch_033_07.jsonl
llm_train_02442,0.05,0.01,0.02,0.05,True,True,True,"The passage describes a clinical therapy (ABA) while explicitly centering identity, strengths, and thriving in the world.",ABA therapy strives to capitalize on an individual’s unique strengths and preferences... authentically themselves,critic_batch_033_07.jsonl
llm_train_02443,0.1,0.01,0.05,0.08,True,True,True,The passage discusses clinical assessment through the lens of women's subjective self-understanding and neurodivergent identity.,"When women come to me for ADHD or autism assessment, they often start with a disclaimer: “But I’ve always managed.”",critic_batch_033_07.jsonl
llm_train_02444,0.02,0.01,0.01,0.01,True,True,False,The passage is a professional profile focusing exclusively on institutional treatment programs and scientific research.,co-director of the University of Pennsylvania’s Adult ADHD Treatment and Research Program,critic_batch_033_07.jsonl
llm_train_02445,0.05,0.02,0.02,0.01,True,True,False,The passage provides clinical guidance regarding the avoidance and prescription of ADHD medications.,"ADHD medications should also be avoided, especially if they are not prescribed to you",critic_batch_033_07.jsonl
llm_train_02446,0.02,0.01,0.01,0.01,True,True,False,"The passage discusses clinical detection, precursor symptoms, and research studies, which clearly constitutes substantive clinical discourse.",Precursor Symptoms to Autism Detected in 6-Month-Old Infants... suggested a National Institute of Mental Health (NIMH)–supported study,critic_batch_033_08.jsonl
llm_train_02447,0.05,0.02,0.02,0.03,True,True,False,"The passage treats ADHD as an object of medication management and symptoms, which is clinical; the use of 'you' is generic advice and lacks a developed lived-experience account.",One such ADHD medication is Adderall.,critic_batch_033_08.jsonl
llm_train_02448,0.95,0.05,0.9,0.9,True,True,False,"The passage describes an institutional/legal provision for education, which Rule 8.3 and Example 11 identify as clinical rather than lived experience.",The law allows upper secondary education for autistic persons.,critic_batch_033_08.jsonl
llm_train_02449,0.85,0.8,0.7,0.1,False,,,"The passage is a generic category definition followed by a navigation-style list of conditions ('Find out more about'), which is non-substantive under Rule 5.3 and 11.","Find out more about autism spectrum disorders, cerebral palsy, hearing loss",critic_batch_033_08.jsonl
llm_train_02450,0.01,0.01,,,False,,,"The target appears only as a single headline ('Vaccine-Autism Studies') within a long list of unrelated news links, making it non-substantive navigation/link text.",Vaccine-Autism Studies - the news you don't hear,critic_batch_033_08.jsonl
llm_train_02451,0.05,0.02,0.02,0.02,True,True,False,"The passage describes a research study into cognitive development and ADHD traits, which treats the condition as a research object.",my research aims to examine the interaction between bilingualism and traits of Attention Deficit/Hyperactivity Disorder (ADHD),critic_batch_034_01.jsonl
llm_train_02452,0.05,0.02,0.02,0.02,True,True,False,The passage makes a specific epidemiological claim about the prevalence of a condition in those with autism and Asperger's.,There also seems to be a higher prevalence of keratoconus in those with autism and Aspergers.,critic_batch_034_01.jsonl
llm_train_02453,0.05,0.05,,,False,,,"The target appears as a single item in a list of unrelated news headlines, which functions as non-substantive navigation.",NFL draft best available players... Why does RFK Jr want to put my family on an ‘autism registry’? | Deborah Bloom,critic_batch_034_01.jsonl
llm_train_02454,0.05,0.02,0.05,0.02,True,True,False,The passage discusses ADHD management through institutional provision and teaching methods aimed at symptom-related difficulties.,Math teachers can help these students find success by using teaching methods that assist students with ADHD.,critic_batch_034_01.jsonl
llm_train_02455,0.05,0.02,0.05,0.05,True,False,True,The passage foregrounds a caregiver's practical and relational experience with an autistic family member and associated entitlements.,"Mrs Kearns’ life suddenly transformed as she became the full time carer for her... grandson, who is on the autism spectrum.",critic_batch_034_01.jsonl
llm_train_02456,0.05,0.05,,,False,,,The passage is a commercial service advert dominated by promotional instructions and listing metadata for a medical cannabis provider.,Follow this step-by-step guide... treat a variety of symptoms frequently associated with autism... Fill out the form,critic_batch_034_01.jsonl
llm_train_02457,0.05,0.02,0.02,0.02,True,True,False,The passage is a research abstract treating ADHD as a clinical object of deficit analysis and therapeutic treatment development.,paper explores the literature that highlights these social deficits... describes the development of a therapeutic game,critic_batch_034_01.jsonl
llm_train_02458,0.05,0.02,0.05,0.02,True,True,False,The passage discusses a clinical causation claim and a disorder-construct view of autism as something that needs to be cured.,"promoted the false claim that vaccines cause autism and has described autism as a disorder that needs to be ""cured"".",critic_batch_034_01.jsonl
llm_train_02459,0.75,0.75,0.15,0.65,False,,,"The passage is a promotional service blurb using generic support language that lacks substantive, target-specific discourse.",Parent Consultations... we understand that not everybody is trained to help students academically if they experience... ADHD,critic_batch_034_01.jsonl
llm_train_02460,0.05,0.02,0.05,0.02,True,True,False,The passage discusses ADHD medication as a clinical object of overdose risk and dangerous misuse in a college setting.,Lucas had a friend in college who passed away after overdosing on ADHD medication.,critic_batch_034_01.jsonl
llm_train_02461,0.02,0.02,,,False,,,The target ADHD appears only as an item in a list of services and behavioral issues without any target-specific claim.,Children & Teens Behavioral Issues ADHD/Impulsivity Social Skills,critic_batch_034_02.jsonl
llm_train_02462,0.02,0.02,0.02,0.02,True,True,False,The passage describes a concrete institutional educational provision (Alpine Academy) organized for students with autism.,Alpine Academy provides exceptional educational opportunities for students with unique learning needs such as Autism Spectrum Disorder,critic_batch_034_02.jsonl
llm_train_02463,0.05,0.02,0.05,0.02,True,False,True,This is a caregiver account focusing on the practical and emotional challenges of managing someone with ADHD.,It entails a separate particular individual survive the new day-after-day fight out-of managing some one with ADHD.,critic_batch_034_02.jsonl
llm_train_02464,0.05,0.05,,,False,,,The passage is a commercial product advert for a tutoring program where the target appears in a list of groups served.,"Students with ADD/ADHD, autism spectrum disorders... have become successful readers through Read Right tutoring!",critic_batch_034_02.jsonl
llm_train_02465,0.02,0.02,0.02,0.02,True,True,True,The passage explicitly discusses both the medical/deficit model (clinical) and the social constructionist/identity perspective (lived).,"medical community often pathologizes autism as a neurological deficit, the social constructionist approach emphasizes... social perceptions",critic_batch_034_02.jsonl
llm_train_02466,0.75,0.05,0.75,0.05,True,True,True,"The passage discusses concrete institutional provisions (learning support, alternative strategies) organized for autistic students.",schools do need to be better supported for dealing with students with high levels of learning support... inquiry into... autism spectrum disorders,critic_batch_034_02.jsonl
llm_train_02467,0.02,0.02,,,False,,,The target ADHD appears only as an article or essay title within a list of unrelated academic topics.,Characteristics of ADHD,critic_batch_034_02.jsonl
llm_train_02468,0.05,0.02,0.02,0.05,True,True,False,"The passage discusses prevalence and comorbidity of ADHD, which are clear indicators of a clinical frame.","Up to 16 percent of children may have the disorder, and children with ADHD are especially prone.",critic_batch_034_02.jsonl
llm_train_02469,0.02,0.02,0.02,0.02,True,False,True,The passage is a grandmother's account foregrounding the family's emotional and practical perspective after a traumatic event.,"The grandmother... confided... 'the next day, I tried to take him to school, but I couldn’t even get him out of the house.'",critic_batch_034_02.jsonl
llm_train_02470,0.05,0.05,0.02,0.05,True,True,False,The passage describes a clinical research study investigating genetics and neuropsychology in ADHD and ASD.,"A data set of this size with information about genetics, neuropsychology... will allow us to... learn more about conditions like... ADHD",critic_batch_034_02.jsonl
llm_train_02471,0.01,0.01,0.01,0.01,True,True,False,"The passage explicitly discusses clinical assessment, interventions, and treatment aims for autism.","tailored, evidence-based assessment and interventions... individual and group treatment",critic_batch_034_03.jsonl
llm_train_02472,0.05,0.05,,,False,,,The target appears as a status mention in a film blurb within a list; removing 'autistic' leaves the plot summary essentially unchanged.,their autistic friend Enea,critic_batch_034_03.jsonl
llm_train_02473,0.02,0.01,0.02,0.02,True,True,True,The passage identifies a concrete clinical intervention (OT) and a developed family experience account.,OT for SPD and ADHD... It really has become a part of our lives.,critic_batch_034_03.jsonl
llm_train_02474,0.01,0.01,,,False,,,The passage consists of promotional SEO and listing metadata without a substantive target-specific claim.,Find the perfect autism clinic near you!,critic_batch_034_03.jsonl
llm_train_02475,0.85,0.05,0.05,0.85,True,True,False,One-on-one support and inclusion are described as program features; the passage lacks a developed experiential perspective from the child or family.,Special Needs Program focuses on inclusion while providing one on one support,critic_batch_034_03.jsonl
llm_train_02476,0.01,0.01,0.01,0.01,True,True,False,The passage discusses the clinical effect of nature on cognitive functioning and attention deficit symptoms.,"improves cognitive functioning, decreases attention deficit disorder",critic_batch_034_03.jsonl
llm_train_02477,0.01,0.01,0.01,0.01,True,True,False,The passage discusses autism prevalence and its psychiatric/nosological dimensions as a formal spectrum.,recognised as being much more prevalent and to be across an extensive and complex spectrum,critic_batch_034_03.jsonl
llm_train_02478,0.01,0.01,,,False,,,Autism appears only as one item in a generic list of conditions and populations.,"differing abilities, including mental retardation and autism",critic_batch_034_03.jsonl
llm_train_02479,0.02,0.01,0.02,0.02,True,False,True,The passage foregrounds the subjective challenges and daily routines of parenting a child with ADHD.,"Daily routines, such as getting ready for school or bed... can become battlegrounds.",critic_batch_034_03.jsonl
llm_train_02480,0.01,0.01,,,False,,,"The target appears only within professional credentials and titles, which is non-substantive under Rule 8.8.",Autism Coach for the Illinois Autism Training & Technical Assistance Program.,critic_batch_034_03.jsonl
llm_train_02481,0.02,0.02,,,False,,,The passage contains only a thin biographical status mention of a diagnosis within a headline list.,Jax Taylor Supports Son Living With Him Forever After Autism Diagnosis,critic_batch_034_04.jsonl
llm_train_02482,0.05,0.05,,,False,,,This is a list of related-link labels and headlines which is non-substantive under Rule 5.3.,ScienceDaily: No link found between MMR vaccine and autism,critic_batch_034_04.jsonl
llm_train_02483,0.03,0.02,0.02,0.02,True,True,False,"The passage discusses institutional training and identification of students, fitting the clinical/disorder-construct frame.",train educators to meet the needs of the autistic population,critic_batch_034_04.jsonl
llm_train_02484,0.02,0.01,0.01,0.01,True,False,True,Academic tips and accommodations represent experienced social participation and inclusion.,Academic Tips for students with ADD/ADHD - Provide copies of instructor notes,critic_batch_034_04.jsonl
llm_train_02485,0.02,0.02,,,False,,,The passage is a product advert dominated by pricing and feature metadata.,"Stop, Breathe, and Think | $0 – $9. 99/month",critic_batch_034_04.jsonl
llm_train_02486,0.01,0.01,0.01,0.01,True,True,False,The passage makes a clinical claim about risk factors and etiology for the condition.,"increased risk of developing asthma, attention deficit hyperactivity disorder (ADHD) or autism",critic_batch_034_04.jsonl
llm_train_02487,0.01,0.01,0.01,0.01,True,True,False,The passage discusses certification for providing treatment to patients with a disorder.,allow the certification of music therapists and provide treatment to patients with disorders such as autism,critic_batch_034_04.jsonl
llm_train_02488,0.01,0.01,,,False,,,The passage is a thin biographical status mention identifying an individual's diagnoses.,Justin George is a young man with AS and ADHD.,critic_batch_034_04.jsonl
llm_train_02489,0.08,0.08,,,False,,,The target is mentioned only as a common comorbidity for NLVD without a target-specific claim.,commonly diagnosed in children who may also have autism and ADHD,critic_batch_034_04.jsonl
llm_train_02490,0.04,0.02,0.03,0.03,True,False,True,The passage foregrounds the practical caregiver perspective and understanding behavior in everyday life.,Parents who want real tools ... for what happens after the game at home.,critic_batch_034_04.jsonl
llm_train_02491,0.01,0.01,0.01,0.01,True,True,True,The passage discusses ADHD symptoms and the clinical testing process (clinical) alongside the subjective fears and worries of parents and patients (lived).,parents and patients often wonder... afraid of a rush to judgment... expensive testing,critic_batch_034_05.jsonl
llm_train_02492,0.05,0.01,0.05,0.01,True,False,True,The passage foregrounds the subjective burden and sensitivity of travelers in everyday participation; 'psychiatric disability' is a list context that doesn't add a clinical frame.,stress caused by disruptions... far more burdensome on disabled passengers due to their... heightened sensitivity,critic_batch_034_05.jsonl
llm_train_02493,0.01,0.01,,,False,,,Autism appears only as one item in a generic list of conditions and topics within a table of contents or syllabus snippet.,"psychosocial issues in stuttering, cerebral palsy and autism",critic_batch_034_05.jsonl
llm_train_02494,0.01,0.01,,,False,,,The target appears only as part of an organization name (Autism Speaks) without a target-specific claim.,her work with Autism Speaks,critic_batch_034_05.jsonl
llm_train_02495,0.01,0.01,0.01,0.01,True,True,False,"The passage discusses ADHD as an object of clinical evaluation, identification, and early intervention in a clinic setting.",clinic evaluates children with conditions... ADHD... early identification... early intervention,critic_batch_034_05.jsonl
llm_train_02496,0.05,0.01,0.05,0.01,True,True,True,The passage includes a first-person identity claim (lived) and a specific disagreement with clinical versions and medication categories (clinical).,I do have ADD (i vehemently disagree with the NIMH version... ADD on Ritalin = ADHD),critic_batch_034_05.jsonl
llm_train_02497,0.01,0.01,0.01,0.01,True,True,False,The passage provides a clinical definition of autism spectrum disorder focusing on diagnosis and cognitive/behavioral difficulties.,A diagnosis ranging from Asperger’s syndrome to severe neurobehavioral problems,critic_batch_034_05.jsonl
llm_train_02498,0.05,0.01,0.05,0.01,True,False,True,The passage foregrounds the everyday experiences and practical challenges of parents of children with ADHD; the psychologist speaker does not add a clinical frame.,wasn't used to me asking him to do these activities... common experiences for parents of children with ADHD,critic_batch_034_05.jsonl
llm_train_02499,0.01,0.01,,,False,,,"The passage is incoherent, contaminated extraction likely from a spam or pharmaceutical page, and lacks a coherent target-specific proposition.",starlix and metformin... received a diagnosis of ADHD or changes in population aging,critic_batch_034_05.jsonl
llm_train_02500,0.85,0.01,0.01,0.85,True,True,True,The passage discusses medication/intervention (clinical) and explicitly mentions that relationships are significantly impacted (lived).,Relationships are significantly impacted... medication remains the best single intervention,critic_batch_034_05.jsonl
llm_train_02501,0.02,0.01,0.01,0.01,True,False,True,The passage develops a substantive lived-experience account using symptom language to describe the subjective impact of ADHD.,"with the combo of depression and ADHD, questions like that are paralyzing",critic_batch_034_06.jsonl
llm_train_02502,0.02,0.01,0.01,0.01,True,True,False,The passage substantively discusses ADHD as a clinical object of diagnosis and formal evaluation.,"If your child has an ADHD diagnosis, is being evaluated for ADHD",critic_batch_034_06.jsonl
llm_train_02503,0.85,0.85,0.8,0.85,False,,,The target mention is a descriptive item in a list of festival shows and does not develop a target-specific claim or account.,Cartoonopolis is a show about living with Autism,critic_batch_034_06.jsonl
llm_train_02504,0.8,0.8,0.75,0.8,False,,,This is a thin biographical status mention that identifies the subject's role and topic of work without a developed target-specific proposition.,autistic advocate ... books and presentations on autism,critic_batch_034_06.jsonl
llm_train_02505,0.05,0.02,0.02,0.05,True,True,True,The passage describes both therapeutic institutional supports and the lived experience of navigating college.,therapeutic supports ... navigating a college experience,critic_batch_034_06.jsonl
llm_train_02506,0.01,0.01,,,False,,,The target appears only as a navigation link in a large list of site resources.,TSC & Autism,critic_batch_034_06.jsonl
llm_train_02507,0.1,0.1,,,False,,,ADHD is mentioned only as a known baseline diagnostic status without a developed target-specific account.,other than my adhd,critic_batch_034_06.jsonl
llm_train_02508,0.05,0.05,,,False,,,The target is mentioned as part of a professional training background within a broader list of credentials.,trained in ... programs to better serve students with ADHD,critic_batch_034_06.jsonl
llm_train_02509,0.95,0.05,0.05,0.95,True,True,False,This population-level discussion of prevalence and institutional service provision is clinical and lacks a lived-experience perspective.,"estimated 800,000 children... look to ill-prepared state and federal governments for the support services",critic_batch_034_06.jsonl
llm_train_02510,0.01,0.01,,,False,,,The passage is a commercial product listing/SEO blurb dominated by sales metadata.,adderall for adhd and depression,critic_batch_034_06.jsonl
llm_train_02511,0.01,0.01,0.01,0.01,True,True,False,"The passage discusses the etiology and research surrounding a debunked link between vaccines and autism, which is a clinical object.",fear of a link with autism that has already been debunked,critic_batch_034_07.jsonl
llm_train_02512,0.01,0.01,0.01,0.01,True,True,False,"The passage discusses diagnosis, medical tests, and early intervention, which are core clinical/disorder-construct objects.","children with autism are typically not diagnosed until between the ages of two and three, as there are no medical tests",critic_batch_034_07.jsonl
llm_train_02513,0.02,0.02,0.01,0.01,True,True,False,The passage makes a meaningful class-level claim about the importance of genes for understanding diseases like autism.,Knowing which genes interact is also key for understanding development and many diseases such as cancer and autism.,critic_batch_034_07.jsonl
llm_train_02514,0.01,0.01,,,False,,,The passage contains incoherent or noisy extraction without a coherent target-specific proposition.,Sex Drive With Adhd eyes and almost hallucinated,critic_batch_034_07.jsonl
llm_train_02515,0.01,0.01,0.01,0.01,True,False,True,The passage describes an autistic teen's lived experience of social stigma and being unfairly labeled by peers.,Autistic teen says peers at Norwalk High unfairly label him a threat,critic_batch_034_07.jsonl
llm_train_02516,0.01,0.01,0.01,0.01,True,True,False,"The passage discusses environmental connections and reduced chances of developing the condition, which are clinical risk factors.",reduced chances of developing Attention Deficit Disorder,critic_batch_034_07.jsonl
llm_train_02517,0.02,0.02,0.01,0.01,True,False,True,The passage describes a bistro's vision for the employment and social participation of people with autism.,vision for people with learning disabilities and/or autism to be in paid work,critic_batch_034_07.jsonl
llm_train_02518,0.01,0.01,0.01,0.01,True,True,False,The passage discusses a clinical intervention (stem cell infusion) intended for treatment and benefit.,Riordan’s clinic specifically infuses autistic kids with cord stem cells,critic_batch_034_07.jsonl
llm_train_02519,0.01,0.01,0.01,0.01,True,True,False,The passage discusses prescription medications and their pharmacological effects on the ADHD disorder construct.,These drugs are prescribed for ADHD- the disorder of hyperstimulation,critic_batch_034_07.jsonl
llm_train_02520,0.01,0.01,,,False,,,A professional degree emphasis or credential mention is non-substantive per the codebook.,master’s degree in applied behavior analysis with an emphasis in autism,critic_batch_034_07.jsonl
llm_train_02521,0.01,0.01,,,False,,,"The target appears only as a category label in a generic list of unrelated topics, fitting the criteria for non-substantive navigation or tagging.",Categories List of real estate companies mumbai indians Jim keri biografija jelena Colvenier parking spot Aspergers and autism,critic_batch_034_08.jsonl
llm_train_02522,0.1,0.1,,,False,,,"The passage is a generic solicitation for a program list and lacks a developed, target-specific account, making it a non-substantive resource claim.","seeking an enriching and supportive summer program? This summer, many fantastic programs offer a supportive and engaging environment",critic_batch_034_08.jsonl
llm_train_02523,0.01,0.01,0.01,0.01,True,True,False,"The passage discusses a clinical experiment involving medication and genetic factors in the development of ADHD, which is core clinical/research discourse.",dextroamphetamine — the generic version of Adderall or Ritalin — to the genetic profiles ... genes implicated in the development of ADHD,critic_batch_034_08.jsonl
llm_train_02524,0.01,0.01,,,False,,,"The target appears only as a headline in a long list of news links, serving as navigation or a tag without further development.","How video games are reshaping global health: ADHD, mental health",critic_batch_034_08.jsonl
llm_train_02525,0.02,0.01,0.05,0.01,True,False,True,The passage provides a substantive lived-experience account of a family's challenges and practical choices regarding their son's education.,"He graduated High School in general population, that was a long and hard row to hoe, and we allowed him to take a semester off.",critic_batch_034_08.jsonl
llm_train_02526,0.05,0.01,0.01,0.05,True,True,False,The passage provides a formal clinical definition of autism as a developmental disability affecting brain function.,Autism is a developmental disability... It affects how a person’s brain works,critic_batch_035_01.jsonl
llm_train_02527,0.1,0.01,0.01,0.15,True,True,False,"The focus is on early diagnosis and therapy tools; parent fear is a reaction to services, not a foregrounded lived account.","EarlySee, which helps detect autism... The earlier diagnosis, the early therapy and intervention",critic_batch_035_01.jsonl
llm_train_02528,0.01,0.01,0.01,0.01,True,True,False,The passage makes a substantive clinical claim about the risk of developing ADHD following a concussion.,those who suffered a concussion were more likely to develop... (ADHD),critic_batch_035_01.jsonl
llm_train_02529,0.9,0.9,0.8,0.7,False,,,The passage contains only a title and generic text about summer ending without developing any coherent target-specific discourse.,"Summer vacation has FLOWN by far too fast this year! Soon, we’re going to start seeing those bright, yellow school buses",critic_batch_035_01.jsonl
llm_train_02530,0.2,0.2,,,False,,,Autism and ADHD appear in a list of specialties without any target-specific propositions or meaningful class-level claims.,"specializes in sensory integration, autism, ADHD and learning disabilities.",critic_batch_035_01.jsonl
llm_train_02531,0.05,0.01,0.01,0.05,True,True,False,The passage describes animal assisted therapy's effect on clinical behaviors like stereotyped and socially appropriate behaviors.,fewer stereotyped behaviours and increased socially appropriate behaviours,critic_batch_035_01.jsonl
llm_train_02532,0.01,0.01,,,False,,,The passage discusses fundraising logistics for a target-named organization without making any target-specific claims.,"All to raise money for Families for Autism. Including Name the Easter Bunny, a Coffee Morning",critic_batch_035_01.jsonl
llm_train_02533,0.01,0.01,0.01,0.01,True,True,False,The passage provides a detailed clinical description of ABA therapy and its application for children with autism.,"ABA therapy is widely regarded as the most effective, scientific-based, therapeutic approach",critic_batch_035_01.jsonl
llm_train_02534,0.01,0.01,,,False,,,The passage is a contaminated extraction containing incoherent word lists and irrelevant pharmaceutical content.,"autistic, generic levitra paradoxically clonal distension, sports daring free viaga",critic_batch_035_01.jsonl
llm_train_02535,0.05,0.01,0.01,0.05,True,True,False,The passage makes clinical claims about an ADHD drug's side effects and patterns of student misuse.,"ADHD drug can cause priapism, FDA warns Ritalin... primarily prescribed for attention-deficit/hyperactivity disorder",critic_batch_035_01.jsonl
llm_train_02536,0.01,0.01,,,False,,,The autism mention is a thin biographical detail about a person's study focus rather than a developed target-specific proposition.,"currently pursuing a diploma in Education, with a focus on autism",critic_batch_035_02.jsonl
llm_train_02537,0.1,0.02,0.1,0.02,True,False,False,"The passage expresses a historical claim about a concept's origin; while psychiatrists are mentioned, it lacks a developed clinical analysis of the target.",The concept of ADHD coaching was first introduced in 1994 by psychiatrists,critic_batch_035_02.jsonl
llm_train_02538,0.01,0.01,,,False,,,"The target appears only as a headline or related-link label within a navigation-heavy news list, which is non-substantive.",GPS Tracking Devices for Kids with Autism?,critic_batch_035_02.jsonl
llm_train_02539,0.02,0.01,0.01,0.05,True,True,False,Invoking undiagnosed disorders to explain behavior in a disciplinary context is a canonical clinical frame for behavior mitigation.,"Kindy children, with undiagnosed disorders such as autism and ADHD, are being punished through suspension.",critic_batch_035_02.jsonl
llm_train_02540,0.01,0.01,,,False,,,"The target is used as the name of a Minecraft server, not as a condition or category relevant to the codebook.",Autism Autism is Krautchan's primary Official /int/ Minecraft server.,critic_batch_035_02.jsonl
llm_train_02541,0.04,0.02,0.03,0.08,True,True,False,"The claim specifies concrete early intervention services for a diagnostic class, constituting a developed clinical/institutional provision.",early intervention services – a network of free support services for families raising children under 6 with conditions such as autism,critic_batch_035_02.jsonl
llm_train_02542,0.01,0.01,0.01,0.01,True,True,False,Highly technical discourse on neurobiology and impairment constitutes a developed clinical frame.,defects in adaptive ability seen in autism spectrum disorders,critic_batch_035_02.jsonl
llm_train_02543,0.01,0.01,,,False,,,The target appears only within an event name in a caption list without a target-specific claim.,Els for Autism Pro-am,critic_batch_035_02.jsonl
llm_train_02544,0.04,0.02,0.02,0.08,True,True,False,"The passage discusses institutional benefits and eligibility for services (Medicaid), which are clinical objects.",Update on implementation of the Medicaid Autism Services benefit,critic_batch_035_02.jsonl
llm_train_02545,0.02,0.02,,,False,,,"The target appears only as an article title in a list of unrelated news headlines, which is non-substantive navigation.",What people with autism really think of Netflix's Love on the Spectrum,critic_batch_035_02.jsonl
llm_train_02546,0.01,0.01,,,False,,,"The passage is a list of common acronyms and their meanings, which does not contain a coherent target-specific proposition.",ABA Applied Behavior Analysis... ADD; AD/HD; ADHD; ADD/In Attention-Deficit/Hyperactivity Disorder,critic_batch_035_03.jsonl
llm_train_02547,0.02,0.02,,,False,,,The passage is a commercial product advert with incoherent language and does not develop a substantive discourse.,Elixinol is an effective product which could be used to guide increase figuring out in addition to ram abilities.,critic_batch_035_03.jsonl
llm_train_02548,0.04,0.01,0.05,0.02,True,False,True,"The passage develops a substantive family account of dealing with ADHD over many years, foregrounding practical experience.","I have spent the last 20 plus years... working with over a thousand children with learning issues of every sort, helping them learn",critic_batch_035_03.jsonl
llm_train_02549,0.02,0.01,0.01,0.05,True,True,False,"This is a research abstract evaluating a specific intervention (CAI) for children with ASD, which fits the clinical frame.",examine the effectiveness of computer-assisted instruction (CAI) on vocabulary learning for children with Autism Spectrum Disorder (ASD),critic_batch_035_03.jsonl
llm_train_02550,0.01,0.01,,,False,,,The passage is a list of categories and hashtags without target-specific propositions.,#adhdcoaching #coaching... adhd coach adhd coaching certification uk,critic_batch_035_03.jsonl
llm_train_02551,0.01,0.01,,,False,,,"The passage is a list of organizations and resources, which is non-substantive per the codebook.","Center for ADHD Awareness, Canada - Canadian ADHD Resource Alliance, CADDRA",critic_batch_035_03.jsonl
llm_train_02552,0.08,0.02,0.02,0.15,True,True,False,The passage focuses on the institutional goals of detection and diagnosis; the mention of a parents' organization does not substantively develop lived experience.,"MAP's goal is to have one voice in West Virginia dedicated to early autism detection, diagnosis, and early intensive behavioral intervention.",critic_batch_035_03.jsonl
llm_train_02553,0.02,0.01,0.01,0.05,True,True,False,The passage defines ADHD as a neurological disorder and discusses the requirements for a clinical diagnosis and assessment.,ADHD... is a neurological disorder that is characterized by symptoms of inattention... a especializad ADHD assessment is a good alternative,critic_batch_035_03.jsonl
llm_train_02554,0.1,0.02,0.02,0.2,True,True,False,The passage discusses epidemiological rates and genetic research; the mention of a 'heavy toll on families' is a generic impact statement.,"autism rates have increased rapidly worldwide, taking a heavy toll on families and economies alike. While certain genetic mutations have been linked to autism",critic_batch_035_03.jsonl
llm_train_02555,0.03,0.01,0.05,0.02,True,False,True,The passage develops a lived experience account focusing on sensory sensitivities (loud/crowded) and adaptation in a specific setting.,"He has Asperger’s and mild autism, and would have to leave if it got too loud or crowded. But over time, things changed.",critic_batch_035_03.jsonl
llm_train_02556,0.05,0.01,0.01,0.05,True,True,True,The passage discusses both institutional provision (Clinical) and the practical challenges parents face in school selection (Lived).,investigating what needs to be done in our schools to provide adequate services ... hunt for a private school ... will accept them,critic_batch_035_04.jsonl
llm_train_02557,0.01,0.01,0.01,0.01,True,True,False,Discusses clinical symptoms and diagnostic difficulties in a general population without a personal or social perspective.,Over 70% of autistic children have gastrointestinal (GI) symptoms ... difficult ... to show their discomfort,critic_batch_035_04.jsonl
llm_train_02558,0.01,0.01,0.01,0.01,True,False,True,"Focuses on accessibility, environmental adjustments, and inclusion in a social setting.",autism friendly films ... subtle changes to the traditional cinema environment ... OK for people to move around,critic_batch_035_04.jsonl
llm_train_02559,0.01,0.01,0.01,0.01,True,False,True,Provides a first-person account of the practical challenges of learning with ADHD.,Personally I struggle with zoom ... especially hard for those with ADD/ADHD,critic_batch_035_04.jsonl
llm_train_02560,0.01,0.01,,,False,,,Autism appears only in a generic list of groups supported by an organization without specific claims.,"mainly supports people with learning difficulties, autism, behaviours that challenge",critic_batch_035_04.jsonl
llm_train_02561,0.01,0.01,0.01,0.01,True,False,True,Discusses autistic participation in the arts and the development of professional careers.,artwork created by autistic artists ... develop their talents into sustainable careers,critic_batch_035_04.jsonl
llm_train_02562,0.01,0.01,0.01,0.01,True,True,False,Specifies a concrete institutional provision organized for autistic children.,Enterprise Academy will offer specialist education for 120 pupils ... with Autism Spectrum Disorder,critic_batch_035_04.jsonl
llm_train_02563,0.01,0.01,,,False,,,The target appears only in an event title and logistics description without a substantive claim.,"The event is titled, ""Success Principals: Helping those with ADHD achieve their goals. """,critic_batch_035_04.jsonl
llm_train_02564,0.01,0.01,,,False,,,Autism appears only as a campaign name in a long list of brand/advertising metadata.,Brilliant Autism / Brilliant Kellogg's Krave,critic_batch_035_04.jsonl
llm_train_02565,0.01,0.01,0.01,0.01,True,True,False,"Discusses the reduction of ADHD symptoms and cites studies, treating it as a research and clinical object.","reduce ADHD symptoms ... help people concentrate better. In fact, studies have shown",critic_batch_035_04.jsonl
llm_train_02566,0.02,0.02,,,False,,,The target mention is part of a research unit name and lacks a substantive claim.,download handbook at the Autism Research Unit in the UK,critic_batch_035_05.jsonl
llm_train_02567,0.01,0.01,,,False,,,The passage is a pharmaceutical SEO list and does not contain substantive target discourse.,online pharmacy no prescription adhd get pharmaceuticals online,critic_batch_035_05.jsonl
llm_train_02568,0.05,0.02,0.02,0.05,True,False,True,The passage develops a first-person identity account of ADHD in a professional context.,"I’m one of those artsy-fartsy, ADHD... types",critic_batch_035_05.jsonl
llm_train_02569,0.02,0.02,0.02,0.02,True,True,False,The passage explicitly discusses clinical evaluation and diagnostic assessment of autism.,psychologists complete evaluations to make an accurate diagnosis,critic_batch_035_05.jsonl
llm_train_02570,0.9,0.9,,,True,False,True,"The description explains ADHD traits and uses an affectionate, lived-experience framing.",explores a variety of traits that will be instantly recognisable to those who are familiar with ADHD,critic_batch_035_05.jsonl
llm_train_02571,0.01,0.01,,,False,,,ADHD appears only in a long list of vitamins and supplements without a claim.,best vitamins for adhd,critic_batch_035_05.jsonl
llm_train_02572,0.02,0.02,,,False,,,The mention of autism is part of an incoherent medical condition list/SEO spam.,"organ most likely diagnoses of autism, dementia, ataxia",critic_batch_035_05.jsonl
llm_train_02573,0.15,0.05,0.05,0.1,True,True,False,"The passage promotes seeking a clinical diagnosis, though the age mention is thin lived evidence.",consider going in for a diagnosis,critic_batch_035_05.jsonl
llm_train_02574,0.01,0.01,,,False,,,The target term is used metaphorically to describe music taste and is non-substantive.,personal taste in music is the sonic equivalent of Attention Deficit Disorder,critic_batch_035_05.jsonl
llm_train_02575,0.05,0.05,,,False,,,The mention of ADHD is in a professional provider list without a target-specific claim.,work with individuals who are experiencing... adults and children diagnosed with ADHD,critic_batch_035_05.jsonl
llm_train_02576,0.03,0.02,0.01,0.02,True,False,True,"The passage provides a brief but concrete caregiver account of ADHD children's engagement with a specific tool, meeting the lived-experience threshold.",our “ADHD” kids stayed glued to them,critic_batch_035_06.jsonl
llm_train_02577,0.01,0.01,,,False,,,"The mention occurs within a commercial directory promotion for coaching services, which is non-substantive under the codebook.","online directory of coaches, articles & events",critic_batch_035_06.jsonl
llm_train_02578,0.01,0.01,0.01,0.01,True,True,False,The passage discusses clinical research and the efficacy of medication and ABA therapy as treatment objects.,medication and ABA therapy yields optimal outcomes for children with ADHD,critic_batch_035_06.jsonl
llm_train_02579,0.01,0.01,0.01,0.01,True,True,False,The discourse focuses on medical research into gut health and the reduction of clinical symptoms.,"reversing of Autism, which has been discovered by testing the gut health",critic_batch_035_06.jsonl
llm_train_02580,0.02,0.01,0.02,0.01,True,True,False,"The passage describes research into the delivery of institutional social care, which qualifies as a clinical/institutional frame.",understand what high-quality social care looks like for autistic adults and how it can be delivered,critic_batch_035_06.jsonl
llm_train_02581,0.01,0.01,0.01,0.01,True,True,False,The target is presented as a disorder that a professional targets and treats within a clinical practice.,mental health professional has an understanding of various disorders like ADHD... in treating adults,critic_batch_035_06.jsonl
llm_train_02582,0.04,0.04,,,False,,,Autism is listed only as a comorbidity for NLVD; the substantive claim about processing difficulties applies explicitly to NLVD.,"diagnosed in children who may also have autism and ADHD, having non-verbal learning disabilities can make it difficult",critic_batch_035_06.jsonl
llm_train_02583,0.02,0.01,0.01,0.01,True,True,True,The passage combines an institutional program for diagnosed students with a lived account of classroom frustration and needs.,"Our students are regularly frustrated and unable to succeed... formally diagnosed with autism spectrum disorder, attention deficit",critic_batch_035_06.jsonl
llm_train_02584,0.02,0.01,0.02,0.01,True,True,False,The passage describes a concrete institutional provision (summer camp) organized for autistic children's development.,special program created by the West Bergen Mental Health Center as a summer camp for those on the Autistic Spectrum,critic_batch_035_06.jsonl
llm_train_02585,0.01,0.01,0.01,0.01,True,True,False,"The discourse analyzes diagnostic prevalence, misdiagnosis, and clinical oversight in adult populations.",ADHD under-diagnosed in adults... condition has usually been overlooked throughout childhood,critic_batch_035_06.jsonl
llm_train_02586,0.02,0.02,,,False,,,"The target term appears only as part of a related-link query list, which is explicitly non-substantive under rule 5.3.",best places to live in florida with autism,critic_batch_035_07.jsonl
llm_train_02587,0.05,0.05,,,False,,,"The passage mentions diagnostic status but develops no target-specific proposition, meeting the rule 8.1 definition of status only.",who was diagnosed with attention deficit hyperactivity disorder (ADHD) at 17,critic_batch_035_07.jsonl
llm_train_02588,0.01,0.01,0.01,0.01,True,True,False,"The passage discusses studies on behavioral efficiency and educational materials for children with ADHD, a clear clinical/research frame.",Studies have also located that job stimulation... can enhance efficiency and mouse click the up coming internet site behavior in children with ADHD.,critic_batch_035_07.jsonl
llm_train_02589,0.01,0.01,0.01,0.01,True,True,False,ADHD is explicitly framed as a medical condition for which stimulants are prescribed as treatment.,"stimulants are prescribed for treating only a few health conditions, including... (ADHD)",critic_batch_035_07.jsonl
llm_train_02590,0.01,0.01,0.01,0.01,True,True,False,The passage discusses clinical symptoms (irritability) and psychiatric comorbidity (depression) specifically in the context of ADHD.,Children with attention-deficit/hyperactivity disorder (ADHD) can demonstrate irritability without sadness... major depression can occur with ADHD.,critic_batch_035_07.jsonl
llm_train_02591,0.1,0.05,0.05,0.08,True,False,True,Making claims about the intellectual strengths or traits of people with ADHD constitutes lived-experience discourse on identity/ways of being.,People with ADHD are usually smart.,critic_batch_035_07.jsonl
llm_train_02592,0.01,0.01,0.01,0.01,True,True,False,This is a report on clinical research findings regarding risk factors and combined behavioral/medical treatment for ADHD.,treating ADHD both with behavioral techniques and medications seems to lower the risk of substance use.,critic_batch_035_07.jsonl
llm_train_02593,0.02,0.02,,,False,,,"The passage is a commercial product listing for a magnet, which is non-substantive under rule 5.3.",Autism Puzzle Pattern Ribbon Magnet. Our Autism magnets feature a protective UV finish,critic_batch_035_07.jsonl
llm_train_02594,0.08,0.08,,,False,,,The use of 'ADHD-like' as a loose behavioral descriptor in a food-sensitivity context does not establish a substantive clinical or lived account.,Alexander (4) gets ADHD-like when he gets this stuff,critic_batch_035_07.jsonl
llm_train_02595,0.01,0.01,0.01,0.01,True,True,False,ADHD is presented as a specific medical condition for which clinical professionals prescribe pharmacological treatment.,"Doctors prescribe them for specific medical conditions, such as ADHD or narcolepsy.",critic_batch_035_07.jsonl
llm_train_02596,0.95,0.95,0.95,0.95,False,,,Autism appears only in a generic list of eligibility categories for special education without a target-specific claim.,"Students eligible for special education include those with autism, hearing or visual impairments, emotional disturbances, or any learning disability.",critic_batch_035_08.jsonl
llm_train_02597,0.05,0.05,,,False,,,"The target name appears only as part of an organization and location, with no substantive discourse provided.","Welcome to the Marcus Autism Center! After you complete the check in process... our coordinator, Sydney, will greet you",critic_batch_035_08.jsonl
llm_train_02598,0.05,0.05,0.05,0.05,True,False,True,The passage describes a community participation activity (sailing) that provides peace and well-being for a group of autistic students.,Argos for Autism (local university students with autism diagnoses)... outreach sails offer a time of peace and well-being.,critic_batch_035_08.jsonl
llm_train_02599,0.95,0.95,0.95,0.95,False,,,ADHD and autism are listed as examples of issues handled by therapists without a target-specific proposition or clinical analysis.,"ADD, ADHD, autism spectrum children and many other issues are dealt with on an individual basis.",critic_batch_035_08.jsonl
llm_train_02600,0.05,0.05,,,False,,,The passage lists specialized training approaches and professional experience without developing a substantive target-specific account.,Sarah has specialist training in a range of approaches including... Attention Autism... and Lego Therapy.,critic_batch_035_08.jsonl
llm_train_02601,0.02,0.01,0.01,0.02,True,True,False,"Correct. The passage discusses ADHD testing, medication, and institutional accommodations, which fits the clinical frame.",tested for either a learning disorder or ADHD in order to receive accommodations... gain access to appropriate ADHD medications,critic_batch_036_01.jsonl
llm_train_02602,0.03,0.01,0.02,0.03,True,True,True,Correct. Combines formal clinical assessment tools with a focus on subjective validation and self-understanding for adults.,"SRS-2 may be used to assess social communication... Adults often seek assessment not only for answers, but for validation, self-understanding",critic_batch_036_01.jsonl
llm_train_02603,0.02,0.02,,,False,,,"Correct. Autism appears only in a generic list of conditions supported by a program, which is non-substantive per rule 8.2.","These include (but aren't limited to) Autism, Aspergers, Down Syndrome, Dyslexia, ADHD",critic_batch_036_01.jsonl
llm_train_02604,0.02,0.02,,,False,,,Correct. This is a professional profile that mentions working with individuals on the spectrum without target-specific claims.,Sofya has had the opportunity to work with individuals on the Autism Spectrum... Behavior Technician... BCBA,critic_batch_036_01.jsonl
llm_train_02605,0.01,0.01,,,False,,,"Correct. The target appears only in a list of article titles, which is non-substantive per rule 8.10.","Sleep Habits, Parasomnias and Associated Behaviors in School Children with Attention Deficit Hyperactivity Disorder (ADHD)",critic_batch_036_01.jsonl
llm_train_02606,0.04,0.02,0.04,0.01,True,True,False,"Correct. Legal definition linking autism to the need for special education services, qualifying as clinical/institutional provision.",child with a disability’ means a child– ... with ... autism ... and ... who ... needs special education and related services.,critic_batch_036_01.jsonl
llm_train_02607,0.03,0.01,0.02,0.03,True,False,True,"Correct. Discusses a resource for autistic job seekers and inclusive employers, foregrounding social participation and work.","connecting job seekers on the Autism Spectrum with inclusive employers. Job seekers can login to view over 15,000 job postings",critic_batch_036_01.jsonl
llm_train_02608,0.04,0.01,0.04,0.01,True,True,False,Correct. Focuses on clinical misdiagnosis and symptom attribution within a psychiatric context.,Psychiatrists For ADHD Lots of people with ADHD suffer from misdiagnoses. Their symptoms are typically attributed to being naturally forgetful,critic_batch_036_01.jsonl
llm_train_02609,0.02,0.02,,,False,,,"Correct. This is a negative mention where the speaker explicitly states they do not have ADHD, thus not target-specific discourse.","I did not have ADHD, low muscle tone or mobility issues. I was a “normal” neurotypical student",critic_batch_036_01.jsonl
llm_train_02610,0.05,0.05,,,False,,,"Correct. ADHD appears in a single headline within a noisy list of unrelated topics, which is non-substantive per rule 5.3.","Harvard research links fluoridated water to ADHD, mental disorders",critic_batch_036_01.jsonl
llm_train_02611,0.02,0.01,0.02,0.02,True,True,True,The passage discusses evidence-based practices (clinical) and aims to build confidence and self-esteem (lived).,evidence-based practices for teaching golf... build confidence and self-esteem,critic_batch_036_02.jsonl
llm_train_02612,0.01,0.01,,,False,,,The passage is a table of contents or list of navigation headings without a developed target-specific claim.,Key Red Flags vs. Typical Delay - Other Causes of Speech Delays in Non-Autistic Children,critic_batch_036_02.jsonl
llm_train_02613,0.01,0.01,0.01,0.01,True,True,False,It discusses neurobiological research on executive function and music as a therapeutic intervention tool.,linked to executive function... therapeutic intervention tools for these children,critic_batch_036_02.jsonl
llm_train_02614,0.01,0.01,,,False,,,Generic support and awareness claims in a fundraiser context are non-substantive under Rule 8.3.,support individuals diagnosed with Autism Spectrum Disorder (ASD)... and increase public awareness,critic_batch_036_02.jsonl
llm_train_02615,0.01,0.01,,,False,,,The passage is a list of news headlines serving as navigation or related-link labels.,Trump’s New Theory on Autism Will Make Your Head Explode,critic_batch_036_02.jsonl
llm_train_02616,0.05,0.05,,,False,,,Autism is mentioned only as a character status in a plot summary without developing a target-specific account.,between an absent fiancé and an autistic pre-teen,critic_batch_036_02.jsonl
llm_train_02617,0.01,0.01,0.01,0.01,True,False,True,"The passage foregrounds advocacy, family relationship, and improving the lives of the autistic community.",advocating for my brother and the autistic community... improve the lives of adults,critic_batch_036_02.jsonl
llm_train_02618,0.02,0.01,0.02,0.02,True,False,True,"It develops a claim about strengths and neuroinclusive participation, which supports a lived-experience frame.",bring unique strengths to the table... creating a neuroinclusive workplace,critic_batch_036_02.jsonl
llm_train_02619,0.01,0.01,,,False,,,"The target appears only as a population served in a job advertisement, which is non-substantive.",supporting people with learning disabilities and autism,critic_batch_036_02.jsonl
llm_train_02620,0.05,0.05,,,False,,,"Autism is mentioned only as a trait of a character in a list, which is a thin status mention.","Julia, a character with Autism",critic_batch_036_02.jsonl
llm_train_02621,0.98,0.98,,,True,True,False,"The headline contains a coherent target-specific proposition about autism research and etiology, which is substantive and clinical.","RFK Jr. lays out new studies on autism, shuts down 'better diagnoses' as a cause",critic_batch_036_03.jsonl
llm_train_02622,0.02,0.01,0.01,0.01,True,True,False,The passage correctly identifies ADHD as a clinical treatment object and lacks developed lived-experience evidence.,EFAs found in fish oil and evening primrose oil have been tried for the treatment of ADHD,critic_batch_036_03.jsonl
llm_train_02623,0.02,0.02,,,False,,,Autism appears only as one item in a generic list of conditions the provider excludes from their practice.,"I won’t take clients suffering from schizophrenia, bi-polar disorder, autism, Asperger’s syndrome",critic_batch_036_03.jsonl
llm_train_02624,0.02,0.01,0.01,0.01,True,True,False,"The passage discusses ADHD in the context of clinical research and biological metabolites, meeting the clinical definition.",several human studies have revealed lower blood lipid and fatty acid levels in people with ADHD,critic_batch_036_03.jsonl
llm_train_02625,0.02,0.02,,,False,,,The passage is a fundraiser promotion without a developed target-specific proposition or substantive account.,We’ve stepped up to Walk for Autism. Please show your support as we walk our own brilliant way,critic_batch_036_03.jsonl
llm_train_02626,0.05,0.05,,,False,,,The passage mentions a book title but does not develop a target-specific claim about autism itself.,"My bestselling history of autism, NeuroTribes, was very much inspired by his work.",critic_batch_036_03.jsonl
llm_train_02627,0.02,0.02,,,False,,,ADHD appears only as an entry in a list of conditions without a target-specific claim or proposition.,- Speech Impairment - ADHD - Mental Retardation,critic_batch_036_03.jsonl
llm_train_02628,0.02,0.01,0.01,0.01,True,True,False,The passage makes a target-specific clinical claim about ADHD's association with binge-eating disorder.,Conditions like Attention-Deficit Hyperactivity Disorder (ADHD) ... are commonly associated with binge-eating disorder.,critic_batch_036_03.jsonl
llm_train_02629,0.03,0.01,0.01,0.01,True,True,True,The passage contains both a clinical assessment object and a developed family lived-experience account.,he was moved to a hospital ... for a couple of weeks assessment. We used to live happily in Fife,critic_batch_036_03.jsonl
llm_train_02630,0.02,0.01,0.01,0.01,True,True,False,"The passage discusses autism treatment prevalence and safety research, which is a clinical/disorder-construct frame.",30 and 95 percent of children with autism spectrum disorder (ASD) have been provided with ... treatment,critic_batch_036_03.jsonl
llm_train_02631,0.01,0.0,0.01,0.0,True,True,False,"The passage discusses stimulant medication treatment and biological mechanisms for ADHD, clearly meeting the clinical frame definition.",Stimulant medications are primarily used to treat attention-deficit hyperactivity disorder (ADHD) and narcolepsy. They work by increasing levels of dopamine...,critic_batch_036_04.jsonl
llm_train_02632,0.05,0.0,0.01,0.05,True,True,False,"ADHD is invoked as a clinical object for legal mitigation of a sentence, which fits the clinical frame per Rule 8.9.",claims his sentence is ‘crushing’ and he deserves to have it slashed by more than a half because he’s sorry and his ADHD made jail life difficult.,critic_batch_036_04.jsonl
llm_train_02633,0.01,0.0,0.01,0.0,True,True,False,"The passage discusses the history of ADHD's classification and its genetic/biological basis, identifying it as a clinical/research object.",Schleim explains the history of the disorder’s classification and the unlikelihood for mental health disorders to demonstrate “strong biologism.”,critic_batch_036_04.jsonl
llm_train_02634,0.1,0.01,0.05,0.05,True,True,True,The passage discusses institutional provision for disorders (clinical) and the difficulty of accessing help (lived experience/accessibility).,"few schools are doing enough to help students with dyslexia, ADHD or other disorders find the help they need... it can be hard to find or understaffed.",critic_batch_036_04.jsonl
llm_train_02635,0.05,0.05,,,False,,,"Autism appears only as an example in a list of legal practice areas within a commercial service blurb, which is non-substantive per Rule 5.3.","Education Law (Special Education, IEPs, Autism) If you have a child with special needs, we can help them...",critic_batch_036_04.jsonl
llm_train_02636,0.01,0.0,0.01,0.0,True,True,False,"The passage describes a clinical study on brain structure and molecular changes in autism, a classic clinical/research frame.","UCLA study is the first to reveal how the disorder makes its mark at the molecular level, resulting in an autistic brain that differs dramatically in structure",critic_batch_036_04.jsonl
llm_train_02637,0.02,0.0,0.02,0.0,True,True,False,"The passage discusses therapeutic applications for attention disorders like ADHD, which is clinical discourse.",future applications in education or therapy for those with attention disorders like ADHD.,critic_batch_036_04.jsonl
llm_train_02638,0.01,0.0,0.01,0.0,True,True,False,"The passage focuses on the management of autism within clinical practice and CPD, identifying a clinical frame.",new approaches to the management of autism... help you achieve your personal CPD objectives and aid decision-making in your everyday clinical practice.,critic_batch_036_04.jsonl
llm_train_02639,0.05,0.0,0.05,0.0,True,False,True,"The passage develops a family experience account of being overwhelmed after a diagnosis, which is lived experience per Rule 7.2.","She has 2 sons who are autistic, and when her eldest son was diagnosed, she found herself overwhelmed trying to find out more",critic_batch_036_04.jsonl
llm_train_02640,0.05,0.0,0.05,0.0,True,True,False,"The passage discusses the efficacy of a training approach for people with ADHD, which is an intervention-focused clinical claim.","Does consciousness training work for people with ADHD or other attention challenges? Yes, but the approach shifts.",critic_batch_036_04.jsonl
llm_train_02641,0.02,0.01,0.01,0.02,True,True,True,"The passage correctly identifies a mixed frame, featuring clinical management (medication) and a developed account of social exclusion (field trip).",medication and counseling... He wasn’t able to participate in the end of the year water park field trip,critic_batch_036_05.jsonl
llm_train_02642,0.01,0.01,,,False,,,The passage is a navigation and topic list without any coherent target-specific propositions.,ADHD Help... ADHD Books... Autism in Children,critic_batch_036_05.jsonl
llm_train_02643,0.02,0.01,0.01,0.01,True,True,False,The passage presents ADHD and autism as objects of clinical theory and causal research.,"leading theories in the world related to Autism, ADHD... understanding the underlying nature of these disorders and their causes.",critic_batch_036_05.jsonl
llm_train_02644,0.02,0.01,0.01,0.02,True,True,False,The passage discusses ADHD prevalence and medical comorbidities based on research.,affecting about 8% of kids... Research shows that kids with ADHD are more likely to experience... incontinence,critic_batch_036_05.jsonl
llm_train_02645,0.01,0.01,0.01,0.01,True,True,False,The passage provides a formal clinical definition of ADHD focused on behavior control and neural stimuli.,unable to control behavior due to difficulty in processing neural stimuli,critic_batch_036_05.jsonl
llm_train_02646,0.01,0.01,0.01,0.01,True,True,False,The passage explicitly offers clinical diagnosis and treatment while discussing subtypes and symptoms.,pediatric specialists can properly diagnose and treat your child... ADHD basics... symptoms vary based on the subtype,critic_batch_036_05.jsonl
llm_train_02647,0.05,0.05,,,False,,,The passage lists project topics; describing a programme's subject matter without a claim is non-substantive.,"the project deals with bipolar disorder, eating disorder, ADHD and OCD",critic_batch_036_05.jsonl
llm_train_02648,0.02,0.01,0.01,0.01,True,True,False,The passage discusses ADHD and autism as objects of causal science and legal claims.,The science linking the mother’s Tylenol use with ADHD and autism is strong.,critic_batch_036_05.jsonl
llm_train_02649,0.01,0.01,,,False,,,"The passage is a professional interest list, which is explicitly non-substantive under Rule 8.8.",Dr. Baspaly has special interest in: ... pediatric care including autism and ADHD/ADD,critic_batch_036_05.jsonl
llm_train_02650,0.08,0.02,0.02,0.08,True,True,False,The passage makes a prognostic clinical claim about future outcomes and institutional management (special ed).,"cause the baby... to have ADHD... be sent out of class, put in special ed",critic_batch_036_05.jsonl
llm_train_02651,0.8,0.8,0.05,0.05,False,,,Autism appears only as an example in a broad list of conditions claimed to be cured by a product; it does not develop a coherent target-specific proposition.,miracle cure and vaccine for everything from autism to cancer,critic_batch_036_06.jsonl
llm_train_02652,0.7,0.7,0.1,0.05,False,,,A biographical mention of participating in ADHD research is a status mention that does not develop a clinical proposition or discuss the target as a clinical object.,participated in research studying ADHD in children,critic_batch_036_06.jsonl
llm_train_02653,0.05,0.05,,,False,,,"The target appears only in one headline within a noisy list of unrelated news items, functioning as navigation or a related-link label.",Jax Taylor Supports Son Living With Him Forever After Autism Diagnosis,critic_batch_036_06.jsonl
llm_train_02654,0.1,0.05,0.05,0.05,True,True,False,The passage makes a target-specific clinical claim about symptoms and the differential diagnosis between sleep deprivation and ADHD.,leading to ADHD-like symptoms (known as “faux” ADHD),critic_batch_036_06.jsonl
llm_train_02655,0.05,0.05,0.05,0.05,True,True,False,The passage discusses ADHD prevalence and explicitly recommends seeking professional clinical help for children.,The most common disorder is ADHD... reach out for professional help.,critic_batch_036_06.jsonl
llm_train_02656,0.05,0.05,,,False,,,The target mention is part of a generic 'regardless of' statement in a webinar recommendation that lacks a target-specific claim.,regardless of whether or not you have children or ADHD in your life,critic_batch_036_06.jsonl
llm_train_02657,0.1,0.05,0.15,0.05,True,False,True,A mother's account of adjusting her life to provide attention to her diagnosed children is substantive lived experience; diagnosis is stated only as status.,two of our kids were diagnosed... I was able to give them the attention they needed,critic_batch_036_06.jsonl
llm_train_02658,0.05,0.05,0.05,0.05,True,False,True,The passage discusses the social experience of bullying and the lack of school acceptance for neurodiverse children.,other kids may bully them for being different... these kids are left to figure out how to handle it,critic_batch_036_06.jsonl
llm_train_02659,0.05,0.05,0.05,0.05,True,True,False,The passage discusses a clinical study on the environmental and genetic causes of autism and its familial risk assessment.,Environmental factors are... important as genes... assessing individual risk.,critic_batch_036_06.jsonl
llm_train_02660,0.1,0.05,0.1,0.05,True,False,True,The passage identifies procrastination as a practical challenge for individuals with ADHD and suggests everyday coping strategies.,Procrastination can be a significant challenge... there are strategies and tips that can help you,critic_batch_036_06.jsonl
llm_train_02661,0.05,0.05,,,False,,,The passage consists of a list of article titles and headlines which are generally considered non-substantive.,Parenting System that Significantly Reduces Defiant Behavior in Teens with Aspergers,critic_batch_036_07.jsonl
llm_train_02662,0.95,0.95,0.1,0.95,False,,,The target appears in a generic list of special needs without any target-specific or meaningful class-level claim.,"support students with special needs—such as those with autism, ADHD, dyslexia, or Down syndrome",critic_batch_036_07.jsonl
llm_train_02663,0.02,0.02,,,False,,,"The mention is part of a presentation title for a conference, which is non-substantive.",Helping Clients with ADHD and /or OCD at The Institute for Challenging Disorganization conference,critic_batch_036_07.jsonl
llm_train_02664,0.01,0.01,,,False,,,The term 'autistic' appears in an incoherent context that does not develop a target-specific claim.,expensive autistic practice macbeth set in a sydney rate film,critic_batch_036_07.jsonl
llm_train_02665,0.02,0.02,,,False,,,The target appears in a news headline about a child's diagnosis as a status mention without further development.,How Lyle Menendez Helped Rosie O'Donnell After Child's Autism Diagnosis,critic_batch_036_07.jsonl
llm_train_02666,0.02,0.02,,,False,,,"The target appears only in a list of conditions a provider specializes in, which is non-substantive.","including social anxiety, selective mutism and other related anxiety disorders, depression, ADHD",critic_batch_036_07.jsonl
llm_train_02667,0.05,0.05,,,False,,,The mention of an 'autistic teen' is a biographical status mention in a news report about a tragic event.,death of an autistic teen who died after he was left alone in the vehicle,critic_batch_036_07.jsonl
llm_train_02668,0.1,0.1,0.05,0.2,True,False,False,"The passage makes a substantive claim about media representation of disabilities, fitting the 'substantive_other' frame.","A lot of books I found pigeon-holed a specific disability, but not one book I found discussed various disabilities",critic_batch_036_07.jsonl
llm_train_02669,0.05,0.05,0.05,0.1,True,True,False,The passage discusses a clinical platform for diagnosis and treatment of ADHD.,assist with diagnostic medical and healing decisions... for the conditions such as Adhd,critic_batch_036_07.jsonl
llm_train_02670,0.02,0.02,0.02,0.05,True,True,False,The passage describes research into understanding and treating neuropsychiatric disorders including autism.,"new possibilities for understanding and treating many neuropsychiatric disorders, such as autism spectrum disorder",critic_batch_036_07.jsonl
llm_train_02671,0.02,0.02,,,False,,,The target appears only as one example in a list of potential student/client categories for a general service provider.,"Whether you are a: ... special needs student with ADD, Aspergers, Dyslexia, Autism",critic_batch_036_08.jsonl
llm_train_02672,0.02,0.01,0.05,0.01,True,False,True,The passage expresses a first-person account of feelings and subjective experience related to autism.,stay focussed on healthy eating when feeling down and having some issues about my autism,critic_batch_036_08.jsonl
llm_train_02673,0.98,0.98,0.98,0.98,False,,,The target is mentioned only as an exclusion in a list of other topics; the core claim does not apply to ADHD.,Find out some of the biggest reasons students have a hard time paying attention in class (that aren’t ADD/ADHD).,critic_batch_036_08.jsonl
llm_train_02674,0.02,0.01,0.01,0.05,True,True,False,The passage discusses scientific evidence regarding the gut-brain axis as a biological factor in autism.,gut microbiota plays a critical role in influencing cognitive behaviors and emotions such as ... autism,critic_batch_036_08.jsonl
llm_train_02675,0.05,0.02,0.15,0.02,True,False,True,"The passage defines neurodivergence through a lens of identity, strengths, and challenges, aligning with lived experience.",Neurodivergent describes individuals ... due to conditions such as ... ADHD. This divergence often presents unique strengths,critic_batch_036_08.jsonl
llm_train_02676,0.05,0.05,,,False,,,"The target mention appears in a list of sensationalist headlines, which functions as navigation or related-link labels.","Harvard research links fluoridated water to ADHD, mental disorders... Recommended Resources TV. NaturalNews.",critic_batch_037_01.jsonl
llm_train_02677,0.02,0.01,0.01,0.01,True,True,False,The passage describes sensory symptoms of a neurodevelopmental condition without developing a lived or social perspective.,autism spectrum disorder that make them avoid certain textures or tastes,critic_batch_037_01.jsonl
llm_train_02678,0.02,0.01,0.01,0.01,True,False,True,The passage foregrounds identity and a community-based maxim about meeting autistic people.,"I’m part of the total Autistic Spectrum... when you meet an autistic person, you’ve met an autistic person",critic_batch_037_01.jsonl
llm_train_02679,0.05,0.05,,,False,,,The target appears in a generic list of conditions and professional issues without a target-specific claim.,"g. mental-health conditions, or autistic spectrum disorders.",critic_batch_037_01.jsonl
llm_train_02680,0.05,0.05,,,False,,,The passage contains a thin biographical status mention as part of a movie plot summary.,Bart Bromley is a highly intelligent young man on the Autism spectrum.,critic_batch_037_01.jsonl
llm_train_02681,0.05,0.05,,,False,,,The target appears in an administrative list of grants without a developed target-specific proposition.,"The National Autistic Society Towards the development, testing and roll-out of Teen Life",critic_batch_037_01.jsonl
llm_train_02682,0.05,0.01,0.05,0.05,True,True,True,The passage discusses both institutional provision via specialists and experienced inclusion through classroom accommodations.,worked with the special education specialists... set up the appropriate accommodations,critic_batch_037_01.jsonl
llm_train_02683,0.02,0.01,0.01,0.01,True,True,False,The passage describes professional therapy and clinical outcomes without developing an experiential or social perspective.,provides specialized therapy for individuals with... autism spectrum disorder and ADHD,critic_batch_037_01.jsonl
llm_train_02684,0.01,0.01,0.01,0.01,True,True,False,"The passage focuses exclusively on clinical research into genetics, neuropsychology, and comorbidity.",genetic risk factors and gene x environment interactions that contribute to ADHD,critic_batch_037_01.jsonl
llm_train_02685,0.02,0.01,0.01,0.01,True,True,False,The passage presents a clinical proposition regarding differential diagnosis and the masking of ADHD by vision problems.,certain vision problems can mask themselves as behavioral or learning difficulties,critic_batch_037_01.jsonl
llm_train_02686,0.02,0.02,,,False,,,The passage is a truncated title or fragment that lacks a coherent target-specific proposition.,"Einstein On: Autism, Dr. John Foxe John Foxe, Ph.",critic_batch_037_02.jsonl
llm_train_02687,0.05,0.05,0.05,0.05,True,True,False,The passage describes a professional focus on clinical research and the development of evidence-based interventions for ADHD.,focuses on developing evidence-based interventions for children with... ADHD,critic_batch_037_02.jsonl
llm_train_02688,0.02,0.02,0.02,0.02,True,True,False,The passage provides a clinical explanation of target-specific neurobiology and hormonal levels in the ADHD brain.,The ADHD brain has low levels of hormones which cause it to be active and de active,critic_batch_037_02.jsonl
llm_train_02689,0.15,0.15,,,False,,,"This is a product advertisement for earplugs, which is non-substantive under Rule 5.3 despite containing a brief claim about utility for ADHD.","Focus and Noise Sensitivity: For people with... ADHD, reducing ambient noise... can be helpful.",critic_batch_037_02.jsonl
llm_train_02690,0.08,0.05,0.05,0.1,True,True,True,The passage describes a subjective experience of racing thoughts (lived) while discussing the diagnostic category and 'disorder' status (clinical).,100 thoughts or ideas all screaming for attention... you may have Attention Deficit/Hyperactivity Disorder (ADHD),critic_batch_037_02.jsonl
llm_train_02691,0.05,0.05,0.05,0.05,True,True,True,The passage identifies symptom management (clinical) alongside communication and interaction strategies for school participation (lived experience).,managing symptoms. Communication is important when helping students with ADHD.,critic_batch_037_02.jsonl
llm_train_02692,0.1,0.05,0.15,0.05,True,False,True,"A visual timetable is described as a practical adaptation for everyday routines, which qualifies as lived-experience coping under Rule 7.2.",Children with autism... can benefit from using a visual timetable. This can make it easier to follow a structured sleep routine.,critic_batch_037_02.jsonl
llm_train_02693,0.02,0.02,,,False,,,"This passage is a commercial advertisement for a specific vitamin product, excluded from substantive discourse by Rule 5.3.",SmartyPants Complete Daily Gummy Vitamins for Kids is a dietary supplement,critic_batch_037_02.jsonl
llm_train_02694,0.12,0.1,0.05,0.1,True,True,False,The passage discusses a clinical hypothesis regarding the potential causal link (risk factors) between maternal medication and autism.,My daughter... is not autistic. Not saying that there isn a connection between the two.,critic_batch_037_02.jsonl
llm_train_02695,0.9,0.9,0.1,0.1,False,,,"The passage is a professional biography and list of fellowship/paper titles, which are non-substantive metadata under Rules 5.3 and 8.10.",Fellow in the Solnit Integrated Program OCD and ADHD Dual Diagnosis,critic_batch_037_02.jsonl
llm_train_02696,0.05,0.05,,,False,,,"The target appears only within a list of conditions treated by a clinic, which is non-substantive under Rule 5.3 and 11.",PEDIATRIC CONDITIONS TREATED BY OSTEOPATHY - ADHA... - Autism,critic_batch_037_03.jsonl
llm_train_02697,0.02,0.02,,,False,,,"The passage contains only a professional title or credential, which is non-substantive per Rule 8.8.",ADHD & Neurodivergence Specialist,critic_batch_037_03.jsonl
llm_train_02698,0.15,0.15,,,False,,,"This is a product link blurb with a generic claim about developmental toys, which remains non-substantive under Rule 5.3.",Educational and developmental toys play an important role in helping autistic children develop,critic_batch_037_03.jsonl
llm_train_02699,0.05,0.05,0.05,0.05,True,False,True,The passage develops a substantive account of social participation and inclusion for children with ADHD/autism in sports.,program designed for kids aged 3 - 18 who’ve faced barriers to sport participation... including them in the way that meets their needs,critic_batch_037_03.jsonl
llm_train_02700,0.85,0.8,,,True,True,False,The description of a 50% reduction in Adderall intake for severe ADHD is a substantive clinical proposition about treatment management.,one student suffering from severe ADHD was able to reduce her Adderall intake by 50% in less than two weeks,critic_batch_037_03.jsonl
llm_train_02701,0.1,0.05,0.05,0.1,True,True,True,The passage discusses ADHD/autism as psychiatric diagnoses (clinical) and describes the complex emotional and subjective experiences of 2E individuals (lived).,"psychiatric diagnoses, such as ADHD... capacity to reflect on their own thinking and experience... emotional and educational needs",critic_batch_037_03.jsonl
llm_train_02702,0.05,0.05,,,False,,,"This is a brief commercial health claim for an essential oil, which is non-substantive under Rule 5.3.",It is excellent for concentration and ADHD.,critic_batch_037_03.jsonl
llm_train_02703,0.05,0.05,0.05,0.05,True,True,False,"The passage discusses ADHD as a potential misdiagnosis, which is a core clinical/diagnostic object under Rule 6.2.",A child with an untreated vision problem may be misdiagnosed with behavior problems or ADHD/ADD,critic_batch_037_03.jsonl
llm_train_02704,0.02,0.02,0.02,0.02,True,True,False,"The passage explicitly discusses formal ADHD assessment and diagnosis at a mental health clinic, which is substantive clinical discourse.",The ADHD (Attention Deficit Hyperactivity Disorder) test is a comprehensive evaluation designed to diagnose ADHD,critic_batch_037_03.jsonl
llm_train_02705,0.05,0.05,,,False,,,"The mention of a niece being 'autism' is a bare diagnostic status mention without a developed target-specific account, per Rule 8.1.",my special niece who is autism,critic_batch_037_03.jsonl
llm_train_02706,0.05,0.01,0.02,0.05,True,True,False,The passage discusses classroom management and student behavior as a clinical/institutional support object without developing the student's own perspective or social meaning.,"instruction helper back uping a student with ADHD ... without her presence, the category instructor would hold to pass a big proportion of the lesson settling the kid",critic_batch_037_04.jsonl
llm_train_02707,0.01,0.01,,,False,,,Autism appears only within the title of an award mentioned in a list of journalistic achievements.,named Journalist of the Year at 2018 Anna Kennedy Online Autism Heroes Awards,critic_batch_037_04.jsonl
llm_train_02708,0.02,0.01,0.01,0.01,True,False,True,The passage develops a first-person lived account of identity and parenting without clinical objectification.,I began living an autistic life and changed my parenting style.,critic_batch_037_04.jsonl
llm_train_02709,0.01,0.01,0.01,0.01,True,True,False,"The passage focuses on diagnosis, symptoms, and treatments within a clinical/private diagnostic framework.","ADHD diagnosis in a private setting, consisting of the advantages, treatments, expenses ... identified by signs of inattention, hyperactivity, and impulsivity.",critic_batch_037_04.jsonl
llm_train_02710,0.85,0.8,,,True,False,True,"The passage develops a substantive lived-experience account of professional identity, mentoring, and diversity after diagnosis.",shared her journey to becoming a solicitor ... improving its diversity and giving more options for solicitors to pursue the careers and the lives that they want to lead.,critic_batch_037_04.jsonl
llm_train_02711,0.8,0.75,,,True,True,False,A claim of a 97% success rate for ADHD 'correction programs' is a substantive clinical intervention/treatment claim.,"97% success rate for adults and children with challenges in: Reading, Math, ADD and ADHD. Correction programs use your strengths",critic_batch_037_04.jsonl
llm_train_02712,0.01,0.01,,,False,,,ADHD and Autism appear only as items in an extensive navigation menu or topic list.,Topics Advocacy ADD/ADHD ... Autism Spectrum,critic_batch_037_04.jsonl
llm_train_02713,0.1,0.05,0.05,0.05,True,False,True,"The passage discusses representing the needs of families living with autism, which foregrounds lived/community experience.",represent the needs of thousands of families living with autism,critic_batch_037_04.jsonl
llm_train_02714,0.02,0.01,0.01,0.01,True,True,False,The passage describes a clinical/educational pilot study on video modeling for children with autism.,Teaching a Physical Activity to a Young Child With Autism Using the Three-Tier Video Modeling Model: A Pilot Study,critic_batch_037_04.jsonl
llm_train_02715,0.01,0.01,,,False,,,Autism appears only in a list of search filters for a dating site.,"filter out members by their particular incapacity — post-traumatic stress disorder, quadriplegic, ADD, OCD, autism",critic_batch_037_04.jsonl
llm_train_02716,0.01,0.01,0.01,0.01,True,True,True,The passage develops both a clinical perspective on expertise/services and a lived experience account of caregiver frustration.,tired and frustrated... experts on... autism... behavior and limitations may lead to less than appropriate services offered,critic_batch_037_05.jsonl
llm_train_02717,0.01,0.01,0.01,0.01,True,True,False,"The text focuses on medical causes, patients, and expert physician approaches without any experiential or identity-based discourse.",causes of ADD. Many ADD patients... require an expert approach... Physicians comfortable with solving complex medical problems,critic_batch_037_05.jsonl
llm_train_02718,0.01,0.01,0.01,0.01,True,True,True,The account links the clinical requirement of a diagnosis to the lived experience of disillusionment and frustration.,lost and disillusioned... if he gets an autism diagnosis then we can help you. Seriously frustrating,critic_batch_037_05.jsonl
llm_train_02719,0.01,0.01,0.01,0.01,True,True,False,This is a technical description of clinical interventions for ADHD/ASD rehabilitation and attention control.,Neurologic Music Therapy interventions include: Cognition and Attention Control... for children with ADHD or ASD,critic_batch_037_05.jsonl
llm_train_02720,0.01,0.01,0.01,0.01,True,True,False,"The passage discusses genetic etiology and genotypes, which are purely clinical/research objects.",Genotypes showed correlation... MAOA gene versions may well help with the etiology associated with DZNeP Add and adhd,critic_batch_037_05.jsonl
llm_train_02721,0.01,0.01,0.01,0.01,True,True,False,"A clinical list of symptoms without an accompanying experiential, social, or identity perspective.","ADHD in adults often presents differently... Symptoms may include difficulty focusing, impulsivity",critic_batch_037_05.jsonl
llm_train_02722,0.01,0.01,,,False,,,"The extraction is incoherent and contaminated, failing to express a target-specific proposition.",Higher director and point autism are explained as bees that could affect the special soil,critic_batch_037_05.jsonl
llm_train_02723,0.02,0.01,0.02,0.02,True,True,False,"The passage describes treatments and therapies to improve attention, fitting the clinical frame definition.",body-oriented therapies... treatments include... Effect of Acupuncture on ADHD... seeking ADHD treatment,critic_batch_037_05.jsonl
llm_train_02724,0.01,0.01,,,False,,,The passage is a noisy commercial/SEO blurb with contaminated extraction.,Best place to buy cbd gummies reddit... Adhd and cbd oil studies had never paid attention to,critic_batch_037_05.jsonl
llm_train_02725,0.05,0.05,,,False,,,"The target appears only in a generic list of conditions for a service blurb, which is non-substantive per Rule 5.3.","treats a variety of symptoms... such as stress, conduct disorder... ADHD and PTSD",critic_batch_037_05.jsonl
llm_train_02726,0.05,0.01,0.05,0.02,True,False,True,The passage develops a clear lived-experience account of social participation and anxiety differences in communication.,video calls may actually be easier and less anxiety-provoking than large in-person meetings,critic_batch_037_06.jsonl
llm_train_02727,0.05,0.01,0.02,0.05,True,True,False,The passage treats the target as a clinical object of treatment and intervention for a specific disorder.,"making progress by participating in feeding workshops, which helped him to tolerate different foods and textures",critic_batch_037_06.jsonl
llm_train_02728,0.05,0.02,0.02,0.01,True,True,False,Identifies a concrete institutional arrangement and treatment modality (ABA Therapy) specifically for the target.,Las Colinas Autism Treatment & ABA Therapy The Irving/ Dallas Treatment Center,critic_batch_037_06.jsonl
llm_train_02729,0.05,0.05,,,False,,,Target appears only as a professional credential in a generic clinic description without target-specific discourse.,therapists hold certifications in autism,critic_batch_037_06.jsonl
llm_train_02730,0.01,0.01,,,False,,,The passage is a list of SEO keywords and product search terms.,Cbd oil adhd reviews,critic_batch_037_06.jsonl
llm_train_02731,0.01,0.01,,,False,,,The target mention is a navigation/URL fragment; the actual content is about PTSD.,ncmh. info/videos-and-podcasts/podcast/adhd/,critic_batch_037_06.jsonl
llm_train_02732,0.05,0.01,0.05,0.02,True,False,True,Develops a lived-experience account of sensory sensitivities and family support during emergencies.,aims to help families find comfort when first responders arrive,critic_batch_037_06.jsonl
llm_train_02733,0.15,0.01,0.1,0.1,True,True,False,The passage focuses on the functional impairment and clinical symptoms that hinder communication.,"Remembering things, gathering your thoughts, and controlling your impulses are much harder",critic_batch_037_06.jsonl
llm_train_02734,0.05,0.05,,,False,,,Target appears only in the title of a course/certificate without further target-specific discourse.,Respite Care for People with Autism Certificate,critic_batch_037_06.jsonl
llm_train_02735,0.02,0.01,0.01,0.01,True,True,False,Substantively discusses ADHD as an object of medication management and treatment.,Stimulant and non-stimulant medications are one of the primary treatments for ADHD,critic_batch_037_06.jsonl
llm_train_02736,0.02,0.02,,,False,,,"The passage is a guest introduction mentioning a book title; per codebook 8.10, a book title alone is non-substantive.","Avigail is the author of HyperHealing, The Empowered Parent’s Complete Guide to Raising a Healthy Child with ADHD Symptoms",critic_batch_037_07.jsonl
llm_train_02737,0.01,0.01,0.01,0.01,True,True,False,"The passage explicitly discusses psychiatric evaluation, FDA-approved testing, and clinical treatment for ADHD.",comprehensive psychiatric evaluation... FDA-approved ADHD testing... personalized treatment plan,critic_batch_037_07.jsonl
llm_train_02738,0.02,0.02,0.01,0.01,True,True,False,The description of a dedicated center providing clinical care and research constitutes substantive clinical discourse.,"Geisinger-Bucknell Autism & Developmental Medicine Center—Pursue clinical care, research and education",critic_batch_037_07.jsonl
llm_train_02739,0.01,0.01,0.01,0.01,True,True,False,The passage makes a target-specific clinical claim about the medical application of medication for ADHD treatment.,its off-label use has expanded to include treatment for ADHD,critic_batch_037_07.jsonl
llm_train_02740,0.01,0.01,,,False,,,"The passage is a list of topics alongside a name/credential, which is non-substantive per section 5.3 and 8.8.","ADHD and Learning Disorders, Autism and More Margaret V. Austin, Ph.",critic_batch_037_07.jsonl
llm_train_02741,0.02,0.02,,,False,,,ADHD appears only in a generic list of therapy topics without target-specific propositions or claims.,"after therapy... on issues concerning depression, stress, anxiety... and adhd",critic_batch_037_07.jsonl
llm_train_02742,0.03,0.01,0.03,0.01,True,False,True,The passage develops a neurodiversity-based lived-experience account and explicitly rejects clinical framing.,celebrating neurological differences... unique ways of experiencing and interacting with the world,critic_batch_037_07.jsonl
llm_train_02743,0.01,0.01,0.01,0.01,True,True,False,"The passage discusses epidemiological data, diagnoses, and comorbidity between ADHD, EBD, and autism.",EBD occurs with ADHD and mental retardation or autism more frequently than the numbers suggest,critic_batch_037_07.jsonl
llm_train_02744,0.02,0.02,0.01,0.01,True,True,False,"The passage discusses genetic research and potential cures for brain disorders including autism, which is clinical.","unlock brain disorders affecting millions, including autism... Finding a cure",critic_batch_037_07.jsonl
llm_train_02745,0.04,0.04,,,False,,,"The target headline appears in a list of unrelated news links; per section 8.10, an article title alone is non-substantive.",These Are 9 Major Indicators Of Autism In Adults That Often Go Completely Unnoticed,critic_batch_037_07.jsonl
llm_train_02746,0.01,0.01,0.01,0.01,True,True,False,The passage provides a formal clinical definition of ADHD as a neurological disorder and lists symptoms.,Attention deficit hyperactivity disorder (ADHD) is a neurological and behavior-related disorder that causes above-normal levels of energy and impulsiveness.,critic_batch_037_08.jsonl
llm_train_02747,0.05,0.02,0.05,0.02,True,True,False,The passage makes a substantive claim about autism prevalence and diagnosis rates compared to past cohorts.,"more than just a case of under-diagnosis, right?",critic_batch_037_08.jsonl
llm_train_02748,0.02,0.02,,,False,,,Autism is mentioned only as a professional specialization within a biographical profile without any target-specific claim.,He specialized in the areas of Autism Spectrum Disorder.,critic_batch_037_08.jsonl
llm_train_02749,0.05,0.01,0.05,0.05,True,True,True,The workshop addresses both clinical behavioral management and family strategies within everyday life contexts.,"help parents... learn how to examine behavior situations in the home, school and community, and create proactive plans",critic_batch_037_08.jsonl
llm_train_02750,0.01,0.01,,,False,,,The target appears only as part of a guest's professional title in an event advertisement without a substantive claim.,autism self-advocate Temple Grandin,critic_batch_037_08.jsonl
llm_train_02751,0.02,0.01,0.02,0.02,True,False,True,The passage develops a substantive lived-experience account regarding the benefits of service dogs in a family context.,"these dogs have been INVALUABLE to their progress, continued success, and most of all, happiness",critic_batch_038_01.jsonl
llm_train_02752,0.01,0.01,0.01,0.01,True,True,False,The passage explicitly discusses Ritalin as a clinical treatment for ADHD.,It is used as a treatment for both attention deficit disorder (ADD) and attention deficit hyperactivity disorder (ADHD),critic_batch_038_01.jsonl
llm_train_02753,0.01,0.01,0.01,0.01,True,True,False,The passage discusses a clinical assessment tool and provides a formal diagnostic definition of ASD.,Psychingo is an innovative tool that can be used for assessing Autism Spectrum Disorder (ASD),critic_batch_038_01.jsonl
llm_train_02754,0.02,0.01,0.02,0.02,True,True,False,The passage describes a service helping families plan clinical treatment and navigate benefits.,planning the best course of Autism Spectrum Disorder (ASD) treatment for their family,critic_batch_038_01.jsonl
llm_train_02755,0.01,0.01,0.01,0.01,True,True,False,The passage makes a substantive clinical claim about the comorbidity of ADHD and alcoholism.,People with attention deficit hyperactivity disorder also have a higher rate of alcoholism,critic_batch_038_01.jsonl
llm_train_02756,0.02,0.01,0.02,0.02,True,False,True,"The passage develops a caregiver account of home adaptation and safety, which is lived experience.","found new ways to retrofit her Shaker Heights home and make it safe for her son, Ben, who has autism",critic_batch_038_01.jsonl
llm_train_02757,0.05,0.05,,,False,,,The mention of the sister's autism is a thin biographical status claim without developed target discourse.,"older sister Audrey was never officially diagnosed with autism, but the women... believe she has it",critic_batch_038_01.jsonl
llm_train_02758,0.03,0.01,0.02,0.03,True,True,False,"The passage describes concrete therapeutic services and learning conditions, fitting a clinical frame.","mission of providing children with autism with the latest effective therapeutic services, good learning conditions",critic_batch_038_01.jsonl
llm_train_02759,0.05,0.01,0.04,0.04,True,True,True,The passage contains both clinical framing (ABA coverage) and lived-experience framing (family advocacy).,military families... are pressing for Congress to require Tricare to expand coverage for ABA,critic_batch_038_01.jsonl
llm_train_02760,0.01,0.01,,,False,,,The passage is a contaminated extraction with incoherent text and pharmaceutical SEO noise.,ADHD TreatmentCognitive Behavioral Therapy (CBT)is an empirically-based try to save her family,critic_batch_038_01.jsonl
llm_train_02761,0.02,0.01,0.02,0.01,True,True,False,"Discusses nosology, diagnostic investigation, and differentiating typical from atypical traits.",difference between typical inattention and something more serious... require further investigation,critic_batch_038_02.jsonl
llm_train_02762,0.01,0.01,,,False,,,Target appears only in a list of organizations without a specific claim.,National Autistic Society,critic_batch_038_02.jsonl
llm_train_02763,0.05,0.05,,,False,,,Passage consists of navigation snippets and link labels from a search or related-content list.,ADHD/ADD in Adults: Symptoms & Treatments in Pictures,critic_batch_038_02.jsonl
llm_train_02764,0.03,0.01,0.02,0.02,True,False,True,"Discusses social meaning, stigma, and stereotypes through language use rules.",Never use offensive and derogatory terms... ex: 'ADHD' to mean easily distracted,critic_batch_038_02.jsonl
llm_train_02765,0.02,0.02,,,False,,,Target appears only as a headline within a noisy list of search results or related links.,Harvard research links fluoridated water to ADHD,critic_batch_038_02.jsonl
llm_train_02766,0.01,0.01,0.01,0.01,True,True,False,"Discusses neurobiology, genetics, and clinical research methodologies.",high-risk mutated body’s genes in autism variety problems... knockout human ESCs,critic_batch_038_02.jsonl
llm_train_02767,0.01,0.01,,,False,,,Target is one example in a general list of conditions without a target-specific claim.,understanding everything from autism to cancer,critic_batch_038_02.jsonl
llm_train_02768,0.01,0.01,,,False,,,Target appears only as a navigation tag in a long list of topics.,autism,critic_batch_038_02.jsonl
llm_train_02769,0.02,0.01,0.02,0.01,True,True,False,Describes concrete institutional provision and facilities organized specifically for autistic children.,"specially designed classrooms, occupational therapy room, multi-sensory room",critic_batch_038_02.jsonl
llm_train_02770,0.05,0.02,0.03,0.03,True,False,True,Foregrounds the reaction of the community and the social impact of a book's terminology.,rocked the ADD and ADHD community... eliciting all types of responses,critic_batch_038_02.jsonl
llm_train_02771,0.01,0.01,0.01,0.01,True,True,False,The passage makes a substantive epidemiological claim linking fluoridation prevalence to ADHD diagnosis rates.,"1% increase in artificial fluoridation prevalence... associated with approximately 67,000 to 131,000 additional ADHD diagnoses",critic_batch_038_03.jsonl
llm_train_02772,0.05,0.05,,,False,,,The passage is a logistical event announcement for a discussion series and lacks a specific target-related claim.,This program is offered as part of the 2019 'Let’s Talk About' series,critic_batch_038_03.jsonl
llm_train_02773,0.01,0.01,0.01,0.01,True,True,False,The passage makes a target-specific claim about the genetic influence on symptoms of ADHD and ASD.,"symptoms... of ADHD, and of autism spectrum disorder (ASD)... they are at least in part influenced by genetics.",critic_batch_038_03.jsonl
llm_train_02774,0.02,0.01,0.05,0.01,True,False,True,The passage focuses on a social initiative to tackle stigma and promote inclusivity for the autistic community.,brought together key stakeholders... to tackle stigma surrounding autism and promote inclusivity,critic_batch_038_03.jsonl
llm_train_02775,0.02,0.01,0.05,0.01,True,False,True,The passage describes practical everyday strategies and adaptations for children with ADHD at home.,Teaching organization to ADHD Child At Home - Provide a daily planner for the child.,critic_batch_038_03.jsonl
llm_train_02776,0.01,0.01,,,False,,,The passage is a noisy commercial product blurb where the target term appears only in a keyword list.,cbd oil wholesale michigan 7 hemp cbd oil autism places to buy hemp near me,critic_batch_038_03.jsonl
llm_train_02777,0.01,0.01,0.01,0.01,True,True,False,The passage discusses genetic research resources and exome sequencing analysis specifically for autism.,results from variant and gene-level data from the most recent Autism Sequencing Consortium exome sequencing analysis,critic_batch_038_03.jsonl
llm_train_02778,0.05,0.05,,,False,,,The passage is a logistical event announcement for a screening day and lacks a target-specific claim.,Join KCPT at the KC Zoo’s Autism Awareness Day on April 24 for a free screening,critic_batch_038_03.jsonl
llm_train_02779,0.05,0.01,0.01,0.1,True,True,False,The passage presents ADHD as a diagnostic object by discussing behavioral criteria and symptom duration.,"if so, your child may have attention deficit hyperactivity disorder (adhd)... lasts more than 6 months",critic_batch_038_03.jsonl
llm_train_02780,0.02,0.01,0.05,0.01,True,False,True,The passage addresses ADHD in the context of professional identity and workplace participation for entrepreneurs.,Helping ADHD Entrepreneurs and Executives Take Control & Build With Confidence,critic_batch_038_03.jsonl
llm_train_02781,0.02,0.01,0.01,0.01,True,True,False,"The passage discusses risk factors and epidemiology related to ADHD, correctly triggering a clinical frame.",infants of women with postpartum depression are more likely to have ADHD or behavioral problems later in life,critic_batch_038_04.jsonl
llm_train_02782,0.05,0.05,,,False,,,"Target appears only in a list of talk titles and speakers, which is non-substantive per rule 8.10.","The Role of Mast Cells, Microglia, and Histamine in Autism",critic_batch_038_04.jsonl
llm_train_02783,0.01,0.01,0.01,0.01,True,True,False,"The passage discusses shared symptoms, comorbidity, and misdiagnosis, which are canonical clinical indicators.","ASD shares several symptoms with ADHD, including difficulties with impulsivity, executive functioning, and hyperactivity.",critic_batch_038_04.jsonl
llm_train_02784,0.02,0.01,0.01,0.01,True,True,False,"The passage discusses research discoveries and population prevalence, clearly meeting the clinical frame definition.",3-4% of the UK population suffers with the hyperactivity disorder,critic_batch_038_04.jsonl
llm_train_02785,0.05,0.02,0.01,0.02,True,False,True,"Discusses employment participation and industry collaboration for neurodivergent individuals, correctly identified as lived experience.",tackle the issues of employing neurodivergent individuals’ company by company we should start an industry collaboration,critic_batch_038_04.jsonl
llm_train_02786,0.02,0.02,,,False,,,"The passage is a fundraising event promotion for a charity with no target-specific claim, making it non-substantive.",ride a bicycle to help local families who have children on the autism spectrum,critic_batch_038_04.jsonl
llm_train_02787,0.01,0.01,,,False,,,"The target name appears only within a list of organizations, which is non-substantive.",A Hope for Autism Foundation *,critic_batch_038_04.jsonl
llm_train_02788,0.02,0.02,,,False,,,Target appears only as part of an organization name in an event listing without any target-specific claim.,check out Autistic Art’s exhibition of unique wine labels,critic_batch_038_04.jsonl
llm_train_02789,0.02,0.01,0.01,0.01,True,True,True,The passage discusses both a trend in diagnoses (clinical) and the subjective recognition of struggles (lived experience).,wave of adults—especially women—being diagnosed with ADHD... recognise their lifelong struggles as signs of neurodivergence,critic_batch_038_04.jsonl
llm_train_02790,0.85,0.85,0.05,0.85,False,,,"This is a thin biographical status mention used to contextualize the father's career shift, lacking developed target-specific discourse.",have a 7-year-old child on the autism spectrum who has specific needs in school,critic_batch_038_04.jsonl
llm_train_02791,0.01,0.01,,,False,,,The target appears only as one item in a long list of academic certificates and courses.,Autism Endorsement Certificate (Graduate),critic_batch_038_05.jsonl
llm_train_02792,0.01,0.01,0.01,0.01,True,True,False,The passage provides a formal clinical definition and neurobiological explanation of the disorder.,ADHD is a neurodevelopmental disorder that leads to the ineffective usage of dopamine... in the executive region of the brain,critic_batch_038_05.jsonl
llm_train_02793,0.1,0.1,,,False,,,This is a generic call to action or navigation prompt without a target-specific claim or account.,Help others with ADHD by sharing your perspective.,critic_batch_038_05.jsonl
llm_train_02794,0.05,0.05,,,False,,,The target is mentioned only as a biographical status for a victim in a crime report.,choking a non-verbal four-year-old autistic boy,critic_batch_038_05.jsonl
llm_train_02795,0.15,0.15,,,False,,,A thin mention of suspected status without a developed account or proposition remains non-substantive.,"teacher who herself had two autistic nephews. So she said, I think there’s something there.",critic_batch_038_05.jsonl
llm_train_02796,0.02,0.01,0.01,0.01,True,False,True,The passage foregrounds the day-to-day challenges and family experience of autistic people.,day-to-day challenges facing autistic people and their families. Those challenges get far more intense during disasters.,critic_batch_038_05.jsonl
llm_train_02797,0.01,0.01,0.01,0.01,True,True,False,"The passage discusses ADHD treatment, pharmacology, and clinical research objectives.",Methylphenidate (Ritalin) is the most widely used and effective treatment for attention-deficit hyperactivity disorder (ADHD).,critic_batch_038_05.jsonl
llm_train_02798,0.05,0.01,0.01,0.05,True,True,False,The discourse focuses on research findings regarding diagnostic risk factors and clinical models.,Berkeley researchers discovered that women diagnosed with ADHD that have had early trauma... adds support for the model,critic_batch_038_05.jsonl
llm_train_02799,0.01,0.01,,,False,,,"The target appears only within a URL fragment, which is non-substantive per the codebook.",wordpress. com/2017/02/14/creating-adhd-is-the-new-education/,critic_batch_038_05.jsonl
llm_train_02800,0.1,0.01,0.05,0.1,True,True,True,The passage combines clinical research on skills with lived experience participation in fitness.,fitness picture books that help youth with autism exercise... research geared toward helping individuals with autism improve their academic performance,critic_batch_038_05.jsonl
llm_train_02801,0.01,0.01,,,False,,,The passage is a thin navigational or promotional fragment without a target-specific proposition.,A commitment to patients and families ADHD Pediatrics,critic_batch_038_06.jsonl
llm_train_02802,0.05,0.02,0.05,0.01,True,True,False,The passage makes a coherent clinical claim about ADHD medication and physical development.,ADHD medication make children feel sad and is stunting their growth,critic_batch_038_06.jsonl
llm_train_02803,0.05,0.02,0.05,0.01,True,True,False,Autism is presented as a clinical object within a discussion of psychotherapy and developmental difficulties.,"It can also help children to deal with learning and physical disabilities, as well as those on the autistic spectrum.",critic_batch_038_06.jsonl
llm_train_02804,0.05,0.02,0.05,0.01,True,True,False,The passage describes a concrete institutional service and educational grant for autism.,The grant provides the services of two representatives from the autism center to meet regularly with school staff,critic_batch_038_06.jsonl
llm_train_02805,0.9,0.9,,,True,True,False,The passage develops a substantive clinical claim about the regulatory status of ADHD health claims.,If your site suggests that a supplement can treat or cure ADHD... it will likely be treated as a drug product,critic_batch_038_06.jsonl
llm_train_02806,0.1,0.02,0.1,0.02,True,False,True,"ADHD coaching is presented through everyday participation and personal goal achievement, supporting a lived-experience frame.","ADHD Coaching can help... help you achieve your most urgent and important goals. This can include professional, personal, interpersonal and academic goals.",critic_batch_038_06.jsonl
llm_train_02807,0.05,0.05,,,False,,,The passage discusses event logistics and generic fundraising without a substantive target-specific claim.,They decided to hold a golf outing as a fundraiser and hoped it would become an annual event.,critic_batch_038_06.jsonl
llm_train_02808,0.05,0.02,0.05,0.01,True,True,False,The passage explicitly discusses therapies intended to improve clinical functioning in autism.,"In this post, we'll look at 10 autism therapies that can help children with ASD function more easily as adults.",critic_batch_038_06.jsonl
llm_train_02809,0.05,0.02,0.05,0.01,True,True,False,The passage discusses formal clinical management and multidisciplinary care for autism and ADHD.,We invite you to reach out to our WellSpan behavioral health team or multidisciplinary autism team for care for those conditions.,critic_batch_038_06.jsonl
llm_train_02810,0.05,0.02,0.05,0.05,True,True,True,The passage discusses a clinical study and therapeutic role alongside personal emotional reaction and family relationship dynamics.,"When I first came across this study, “Behavioral Training for Siblings of Autistic Children,” I was immediately hesitant. There’s something about the idea of sibling-as-therapist",critic_batch_038_06.jsonl
llm_train_02811,0.02,0.01,0.02,0.02,True,True,True,The passage develops a mixed frame by describing childhood diagnostic/treatment status alongside subjective self-image and experience.,recently off all medications. At that time I had severe ADHD and I also had severe autism. Not only that but I was also just very unhappy with myself image.,critic_batch_038_07.jsonl
llm_train_02812,0.85,0.02,0.05,0.9,True,True,False,"The clinical frame is well-developed via treatment, prevalence, and neurological claims, but the mention of families as funding beneficiaries is generic and lacks lived-experience detail.",secure funding and treatment for Autistic children and their families... ASD is a neurological condition... treatment does exist.,critic_batch_038_07.jsonl
llm_train_02813,0.01,0.01,,,False,,,The passage mentions generic 'attention deficits' in a classroom list but does not make a target-specific claim about ADHD as a condition or category.,"associated with attention deficits, behavior problems, more time in solitary play",critic_batch_038_07.jsonl
llm_train_02814,0.1,0.1,,,False,,,This is a brief headline/teaser where the diagnosis is stated as bare status without further target-specific account or proposition.,Your child has been diagnosed with attention deficit hyperactivity disorder. What do you do now?,critic_batch_038_07.jsonl
llm_train_02815,0.01,0.01,,,False,,,The target appears only within a book title without an accompanying target-specific claim.,Order Steve’s book NeuroTribes: The Legacy of Autism and the Future of Neurodiversity on Amazon,critic_batch_038_07.jsonl
llm_train_02816,0.01,0.01,,,False,,,ADHD appears only in a generic list of conditions for which a supplement has insufficient evidence.,"insufficient evidence to support effectiveness are for treating athletic performance, ADHD, constipation",critic_batch_038_07.jsonl
llm_train_02817,0.05,0.02,0.05,0.05,True,False,True,The passage develops a lived-experience frame by using target-linked concepts to interpret personal feelings and coping without a clinical frame.,managing ADHD is about witnessing what is real and then moving forward with the reality.,critic_batch_038_07.jsonl
llm_train_02818,0.01,0.01,,,False,,,Autism is mentioned only in a generic list of causes for which an organization seeks support.,"support of education and research to find a cure for causes including (but not limited to_: breast cancer, autism, traumatic brain injury",critic_batch_038_07.jsonl
llm_train_02819,0.15,0.15,,,False,,,"ADHD coaching is listed as one of many instructional supports in a generic service description, failing the Stage 0 threshold for substantive discourse.",Instruction may include reading decoding... ADHD coaching and math support.,critic_batch_038_07.jsonl
llm_train_02820,0.05,0.02,0.05,0.05,True,False,True,"The headline develops a lived-experience frame through family relationship and living arrangements, with the diagnosis functioning only as status.",Jax Taylor Supports Son Living With Him Forever After Autism Diagnosis,critic_batch_038_07.jsonl
llm_train_02821,0.92,0.02,0.95,0.02,True,True,True,"The title 'ADHD for AHPs' frames the target as a clinical/professional service object for Allied Health Professionals, while the question describes lived experience, necessitating a mixed label.","ADHD for AHPs webinars... What do you do when there are 500 useful and interesting things that you really, really want to do",critic_batch_038_08.jsonl
llm_train_02822,0.05,0.02,0.08,0.02,True,False,True,Correctly identifies the lived experience frame focused on neurodivergent identity and social misunderstanding in the workplace.,misunderstand those with neurodivergent perspectives in social interactions and in the workplace,critic_batch_038_08.jsonl
llm_train_02823,0.02,0.02,0.02,0.02,True,True,True,Correctly identifies both the clinical neurobiological explanation and the lived experience of workplace attraction and professional coaching.,"dopamine, a neurotransmitter associated with motivation... attracted to frenetic workplaces",critic_batch_038_08.jsonl
llm_train_02824,0.02,0.02,0.02,0.02,True,True,False,Correctly identifies the clinical framing of autism through prevalence statistics and association with chronic illness and disability.,"The numbers of children suffering with chronic illness and disability, including autism spectrum disorders, are increasing",critic_batch_038_08.jsonl
llm_train_02825,0.02,0.02,0.05,0.02,True,False,True,Correctly identifies the lived experience frame through the mother's perspective on discrimination and threats to support.,she felt angry and betrayed that essential supports for her son were under threat,critic_batch_038_08.jsonl
llm_train_02826,0.02,0.02,,,False,,,The passage is a contaminated extraction with incoherent phrasing such as 'High doses of children'.,High doses of children on the Autism spectrum of care,critic_batch_039_01.jsonl
llm_train_02827,0.02,0.02,0.02,0.02,True,False,True,Describes a specific accessibility scheme and support for public transport participation.,Orange Wallets will let transport staff know that people carrying it may need help with their journey,critic_batch_039_01.jsonl
llm_train_02828,0.02,0.02,0.02,0.02,True,True,False,Discusses ADHD medication interactions and physiological effects as clinical objects.,Anyone taking ADHD medication... stacking stimulants... unpredictable cardiovascular and psychological effects,critic_batch_039_01.jsonl
llm_train_02829,0.05,0.02,0.05,0.05,True,False,True,Foregrounds family experience and school participation challenges for a child with ADHD.,problems with our son who has ADHD. The public school system is not for everyone,critic_batch_039_01.jsonl
llm_train_02830,0.1,0.05,0.1,0.05,True,True,False,"Discusses institutional provision and documentation requirements for eligibility, managing targets as categories.",documentation requirements for Accessibility Services... Attention Deficit Hyperactivity Disorder (ADHD),critic_batch_039_01.jsonl
llm_train_02831,0.02,0.02,,,False,,,Target appears only as a theme in a list of marketing observances without a target-specific claim.,There’s National Grilled Cheese Day... Autism Awareness Month,critic_batch_039_01.jsonl
llm_train_02832,0.02,0.02,0.02,0.02,True,True,False,Develops a clinical and epidemiological claim about comorbidity and prevalence.,children who have both autism spectrum disorder and attention-deficit/hyperactivity disorder are 2. 7 times more likely,critic_batch_039_01.jsonl
llm_train_02833,0.15,0.1,0.1,0.15,True,True,False,Paragraph develops a clinical/demographic claim about symptoms and perception; lived-experience headers are thin.,Understanding ADHD Symptoms in Adult Women... frequently perceived as a youth condition,critic_batch_039_01.jsonl
llm_train_02834,0.02,0.02,,,False,,,Target is listed as one example in a broader list of media topics without a specific claim.,"covering issues of global importance, including cybersecurity... autism spectrum disorder",critic_batch_039_01.jsonl
llm_train_02835,0.05,0.02,0.05,0.05,True,False,True,"Describes collective action, funding, and community support for neurodiverse couples.",autism community... enabled us to form the Peter M. Friedman Neurodiverse Couples Institute,critic_batch_039_01.jsonl
llm_train_02836,0.01,0.01,0.01,0.01,True,True,False,The passage provides a detailed clinical definition and prevalence data from the DSM-5.,"”a persistent pattern of inattention... that interferes with functioning” (DSM-5, 2013)",critic_batch_039_02.jsonl
llm_train_02837,0.02,0.01,0.02,0.02,True,True,True,Discusses concrete institutional provision (IEP) and parental struggle with implementation at home.,parents are unable or unprepared to fully implement an Individualized Education Plan (IEP) their child may have at home,critic_batch_039_02.jsonl
llm_train_02838,0.01,0.01,0.01,0.01,True,True,False,Treats ADHD as an epidemiological and behavioral research object in the context of program effectiveness.,ADHD being more prevalent in middle-than high-income countries,critic_batch_039_02.jsonl
llm_train_02839,0.02,0.01,0.02,0.02,True,True,True,"Combines clinical treatment plans (therapy, meds) with lived accounts of struggling with daily routines.",therapy and medication are often part of a treatment plan... individuals with ADHD still struggle with daily routines,critic_batch_039_02.jsonl
llm_train_02840,0.01,0.01,0.01,0.01,True,True,False,Makes a clinical claim about causal factors (fluoridated water) based on research.,"Harvard research links fluoridated water to ADHD, mental disorders",critic_batch_039_02.jsonl
llm_train_02841,0.01,0.01,0.01,0.01,True,True,False,Describes a clinical research study using formal psychiatric assessments and neuroimaging.,"assessed 25 children with ADHD... using psychiatric interviews, the Wechsler Intelligence Scale",critic_batch_039_02.jsonl
llm_train_02842,0.01,0.01,0.01,0.01,True,True,False,Explicitly offers target-specific evidence-based clinical interventions.,specializes in working with... ADHD... incorporates strategies from multiple evidence-based modalities,critic_batch_039_02.jsonl
llm_train_02843,0.02,0.02,,,False,,,The target appears only in one headline within a list of unrelated news topics.,Idaho judge rules on Bryan Kohberger's autism,critic_batch_039_02.jsonl
llm_train_02844,0.02,0.01,0.02,0.02,True,False,True,Discusses social recognition and identity (misunderstood) without treating the target as a clinical object.,"Do you or a loved one have autism? ... Unfortunately, autism is still misunderstood.",critic_batch_039_02.jsonl
llm_train_02845,0.01,0.01,0.01,0.01,True,True,False,Presents the target as a neurobiological object of study (dopamine/neurons).,Someone with ADHD has difficulty passing dopamine from neuron to neuron.,critic_batch_039_02.jsonl
llm_train_02846,0.01,0.01,0.01,0.01,True,True,False,The passage provides a formal clinical definition of ASD and its characteristics without developing a lived-experience account.,Autism Spectrum Disorder is a neurodevelopmental disorder characterized by communication difficulties... and often by repetitive behaviors.,critic_batch_039_03.jsonl
llm_train_02847,0.01,0.01,,,False,,,"The target appears only in a professional focus list within a provider directory, which is non-substantive per Rule 5.3.",Clinical Focus - Autism Spectrum - ADD/ADHD,critic_batch_039_03.jsonl
llm_train_02848,0.05,0.01,0.05,0.01,True,False,True,"The speaker uses symptom-related language to interpret their own struggles and questions their self-control, fitting Rule 8.5 for lived experience.",I am struggling to differentiate ranging from ADHD episodes... Was control automatic if you have ADHD?,critic_batch_039_03.jsonl
llm_train_02849,0.01,0.01,0.01,0.01,True,False,True,The passage develops a lived-experience account of community participation and goal-reaching for an autistic teenager.,help a 17-year-old boy with autism reach his goal of competing on his high school's mountain biking team.,critic_batch_039_03.jsonl
llm_train_02850,0.02,0.01,0.01,0.01,True,False,True,The passage substantively discusses social isolation and the lack of public understanding as experienced by autistic people and their families.,only 16% of autistic people and their families feel the public understand them. That leaves them feeling socially isolated,critic_batch_039_03.jsonl
llm_train_02851,0.8,0.01,0.05,0.75,True,True,False,The passage is an institutional account of legal category expansion; the mention of exclusion is a policy justification rather than a developed lived account.,Under IDEA the generalized category of “Other health impairments” was expanded in 1997 to explicitly include children with ADD and ADHD,critic_batch_039_03.jsonl
llm_train_02852,0.02,0.02,,,False,,,A standard medical disclaimer stating that content is not a substitute for professional diagnosis is administrative and non-substantive per Rule 5.3.,Nor is it an alternative alternative to ADHD diagnosis or therapy.,critic_batch_039_03.jsonl
llm_train_02853,0.05,0.05,,,False,,,"The passage contains only media titles and professional identity/joining announcements, which are non-substantive per Rules 8.8 and 8.10.",Sibling Stories: Reflections on Life with a Brother or Sister on the Autism Spectrum... Valerie Adams joined the Autism Spectrum Therapies team,critic_batch_039_03.jsonl
llm_train_02854,0.05,0.02,0.02,0.02,True,False,True,"The passage discusses subjective core beliefs about ADHD as part of a first-person reflection, qualifying as lived experience.",sometimes people don’t want to let go of their core beliefs about ADHD,critic_batch_039_03.jsonl
llm_train_02855,0.01,0.01,0.01,0.01,True,False,True,The mention of a child's sensory preference (hating socks) in a practical caregiver guide fits the rule for substantive lived experience.,"if you know that your autistic child hates wearing socks, you can mention that in your letter of intent.",critic_batch_039_03.jsonl
llm_train_02856,0.02,0.01,0.01,0.02,True,True,True,The passage provides both a clinical causal explanation and a subjective account of emotional sensitivity.,especially those with ADHD may experience rejection sensitivity disorder. This is a result of the dysregulation of emotions.,critic_batch_039_04.jsonl
llm_train_02857,0.05,0.01,0.01,0.05,True,True,False,The passage focuses on the clinical assessment and diagnosis process without developing a substantive lived account.,doctor... said rather definitively that Wyatt did not have Autism and that while she couldn’t diagnosis him with ADHD... he would get that diagnosis,critic_batch_039_04.jsonl
llm_train_02858,0.1,0.1,0.05,0.01,True,True,False,The profile makes a substantive treatment claim about a class of psychiatric problems that explicitly includes ADHD.,"Whether the problem is psychiatric (anxiety, ... ADHD, ... autism ...) ... this integrative approach is effective",critic_batch_039_04.jsonl
llm_train_02859,0.01,0.01,0.01,0.01,True,True,False,The passage makes a substantive claim about how stress interferes with the performance of children with ADHD.,stress significantly interferes with a child’s ability to learn and perform in school.,critic_batch_039_04.jsonl
llm_train_02860,0.01,0.01,,,False,,,The passage contains only website names and book titles without any target-specific propositions.,Gina Pera has an excellent website at adhdrollercoaster. org ... the ADHD classic Driven to Distraction,critic_batch_039_04.jsonl
llm_train_02861,0.01,0.01,0.01,0.01,True,True,False,The researcher profile discusses clinical research and experimental therapeutics specifically for autism.,leader in the development of novel experimental therapeutics for autism spectrum disorders,critic_batch_039_04.jsonl
llm_train_02862,0.01,0.01,0.01,0.01,True,True,False,The drug information passage provides substantive clinical details about treating ADHD with medication.,Amphetamine and dextroamphetamine combination is used to treat attention-deficit hyperactivity disorder (ADHD),critic_batch_039_04.jsonl
llm_train_02863,0.15,0.1,0.1,0.01,True,True,False,The passage makes a substantive clinical claim about ADHD interfering with the effectiveness of a relaxation method.,"Also, some conditions such as ADHD or anxiety may interfere with this method’s effectiveness.",critic_batch_039_04.jsonl
llm_train_02864,0.02,0.01,0.01,0.01,True,True,False,The passage makes a substantive etiological claim linking internet use to the development of ADHD.,"more prone to developing mental health problems such as ADHD, anxiety, inattention",critic_batch_039_04.jsonl
llm_train_02865,0.05,0.05,,,False,,,The passage is a garbled commercial blurb dominated by sales metadata and incoherent extraction.,buy 20 mg adalat visa ... abstruse to predict which medicines in this genre may produce the greatest gain for the sake of a noted staunch with autism.,critic_batch_039_04.jsonl
llm_train_02866,0.01,0.01,,,False,,,The mention of ADHD is a thin biographical status mention unrelated to the primary topic of the passage.,probably ADHD (not that this is related),critic_batch_039_05.jsonl
llm_train_02867,0.05,0.05,,,False,,,The target appears only in a long list of news headlines without substantive development of any claim.,"Richfield approves resolutions on autism, intolerance - MCBDD suggests early detection key for autism",critic_batch_039_05.jsonl
llm_train_02868,0.95,0.95,,,True,False,True,The passage makes a substantive claim about sensory toys as a coping practice for a class including the target.,Sensory toys are particularly soothing for children with additional learning needs such as autism... bubble popper and other sensory toys can be a life saver,critic_batch_039_05.jsonl
llm_train_02869,0.05,0.05,0.05,0.1,True,True,False,The passage substantively discusses clinical diagnosis and treatment options; support groups are mentioned for their clinical utility.,diagnose ADHD and prescribe ADHD medication or do cognitive behavioural therapy,critic_batch_039_05.jsonl
llm_train_02870,0.05,0.05,0.05,0.1,True,True,False,The passage focuses on clinical diagnosis and professional assessment of Autism.,specialise in diagnosing and supporting adults with Autism Spectrum Disorder (ASD). Our experienced team offers comprehensive assessments,critic_batch_039_05.jsonl
llm_train_02871,0.1,0.05,0.1,0.1,True,True,True,The passage discusses both institutional provision/speciality training and the lived struggle of school enrollment.,massive numbers of kids with an Autistic Spectrum Dysfunction which can be having appreciable problem discovering a secondary college to enrol them.,critic_batch_039_05.jsonl
llm_train_02872,0.01,0.01,,,False,,,The target appears only in a generic list of conditions within a research-oriented context without a target-specific claim.,"bipolar disorder), attention deficit and obsessive-compulsive disorders",critic_batch_039_05.jsonl
llm_train_02873,0.05,0.05,0.1,0.05,True,False,True,The passage foregrounds the social/educational experience of the child and teacher focus; symptom language is used for self-explanation.,Teachers may focus on what your child doesn’t do well... challenging behaviours such as ADHD which can be disruptive in the classroom.,critic_batch_039_05.jsonl
llm_train_02874,0.01,0.01,0.01,0.05,True,True,False,The passage provides formal clinical definitions and mentions diagnostic assessment.,"neurodevelopmental behavioural disorder affecting 3-5% of the population characterised by 3 main components: hyperactivity, impulsivity and inattention.",critic_batch_039_05.jsonl
llm_train_02875,0.1,0.1,0.05,0.1,True,True,False,The passage makes a substantive claim about research into clinical treatments (omega-3s) for a class including the target.,Experts are researching potential effects of omega-3s on: ... attention deficit hyperactivity disorder (ADHD),critic_batch_039_05.jsonl
llm_train_02876,0.02,0.01,0.01,0.05,True,True,False,The passage focuses on ABA therapy as a clinical intervention; the mention of 'autism community' is generic and does not develop a lived account.,ABA Therapy focuses on comprehending and modifying behaviors... tailored to meet the unique needs... valuable resource in the autism community.,critic_batch_039_06.jsonl
llm_train_02877,0.15,0.02,0.02,0.2,True,True,False,The passage primarily seeks professional clinical management for ADHD symptoms; the family context justifies the clinical need rather than foregrounding lived experience.,"see a specialist for ADHD or a counselor... consult with a psychologist on how to deal with meltdowns that last for hours, or become violent",critic_batch_039_06.jsonl
llm_train_02878,0.01,0.01,0.01,0.01,True,True,False,The passage discusses scientific research into biological mechanisms and behavior as a research object.,Autism research finds link between this vitamin and serotonin production. Many scientists have speculated that... behavior... is related to low vitamin D,critic_batch_039_06.jsonl
llm_train_02879,0.18,0.15,0.1,0.05,True,True,False,"While the target is in a list, the passage makes a specific clinical claim regarding the treatment of food intolerances related to the condition.",advocates the use of sporebiotics for the treatment of food intolerances related to... autism,critic_batch_039_06.jsonl
llm_train_02880,0.01,0.01,,,False,,,"The target appears only in a long, generic list of conditions treated by the service, without any target-specific discourse.",Touch Therapy and Mindfulness assist with... Attention Deficit Disorder (ADD),critic_batch_039_06.jsonl
llm_train_02881,0.02,0.02,,,False,,,The target appears in a generic service list as an example of 'challenging issues' without further development.,"wellness center’s services include taking care of challenging issues such as ADHD and ADD, Autism",critic_batch_039_06.jsonl
llm_train_02882,0.05,0.05,0.02,0.02,True,True,False,"The passage reports a specific clinical research link between a factor and the condition, meeting the clinical frame criteria.",Harvard research links fluoridated water to ADHD,critic_batch_039_06.jsonl
llm_train_02883,0.01,0.01,0.01,0.01,True,True,False,"The passage is explicitly about clinical diagnosis, tests, and symptom evaluation.",Your Ultimate ADHD Diagnosis Guide What diagnostic tests and procedures should ADHD professionals use to evaluate symptoms?,critic_batch_039_06.jsonl
llm_train_02884,0.1,0.02,0.02,0.15,True,True,False,The focus is on clinical diagnostic accuracy and psychologist expertise; 'hiding their struggles' is a descriptive cue for diagnosis rather than a developed lived account.,expertise in ADHD and Autism testing... gold standard for accurately diagnosing... psychologists to spot conditions that are often missed,critic_batch_039_06.jsonl
llm_train_02885,0.05,0.02,0.05,0.02,True,True,True,"The passage combines clinical/institutional framing (diagnosis, services, federal law) with a clear family account of exclusion from social participation.",given the services required by federal law. Take the story of Dakota Kirksley... his mother was told he would not be allowed to return to school.,critic_batch_039_06.jsonl
llm_train_02886,0.02,0.01,0.01,0.01,True,True,False,"The passage describes professional expertise in assessing and managing Autism/ADHD, meeting the clinical frame criteria.","assessing and managing children with... ADHD, Autism",critic_batch_039_07.jsonl
llm_train_02887,0.05,0.01,0.02,0.03,True,True,True,"Evaluations are described as collaborative narratives of childhood experiences (lived), while being formal clinical assessments.",autism evaluations... help build a narrative (story) around the experiences you’ve had,critic_batch_039_07.jsonl
llm_train_02888,0.02,0.01,0.01,0.01,True,False,True,"The passage discusses internal experiences of concentration and individual variation, which is lived-experience discourse.","If you have ADHD, you may be able to concentrate if you’re interested in",critic_batch_039_07.jsonl
llm_train_02889,0.02,0.01,0.01,0.01,True,False,True,"Foregrounds personal feelings and coping with social confusion, clearly meeting the lived-experience definition.",understand his need for order and an outlet for the stress of dealing with people,critic_batch_039_07.jsonl
llm_train_02890,0.02,0.01,0.01,0.01,True,True,False,"Discusses neurobiological research, causes, and the disorder construct, fitting the clinical frame.","exploring the link between gut bacteria... and autism, a neurodevelopmental disorder",critic_batch_039_07.jsonl
llm_train_02891,0.05,0.01,0.02,0.03,True,True,True,"Discusses developmental support (clinical) alongside the practical, frustrating experience of using overstimulating apps (lived).","apps are difficult to use, overstimulating... provide the developmental support",critic_batch_039_07.jsonl
llm_train_02892,0.02,0.01,0.01,0.01,True,True,False,"Discusses medication (Ritalin) and symptom management for ADHD, which is purely clinical discourse.",Ritalin is commonly prescribed to treat attention deficit hyperactivity disorder (ADHD),critic_batch_039_07.jsonl
llm_train_02893,0.95,0.05,0.9,0.1,True,True,True,The menu list explicitly discusses diagnostic and treatment guidelines (clinical) alongside a family account of failing courses (lived).,Diagnostic & Treatment Guidelines... My daughter has ADHD... failed the course three times,critic_batch_039_07.jsonl
llm_train_02894,0.05,0.05,,,False,,,The target appears only as an event name (World Autism Awareness Day) in a long list of news headlines with no other discourse.,KiiT Int. School celebrates World Autism Awareness Day,critic_batch_039_07.jsonl
llm_train_02895,0.9,0.85,,,True,True,False,"Discusses 'nutritional treatments for ADHD' within a critical analysis of a journal, which is a substantive clinical claim.","articles (infomercials, really) pushing nutritional treatments for ADHD",critic_batch_039_07.jsonl
llm_train_02896,0.01,0.01,,,False,,,"The target term appears only within the name of an organization in a biographical professional history, which is non-substantive.",Policy Strategist for the Autism Society of Colorado,critic_batch_039_08.jsonl
llm_train_02897,0.01,0.01,,,False,,,"The target term is listed as one item in a long sequence of generic clinical and social service offerings, meeting the non-substantive list criteria.","divorce, grief/bereavement, autism, communication",critic_batch_039_08.jsonl
llm_train_02898,0.02,0.01,0.01,0.05,True,True,True,The passage combines a formal clinical definition of the disorder with an account of the practical obstacles faced by families.,developmental illness that causes difficulties... Families afflicted by autism encounter several obstacles,critic_batch_039_08.jsonl
llm_train_02899,0.01,0.01,,,False,,,"The target terms are used exclusively as labels for external links, organizations, and journals in a directory list.",Attention-Deficit Hyperactivity Disorder ADDA... ADHD Report,critic_batch_039_08.jsonl
llm_train_02900,0.02,0.01,0.02,0.01,True,False,True,The passage foregrounds the subjective sensory experiences and practical challenges of autistic children in a specific social setting.,"For many more autistic children, there are other challenges at the arena. The music is loud and the lights are bright.",critic_batch_039_08.jsonl
llm_train_02901,0.02,0.01,0.01,0.01,True,False,True,"The passage describes a concrete accessibility initiative (Quiet Afternoon), which constitutes substantive lived-experience discourse.",implementation of Quiet Afternoon each Wednesday from 3pm to 6pm,critic_batch_040_01.jsonl
llm_train_02902,0.08,0.08,,,False,,,"The target-specific claim appears only as a book title within a resource list, which is non-substantive under Rule 8.10 despite containing a coherent proposition.",Recommended books to support your child. 'I can be who I want to be even though I have ADHD!',critic_batch_040_01.jsonl
llm_train_02903,0.02,0.01,0.01,0.01,True,True,False,"The passage defines ADHD as a mental health condition and lists symptoms, which are clear clinical indicators.","ADHD is a mental health condition that ... often goes undiagnosed ... Distractability, poor listening and disorganization are just a few signs",critic_batch_040_01.jsonl
llm_train_02904,0.04,0.04,,,False,,,"The passage is an event notice for a talk without a target-specific claim beyond organization membership, which is non-substantive under Rule 8.10.",Jonathan Rourke ... will be talking for ADHD Embrace,critic_batch_040_01.jsonl
llm_train_02905,0.02,0.01,0.01,0.01,True,True,False,The discussion of health consequences and environmental causes (food coloring) constitutes clinical discourse.,Food coloring is linked to hyperactivity and ADHD ... health consequences,critic_batch_040_01.jsonl
llm_train_02906,0.02,0.01,0.01,0.01,True,True,False,The passage discusses epidemiological research into the causes and incidence of autism in specific communities.,investigate unknown causes ... such as high incidences of cancer or autism,critic_batch_040_01.jsonl
llm_train_02907,0.02,0.01,0.01,0.01,True,False,True,"The passage describes the everyday social experiences and school challenges of an autistic character, which is lived-experience discourse.",challenges of his first days of public school: making friends ... peek into the life of a sensitive autism-spectrum boy,critic_batch_040_01.jsonl
llm_train_02908,0.01,0.01,,,False,,,The target appears only as one item in a noisy list without any coherent target-specific claim.,"beneficiaries have been social movements ... philanthropy, ODD, and ADHD",critic_batch_040_01.jsonl
llm_train_02909,0.02,0.01,0.01,0.01,True,False,True,Autism is used to explain and contextualize social behavior and communication in a specific lived account.,wouldn't make eye contact (being autistic),critic_batch_040_01.jsonl
llm_train_02910,0.02,0.01,0.01,0.01,True,True,False,The passage explicitly offers clinical evaluation and care services for ADHD.,dedicated to the evaluation and care of children ... with ... ADHD,critic_batch_040_01.jsonl
llm_train_02911,0.85,0.85,0.8,0.8,False,,,"ADHD appears only in a generic list of conditions treated by a service, which is non-substantive according to the codebook's contrast pairs for services.","Additionally, they offer therapies for mental health conditions like ADHD, anxiety, bipolar disorder, and depression.",critic_batch_040_02.jsonl
llm_train_02912,0.85,0.85,0.8,0.8,False,,,"The target appears in a generic list of conditions managed by a service without a target-specific claim, matching non-qualifying examples in the codebook.","Behavior Disorders: Evaluation, consult, and management of Depression, ADHD, etc.",critic_batch_040_02.jsonl
llm_train_02913,0.75,0.05,0.1,0.75,True,True,False,The passage is a pedagogical guide for teachers and does not foreground the students' or families' subjective experience or social meaning as required for lived experience.,Teachers will learn research-based practices in reading and writing instruction; ideas for planning lessons... techniques for assessing students,critic_batch_040_02.jsonl
llm_train_02914,0.05,0.05,0.05,0.05,True,True,False,"The professional profile explains how the clinician treats the target using specific play-based interventions, which qualifies as substantive clinical discourse.","expertise is ... ADHD, and autism spectrum disorder through the use of play-based interventions",critic_batch_040_02.jsonl
llm_train_02915,0.05,0.05,,,False,,,"The passage is a generic list of resources and games, which the codebook defines as non-substantive.",ADHD Resources English & Spanish - Download the useful resources below,critic_batch_040_02.jsonl
llm_train_02916,0.1,0.1,,,False,,,The mention of the school is a thin biographical status mention that does not develop a target-specific proposition or account.,Benjamin attended the Pingree School for Autism,critic_batch_040_02.jsonl
llm_train_02917,0.05,0.05,,,False,,,"The passage is a long list of book titles and classroom resources, which is non-substantive according to the codebook.","Behavior Solutions for the Inclusive Classroom: A Handy Reference Guide That Explains Behaviors Associated with Autism, Asperger’s, ADHD",critic_batch_040_02.jsonl
llm_train_02918,0.95,0.95,,,True,True,False,"The headline makes a target-specific claim about institutional provision and residential places, which is substantive and clinical under the codebook.",Boarding schools urged to make room for bush students with autism,critic_batch_040_02.jsonl
llm_train_02919,0.05,0.05,0.1,0.05,True,False,True,"The show focuses on helping autistic people get work, which represents social participation and qualifies as lived experience.","EMPLOYABLE ME, A SHOW DESIGNED TO HELP PEOPLE WITH AUTISM GET WORK",critic_batch_040_02.jsonl
llm_train_02920,0.05,0.05,0.1,0.05,True,False,True,"The passage describes a practical system or strategy for participation in school, which qualifies as substantive lived experience.",So how can we make writing easier for students with ADHD? One step is to provide students a system,critic_batch_040_02.jsonl
llm_train_02921,0.85,0.85,0.7,0.2,False,,,"Target appears only in a list of qualifying conditions for a service, which is non-substantive per Rule 8.2.",medical conditions that qualify a person for medical marijuana treatment in Pennsylvania are: ... - Autism,critic_batch_040_03.jsonl
llm_train_02922,0.05,0.02,0.02,0.02,True,True,False,The passage makes a meaningful class-level clinical claim about onset that clearly applies to the target.,class covers a wide range of problems that usually begin in infancy or childhood ... Examples include autism spectrum disorder,critic_batch_040_03.jsonl
llm_train_02923,0.9,0.9,0.1,0.7,False,,,Thin biographical status mention that does not link the person's autism to a developed experiential account per Rule 8.4.,twins at opposite ends of the autism spectrum. Sam is a sophomore at Amherst College,critic_batch_040_03.jsonl
llm_train_02924,0.02,0.02,,,False,,,"Target appears within a list of news navigation headlines, which is non-substantive per Rule 5.3.",RFK Jr. claims new research effort will find cause of ‘autism epidemic’,critic_batch_040_03.jsonl
llm_train_02925,0.01,0.01,,,False,,,The passage contains only a brief mention without a coherent target-specific proposition.,ADHD? Or Anxiety?,critic_batch_040_03.jsonl
llm_train_02926,0.02,0.01,0.01,0.02,True,True,False,Passage substantively discusses clinical objects of diagnosis and referral.,lead to difficulty in diagnosis and referral,critic_batch_040_03.jsonl
llm_train_02927,0.05,0.02,0.02,0.05,True,True,False,Passage identifies a concrete institutional provision organized for autistic children per Rule 8.3.,providing support for children up to six years of age with an Autism Spectrum disorder (ASD),critic_batch_040_03.jsonl
llm_train_02928,0.05,0.02,0.05,0.02,True,False,True,Passage makes a substantive claim about target-specific strengths and abilities.,people suffering from Autism tend to have some kind of special strengths and abilities,critic_batch_040_03.jsonl
llm_train_02929,0.02,0.01,0.01,0.01,True,True,True,Passage independently discusses both a clinical deficit and a practical lived challenge.,find it difficult to recognize people's emotions ... doubly challenging in the COVID-19 era,critic_batch_040_03.jsonl
llm_train_02930,0.05,0.02,0.02,0.05,True,True,False,Describes a concrete institutional service (guide dog training) organized for autistic children per Rule 8.3.,trains guide dogs for the blind or disabled and children with autism spectrum disorder,critic_batch_040_03.jsonl
llm_train_02931,0.02,0.01,0.01,0.01,True,True,False,Correct; describes a clinical/instructional intervention (DTT/ABA) for autism.,DTT can be an extremely effective teaching strategy for children with autism spectrum disorders,critic_batch_040_04.jsonl
llm_train_02932,0.15,0.15,,,False,,,Correct; the passage is a contaminated extraction of truncated news snippets from various unrelated topics.,diagnosis of auti Artificial intelligence (AI) and machine learning technologies,critic_batch_040_04.jsonl
llm_train_02933,0.05,0.05,,,False,,,Correct; the target appears in a generic list of condition topics for a service event without a specific claim.,"Advice and support on ASC, ADHD, Speech and Language Therapy",critic_batch_040_04.jsonl
llm_train_02934,0.02,0.01,0.01,0.01,True,True,False,Correct; reports clinical research findings regarding medication safety and side effects.,methylphenidate does not increase the risk of psychotic episodes in patients,critic_batch_040_04.jsonl
llm_train_02935,0.08,0.02,0.05,0.03,True,False,True,"Correct; foregrounds inclusion, accessibility, and participation through the use of visual stories in Scouting.",Widgit developed a series of visual stories to support the understanding of some aspects of Scouting,critic_batch_040_04.jsonl
llm_train_02936,0.02,0.01,0.01,0.01,True,True,False,Correct; discusses clinical trials for pharmaceutical drug development targeting ADHD.,currently developing various therapies to treat... ADHD. They’re currently undergoing phase 2b clinical trials,critic_batch_040_04.jsonl
llm_train_02937,0.03,0.03,,,False,,,Correct; target mentions are restricted to organization names and article titles in a news summary list.,Leading Autism Organizations Release Joint Statement... Autistic Self Advocacy Network,critic_batch_040_04.jsonl
llm_train_02938,0.12,0.02,0.02,0.1,True,True,False,"Correct; focus is on the clinical status and diagnostic criteria, with thin caregiver detail.",She went from level two to no longer meeting diagnostic criteria.,critic_batch_040_04.jsonl
llm_train_02939,0.02,0.01,0.01,0.01,True,True,False,Correct; discusses clinical research into causation and symptom management.,"research... explaining how autism is triggered... possibly ways to alleviate the symptoms, too.",critic_batch_040_04.jsonl
llm_train_02940,0.01,0.01,,,False,,,"Correct; the extraction is incoherent and noisy, failing the substantive discourse gate.",Du Wei thought of the two Wars of adhd reddit cbd oil thousand years ago,critic_batch_040_04.jsonl
llm_train_02941,0.02,0.02,,,False,,,The passage is a contaminated extraction containing incoherent fragments and word salad.,quinine as a mexican secondary school,critic_batch_040_05.jsonl
llm_train_02942,0.05,0.01,0.03,0.05,True,True,False,ADHD is presented within a formal nosological classification of conditions and disabilities.,This classification encompasses conditions such as ADHD,critic_batch_040_05.jsonl
llm_train_02943,0.02,0.01,0.01,0.01,True,True,False,The passage discusses ADHD as a clinical condition for which medication is prescribed.,drugs are prescribed to treat mental illnesses like ADHD,critic_batch_040_05.jsonl
llm_train_02944,0.02,0.01,0.01,0.01,True,True,False,"The focus is on prevalence, developmental impact, and professional support requirements.",present in 1 in 68 adults,critic_batch_040_05.jsonl
llm_train_02945,0.02,0.01,0.01,0.01,True,True,False,ADHD is explicitly listed as a target for professional assessment and treatment services.,"These services may include assessment, treatment",critic_batch_040_05.jsonl
llm_train_02946,0.02,0.01,0.01,0.01,True,True,False,The passage discusses the disproved clinical link between vaccines and autism.,MMR vaccine could be linked to autism,critic_batch_040_05.jsonl
llm_train_02947,0.08,0.02,0.05,0.08,True,True,True,The passage combines a research focus with an investigation into family life and pandemic impact.,Assess the impact of pandemic restrictions on children and their families,critic_batch_040_05.jsonl
llm_train_02948,0.05,0.05,,,False,,,The target mention is a single headline within a long list of unrelated news topics.,Kennedy says HHS will determine the cause of autism,critic_batch_040_05.jsonl
llm_train_02949,0.02,0.01,0.01,0.01,True,True,False,The passage discusses ADHD through neurobiology and medication efficacy.,dysfunction in the brain that leads to a misdirection of neurotransmitters,critic_batch_040_05.jsonl
llm_train_02950,0.02,0.01,0.01,0.01,True,False,True,The passage develops a lived account of ADHD's interpersonal and emotional impact on relationships.,Non-ADHD partners often feel ignored or as though they need to parent,critic_batch_040_05.jsonl
llm_train_02951,0.01,0.01,0.01,0.01,True,True,False,"The passage discusses clinical research, prevalence, and treatment needs, which clearly fits the clinical frame.","revealed three per cent of the adult population are affected by ADHD, but nine out of ten adults are not receiving the treatments they need",critic_batch_040_06.jsonl
llm_train_02952,0.02,0.01,0.02,0.01,True,False,True,"The passage discusses the strengths and success of people with ADHD, which aligns with the lived-experience frame.","A variety of extremely successful people have dyslexia and/or ADHD, and... lead to their success",critic_batch_040_06.jsonl
llm_train_02953,0.05,0.05,,,False,,,"Per rule 8.10, article titles alone are non-substantive, and this target mention appears within a list of academic citations.",The impact of hurricane-related experiences on the stress levels... of parents of children of autism-spectrum disorder,critic_batch_040_06.jsonl
llm_train_02954,0.01,0.01,0.01,0.01,True,True,False,The passage is a direct offer of clinical assessment and treatment services for ADHD.,offers specialized outpatient assessment and treatment services for people... SUFFERING WITH ADHD,critic_batch_040_06.jsonl
llm_train_02955,0.01,0.01,,,False,,,"The target terms appear only as items in a generic list of conditions and issues, which is non-substantive per rule 5.3.",Refine Issues - ADHD - Addiction... Autism,critic_batch_040_06.jsonl
llm_train_02956,0.01,0.01,,,False,,,"The target mention is part of an organization name without any substantive claim, making it non-substantive per rule 5.3.",involved with... the local autism chapter,critic_batch_040_06.jsonl
llm_train_02957,0.02,0.02,,,False,,,The mention of research on autism is a thin biographical status mention without developing a substantive proposition.,on a trip to London and Copenhagen to present research on autism and ethics,critic_batch_040_06.jsonl
llm_train_02958,0.01,0.01,,,False,,,"The target term appears only in a list of topics or navigation tags, which is non-substantive per rule 5.3.","ADD, ADHD, Literacy, ESL, Special Ed",critic_batch_040_06.jsonl
llm_train_02959,0.08,0.05,0.05,0.05,True,False,True,"The passage promotes community support and sharing everyday tools/strategies, which meets the definition of lived experience.","ADHD Support Group... Share your reviews of products, tools, gadgets, apps, and websites",critic_batch_040_06.jsonl
llm_train_02960,0.1,0.1,,,False,,,"The target mention is part of a single article title within a broad list of headlines, making it non-substantive per rule 8.10.",Focusing on a child’s strengths can transform assessments – and help them thrive after an ADHD or autism diagnosis,critic_batch_040_06.jsonl
llm_train_02961,0.05,0.05,,,False,,,The target functions as a biographical status mention for a student without developing a target-specific account of the 'crazy eight' pattern.,diagnosed with ADHD,critic_batch_040_07.jsonl
llm_train_02962,0.01,0.01,,,False,,,The target appears only in a list of professional certifications without a target-specific claim.,Autism Spectrum Disorder specializations,critic_batch_040_07.jsonl
llm_train_02963,0.01,0.01,,,False,,,The target terms appear only in a generic list of conditions supported by the program.,"Autism, Aspergers... ADHD",critic_batch_040_07.jsonl
llm_train_02964,0.02,0.02,,,False,,,The passage is a collection of navigation tags and generic resource labels without developed target-specific discourse.,"practical strategies for ADHD therapy, or breakthroughs in developmental delay treatments",critic_batch_040_07.jsonl
llm_train_02965,0.05,0.05,0.05,0.05,True,True,False,Discussing whether ADHD is an 'actual medical condition' constitutes a substantive clinical/nosological discourse.,believe that a range of mental health problems – from schizophrenia to ADHD – are actual medical conditions,critic_batch_040_07.jsonl
llm_train_02966,0.05,0.05,0.05,0.05,True,True,False,The passage identifies a concrete institutional provision organized specifically for autistic children.,working with the Autism Program at Yonkers Public Schools for the last 12 years,critic_batch_040_07.jsonl
llm_train_02967,0.85,0.85,0.1,0.8,False,,,The biography contains only a thin status mention and a generic achievement quote without developing a target-specific account of experience.,Joseph Bilbow aka ScubaDiverJoe is a PADI Divemaster with ADHD and Autism.,critic_batch_040_07.jsonl
llm_train_02968,0.02,0.02,0.02,0.02,True,False,True,The call for understanding and sharing stories foregrounds lived experience and social meaning.,increase understanding and acceptance of autistic people is by sharing their stories,critic_batch_040_07.jsonl
llm_train_02969,0.1,0.05,0.15,0.05,True,False,True,The passage foregrounds a subjective life account; diagnosis is mentioned as context for social understanding rather than as a clinical object.,bravely open up about her life with autism... better understanding around women and girls and their diagnoses,critic_batch_040_07.jsonl
llm_train_02970,0.02,0.02,0.02,0.02,True,True,False,The passage presents ADHD as a research object with specific epidemiological markers and predictors.,"ADHD traits predicted the pattern even more strongly, with around 70 percent of ADHD participants showing markers",critic_batch_040_07.jsonl
llm_train_02971,0.12,0.1,0.05,0.02,True,True,False,"The passage specifies concrete professional services (assessments and training) for ADHD, which qualifies as a clinical frame under the professional profile rule.","ADHD, Behavioral and Adaptive Functioning Assessments / Case Management and Home Based Behavioural Training",critic_batch_040_08.jsonl
llm_train_02972,0.02,0.01,0.01,0.01,True,True,False,Correctly identifies research-oriented discourse discussing genetics and clinical comorbidities as a clinical frame.,researchers speculate that their findings might be related to genetic factors or sensory processing difficulties,critic_batch_040_08.jsonl
llm_train_02973,0.02,0.01,0.01,0.01,True,False,True,"Correctly identifies a detailed experiential account of parenting, emotional distress, and social stigma as lived experience.",mama bear hold praying for strength... feel the sting of uncomfortable gazes from other parents,critic_batch_040_08.jsonl
llm_train_02974,0.02,0.01,0.01,0.01,True,True,False,Correctly identifies a clear commercial proposition for clinical ADHD diagnosis and treatment.,clinicians who are vetted to have experience with diagnosing and treating ADHD,critic_batch_040_08.jsonl
llm_train_02975,0.15,0.1,0.02,0.08,True,False,True,"Correctly identifies practical advocacy/support advice as lived experience, though the brevity of the passage makes it a minor boundary case.",shared helpful questions parents of kids with ADHD can use to make sure they are well-supported,critic_batch_040_08.jsonl
llm_train_02976,0.01,0.01,0.01,0.01,True,True,False,The passage provides a formal clinical definition and description of ASD as a disorder affecting the nervous system.,Autism spectrum disorder (ASD) is a problem that affects a child’s nervous system and growth and development.,critic_batch_041_01.jsonl
llm_train_02977,0.02,0.02,,,False,,,The target terms appear only as items in a list of course topics within a promotional package blurb.,"package is made up of 5 five-hour online courses addressing... autism, ADHD",critic_batch_041_01.jsonl
llm_train_02978,0.01,0.01,0.01,0.01,True,False,True,The passage develops a first-person account of lived experience and community building; diagnosis is status only.,I began making video skits telling my story of being Autistic,critic_batch_041_01.jsonl
llm_train_02979,0.01,0.01,0.01,0.01,True,True,False,"The passage discusses recognizing symptoms and seeking medical assessment, treating ADHD as a clinical object.",teachers will often be the 1st to acknowledge ADHD signs or symptoms. Many times lecturers advise parents to have their child tested,critic_batch_041_01.jsonl
llm_train_02980,0.03,0.03,,,False,,,The passage is a list of news headlines where the target appears in titles without further substantive claims.,RFK Jr. ’s ‘Autism Registry’ Plan Sparks Backlash,critic_batch_041_01.jsonl
llm_train_02981,0.05,0.02,0.04,0.06,True,True,False,The passage describes visual processing symptoms and clinical needs; comfort/daily activities are mentioned as clinical impacts.,"visual processing differences, sensitivity to light, or difficulty communicating symptoms",critic_batch_041_01.jsonl
llm_train_02982,0.01,0.01,0.01,0.01,True,True,False,"The passage discusses diagnostic definitions, spectrum categorization, and institutional special needs funding.","The definition of autism has broadened to be considered ""autism spectrum disorder""... special needs category called G",critic_batch_041_01.jsonl
llm_train_02983,0.04,0.02,0.03,0.05,True,False,True,"The passage interprets a person's traits through a possible autism identity, foregrounding ways of being.","I have no idea how much that factors into her fearlessness, her ability to be as weird as she wants to be.",critic_batch_041_01.jsonl
llm_train_02984,0.01,0.01,0.01,0.01,True,False,True,"A first-person account detailing employment, training, and awareness activities related to autism.",I am Johnny Jacob and a person in the Autism Spectrum. I did Employability Training... I was employed at a Café,critic_batch_041_01.jsonl
llm_train_02985,0.01,0.01,0.01,0.01,True,False,True,The passage foregrounds the emotional and practical caregiver experience of supporting an autistic daughter.,"writing about life supporting an autistic trans daughter, which can make one feel really, really alone.",critic_batch_041_01.jsonl
llm_train_02986,0.02,0.01,0.02,0.05,True,True,False,"The passage discusses coaching as a professional service/intervention and mentions groundbreaking research, supporting the clinical frame.","coaching research studies... designed specifically for coaching students... living with ASD, ADHD",critic_batch_041_02.jsonl
llm_train_02987,0.01,0.0,0.01,0.0,True,True,False,"The text discusses CBD in the context of physiological markers, mutations, and medical studies, which are clear clinical indicators.",Anandamide levels... familial mutations... medical-related study looking into link between CBD found in people suffering from autism,critic_batch_041_02.jsonl
llm_train_02988,0.02,0.0,0.02,0.05,True,True,False,"ADHD coaching is presented as an intervention to mitigate impairment and executive function deficit, fitting the clinical frame definition.","mitigate the effects of executive function deficit, which is a typical impairment for people with ADHD",critic_batch_041_02.jsonl
llm_train_02989,0.15,0.05,0.15,0.1,True,True,False,"While borderline, suggesting a different approach based on diagnosis treats the target as a professional management/service object.","Clients with ADHD, dyslexia, autism... will possibly require a different approach... Consider asking if they’ve been diagnosed",critic_batch_041_02.jsonl
llm_train_02990,0.02,0.0,0.02,0.02,True,True,True,"Clinical frame is present through the diagnosis-based assessment of capacity, and lived experience through family advocacy and achievement.",diagnosed learning challenges and ADHD meant French was a frill... parents pushed back... Sydney got her bilingual certificate,critic_batch_041_02.jsonl
llm_train_02991,0.05,0.01,0.1,0.05,True,False,True,The passage foregrounds the subjective feeling of being overwhelmed and the practical navigation of everyday life as an adult.,feeling overwhelmed and unsure of what steps to take... Navigating your ADHD can be a tricky situation,critic_batch_041_02.jsonl
llm_train_02992,0.01,0.01,,,False,,,"The passage is incoherent, contaminated by pharmaceutical spam, and does not contain a coherent target-specific proposition.",He talks to thewaitress... where To Purchase Nimodipine... if there any Human is the your child that ADHD,critic_batch_041_02.jsonl
llm_train_02993,0.95,0.95,0.1,0.05,False,,,The passage is dominated by casino SEO/spam metadata; the brief ADHD health claim does not make it substantive under Rule 5.3.,treasure island casino mn room rates... memory card... casino runner hiring... poor working memory related to ADHD,critic_batch_041_02.jsonl
llm_train_02994,0.01,0.0,0.01,0.0,True,True,False,"The discourse is purely clinical, discussing diagnosis, symptoms, and transdiagnostic irritability in a professional/research context.",primary diagnosis of an autism spectrum disorder... symptoms associated with autism... irritability is transdiagnostic,critic_batch_041_02.jsonl
llm_train_02995,0.05,0.01,0.05,0.1,True,True,True,Clinical frame covers the epidemiological claim of skyrocketing disorders; lived experience covers parents' emotional state and concern.,"Autism and other childhood disorders... skyrocketed... parents are understandably nervous, desperate for objective guidance",critic_batch_041_02.jsonl
llm_train_02996,0.02,0.01,0.05,0.01,True,False,True,"The passage develops a concrete family-experience account of managing everyday difficulties, which meets the lived-experience definition.",showing the difficulty that she has trying to calm her autistic son down when he’s having a tantrum,critic_batch_041_03.jsonl
llm_train_02997,0.05,0.05,,,False,,,"Autism appears only as a topic in a professional list, which is non-substantive under the codebook.","teaches nationally and internationally on sensory integration, autism, Fragile X, and related topics",critic_batch_041_03.jsonl
llm_train_02998,0.01,0.01,0.01,0.01,True,True,False,"The passage discusses tailored interventions and symptom management, which are core indicators of the clinical frame.","Tailored interventions help individuals with ADHD improve their focus, manage symptoms",critic_batch_041_03.jsonl
llm_train_02999,0.01,0.01,0.01,0.01,True,False,True,"The passage emphasizes advocacy, peer support, sharing stories, and reducing stigma, all of which define the lived-experience frame.",advocacy support... convene with others going through ADHD challenges... share stories with those who understand the wild ADHD life,critic_batch_041_03.jsonl
llm_train_03000,0.9,0.9,,,True,True,False,"The passage identifies the coordination of a new Integrated Autism Service (IAS) in Wales, which is a concrete institutional arrangement.",coordinating the development of a new Integrated Autism Service (IAS) in Wales,critic_batch_041_03.jsonl
