lsc_year,analysis_unit,frame_stratum,collocate,occurrences,arousal,valence,documents,occurrence_share,weighted_arousal_contribution,total_matches_for_unit_year_frame
2014,ADHD,clinical_only,child,188,-0.0020000000000000018,0.7689999999999999,150,0.04354876071345842,-0.37600000000000033,4317
2014,ADHD,clinical_only,add,106,-0.105,0.29000000000000004,89,0.024554088487375492,-11.129999999999999,4317
2014,ADHD,clinical_only,disorder,84,0.53,-0.675,72,0.019457956914523976,44.52,4317
2014,ADHD,clinical_only,autism,80,0.0,-0.53,73,0.018531387537641882,0.0,4317
2014,ADHD,clinical_only,diagnose,78,-0.035500000000000004,-0.45550000000000007,68,0.018068102849200834,-2.769,4317
2014,ADHD,clinical_only,medication,69,-0.12199999999999998,0.23,57,0.015983321751216122,-8.418,4317
2014,ADHD,clinical_only,treat,66,0.142,0.146,60,0.015288394718554551,9.372,4317
2014,ADHD,clinical_only,symptom,62,0.058,-0.24,53,0.014361825341672458,3.596,4317
2014,ADHD,clinical_only,diagnosis,55,0.0,0.142,53,0.012740328932128793,0.0,4317
2014,ADHD,clinical_only,adult,54,-0.018,0.63,40,0.01250868658790827,-0.972,4317
2014,ADHD,clinical_only,depression,48,0.04,-0.9380000000000001,48,0.011118832522585128,1.92,4317
2014,ADHD,clinical_only,drug,48,0.5419999999999999,-0.6656666666666666,43,0.011118832522585128,26.016,4317
2014,ADHD,clinical_only,include,40,-0.18066666666666667,0.45933333333333337,39,0.009265693768820941,-7.226666666666667,4317
2014,ADHD,clinical_only,treatment,40,-0.22800000000000004,0.326,36,0.009265693768820941,-9.120000000000001,4317
2014,ADHD,clinical_only,people,37,-0.15000000000000002,0.198,36,0.00857076673615937,-5.550000000000001,4317
2014,ADHD,lived_only,child,38,-0.0020000000000000018,0.7689999999999999,33,0.0425531914893617,-0.07600000000000007,893
2014,ADHD,lived_only,diagnose,24,-0.035500000000000004,-0.4555,23,0.026875699888017916,-0.8520000000000001,893
2014,ADHD,lived_only,autism,14,0.0,-0.53,14,0.015677491601343786,0.0,893
2014,ADHD,lived_only,son,14,-0.27,0.584,13,0.015677491601343786,-3.7800000000000002,893
2014,ADHD,lived_only,parent,13,-0.286,0.624,12,0.014557670772676373,-3.7179999999999995,893
2014,ADHD,lived_only,add,12,-0.105,0.29000000000000004,12,0.013437849944008958,-1.26,893
2014,ADHD,lived_only,adult,11,-0.018,0.63,8,0.012318029115341545,-0.19799999999999998,893
2014,ADHD,lived_only,dyslexia,11,-0.167,-0.667,11,0.012318029115341545,-1.8370000000000002,893
2014,ADHD,lived_only,diagnosis,10,0.0,0.142,10,0.011198208286674132,0.0,893
2014,ADHD,lived_only,kid,10,0.052000000000000005,0.4793333333333334,10,0.011198208286674132,0.52,893
2014,ADHD,lived_only,learn disability,10,0.174,-0.5,9,0.011198208286674132,1.7399999999999998,893
2014,ADHD,lived_only,syndrome,9,0.02,-0.542,9,0.010078387458006719,0.18,893
2014,ADHD,lived_only,disorder,7,0.53,-0.675,6,0.007838745800671893,3.71,893
2014,ADHD,lived_only,help,7,-0.058,0.346,7,0.007838745800671893,-0.406,893
2014,ADHD,lived_only,anxiety,6,0.73,-0.7079999999999999,6,0.006718924972004479,4.38,893
2014,ADHD,mixed,child,27,-0.0020000000000000018,0.7689999999999999,21,0.0481283422459893,-0.05400000000000005,561
2014,ADHD,mixed,diagnose,16,-0.035500000000000004,-0.4555,16,0.0285204991087344,-0.5680000000000001,561
2014,ADHD,mixed,disorder,11,0.53,-0.675,11,0.0196078431372549,5.83,561
2014,ADHD,mixed,medication,11,-0.12200000000000001,0.23,11,0.0196078431372549,-1.342,561
2014,ADHD,mixed,adult,10,-0.018,0.63,9,0.017825311942959002,-0.18,561
2014,ADHD,mixed,symptom,10,0.05800000000000001,-0.24,9,0.017825311942959002,0.5800000000000001,561
2014,ADHD,mixed,autism,8,0.0,-0.53,8,0.0142602495543672,0.0,561
2014,ADHD,mixed,add,7,-0.105,0.29000000000000004,7,0.012477718360071301,-0.735,561
2014,ADHD,mixed,help,6,-0.058,0.3459999999999999,6,0.0106951871657754,-0.34800000000000003,561
2014,ADHD,mixed,behavior,5,-0.11600000000000002,0.188,5,0.008912655971479501,-0.5800000000000001,561
2014,ADHD,mixed,diagnosis,5,0.0,0.142,5,0.008912655971479501,0.0,561
2014,ADHD,mixed,family,5,-0.4085,0.8845000000000001,5,0.008912655971479501,-2.0425,561
2014,ADHD,mixed,like,5,0.08024999999999999,0.77225,5,0.008912655971479501,0.40124999999999994,561
2014,ADHD,mixed,age,4,-0.519,-0.22499999999999998,4,0.0071301247771836,-2.076,561
2014,ADHD,mixed,center,4,-0.538,0.286,4,0.0071301247771836,-2.152,561
2014,ADHD,substantive_core_overall,child,253,-0.0020000000000000018,0.7689999999999999,195,0.043839889100675794,-0.5060000000000004,5771
2014,ADHD,substantive_core_overall,add,125,-0.105,0.29000000000000004,105,0.02166002425922717,-13.125,5771
2014,ADHD,substantive_core_overall,diagnose,118,-0.035500000000000004,-0.4555,105,0.02044706290071045,-4.189,5771
2014,ADHD,substantive_core_overall,autism,102,0.0,-0.53,93,0.01767457979552937,0.0,5771
2014,ADHD,substantive_core_overall,disorder,102,0.53,-0.675,89,0.01767457979552937,54.06,5771
2014,ADHD,substantive_core_overall,medication,80,-0.122,0.23000000000000004,67,0.01386241552590539,-9.76,5771
2014,ADHD,substantive_core_overall,symptom,77,0.058,-0.24000000000000002,67,0.013342574943683938,4.466,5771
2014,ADHD,substantive_core_overall,adult,75,-0.018,0.63,56,0.012996014555536303,-1.3499999999999999,5771
2014,ADHD,substantive_core_overall,diagnosis,70,0.0,0.142,68,0.012129613585167216,0.0,5771
2014,ADHD,substantive_core_overall,treat,70,0.142,0.146,64,0.012129613585167216,9.94,5771
2014,ADHD,substantive_core_overall,depression,56,0.04,-0.938,55,0.009703690868133772,2.24,5771
2014,ADHD,substantive_core_overall,drug,53,0.5419999999999999,-0.6656666666666666,46,0.00918385028591232,28.725999999999996,5771
2014,ADHD,substantive_core_overall,treatment,47,-0.22800000000000004,0.326,43,0.008144169121469416,-10.716000000000001,5771
2014,ADHD,substantive_core_overall,include,44,-0.18066666666666667,0.45933333333333337,43,0.007624328539247964,-7.949333333333334,5771
2014,ADHD,substantive_core_overall,people,44,-0.15000000000000002,0.19799999999999998,43,0.007624328539247964,-6.600000000000001,5771
2014,Autism,clinical_only,disorder,610,0.53,-0.675,480,0.05661778355299796,323.3,10774
2014,Autism,clinical_only,child,482,-0.0020000000000000018,0.7689999999999999,398,0.044737330610729535,-0.9640000000000009,10774
2014,Autism,clinical_only,cause,168,-0.107,-0.187,149,0.015593094486727306,-17.976,10774
2014,Autism,clinical_only,vaccine,117,0.04,0.0,85,0.010859476517542231,4.68,10774
2014,Autism,clinical_only,link,98,-0.472,-0.146,90,0.009095971783924262,-46.256,10774
2014,Autism,clinical_only,developmental,96,0.6670000000000001,0.7040000000000001,86,0.008910339706701319,64.03200000000001,10774
2014,Autism,clinical_only,study,94,0.0003333333333333337,0.47333333333333333,83,0.008724707629478374,0.031333333333333366,10774
2014,Autism,clinical_only,diagnose,88,-0.035500000000000004,-0.4555,79,0.008167811397809541,-3.1240000000000006,10774
2014,Autism,clinical_only,research,88,0.326,0.266,75,0.008167811397809541,28.688000000000002,10774
2014,Autism,clinical_only,affect,87,0.14300000000000002,-0.192,65,0.008074995359198069,12.441,10774
2014,Autism,clinical_only,treatment,83,-0.22799999999999998,0.326,73,0.0077037312047521815,-18.924,10774
2014,Autism,clinical_only,disability,80,-0.036,-0.8539999999999999,70,0.007425283088917765,-2.88,10774
2014,Autism,clinical_only,people,80,-0.15000000000000002,0.198,67,0.007425283088917765,-12.000000000000002,10774
2014,Autism,clinical_only,new,78,-0.11399999999999999,0.48600000000000004,69,0.007239651011694821,-8.892,10774
2014,Autism,clinical_only,include,70,-0.18066666666666667,0.45933333333333337,66,0.006497122702803044,-12.646666666666667,10774
2014,Autism,lived_only,child,219,-0.0020000000000000018,0.7689999999999999,190,0.05089472461073669,-0.4380000000000004,4303
2014,Autism,lived_only,son,78,-0.27,0.584,75,0.01812688821752266,-21.060000000000002,4303
2014,Autism,lived_only,people,74,-0.15000000000000002,0.198,56,0.017197304206367652,-11.100000000000001,4303
2014,Autism,lived_only,disorder,71,0.53,-0.675,61,0.016500116198001395,37.63,4303
2014,Autism,lived_only,spectrum,53,0.4000000000000001,-0.376,50,0.012316988147803859,21.200000000000003,4303
2014,Autism,lived_only,syndrome,51,0.02,-0.542,42,0.011852196142226355,1.02,4303
2014,Autism,lived_only,diagnose,45,-0.035500000000000004,-0.45550000000000007,42,0.010457820125493842,-1.5975000000000001,4303
2014,Autism,lived_only,disability,41,-0.036,-0.8539999999999999,41,0.009528236114338834,-1.476,4303
2014,Autism,lived_only,kid,39,0.052,0.4793333333333334,39,0.00906344410876133,2.028,4303
2014,Autism,lived_only,parent,39,-0.286,0.624,38,0.00906344410876133,-11.154,4303
2014,Autism,lived_only,year old,39,-0.219,-0.3,37,0.00906344410876133,-8.541,4303
2014,Autism,lived_only,student,36,-0.364,0.268,35,0.008366256100395073,-13.104,4303
2014,Autism,lived_only,adult,35,-0.018,0.63,31,0.008133860097606322,-0.63,4303
2014,Autism,lived_only,family,35,-0.4085,0.8845000000000001,34,0.008133860097606322,-14.2975,4303
2014,Autism,lived_only,awareness,34,-0.156,0.368,28,0.007901464094817569,-5.304,4303
2014,Autism,mixed,child,127,-0.0020000000000000018,0.7689999999999999,112,0.05276277523888658,-0.2540000000000002,2407
2014,Autism,mixed,disorder,85,0.53,-0.675,74,0.035313668466971336,45.050000000000004,2407
2014,Autism,mixed,people,29,-0.15000000000000002,0.198,25,0.012048192771084338,-4.3500000000000005,2407
2014,Autism,mixed,disability,27,-0.036,-0.854,24,0.011217282924802658,-0.972,2407
2014,Autism,mixed,family,25,-0.4084999999999999,0.8845000000000001,18,0.01038637307852098,-10.212499999999999,2407
2014,Autism,mixed,center,23,-0.538,0.286,17,0.009555463232239303,-12.374,2407
2014,Autism,mixed,diagnose,21,-0.035500000000000004,-0.4555,20,0.008724553385957623,-0.7455,2407
2014,Autism,mixed,include,21,-0.18066666666666667,0.45933333333333337,21,0.008724553385957623,-3.794,2407
2014,Autism,mixed,individual,21,-0.346,0.254,20,0.008724553385957623,-7.265999999999999,2407
2014,Autism,mixed,work,21,0.07666666666666667,0.48999999999999994,19,0.008724553385957623,1.61,2407
2014,Autism,mixed,condition,19,-0.11399999999999999,-0.009500000000000001,16,0.007893643539675945,-2.166,2407
2014,Autism,mixed,parent,19,-0.286,0.624,18,0.007893643539675945,-5.433999999999999,2407
2014,Autism,mixed,spectrum,19,0.4,-0.376,15,0.007893643539675945,7.6000000000000005,2407
2014,Autism,mixed,developmental,18,0.667,0.704,15,0.007478188616535106,12.006,2407
2014,Autism,mixed,son,18,-0.27,0.584,16,0.007478188616535106,-4.86,2407
2014,Autism,substantive_core_overall,child,828,-0.0020000000000000018,0.769,672,0.04735758407687028,-1.6560000000000015,17484
2014,Autism,substantive_core_overall,disorder,766,0.53,-0.675,597,0.04381148478609014,405.98,17484
2014,Autism,substantive_core_overall,cause,184,-0.107,-0.187,162,0.01052390757263784,-19.688,17484
2014,Autism,substantive_core_overall,people,183,-0.15000000000000002,0.198,143,0.010466712422786548,-27.450000000000003,17484
2014,Autism,substantive_core_overall,diagnose,154,-0.035500000000000004,-0.4555,140,0.008808053077099061,-5.4670000000000005,17484
2014,Autism,substantive_core_overall,disability,148,-0.036,-0.854,130,0.008464882177991306,-5.327999999999999,17484
2014,Autism,substantive_core_overall,spectrum,137,0.4,-0.376,123,0.007835735529627087,54.800000000000004,17484
2014,Autism,substantive_core_overall,developmental,131,0.667,0.704,117,0.007492564630519332,87.37700000000001,17484
2014,Autism,substantive_core_overall,syndrome,131,0.02,-0.542,118,0.007492564630519332,2.62,17484
2014,Autism,substantive_core_overall,vaccine,128,0.04,0.0,96,0.0073209791809654545,5.12,17484
2014,Autism,substantive_core_overall,affect,118,0.14300000000000002,-0.19199999999999998,85,0.006749027682452528,16.874000000000002,17484
2014,Autism,substantive_core_overall,son,110,-0.27,0.584,101,0.006291466483642187,-29.700000000000003,17484
2014,Autism,substantive_core_overall,link,108,-0.472,-0.146,97,0.0061770761839396015,-50.976,17484
2014,Autism,substantive_core_overall,study,107,0.00033333333333333365,0.47333333333333333,95,0.006119881034088309,0.0356666666666667,17484
2014,Autism,substantive_core_overall,research,105,0.326,0.266,90,0.006005490734385724,34.230000000000004,17484
2014,frustration,unframed_baseline,express,696,0.24600000000000002,0.52,677,0.01882607519610495,171.216,36970
2014,frustration,unframed_baseline,anger,675,0.634,-0.821,642,0.01825804706518799,427.95,36970
2014,frustration,unframed_baseline,feel,327,-0.10133333333333334,0.5006666666666667,317,0.008845009467135515,-33.136,36970
2014,frustration,unframed_baseline,cause,312,-0.107,-0.187,309,0.008439275087909115,-33.384,36970
2014,frustration,unframed_baseline,time,272,-0.14425,0.057499999999999996,265,0.0073573167433053826,-39.236,36970
2014,frustration,unframed_baseline,lead,263,0.31379999999999997,0.06260000000000002,256,0.007113876115769543,82.5294,36970
2014,frustration,unframed_baseline,understand,259,-0.254,0.6033333333333334,257,0.00700568028130917,-65.786,36970
2014,frustration,unframed_baseline,lot,230,-0.368,0.135,213,0.0062212604814714636,-84.64,36970
2014,frustration,unframed_baseline,source,197,-0.364,0.48000000000000004,196,0.005328644847173384,-71.708,36970
2014,frustration,unframed_baseline,experience,191,0.252,0.594,188,0.0051663510954828235,48.132,36970
2014,frustration,unframed_baseline,come,176,-0.204,0.17666666666666667,172,0.0047606167162564245,-35.903999999999996,36970
2014,frustration,unframed_baseline,people,167,-0.15000000000000002,0.198,165,0.004517176088720584,-25.050000000000004,36970
2014,frustration,unframed_baseline,confusion,166,0.334,-0.49000000000000005,160,0.004490127130105491,55.444,36970
2014,frustration,unframed_baseline,grow,164,0.28300000000000003,0.48433333333333334,161,0.004436029212875304,46.412000000000006,36970
2014,frustration,unframed_baseline,know,161,-0.21500000000000002,0.3655,160,0.004354882337030025,-34.615,36970
2014,loneliness,unframed_baseline,isolation,161,-0.324,-0.604,149,0.015187246486180549,-52.164,10601
2014,loneliness,unframed_baseline,life,125,0.23,0.836,122,0.011791340439581171,28.75,10601
2014,loneliness,unframed_baseline,feel,121,-0.10133333333333334,0.5006666666666667,119,0.011414017545514575,-12.261333333333335,10601
2014,loneliness,unframed_baseline,depression,110,0.04,-0.938,108,0.01037637958683143,4.4,10601
2014,loneliness,unframed_baseline,love,97,0.154,0.846,92,0.009150080181114989,14.938,10601
2014,loneliness,unframed_baseline,fear,93,0.48,-0.7505,85,0.008772757287048391,44.64,10601
2014,loneliness,unframed_baseline,lead,87,0.31379999999999997,0.06260000000000002,87,0.008206772945948496,27.300599999999996,10601
2014,loneliness,unframed_baseline,pain,84,0.292,-0.8273333333333335,79,0.007923780775398548,24.528,10601
2014,loneliness,unframed_baseline,sense,75,0.0835,0.281,74,0.007074804263748703,6.2625,10601
2014,loneliness,unframed_baseline,experience,70,0.252,0.594,68,0.006603150646165456,17.64,10601
2014,loneliness,unframed_baseline,affective,68,0.667,0.667,61,0.006414489199132158,45.356,10601
2014,loneliness,unframed_baseline,frustration,67,0.46,-0.88,67,0.006320158475615508,30.82,10601
2014,loneliness,unframed_baseline,anxiety,63,0.73,-0.708,61,0.00594283558154891,45.99,10601
2014,loneliness,unframed_baseline,time,60,-0.14425,0.057499999999999996,58,0.005659843410998963,-8.655,10601
2014,loneliness,unframed_baseline,sadness,56,-0.424,-0.896,55,0.005282520516932365,-23.744,10601
2014,sadness,unframed_baseline,anger,459,0.634,-0.821,429,0.023860269272755627,291.00600000000003,19237
2014,sadness,unframed_baseline,feel,408,-0.10133333333333333,0.5006666666666667,381,0.021209128242449447,-41.344,19237
2014,sadness,unframed_baseline,great,315,0.20733333333333334,0.7066666666666667,305,0.01637469459894994,65.31,19237
2014,sadness,unframed_baseline,deep,274,-0.4645,0.23999999999999996,259,0.014243385143213598,-127.27300000000001,19237
2014,sadness,unframed_baseline,fear,249,0.48000000000000004,-0.7505,234,0.012943806206789,119.52000000000001,19237
2014,sadness,unframed_baseline,joy,212,0.3785,0.9704999999999999,208,0.011020429380880594,80.242,19237
2014,sadness,unframed_baseline,loss,184,0.134,-0.876,178,0.009564900972085044,24.656000000000002,19237
2014,sadness,unframed_baseline,pain,183,0.292,-0.8273333333333334,177,0.00951291781462806,53.436,19237
2014,sadness,unframed_baseline,express,181,0.24599999999999997,0.52,176,0.009408951499714093,44.525999999999996,19237
2014,sadness,unframed_baseline,depression,168,0.04,-0.9380000000000001,144,0.008733170452773302,6.72,19237
2014,sadness,unframed_baseline,happiness,130,0.464,0.92,126,0.006757810469407912,60.32,19237
2014,sadness,unframed_baseline,anxiety,128,0.73,-0.708,118,0.006653844154493944,93.44,19237
2014,sadness,unframed_baseline,time,128,-0.14425,0.057499999999999996,126,0.006653844154493944,-18.464,19237
2014,sadness,unframed_baseline,grief,121,0.28,-0.86,117,0.006289962052295057,33.88,19237
2014,sadness,unframed_baseline,emotion,118,0.746,0.386,115,0.006134012579924105,88.028,19237
2015,ADHD,clinical_only,child,159,-0.0020000000000000018,0.7689999999999999,138,0.0410958904109589,-0.3180000000000003,3869
2015,ADHD,clinical_only,add,90,-0.105,0.29000000000000004,79,0.023261824760920133,-9.45,3869
2015,ADHD,clinical_only,diagnose,77,-0.035500000000000004,-0.4555,67,0.019901783406565003,-2.7335000000000003,3869
2015,ADHD,clinical_only,autism,75,0.0,-0.53,71,0.019384853967433446,0.0,3869
2015,ADHD,clinical_only,disorder,71,0.53,-0.675,65,0.01835099508917033,37.63,3869
2015,ADHD,clinical_only,adult,66,-0.018,0.63,50,0.01705867149134143,-1.188,3869
2015,ADHD,clinical_only,symptom,58,0.058,-0.24,48,0.014990953734815198,3.3640000000000003,3869
2015,ADHD,clinical_only,treatment,57,-0.228,0.326,50,0.014732489015249418,-12.996,3869
2015,ADHD,clinical_only,medication,51,-0.122,0.23,47,0.013181700697854742,-6.2219999999999995,3869
2015,ADHD,clinical_only,depression,49,0.04,-0.938,45,0.012664771258723184,1.96,3869
2015,ADHD,clinical_only,include,49,-0.18066666666666664,0.45933333333333337,47,0.012664771258723184,-8.852666666666666,3869
2015,ADHD,clinical_only,treat,45,0.142,0.146,44,0.011630912380460066,6.39,3869
2015,ADHD,clinical_only,diagnosis,43,0.0,0.142,39,0.011113982941328508,0.0,3869
2015,ADHD,clinical_only,condition,38,-0.11399999999999999,-0.009500000000000001,37,0.009821659343499612,-4.332,3869
2015,ADHD,clinical_only,like,36,0.08024999999999999,0.77225,34,0.009304729904368054,2.8889999999999993,3869
2015,ADHD,lived_only,child,20,-0.0020000000000000018,0.7689999999999999,15,0.030395136778115502,-0.040000000000000036,658
2015,ADHD,lived_only,autism,17,0.0,-0.53,17,0.025835866261398176,0.0,658
2015,ADHD,lived_only,add,16,-0.105,0.29000000000000004,11,0.0243161094224924,-1.68,658
2015,ADHD,lived_only,adult,11,-0.018,0.63,6,0.016717325227963525,-0.19799999999999998,658
2015,ADHD,lived_only,start,11,-0.14,0.368,11,0.016717325227963525,-1.54,658
2015,ADHD,lived_only,know,10,-0.215,0.3655,10,0.015197568389057751,-2.15,658
2015,ADHD,lived_only,dyslexia,9,-0.167,-0.667,8,0.013677811550151976,-1.5030000000000001,658
2015,ADHD,lived_only,like,9,0.08024999999999999,0.77225,9,0.013677811550151976,0.7222499999999998,658
2015,ADHD,lived_only,diagnose,8,-0.035500000000000004,-0.4555,7,0.0121580547112462,-0.28400000000000003,658
2015,ADHD,lived_only,group,8,0.0030000000000000027,0.318,8,0.0121580547112462,0.02400000000000002,658
2015,ADHD,lived_only,join,8,-0.10533333333333333,0.434,8,0.0121580547112462,-0.8426666666666667,658
2015,ADHD,lived_only,kid,8,0.052,0.4793333333333334,8,0.0121580547112462,0.416,658
2015,ADHD,lived_only,talk,8,-0.308,0.666,8,0.0121580547112462,-2.464,658
2015,ADHD,lived_only,parent,7,-0.286,0.624,5,0.010638297872340425,-2.002,658
2015,ADHD,lived_only,behavior,6,-0.116,0.18800000000000003,6,0.00911854103343465,-0.6960000000000001,658
2015,ADHD,mixed,child,16,-0.0020000000000000018,0.7689999999999999,15,0.036281179138321996,-0.03200000000000003,441
2015,ADHD,mixed,autism,14,0.0,-0.53,11,0.031746031746031744,0.0,441
2015,ADHD,mixed,diagnose,10,-0.035500000000000004,-0.45549999999999996,10,0.022675736961451247,-0.35500000000000004,441
2015,ADHD,mixed,disorder,9,0.53,-0.675,8,0.02040816326530612,4.7700000000000005,441
2015,ADHD,mixed,add,8,-0.105,0.29000000000000004,7,0.018140589569160998,-0.84,441
2015,ADHD,mixed,group,8,0.0030000000000000027,0.318,7,0.018140589569160998,0.02400000000000002,441
2015,ADHD,mixed,learn disability,7,0.174,-0.5,6,0.015873015873015872,1.218,441
2015,ADHD,mixed,medication,7,-0.122,0.23,7,0.015873015873015872,-0.854,441
2015,ADHD,mixed,start,7,-0.14,0.368,7,0.015873015873015872,-0.9800000000000001,441
2015,ADHD,mixed,talk,7,-0.308,0.666,7,0.015873015873015872,-2.156,441
2015,ADHD,mixed,help,6,-0.058,0.3459999999999999,6,0.013605442176870748,-0.34800000000000003,441
2015,ADHD,mixed,join,6,-0.10533333333333333,0.434,6,0.013605442176870748,-0.632,441
2015,ADHD,mixed,symptom,6,0.058,-0.24,6,0.013605442176870748,0.34800000000000003,441
2015,ADHD,mixed,parent,5,-0.286,0.624,5,0.011337868480725623,-1.43,441
2015,ADHD,mixed,people,5,-0.15000000000000002,0.198,4,0.011337868480725623,-0.7500000000000001,441
2015,ADHD,substantive_core_overall,child,195,-0.0020000000000000018,0.7689999999999999,167,0.0392512077294686,-0.39000000000000035,4968
2015,ADHD,substantive_core_overall,add,114,-0.105,0.29000000000000004,95,0.022946859903381644,-11.969999999999999,4968
2015,ADHD,substantive_core_overall,autism,106,0.0,-0.53,97,0.0213365539452496,0.0,4968
2015,ADHD,substantive_core_overall,diagnose,95,-0.035500000000000004,-0.4555,83,0.019122383252818037,-3.3725000000000005,4968
2015,ADHD,substantive_core_overall,disorder,82,0.53,-0.675,74,0.016505636070853463,43.46,4968
2015,ADHD,substantive_core_overall,adult,78,-0.018,0.63,57,0.01570048309178744,-1.404,4968
2015,ADHD,substantive_core_overall,symptom,67,0.058,-0.23999999999999996,55,0.013486312399355877,3.886,4968
2015,ADHD,substantive_core_overall,treatment,62,-0.228,0.326,54,0.01247987117552335,-14.136000000000001,4968
2015,ADHD,substantive_core_overall,medication,61,-0.122,0.23,56,0.012278582930756845,-7.442,4968
2015,ADHD,substantive_core_overall,include,53,-0.18066666666666667,0.45933333333333337,51,0.0106682769726248,-9.575333333333333,4968
2015,ADHD,substantive_core_overall,depression,52,0.04,-0.938,48,0.010466988727858293,2.08,4968
2015,ADHD,substantive_core_overall,like,48,0.08024999999999999,0.77225,45,0.00966183574879227,3.8519999999999994,4968
2015,ADHD,substantive_core_overall,treat,48,0.142,0.146,47,0.00966183574879227,6.815999999999999,4968
2015,ADHD,substantive_core_overall,diagnosis,47,0.0,0.142,43,0.009460547504025765,0.0,4968
2015,ADHD,substantive_core_overall,condition,43,-0.11399999999999998,-0.009500000000000001,42,0.008655394524959743,-4.901999999999999,4968
2015,Autism,clinical_only,disorder,476,0.53,-0.675,381,0.05885262116716122,252.28,8088
2015,Autism,clinical_only,child,381,-0.0020000000000000018,0.7689999999999999,297,0.04710682492581603,-0.7620000000000007,8088
2015,Autism,clinical_only,link,123,-0.472,-0.146,113,0.015207715133531157,-58.056,8088
2015,Autism,clinical_only,cause,110,-0.107,-0.187,102,0.013600395647873393,-11.77,8088
2015,Autism,clinical_only,vaccine,108,0.04,0.0,85,0.013353115727002967,4.32,8088
2015,Autism,clinical_only,people,79,-0.15000000000000002,0.198,65,0.0097675568743818,-11.850000000000001,8088
2015,Autism,clinical_only,include,72,-0.18066666666666667,0.45933333333333337,68,0.008902077151335312,-13.008000000000001,8088
2015,Autism,clinical_only,developmental,69,0.667,0.704,65,0.008531157270029673,46.023,8088
2015,Autism,clinical_only,study,65,0.00033333333333333365,0.47333333333333333,63,0.008036597428288822,0.021666666666666688,8088
2015,Autism,clinical_only,syndrome,62,0.02,-0.542,53,0.007665677546983185,1.24,8088
2015,Autism,clinical_only,condition,60,-0.114,-0.009500000000000001,59,0.00741839762611276,-6.84,8088
2015,Autism,clinical_only,diagnose,56,-0.035500000000000004,-0.45550000000000007,55,0.006923837784371909,-1.9880000000000002,8088
2015,Autism,clinical_only,disability,55,-0.036,-0.854,51,0.006800197823936697,-1.9799999999999998,8088
2015,Autism,clinical_only,risk,54,0.632,-0.315,48,0.0066765578635014835,34.128,8088
2015,Autism,clinical_only,symptom,52,0.058,-0.24000000000000002,49,0.006429277942631058,3.016,8088
2015,Autism,lived_only,child,163,-0.0020000000000000018,0.7689999999999999,143,0.046465222348916764,-0.3260000000000003,3508
2015,Autism,lived_only,disorder,68,0.53,-0.675,62,0.019384264538198404,36.04,3508
2015,Autism,lived_only,people,50,-0.15000000000000002,0.198,43,0.014253135689851768,-7.500000000000001,3508
2015,Autism,lived_only,son,50,-0.27,0.584,48,0.014253135689851768,-13.5,3508
2015,Autism,lived_only,spectrum,46,0.4,-0.376,41,0.013112884834663626,18.400000000000002,3508
2015,Autism,lived_only,awareness,39,-0.156,0.368,32,0.011117445838084378,-6.084,3508
2015,Autism,lived_only,syndrome,37,0.02,-0.542,36,0.010547320410490307,0.74,3508
2015,Autism,lived_only,diagnose,35,-0.035500000000000004,-0.4555,32,0.009977194982896237,-1.2425000000000002,3508
2015,Autism,lived_only,disability,34,-0.036,-0.854,31,0.009692132269099202,-1.224,3508
2015,Autism,lived_only,kid,33,0.052,0.4793333333333334,29,0.009407069555302166,1.716,3508
2015,Autism,lived_only,year old,31,-0.219,-0.3,26,0.008836944127708095,-6.789,3508
2015,Autism,lived_only,help,29,-0.058,0.346,29,0.008266818700114024,-1.6820000000000002,3508
2015,Autism,lived_only,boy,28,0.593,0.333,25,0.00798175598631699,16.604,3508
2015,Autism,lived_only,parent,24,-0.286,0.624,22,0.0068415051311288486,-6.863999999999999,3508
2015,Autism,lived_only,like,22,0.08024999999999999,0.77225,21,0.006271379703534778,1.7654999999999998,3508
2015,Autism,mixed,child,109,-0.0020000000000000018,0.7689999999999999,97,0.055640632976008166,-0.2180000000000002,1959
2015,Autism,mixed,disorder,64,0.53,-0.675,55,0.03266972945380296,33.92,1959
2015,Autism,mixed,people,30,-0.15000000000000002,0.198,26,0.015313935681470138,-4.500000000000001,1959
2015,Autism,mixed,parent,23,-0.286,0.624,19,0.01174068402246044,-6.577999999999999,1959
2015,Autism,mixed,student,22,-0.36399999999999993,0.268,16,0.011230219499744768,-8.008,1959
2015,Autism,mixed,disability,21,-0.036,-0.8540000000000001,18,0.010719754977029096,-0.7559999999999999,1959
2015,Autism,mixed,support,19,-0.08666666666666667,0.532,16,0.009698825931597753,-1.6466666666666667,1959
2015,Autism,mixed,adhd,17,-0.054,-0.484,14,0.008677896886166412,-0.918,1959
2015,Autism,mixed,spectrum,17,0.4,-0.376,14,0.008677896886166412,6.800000000000001,1959
2015,Autism,mixed,vaccine,17,0.04,0.0,16,0.008677896886166412,0.68,1959
2015,Autism,mixed,find,16,-0.02,0.602,15,0.00816743236345074,-0.32,1959
2015,Autism,mixed,help,16,-0.058,0.346,15,0.00816743236345074,-0.928,1959
2015,Autism,mixed,diagnose,15,-0.035500000000000004,-0.4555,15,0.007656967840735069,-0.5325000000000001,1959
2015,Autism,mixed,adult,14,-0.018,0.63,12,0.0071465033180193975,-0.252,1959
2015,Autism,mixed,like,14,0.08025,0.77225,11,0.0071465033180193975,1.1235,1959
2015,Autism,substantive_core_overall,child,653,-0.0020000000000000018,0.7689999999999999,511,0.04817410549612689,-1.3060000000000012,13555
2015,Autism,substantive_core_overall,disorder,608,0.53,-0.675,495,0.04485429730726669,322.24,13555
2015,Autism,substantive_core_overall,people,159,-0.15000000000000002,0.198,129,0.011729988933972703,-23.850000000000005,13555
2015,Autism,substantive_core_overall,link,141,-0.4719999999999999,-0.146,131,0.010402065658428624,-66.55199999999999,13555
2015,Autism,substantive_core_overall,vaccine,130,0.04,0.0,99,0.009590556990040576,5.2,13555
2015,Autism,substantive_core_overall,cause,129,-0.107,-0.187,120,0.009516783474732572,-13.802999999999999,13555
2015,Autism,substantive_core_overall,syndrome,112,0.02,-0.542,99,0.008262633714496495,2.24,13555
2015,Autism,substantive_core_overall,spectrum,111,0.4000000000000001,-0.376,95,0.008188860199188491,44.400000000000006,13555
2015,Autism,substantive_core_overall,disability,110,-0.036,-0.854,97,0.008115086683880487,-3.9599999999999995,13555
2015,Autism,substantive_core_overall,diagnose,106,-0.035500000000000004,-0.4555,99,0.007819992622648469,-3.7630000000000003,13555
2015,Autism,substantive_core_overall,include,99,-0.18066666666666667,0.45933333333333337,94,0.007303578015492438,-17.886,13555
2015,Autism,substantive_core_overall,developmental,89,0.667,0.704,82,0.006565842862412394,59.36300000000001,13555
2015,Autism,substantive_core_overall,adhd,80,-0.054000000000000006,-0.484,77,0.005901881224640354,-4.32,13555
2015,Autism,substantive_core_overall,condition,78,-0.11399999999999999,-0.009500000000000001,76,0.005754334194024345,-8.892,13555
2015,Autism,substantive_core_overall,son,78,-0.27,0.584,76,0.005754334194024345,-21.060000000000002,13555
2015,frustration,unframed_baseline,anger,594,0.634,-0.821,570,0.021346174578646637,376.596,27827
2015,frustration,unframed_baseline,express,377,0.24600000000000002,0.52,365,0.013547992956481115,92.742,27827
2015,frustration,unframed_baseline,time,266,-0.14425,0.057499999999999996,257,0.009559061343299672,-38.3705,27827
2015,frustration,unframed_baseline,lead,241,0.31379999999999997,0.06260000000000002,238,0.008660653322312861,75.6258,27827
2015,frustration,unframed_baseline,cause,239,-0.107,-0.187,232,0.008588780680633916,-25.573,27827
2015,frustration,unframed_baseline,feel,228,-0.10133333333333334,0.5006666666666667,222,0.00819348115139972,-23.104000000000003,27827
2015,frustration,unframed_baseline,understand,196,-0.254,0.6033333333333334,192,0.007043518884536601,-49.784,27827
2015,frustration,unframed_baseline,lot,166,-0.368,0.135,162,0.005965429259352427,-61.088,27827
2015,frustration,unframed_baseline,experience,159,0.252,0.594,157,0.005713875013476121,40.068,27827
2015,frustration,unframed_baseline,come,139,-0.204,0.17666666666666667,137,0.004995148596686671,-28.355999999999998,27827
2015,frustration,unframed_baseline,stress,136,0.633,-0.6910000000000001,132,0.004887339634168254,86.088,27827
2015,frustration,unframed_baseline,confusion,131,0.334,-0.49,128,0.004707658029970891,43.754000000000005,27827
2015,frustration,unframed_baseline,source,129,-0.364,0.48,127,0.004635785388291946,-46.955999999999996,27827
2015,frustration,unframed_baseline,year,123,-0.386,0.195,116,0.004420167463255112,-47.478,27827
2015,frustration,unframed_baseline,try,120,0.5756666666666667,0.10099999999999999,117,0.004312358500736695,69.08,27827
2015,loneliness,unframed_baseline,isolation,161,-0.324,-0.604,151,0.017245072836332476,-52.164,9336
2015,loneliness,unframed_baseline,fear,153,0.4800000000000001,-0.7505,151,0.016388174807197942,73.44000000000001,9336
2015,loneliness,unframed_baseline,love,137,0.154,0.846,132,0.014674378748928877,21.098,9336
2015,loneliness,unframed_baseline,depression,118,0.04,-0.938,111,0.012639245929734361,4.72,9336
2015,loneliness,unframed_baseline,life,88,0.23,0.836,85,0.009425878320479864,20.240000000000002,9336
2015,loneliness,unframed_baseline,lead,87,0.31379999999999997,0.06260000000000002,87,0.009318766066838046,27.300599999999996,9336
2015,loneliness,unframed_baseline,frustration,80,0.4600000000000001,-0.8800000000000001,79,0.00856898029134533,36.800000000000004,9336
2015,loneliness,unframed_baseline,feel,78,-0.10133333333333334,0.5006666666666667,76,0.008354755784061696,-7.904000000000001,9336
2015,loneliness,unframed_baseline,affective,76,0.667,0.667,70,0.008140531276778063,50.692,9336
2015,loneliness,unframed_baseline,joy,73,0.3785,0.9704999999999999,73,0.007819194515852614,27.6305,9336
2015,loneliness,unframed_baseline,pain,65,0.292,-0.8273333333333334,63,0.0069622964867180805,18.98,9336
2015,loneliness,unframed_baseline,people,63,-0.15000000000000002,0.198,62,0.006748071979434447,-9.450000000000001,9336
2015,loneliness,unframed_baseline,poverty,61,0.038,-0.858,53,0.006533847472150814,2.318,9336
2015,loneliness,unframed_baseline,unwanted,58,0.092,-0.646,58,0.006212510711225364,5.336,9336
2015,loneliness,unframed_baseline,sense,55,0.0835,0.281,50,0.005891173950299915,4.5925,9336
2015,sadness,unframed_baseline,anger,386,0.634,-0.8210000000000001,359,0.024988670939340974,244.724,15447
2015,sadness,unframed_baseline,feel,339,-0.10133333333333334,0.5006666666666667,312,0.021946008933773548,-34.352000000000004,15447
2015,sadness,unframed_baseline,great,230,0.20733333333333334,0.7066666666666667,216,0.014889622580436331,47.68666666666667,15447
2015,sadness,unframed_baseline,joy,226,0.3785,0.9704999999999999,205,0.0146306726225157,85.541,15447
2015,sadness,unframed_baseline,fear,199,0.48000000000000004,-0.7504999999999998,194,0.012882760406551433,95.52000000000001,15447
2015,sadness,unframed_baseline,depression,164,0.04,-0.938,147,0.010616948274745906,6.5600000000000005,15447
2015,sadness,unframed_baseline,loss,149,0.134,-0.876,147,0.009645885932543535,19.966,15447
2015,sadness,unframed_baseline,anxiety,143,0.73,-0.708,136,0.009257460995662587,104.39,15447
2015,sadness,unframed_baseline,deep,135,-0.4645,0.24,129,0.008739561079821325,-62.7075,15447
2015,sadness,unframed_baseline,happiness,130,0.464,0.92,120,0.008415873632420535,60.32,15447
2015,sadness,unframed_baseline,grief,124,0.28,-0.86,117,0.008027448695539587,34.720000000000006,15447
2015,sadness,unframed_baseline,pain,119,0.292,-0.8273333333333334,116,0.007703761248138797,34.748,15447
2015,sadness,unframed_baseline,emotion,106,0.7459999999999999,0.386,103,0.006862173884896744,79.076,15447
2015,sadness,unframed_baseline,express,105,0.246,0.52,103,0.006797436395416585,25.83,15447
2015,sadness,unframed_baseline,life,99,0.22999999999999998,0.836,97,0.006409011458535638,22.77,15447
2016,ADHD,clinical_only,child,137,-0.0020000000000000018,0.7689999999999999,116,0.03574223845551787,-0.27400000000000024,3833
2016,ADHD,clinical_only,add,128,-0.105,0.29000000000000004,120,0.033394208192016696,-13.44,3833
2016,ADHD,clinical_only,disorder,93,0.53,-0.675,81,0.02426297938951213,49.29,3833
2016,ADHD,clinical_only,autism,88,0.0,-0.53,83,0.02295851813201148,0.0,3833
2016,ADHD,clinical_only,treatment,64,-0.228,0.326,50,0.016697104096008348,-14.592,3833
2016,ADHD,clinical_only,depression,56,0.04,-0.938,50,0.014609966084007305,2.24,3833
2016,ADHD,clinical_only,symptom,54,0.058,-0.24,49,0.014088181581007045,3.132,3833
2016,ADHD,clinical_only,include,52,-0.1806666666666667,0.45933333333333337,51,0.013566397078006782,-9.394666666666668,3833
2016,ADHD,clinical_only,anxiety,51,0.73,-0.708,44,0.013305504826506652,37.23,3833
2016,ADHD,clinical_only,adult,48,-0.018,0.63,33,0.012522828072006262,-0.8639999999999999,3833
2016,ADHD,clinical_only,diagnose,44,-0.035500000000000004,-0.4555,41,0.01147925906600574,-1.5620000000000003,3833
2016,ADHD,clinical_only,treat,39,0.142,0.146,34,0.010174797808505087,5.537999999999999,3833
2016,ADHD,clinical_only,disability,36,-0.036,-0.854,35,0.009392121054004696,-1.2959999999999998,3833
2016,ADHD,clinical_only,medication,36,-0.12199999999999998,0.23000000000000004,32,0.009392121054004696,-4.3919999999999995,3833
2016,ADHD,clinical_only,problem,36,0.288,-0.876,34,0.009392121054004696,10.367999999999999,3833
2016,ADHD,lived_only,autism,29,0.0,-0.53,28,0.030271398747390398,0.0,958
2016,ADHD,lived_only,child,28,-0.0020000000000000018,0.7689999999999999,23,0.029227557411273485,-0.05600000000000005,958
2016,ADHD,lived_only,add,24,-0.105,0.29000000000000004,20,0.025052192066805846,-2.52,958
2016,ADHD,lived_only,diagnose,17,-0.035500000000000004,-0.4555,17,0.017745302713987474,-0.6035,958
2016,ADHD,lived_only,adult,16,-0.018,0.63,14,0.016701461377870562,-0.288,958
2016,ADHD,lived_only,help,13,-0.058,0.346,12,0.013569937369519834,-0.754,958
2016,ADHD,lived_only,kid,13,0.052,0.47933333333333333,13,0.013569937369519834,0.6759999999999999,958
2016,ADHD,lived_only,like,13,0.08024999999999999,0.7722499999999999,13,0.013569937369519834,1.0432499999999998,958
2016,ADHD,lived_only,anxiety,10,0.73,-0.708,10,0.010438413361169102,7.3,958
2016,ADHD,lived_only,parent,10,-0.286,0.624,9,0.010438413361169102,-2.86,958
2016,ADHD,lived_only,depression,8,0.04,-0.938,7,0.008350730688935281,0.32,958
2016,ADHD,lived_only,son,8,-0.27,0.584,8,0.008350730688935281,-2.16,958
2016,ADHD,lived_only,think,8,-0.31266666666666665,0.524,7,0.008350730688935281,-2.501333333333333,958
2016,ADHD,lived_only,diagnosis,7,0.0,0.142,6,0.007306889352818371,0.0,958
2016,ADHD,lived_only,find,7,-0.02,0.602,6,0.007306889352818371,-0.14,958
2016,ADHD,mixed,child,16,-0.0020000000000000018,0.7689999999999999,15,0.025974025974025976,-0.03200000000000003,616
2016,ADHD,mixed,add,15,-0.105,0.29000000000000004,13,0.024350649350649352,-1.575,616
2016,ADHD,mixed,disorder,14,0.53,-0.675,14,0.022727272727272728,7.42,616
2016,ADHD,mixed,autism,13,0.0,-0.53,12,0.021103896103896104,0.0,616
2016,ADHD,mixed,symptom,13,0.058,-0.24000000000000002,12,0.021103896103896104,0.754,616
2016,ADHD,mixed,diagnose,11,-0.035500000000000004,-0.4555,11,0.017857142857142856,-0.39050000000000007,616
2016,ADHD,mixed,people,8,-0.15000000000000002,0.198,8,0.012987012987012988,-1.2000000000000002,616
2016,ADHD,mixed,help,7,-0.058,0.346,7,0.011363636363636364,-0.406,616
2016,ADHD,mixed,depression,6,0.04,-0.9380000000000001,6,0.00974025974025974,0.24,616
2016,ADHD,mixed,learn,6,-0.033250000000000016,0.58975,5,0.00974025974025974,-0.1995000000000001,616
2016,ADHD,mixed,like,6,0.08024999999999999,0.77225,6,0.00974025974025974,0.48149999999999993,616
2016,ADHD,mixed,need,6,-0.084,0.18699999999999997,5,0.00974025974025974,-0.504,616
2016,ADHD,mixed,diagnosis,5,0.0,0.142,5,0.008116883116883116,0.0,616
2016,ADHD,mixed,include,5,-0.18066666666666667,0.45933333333333337,5,0.008116883116883116,-0.9033333333333333,616
2016,ADHD,mixed,parent,5,-0.286,0.624,5,0.008116883116883116,-1.43,616
2016,ADHD,substantive_core_overall,child,181,-0.0020000000000000018,0.7689999999999999,149,0.03347512483817274,-0.3620000000000003,5407
2016,ADHD,substantive_core_overall,add,167,-0.105,0.29000000000000004,147,0.03088588866284446,-17.535,5407
2016,ADHD,substantive_core_overall,autism,130,0.0,-0.53,121,0.02404290734233401,0.0,5407
2016,ADHD,substantive_core_overall,disorder,112,0.53,-0.675,100,0.020713889402626227,59.36,5407
2016,ADHD,substantive_core_overall,diagnose,72,-0.035500000000000004,-0.4555,68,0.013316071758831144,-2.556,5407
2016,ADHD,substantive_core_overall,symptom,72,0.058,-0.24000000000000002,65,0.013316071758831144,4.176,5407
2016,ADHD,substantive_core_overall,depression,70,0.04,-0.938,63,0.012946180876641391,2.8000000000000003,5407
2016,ADHD,substantive_core_overall,treatment,69,-0.228,0.326,55,0.012761235435546513,-15.732000000000001,5407
2016,ADHD,substantive_core_overall,adult,67,-0.018,0.63,49,0.01239134455335676,-1.206,5407
2016,ADHD,substantive_core_overall,anxiety,64,0.73,-0.708,57,0.011836508230072129,46.72,5407
2016,ADHD,substantive_core_overall,include,63,-0.18066666666666667,0.45933333333333337,61,0.011651562788977252,-11.382,5407
2016,ADHD,substantive_core_overall,help,48,-0.058,0.3459999999999999,47,0.008877381172554096,-2.7840000000000003,5407
2016,ADHD,substantive_core_overall,diagnosis,46,0.0,0.142,41,0.008507490290364343,0.0,5407
2016,ADHD,substantive_core_overall,treat,45,0.142,0.146,40,0.008322544849269465,6.39,5407
2016,ADHD,substantive_core_overall,disability,44,-0.036,-0.854,43,0.008137599408174588,-1.5839999999999999,5407
2016,Autism,clinical_only,disorder,549,0.53,-0.675,412,0.06552876581523037,290.97,8378
2016,Autism,clinical_only,child,354,-0.0020000000000000018,0.7689999999999998,294,0.04225352112676056,-0.7080000000000006,8378
2016,Autism,clinical_only,vaccine,84,0.04,0.0,66,0.01002625925041776,3.36,8378
2016,Autism,clinical_only,cause,81,-0.107,-0.187,69,0.00966817856290284,-8.667,8378
2016,Autism,clinical_only,include,80,-0.18066666666666667,0.45933333333333337,76,0.009548818333731201,-14.453333333333333,8378
2016,Autism,clinical_only,treatment,80,-0.22800000000000004,0.326,65,0.009548818333731201,-18.240000000000002,8378
2016,Autism,clinical_only,adhd,79,-0.054,-0.484,74,0.00942945810455956,-4.266,8378
2016,Autism,clinical_only,developmental,74,0.667,0.704,69,0.00883265695870136,49.358000000000004,8378
2016,Autism,clinical_only,spectrum,73,0.4,-0.376,66,0.00871329672952972,29.200000000000003,8378
2016,Autism,clinical_only,disability,71,-0.036,-0.854,65,0.00847457627118644,-2.5559999999999996,8378
2016,Autism,clinical_only,syndrome,69,0.02,-0.542,62,0.008235855812843161,1.3800000000000001,8378
2016,Autism,clinical_only,link,68,-0.472,-0.146,60,0.00811649558367152,-32.096,8378
2016,Autism,clinical_only,study,68,0.00033333333333333365,0.47333333333333333,61,0.00811649558367152,0.02266666666666669,8378
2016,Autism,clinical_only,diagnose,65,-0.035500000000000004,-0.4555,59,0.0077584148961566,-2.3075,8378
2016,Autism,clinical_only,research,64,0.326,0.266,52,0.0076390546669849605,20.864,8378
2016,Autism,lived_only,child,227,-0.0020000000000000018,0.7689999999999999,183,0.04957414282594453,-0.4540000000000004,4579
2016,Autism,lived_only,people,109,-0.15000000000000002,0.198,87,0.02380432408822887,-16.35,4579
2016,Autism,lived_only,disorder,72,0.53,-0.675,60,0.0157239571958943,38.160000000000004,4579
2016,Autism,lived_only,son,61,-0.27,0.584,56,0.01332168595763267,-16.470000000000002,4579
2016,Autism,lived_only,kid,45,0.052,0.47933333333333344,41,0.009827473247433938,2.34,4579
2016,Autism,lived_only,year old,45,-0.219,-0.3,42,0.009827473247433938,-9.855,4579
2016,Autism,lived_only,spectrum,43,0.39999999999999997,-0.376,39,0.009390696658659096,17.2,4579
2016,Autism,lived_only,help,41,-0.058,0.346,39,0.008953920069884254,-2.378,4579
2016,Autism,lived_only,awareness,39,-0.156,0.368,30,0.008517143481109412,-6.084,4579
2016,Autism,lived_only,disability,38,-0.036,-0.854,36,0.008298755186721992,-1.3679999999999999,4579
2016,Autism,lived_only,parent,38,-0.286,0.624,34,0.008298755186721992,-10.867999999999999,4579
2016,Autism,lived_only,boy,37,0.593,0.333,35,0.008080366892334571,21.941,4579
2016,Autism,lived_only,syndrome,36,0.02,-0.542,35,0.00786197859794715,0.72,4579
2016,Autism,lived_only,family,35,-0.4085,0.8845000000000001,35,0.007643590303559729,-14.2975,4579
2016,Autism,lived_only,like,35,0.08024999999999999,0.77225,33,0.007643590303559729,2.8087499999999994,4579
2016,Autism,mixed,child,124,-0.0020000000000000018,0.7689999999999999,113,0.05067429505516959,-0.24800000000000022,2447
2016,Autism,mixed,disorder,76,0.53,-0.675,71,0.031058438904781365,40.28,2447
2016,Autism,mixed,people,42,-0.15000000000000002,0.198,38,0.0171638741315897,-6.300000000000001,2447
2016,Autism,mixed,family,30,-0.4085,0.8845000000000002,28,0.012259910093992644,-12.254999999999999,2447
2016,Autism,mixed,disability,27,-0.036,-0.854,24,0.011033919084593379,-0.972,2447
2016,Autism,mixed,individual,27,-0.346,0.254,24,0.011033919084593379,-9.341999999999999,2447
2016,Autism,mixed,diagnose,23,-0.035500000000000004,-0.45549999999999996,21,0.00939926440539436,-0.8165000000000001,2447
2016,Autism,mixed,son,21,-0.27,0.584,20,0.00858193706579485,-5.67,2447
2016,Autism,mixed,student,21,-0.364,0.268,18,0.00858193706579485,-7.644,2447
2016,Autism,mixed,parent,20,-0.286,0.624,18,0.008173273395995096,-5.72,2447
2016,Autism,mixed,help,19,-0.058,0.346,17,0.007764609726195341,-1.102,2447
2016,Autism,mixed,spectrum,19,0.4,-0.376,16,0.007764609726195341,7.6000000000000005,2447
2016,Autism,mixed,syndrome,19,0.02,-0.542,18,0.007764609726195341,0.38,2447
2016,Autism,mixed,cause,18,-0.107,-0.187,18,0.0073559460563955865,-1.926,2447
2016,Autism,mixed,adult,17,-0.018,0.63,13,0.006947282386595832,-0.306,2447
2016,Autism,substantive_core_overall,child,705,-0.0020000000000000018,0.769,564,0.045767333160218124,-1.4100000000000013,15404
2016,Autism,substantive_core_overall,disorder,697,0.53,-0.675,533,0.04524798753570501,369.41,15404
2016,Autism,substantive_core_overall,people,212,-0.15000000000000002,0.198,173,0.013762659049597507,-31.800000000000004,15404
2016,Autism,substantive_core_overall,disability,136,-0.036,-0.854,124,0.00882887561672293,-4.896,15404
2016,Autism,substantive_core_overall,spectrum,135,0.4,-0.376,121,0.00876395741365879,54.0,15404
2016,Autism,substantive_core_overall,syndrome,124,0.02,-0.542,112,0.00804985717995326,2.48,15404
2016,Autism,substantive_core_overall,diagnose,120,-0.035500000000000004,-0.4555,111,0.007790184367696702,-4.260000000000001,15404
2016,Autism,substantive_core_overall,adhd,117,-0.054,-0.484,110,0.0075954297585042845,-6.318,15404
2016,Autism,substantive_core_overall,cause,110,-0.107,-0.187,95,0.00714100233705531,-11.77,15404
2016,Autism,substantive_core_overall,include,107,-0.18066666666666667,0.45933333333333337,102,0.006946247727862892,-19.331333333333333,15404
2016,Autism,substantive_core_overall,individual,107,-0.346,0.254,89,0.006946247727862892,-37.022,15404
2016,Autism,substantive_core_overall,vaccine,105,0.04,0.0,80,0.006816411321734614,4.2,15404
2016,Autism,substantive_core_overall,help,104,-0.058,0.346,94,0.006751493118670475,-6.032,15404
2016,Autism,substantive_core_overall,diagnosis,99,0.0,0.142,95,0.006426902103349779,0.0,15404
2016,Autism,substantive_core_overall,developmental,96,0.6670000000000001,0.7040000000000001,88,0.006232147494157362,64.03200000000001,15404
2016,frustration,unframed_baseline,anger,641,0.634,-0.821,601,0.019337516592252926,406.394,33148
2016,frustration,unframed_baseline,express,465,0.246,0.52,450,0.014027995655846507,114.39,33148
2016,frustration,unframed_baseline,cause,315,-0.107,-0.187,308,0.009502835766863763,-33.705,33148
2016,frustration,unframed_baseline,time,307,-0.14425,0.0575,299,0.009261493906118017,-44.284749999999995,33148
2016,frustration,unframed_baseline,feel,275,-0.10133333333333334,0.5006666666666667,266,0.008296126463135031,-27.86666666666667,33148
2016,frustration,unframed_baseline,lead,272,0.31379999999999997,0.06260000000000002,267,0.008205623265355375,85.35359999999999,33148
2016,frustration,unframed_baseline,understand,210,-0.254,0.6033333333333334,205,0.006335223844575842,-53.34,33148
2016,frustration,unframed_baseline,experience,205,0.252,0.594,203,0.00618438518160975,51.660000000000004,33148
2016,frustration,unframed_baseline,lot,203,-0.368,0.135,198,0.006124049716423313,-74.704,33148
2016,frustration,unframed_baseline,come,191,-0.204,0.17666666666666667,186,0.005762036925304694,-38.964,33148
2016,frustration,unframed_baseline,stress,158,0.633,-0.6910000000000001,158,0.0047665017497284905,100.014,33148
2016,frustration,unframed_baseline,confusion,156,0.334,-0.49,151,0.0047061662845420535,52.104000000000006,33148
2016,frustration,unframed_baseline,fear,145,0.48000000000000004,-0.7505,140,0.004374321226016653,69.60000000000001,33148
2016,frustration,unframed_baseline,source,144,-0.364,0.48000000000000004,142,0.004344153493423434,-52.416,33148
2016,frustration,unframed_baseline,grow,137,0.28300000000000003,0.48433333333333334,135,0.004132979365270907,38.771,33148
2016,loneliness,unframed_baseline,isolation,260,-0.324,-0.604,229,0.02166125135382821,-84.24000000000001,12003
2016,loneliness,unframed_baseline,depression,144,0.04,-0.9380000000000001,142,0.011997000749812546,5.76,12003
2016,loneliness,unframed_baseline,lead,134,0.31379999999999997,0.06260000000000002,130,0.01116387569774223,42.0492,12003
2016,loneliness,unframed_baseline,frustration,123,0.46,-0.88,123,0.010247438140464884,56.580000000000005,12003
2016,loneliness,unframed_baseline,feel,119,-0.10133333333333334,0.5006666666666667,115,0.009914188119636758,-12.058666666666667,12003
2016,loneliness,unframed_baseline,affective,112,0.667,0.667,110,0.009331000583187537,74.70400000000001,12003
2016,loneliness,unframed_baseline,life,111,0.23,0.836,106,0.009247688077980504,25.53,12003
2016,loneliness,unframed_baseline,fear,105,0.48000000000000004,-0.7505,102,0.008747813046738315,50.400000000000006,12003
2016,loneliness,unframed_baseline,unwanted,102,0.092,-0.6459999999999999,101,0.00849787553111722,9.384,12003
2016,loneliness,unframed_baseline,love,99,0.154,0.8459999999999999,97,0.008247938015496127,15.246,12003
2016,loneliness,unframed_baseline,people,87,-0.15000000000000002,0.19799999999999998,78,0.007248187953011747,-13.050000000000002,12003
2016,loneliness,unframed_baseline,anxiety,85,0.73,-0.708,79,0.0070815629425976835,62.05,12003
2016,loneliness,unframed_baseline,sadness,82,-0.424,-0.8960000000000001,77,0.0068316254269765895,-34.768,12003
2016,loneliness,unframed_baseline,social,79,-0.26,0.612,70,0.006581687911355495,-20.54,12003
2016,loneliness,unframed_baseline,sense,78,0.0835,0.281,76,0.006498375406148463,6.513000000000001,12003
2016,sadness,unframed_baseline,anger,478,0.634,-0.821,462,0.025245589944016055,303.052,18934
2016,sadness,unframed_baseline,feel,389,-0.10133333333333336,0.5006666666666667,373,0.020545051230590472,-39.418666666666674,18934
2016,sadness,unframed_baseline,great,281,0.20733333333333334,0.7066666666666667,273,0.014841026724411113,58.260666666666665,18934
2016,sadness,unframed_baseline,fear,280,0.48000000000000004,-0.7505,265,0.014788211682687229,134.4,18934
2016,sadness,unframed_baseline,joy,248,0.3785,0.9704999999999999,235,0.013098130347522975,93.868,18934
2016,sadness,unframed_baseline,deep,221,-0.46449999999999997,0.24,212,0.011672124220978134,-102.6545,18934
2016,sadness,unframed_baseline,pain,181,0.292,-0.8273333333333334,172,0.009559522552022815,52.852,18934
2016,sadness,unframed_baseline,depression,180,0.04,-0.9380000000000001,164,0.009506707510298933,7.2,18934
2016,sadness,unframed_baseline,loss,175,0.134,-0.8760000000000001,170,0.009242632301679519,23.450000000000003,18934
2016,sadness,unframed_baseline,grief,170,0.28,-0.86,157,0.008978557093060103,47.6,18934
2016,sadness,unframed_baseline,happiness,164,0.464,0.9199999999999999,150,0.008661666842716806,76.096,18934
2016,sadness,unframed_baseline,emotion,155,0.746,0.386,147,0.008186331467201859,115.63,18934
2016,sadness,unframed_baseline,express,152,0.24599999999999997,0.52,151,0.00802788634203021,37.391999999999996,18934
2016,sadness,unframed_baseline,time,141,-0.14425,0.0575,134,0.007446920883067498,-20.33925,18934
2016,sadness,unframed_baseline,anxiety,136,0.73,-0.708,125,0.007182845674448083,99.28,18934
2017,ADHD,clinical_only,child,134,-0.0020000000000000018,0.7689999999999999,118,0.03728436282693378,-0.26800000000000024,3594
2017,ADHD,clinical_only,autism,101,0.0,-0.53,89,0.02810239287701725,0.0,3594
2017,ADHD,clinical_only,add,99,-0.105,0.29000000000000004,78,0.027545909849749584,-10.395,3594
2017,ADHD,clinical_only,anxiety,69,0.73,-0.708,68,0.019198664440734557,50.37,3594
2017,ADHD,clinical_only,disorder,66,0.53,-0.675,54,0.018363939899833055,34.980000000000004,3594
2017,ADHD,clinical_only,symptom,64,0.058,-0.24,55,0.017807456872565387,3.712,3594
2017,ADHD,clinical_only,diagnose,50,-0.035500000000000004,-0.4555,46,0.013912075681691708,-1.7750000000000001,3594
2017,ADHD,clinical_only,include,47,-0.18066666666666667,0.45933333333333337,46,0.013077351140790205,-8.491333333333333,3594
2017,ADHD,clinical_only,depression,45,0.04,-0.9380000000000001,45,0.012520868113522538,1.8,3594
2017,ADHD,clinical_only,treat,41,0.142,0.146,39,0.011407902058987202,5.821999999999999,3594
2017,ADHD,clinical_only,treatment,36,-0.228,0.326,33,0.01001669449081803,-8.208,3594
2017,ADHD,clinical_only,diagnosis,34,0.0,0.142,34,0.009460211463550361,0.0,3594
2017,ADHD,clinical_only,adult,32,-0.018,0.63,28,0.008903728436282694,-0.576,3594
2017,ADHD,clinical_only,problem,32,0.288,-0.876,31,0.008903728436282694,9.216,3594
2017,ADHD,clinical_only,medication,31,-0.122,0.23,23,0.00862548692264886,-3.782,3594
2017,ADHD,lived_only,child,34,-0.0020000000000000018,0.7689999999999999,28,0.0367965367965368,-0.06800000000000006,924
2017,ADHD,lived_only,add,29,-0.105,0.29,27,0.031385281385281384,-3.045,924
2017,ADHD,lived_only,autism,26,0.0,-0.53,23,0.02813852813852814,0.0,924
2017,ADHD,lived_only,kid,16,0.052,0.4793333333333334,16,0.017316017316017316,0.832,924
2017,ADHD,lived_only,people,16,-0.15000000000000002,0.198,15,0.017316017316017316,-2.4000000000000004,924
2017,ADHD,lived_only,parent,14,-0.286,0.624,12,0.015151515151515152,-4.004,924
2017,ADHD,lived_only,help,10,-0.05800000000000001,0.346,10,0.010822510822510822,-0.5800000000000001,924
2017,ADHD,lived_only,learn disability,10,0.174,-0.5,7,0.010822510822510822,1.7399999999999998,924
2017,ADHD,lived_only,student,9,-0.364,0.268,7,0.00974025974025974,-3.276,924
2017,ADHD,lived_only,diagnose,8,-0.035500000000000004,-0.4555,8,0.008658008658008658,-0.28400000000000003,924
2017,ADHD,lived_only,disorder,8,0.53,-0.675,8,0.008658008658008658,4.24,924
2017,ADHD,lived_only,struggle,8,0.7575000000000001,-0.4475,8,0.008658008658008658,6.0600000000000005,924
2017,ADHD,lived_only,syndrome,8,0.02,-0.542,6,0.008658008658008658,0.16,924
2017,ADHD,lived_only,depression,7,0.04,-0.938,5,0.007575757575757576,0.28,924
2017,ADHD,lived_only,diagnosis,7,0.0,0.142,7,0.007575757575757576,0.0,924
2017,ADHD,mixed,child,23,-0.0020000000000000018,0.7689999999999999,22,0.03622047244094488,-0.04600000000000004,635
2017,ADHD,mixed,autism,20,0.0,-0.53,20,0.031496062992125984,0.0,635
2017,ADHD,mixed,add,15,-0.105,0.29000000000000004,14,0.023622047244094488,-1.575,635
2017,ADHD,mixed,disorder,13,0.53,-0.675,11,0.02047244094488189,6.890000000000001,635
2017,ADHD,mixed,kid,13,0.052,0.47933333333333333,10,0.02047244094488189,0.6759999999999999,635
2017,ADHD,mixed,diagnose,12,-0.035500000000000004,-0.4555,12,0.01889763779527559,-0.42600000000000005,635
2017,ADHD,mixed,adult,10,-0.018,0.63,9,0.015748031496062992,-0.18,635
2017,ADHD,mixed,help,9,-0.058,0.346,9,0.014173228346456693,-0.522,635
2017,ADHD,mixed,people,8,-0.15000000000000002,0.198,6,0.012598425196850394,-1.2000000000000002,635
2017,ADHD,mixed,anxiety,7,0.7299999999999999,-0.708,7,0.011023622047244094,5.109999999999999,635
2017,ADHD,mixed,depression,7,0.04,-0.938,7,0.011023622047244094,0.28,635
2017,ADHD,mixed,medication,7,-0.122,0.23,6,0.011023622047244094,-0.854,635
2017,ADHD,mixed,need,7,-0.084,0.187,7,0.011023622047244094,-0.5880000000000001,635
2017,ADHD,mixed,diagnosis,6,0.0,0.142,5,0.009448818897637795,0.0,635
2017,ADHD,mixed,learn disability,6,0.17400000000000002,-0.5,6,0.009448818897637795,1.044,635
2017,ADHD,substantive_core_overall,child,191,-0.0020000000000000018,0.7689999999999999,160,0.03706578692024064,-0.38200000000000034,5153
2017,ADHD,substantive_core_overall,autism,147,0.0,-0.53,132,0.02852707160877159,0.0,5153
2017,ADHD,substantive_core_overall,add,143,-0.105,0.29000000000000004,117,0.027750824762274404,-15.014999999999999,5153
2017,ADHD,substantive_core_overall,disorder,87,0.53,-0.675,73,0.016883368911313798,46.11,5153
2017,ADHD,substantive_core_overall,anxiety,81,0.73,-0.708,80,0.01571899864156802,59.129999999999995,5153
2017,ADHD,substantive_core_overall,symptom,71,0.058,-0.24,62,0.013778381525325054,4.118,5153
2017,ADHD,substantive_core_overall,diagnose,70,-0.035500000000000004,-0.4555,66,0.013584319813700757,-2.4850000000000003,5153
2017,ADHD,substantive_core_overall,depression,59,0.04,-0.938,57,0.011449640985833495,2.36,5153
2017,ADHD,substantive_core_overall,kid,54,0.052,0.4793333333333334,47,0.010479332427712013,2.808,5153
2017,ADHD,substantive_core_overall,people,54,-0.15000000000000002,0.198,45,0.010479332427712013,-8.100000000000001,5153
2017,ADHD,substantive_core_overall,include,53,-0.18066666666666667,0.45933333333333337,52,0.010285270716087716,-9.575333333333333,5153
2017,ADHD,substantive_core_overall,adult,48,-0.018,0.63,41,0.009314962157966233,-0.8639999999999999,5153
2017,ADHD,substantive_core_overall,diagnosis,47,0.0,0.142,46,0.009120900446341937,0.0,5153
2017,ADHD,substantive_core_overall,treat,47,0.142,0.146,45,0.009120900446341937,6.6739999999999995,5153
2017,ADHD,substantive_core_overall,help,43,-0.058,0.346,41,0.00834465359984475,-2.494,5153
2017,Autism,clinical_only,disorder,467,0.53,-0.675,354,0.061358559978977795,247.51000000000002,7611
2017,Autism,clinical_only,child,297,-0.0020000000000000018,0.7689999999999999,249,0.0390224674812771,-0.5940000000000005,7611
2017,Autism,clinical_only,vaccine,118,0.04,0.0,85,0.015503875968992248,4.72,7611
2017,Autism,clinical_only,cause,94,-0.107,-0.187,81,0.012350545263434503,-10.058,7611
2017,Autism,clinical_only,include,83,-0.18066666666666667,0.45933333333333337,76,0.01090526869005387,-14.995333333333333,7611
2017,Autism,clinical_only,adhd,82,-0.054,-0.48400000000000004,73,0.01077387991065563,-4.428,7611
2017,Autism,clinical_only,link,78,-0.4719999999999999,-0.146,68,0.010248324793062672,-36.815999999999995,7611
2017,Autism,clinical_only,spectrum,75,0.4,-0.376,68,0.009854158454867954,30.0,7611
2017,Autism,clinical_only,developmental,64,0.667,0.704,62,0.00840888188148732,42.688,7611
2017,Autism,clinical_only,disability,61,-0.036,-0.854,55,0.008014715543292602,-2.1959999999999997,7611
2017,Autism,clinical_only,condition,59,-0.11399999999999999,-0.009500000000000001,55,0.007751937984496124,-6.725999999999999,7611
2017,Autism,clinical_only,people,59,-0.15000000000000002,0.198,53,0.007751937984496124,-8.850000000000001,7611
2017,Autism,clinical_only,research,58,0.326,0.266,51,0.007620549205097885,18.908,7611
2017,Autism,clinical_only,syndrome,58,0.019999999999999997,-0.542,51,0.007620549205097885,1.16,7611
2017,Autism,clinical_only,diagnose,56,-0.035500000000000004,-0.45550000000000007,53,0.0073577716463014056,-1.9880000000000002,7611
2017,Autism,lived_only,child,189,-0.0020000000000000018,0.7689999999999999,155,0.04207479964381122,-0.37800000000000034,4492
2017,Autism,lived_only,people,97,-0.15000000000000002,0.19799999999999998,83,0.021593944790739093,-14.550000000000002,4492
2017,Autism,lived_only,son,73,-0.27,0.584,65,0.016251113089937666,-19.71,4492
2017,Autism,lived_only,disorder,67,0.53,-0.675,62,0.01491540516473731,35.510000000000005,4492
2017,Autism,lived_only,year old,66,-0.219,-0.3,59,0.014692787177203919,-14.454,4492
2017,Autism,lived_only,boy,51,0.593,0.333,51,0.011353517364203028,30.243,4492
2017,Autism,lived_only,diagnose,51,-0.035500000000000004,-0.45549999999999996,51,0.011353517364203028,-1.8105000000000002,4492
2017,Autism,lived_only,help,45,-0.05800000000000001,0.346,44,0.010017809439002672,-2.6100000000000003,4492
2017,Autism,lived_only,family,44,-0.40850000000000003,0.8845000000000002,39,0.009795191451469279,-17.974,4492
2017,Autism,lived_only,disability,43,-0.036,-0.854,39,0.009572573463935885,-1.5479999999999998,4492
2017,Autism,lived_only,parent,38,-0.286,0.624,35,0.008459483526268923,-10.867999999999999,4492
2017,Autism,lived_only,syndrome,38,0.02,-0.542,34,0.008459483526268923,0.76,4492
2017,Autism,lived_only,spectrum,36,0.4,-0.376,36,0.008014247551202136,14.4,4492
2017,Autism,lived_only,support,36,-0.08666666666666667,0.532,30,0.008014247551202136,-3.12,4492
2017,Autism,lived_only,kid,30,0.052,0.47933333333333344,27,0.006678539626001781,1.5599999999999998,4492
2017,Autism,mixed,child,164,-0.0020000000000000018,0.7689999999999999,136,0.07512597343105817,-0.3280000000000003,2183
2017,Autism,mixed,disorder,80,0.53,-0.675,65,0.03664681630783326,42.400000000000006,2183
2017,Autism,mixed,people,32,-0.15000000000000002,0.198,32,0.014658726523133303,-4.800000000000001,2183
2017,Autism,mixed,parent,26,-0.286,0.624,26,0.011910215300045808,-7.435999999999999,2183
2017,Autism,mixed,diagnose,24,-0.035500000000000004,-0.4555,23,0.010994044892349977,-0.8520000000000001,2183
2017,Autism,mixed,help,22,-0.058,0.346,19,0.010077874484654145,-1.276,2183
2017,Autism,mixed,spectrum,21,0.4,-0.376,17,0.00961978928080623,8.4,2183
2017,Autism,mixed,developmental,19,0.667,0.704,19,0.008703618873110398,12.673,2183
2017,Autism,mixed,support,19,-0.08666666666666667,0.532,18,0.008703618873110398,-1.6466666666666667,2183
2017,Autism,mixed,adhd,18,-0.054,-0.484,18,0.008245533669262483,-0.972,2183
2017,Autism,mixed,student,17,-0.364,0.268,17,0.007787448465414567,-6.188,2183
2017,Autism,mixed,adult,16,-0.018,0.63,15,0.007329363261566651,-0.288,2183
2017,Autism,mixed,condition,16,-0.11399999999999999,-0.009500000000000001,15,0.007329363261566651,-1.8239999999999998,2183
2017,Autism,mixed,disability,16,-0.036,-0.854,15,0.007329363261566651,-0.576,2183
2017,Autism,mixed,society,16,0.2605,0.22949999999999998,11,0.007329363261566651,4.168,2183
2017,Autism,substantive_core_overall,child,650,-0.0020000000000000018,0.7689999999999999,519,0.045499090018199635,-1.3000000000000012,14286
2017,Autism,substantive_core_overall,disorder,614,0.53,-0.675,476,0.042979140417191655,325.42,14286
2017,Autism,substantive_core_overall,people,188,-0.15000000000000002,0.198,162,0.013159736805263895,-28.200000000000003,14286
2017,Autism,substantive_core_overall,vaccine,138,0.04,0.0,96,0.009659806803863923,5.5200000000000005,14286
2017,Autism,substantive_core_overall,spectrum,132,0.4,-0.376,118,0.009239815203695927,52.800000000000004,14286
2017,Autism,substantive_core_overall,diagnose,131,-0.035500000000000004,-0.4555,126,0.009169816603667927,-4.6505,14286
2017,Autism,substantive_core_overall,disability,120,-0.036,-0.854,107,0.008399832003359933,-4.319999999999999,14286
2017,Autism,substantive_core_overall,adhd,119,-0.054,-0.484,105,0.008329833403331934,-6.426,14286
2017,Autism,substantive_core_overall,include,111,-0.1806666666666667,0.45933333333333337,104,0.007769844603107937,-20.054000000000002,14286
2017,Autism,substantive_core_overall,cause,105,-0.107,-0.18700000000000003,91,0.007349853002939942,-11.235,14286
2017,Autism,substantive_core_overall,syndrome,105,0.02,-0.542,90,0.007349853002939942,2.1,14286
2017,Autism,substantive_core_overall,help,104,-0.058,0.346,96,0.007279854402911942,-6.032,14286
2017,Autism,substantive_core_overall,condition,100,-0.11399999999999999,-0.009500000000000001,92,0.006999860002799944,-11.399999999999999,14286
2017,Autism,substantive_core_overall,developmental,99,0.667,0.704,95,0.006929861402771945,66.033,14286
2017,Autism,substantive_core_overall,individual,95,-0.346,0.254,77,0.006649867002659947,-32.87,14286
2017,frustration,unframed_baseline,anger,622,0.634,-0.821,593,0.02000707645791116,394.348,31089
2017,frustration,unframed_baseline,express,400,0.24600000000000002,0.52,391,0.012866287111196886,98.4,31089
2017,frustration,unframed_baseline,cause,357,-0.107,-0.187,347,0.011483161246743222,-38.199,31089
2017,frustration,unframed_baseline,feel,296,-0.10133333333333334,0.5006666666666667,292,0.009521052462285696,-29.99466666666667,31089
2017,frustration,unframed_baseline,time,294,-0.14425,0.05749999999999999,287,0.009456721026729712,-42.409499999999994,31089
2017,frustration,unframed_baseline,lead,259,0.31379999999999997,0.06260000000000002,250,0.008330920904499984,81.2742,31089
2017,frustration,unframed_baseline,understand,228,-0.254,0.6033333333333334,224,0.007333783653382225,-57.912,31089
2017,frustration,unframed_baseline,experience,216,0.252,0.594,211,0.006947795040046318,54.432,31089
2017,frustration,unframed_baseline,come,212,-0.204,0.17666666666666667,212,0.0068191321689343495,-43.248,31089
2017,frustration,unframed_baseline,lot,190,-0.368,0.135,187,0.0061114863778185214,-69.92,31089
2017,frustration,unframed_baseline,source,182,-0.36400000000000005,0.48,175,0.005854160635594584,-66.248,31089
2017,frustration,unframed_baseline,stress,174,0.633,-0.6910000000000001,169,0.005596834893370646,110.142,31089
2017,frustration,unframed_baseline,people,163,-0.15000000000000002,0.198,159,0.005243011997812731,-24.450000000000003,31089
2017,frustration,unframed_baseline,fear,152,0.48000000000000004,-0.7505,145,0.004889189102254817,72.96000000000001,31089
2017,frustration,unframed_baseline,confusion,146,0.334,-0.48999999999999994,143,0.004696194795586864,48.764,31089
2017,loneliness,unframed_baseline,isolation,264,-0.324,-0.604,243,0.02411399342345634,-85.536,10948
2017,loneliness,unframed_baseline,depression,151,0.04,-0.9380000000000001,147,0.013792473511143587,6.04,10948
2017,loneliness,unframed_baseline,feel,129,-0.10133333333333334,0.5006666666666667,125,0.011782974059188893,-13.072000000000001,10948
2017,loneliness,unframed_baseline,fear,121,0.48000000000000004,-0.7505,115,0.011052246985750823,58.080000000000005,10948
2017,loneliness,unframed_baseline,people,95,-0.15000000000000002,0.19800000000000004,87,0.008677383997077091,-14.250000000000002,10948
2017,loneliness,unframed_baseline,life,91,0.23,0.836,91,0.008312020460358057,20.93,10948
2017,loneliness,unframed_baseline,anxiety,87,0.73,-0.708,85,0.007946656923639021,63.51,10948
2017,loneliness,unframed_baseline,experience,85,0.252,0.594,84,0.007763975155279503,21.42,10948
2017,loneliness,unframed_baseline,lead,82,0.31379999999999997,0.06260000000000002,81,0.007489952502740226,25.731599999999997,10948
2017,loneliness,unframed_baseline,social,82,-0.26,0.612,73,0.007489952502740226,-21.32,10948
2017,loneliness,unframed_baseline,love,81,0.154,0.846,76,0.007398611618560468,12.474,10948
2017,loneliness,unframed_baseline,sense,78,0.0835,0.281,71,0.007124588966021191,6.513000000000001,10948
2017,loneliness,unframed_baseline,frustration,74,0.45999999999999996,-0.8800000000000001,73,0.006759225429302155,34.04,10948
2017,loneliness,unframed_baseline,sadness,73,-0.424,-0.896,71,0.006667884545122397,-30.951999999999998,10948
2017,loneliness,unframed_baseline,pain,65,0.292,-0.8273333333333334,61,0.0059371574716843255,18.98,10948
2017,sadness,unframed_baseline,anger,509,0.634,-0.821,486,0.03002595563945257,322.706,16952
2017,sadness,unframed_baseline,feel,384,-0.10133333333333334,0.5006666666666667,364,0.022652194431335537,-38.912000000000006,16952
2017,sadness,unframed_baseline,great,258,0.20733333333333334,0.7066666666666667,248,0.015219443133553563,53.492000000000004,16952
2017,sadness,unframed_baseline,fear,256,0.48000000000000004,-0.7505,242,0.015101462954223691,122.88000000000001,16952
2017,sadness,unframed_baseline,joy,203,0.3785,0.9704999999999999,192,0.011974988201982067,76.8355,16952
2017,sadness,unframed_baseline,grief,177,0.28,-0.86,164,0.010441245870693724,49.56,16952
2017,sadness,unframed_baseline,happiness,166,0.464,0.92,162,0.009792354884379424,77.024,16952
2017,sadness,unframed_baseline,deep,165,-0.46449999999999997,0.24000000000000002,162,0.009733364794714488,-76.6425,16952
2017,sadness,unframed_baseline,pain,161,0.292,-0.8273333333333334,155,0.009497404436054744,47.012,16952
2017,sadness,unframed_baseline,anxiety,157,0.73,-0.708,150,0.009261444077394997,114.61,16952
2017,sadness,unframed_baseline,express,149,0.24599999999999997,0.52,147,0.008789523360075508,36.653999999999996,16952
2017,sadness,unframed_baseline,depression,147,0.04,-0.938,129,0.008671543180745634,5.88,16952
2017,sadness,unframed_baseline,loss,130,0.134,-0.876,127,0.007668711656441718,17.42,16952
2017,sadness,unframed_baseline,time,124,-0.14425000000000002,0.05749999999999999,118,0.0073147711184521,-17.887,16952
2017,sadness,unframed_baseline,emotion,121,0.746,0.386,118,0.0071378008494572915,90.266,16952
2018,ADHD,clinical_only,child,126,-0.0020000000000000018,0.7689999999999999,113,0.030814380044020543,-0.2520000000000002,4089
2018,ADHD,clinical_only,autism,124,0.0,-0.53,110,0.03032526290046466,0.0,4089
2018,ADHD,clinical_only,add,121,-0.105,0.29000000000000004,97,0.02959158718513084,-12.705,4089
2018,ADHD,clinical_only,disorder,116,0.53,-0.675,101,0.028368794326241134,61.480000000000004,4089
2018,ADHD,clinical_only,symptom,71,0.058,-0.24,66,0.0173636585962338,4.118,4089
2018,ADHD,clinical_only,include,60,-0.18066666666666667,0.45933333333333337,58,0.014673514306676448,-10.84,4089
2018,ADHD,clinical_only,treat,60,0.142,0.146,55,0.014673514306676448,8.52,4089
2018,ADHD,clinical_only,anxiety,57,0.73,-0.7079999999999999,57,0.013939838591342627,41.61,4089
2018,ADHD,clinical_only,diagnose,55,-0.035500000000000004,-0.4555,48,0.013450721447786746,-1.9525000000000001,4089
2018,ADHD,clinical_only,depression,49,0.04,-0.938,48,0.0119833700171191,1.96,4089
2018,ADHD,clinical_only,like,44,0.08024999999999999,0.77225,41,0.010760577158229395,3.5309999999999997,4089
2018,ADHD,clinical_only,adult,41,-0.018,0.63,31,0.010026901442895574,-0.738,4089
2018,ADHD,clinical_only,medication,39,-0.122,0.23,34,0.009537784299339692,-4.758,4089
2018,ADHD,clinical_only,people,38,-0.15000000000000002,0.198,34,0.009293225727561751,-5.700000000000001,4089
2018,ADHD,clinical_only,treatment,38,-0.22799999999999998,0.326,35,0.009293225727561751,-8.664,4089
2018,ADHD,lived_only,autism,33,0.0,-0.53,30,0.03882352941176471,0.0,850
2018,ADHD,lived_only,child,29,-0.0020000000000000018,0.7689999999999999,25,0.03411764705882353,-0.05800000000000005,850
2018,ADHD,lived_only,add,26,-0.105,0.29000000000000004,19,0.03058823529411765,-2.73,850
2018,ADHD,lived_only,student,14,-0.364,0.268,9,0.01647058823529412,-5.096,850
2018,ADHD,lived_only,diagnose,13,-0.035500000000000004,-0.4555,13,0.015294117647058824,-0.4615,850
2018,ADHD,lived_only,learn,10,-0.033250000000000016,0.58975,9,0.011764705882352941,-0.33250000000000013,850
2018,ADHD,lived_only,adult,9,-0.018,0.63,8,0.010588235294117647,-0.16199999999999998,850
2018,ADHD,lived_only,help,9,-0.058,0.346,9,0.010588235294117647,-0.522,850
2018,ADHD,lived_only,anxiety,8,0.73,-0.708,8,0.009411764705882352,5.84,850
2018,ADHD,lived_only,kid,8,0.052,0.4793333333333334,5,0.009411764705882352,0.416,850
2018,ADHD,lived_only,symptom,8,0.058,-0.24,8,0.009411764705882352,0.464,850
2018,ADHD,lived_only,depression,7,0.04,-0.938,7,0.00823529411764706,0.28,850
2018,ADHD,lived_only,dyslexia,7,-0.167,-0.667,7,0.00823529411764706,-1.169,850
2018,ADHD,lived_only,include,7,-0.18066666666666667,0.45933333333333337,7,0.00823529411764706,-1.2646666666666666,850
2018,ADHD,lived_only,like,7,0.08025,0.77225,7,0.00823529411764706,0.56175,850
2018,ADHD,mixed,autism,23,0.0,-0.53,23,0.03833333333333333,0.0,600
2018,ADHD,mixed,child,21,-0.0020000000000000018,0.7689999999999999,19,0.035,-0.04200000000000004,600
2018,ADHD,mixed,diagnose,19,-0.035500000000000004,-0.4555,18,0.03166666666666667,-0.6745000000000001,600
2018,ADHD,mixed,add,17,-0.105,0.29000000000000004,14,0.028333333333333332,-1.785,600
2018,ADHD,mixed,problem,9,0.288,-0.876,8,0.015,2.5919999999999996,600
2018,ADHD,mixed,symptom,9,0.058,-0.24000000000000002,7,0.015,0.522,600
2018,ADHD,mixed,dyslexia,7,-0.167,-0.667,7,0.011666666666666667,-1.169,600
2018,ADHD,mixed,learn disability,7,0.174,-0.5,7,0.011666666666666667,1.218,600
2018,ADHD,mixed,struggle,7,0.7575000000000001,-0.44750000000000006,6,0.011666666666666667,5.3025,600
2018,ADHD,mixed,attention,6,0.19800000000000004,0.48,6,0.01,1.1880000000000002,600
2018,ADHD,mixed,include,6,-0.18066666666666667,0.45933333333333337,6,0.01,-1.084,600
2018,ADHD,mixed,kid,6,0.052,0.4793333333333334,6,0.01,0.312,600
2018,ADHD,mixed,medication,6,-0.122,0.23,6,0.01,-0.732,600
2018,ADHD,mixed,adult,5,-0.018,0.63,5,0.008333333333333333,-0.09,600
2018,ADHD,mixed,allergy,5,0.10600000000000001,-0.5375,5,0.008333333333333333,0.53,600
2018,ADHD,substantive_core_overall,autism,180,0.0,-0.53,158,0.03249684058494313,0.0,5539
2018,ADHD,substantive_core_overall,child,176,-0.0020000000000000018,0.769,149,0.0317746885719444,-0.3520000000000003,5539
2018,ADHD,substantive_core_overall,add,164,-0.105,0.29000000000000004,128,0.029608232532948187,-17.22,5539
2018,ADHD,substantive_core_overall,disorder,127,0.53,-0.675,111,0.022928326412709876,67.31,5539
2018,ADHD,substantive_core_overall,symptom,88,0.058,-0.23999999999999996,80,0.0158873442859722,5.104,5539
2018,ADHD,substantive_core_overall,diagnose,87,-0.035500000000000004,-0.4555,78,0.015706806282722512,-3.0885000000000002,5539
2018,ADHD,substantive_core_overall,include,73,-0.18066666666666667,0.45933333333333337,71,0.013179274237226936,-13.188666666666666,5539
2018,ADHD,substantive_core_overall,anxiety,70,0.73,-0.708,68,0.012637660227477884,51.1,5539
2018,ADHD,substantive_core_overall,treat,62,0.142,0.146,57,0.011193356201480412,8.803999999999998,5539
2018,ADHD,substantive_core_overall,depression,60,0.04,-0.938,59,0.010832280194981043,2.4,5539
2018,ADHD,substantive_core_overall,like,56,0.08025,0.77225,53,0.010110128181982307,4.494,5539
2018,ADHD,substantive_core_overall,adult,55,-0.018,0.63,44,0.009929590178732623,-0.9899999999999999,5539
2018,ADHD,substantive_core_overall,medication,47,-0.122,0.23,42,0.00848528615273515,-5.734,5539
2018,ADHD,substantive_core_overall,people,47,-0.15000000000000002,0.198,42,0.00848528615273515,-7.050000000000001,5539
2018,ADHD,substantive_core_overall,kid,46,0.052,0.4793333333333334,40,0.008304748149485466,2.392,5539
2018,Autism,clinical_only,disorder,496,0.53,-0.675,384,0.06586985391766269,262.88,7530
2018,Autism,clinical_only,child,316,-0.0020000000000000018,0.7689999999999999,247,0.04196547144754316,-0.6320000000000006,7530
2018,Autism,clinical_only,spectrum,94,0.4,-0.376,72,0.01248339973439575,37.6,7530
2018,Autism,clinical_only,include,85,-0.18066666666666667,0.45933333333333337,82,0.011288180610889775,-15.356666666666667,7530
2018,Autism,clinical_only,adhd,84,-0.05399999999999999,-0.484,74,0.011155378486055778,-4.536,7530
2018,Autism,clinical_only,people,82,-0.15000000000000002,0.198,74,0.010889774236387782,-12.300000000000002,7530
2018,Autism,clinical_only,developmental,72,0.667,0.704,66,0.009561752988047808,48.024,7530
2018,Autism,clinical_only,cause,67,-0.107,-0.187,64,0.008897742363877822,-7.169,7530
2018,Autism,clinical_only,disability,63,-0.036,-0.854,60,0.008366533864541833,-2.268,7530
2018,Autism,clinical_only,condition,57,-0.11399999999999999,-0.009500000000000001,54,0.007569721115537849,-6.497999999999999,7530
2018,Autism,clinical_only,vaccine,56,0.04,0.0,42,0.007436918990703851,2.24,7530
2018,Autism,clinical_only,like,52,0.08024999999999999,0.7722499999999999,47,0.006905710491367862,4.172999999999999,7530
2018,Autism,clinical_only,diagnose,50,-0.035500000000000004,-0.4555,47,0.006640106241699867,-1.7750000000000001,7530
2018,Autism,clinical_only,symptom,50,0.05800000000000001,-0.24,47,0.006640106241699867,2.9000000000000004,7530
2018,Autism,clinical_only,research,49,0.326,0.266,41,0.00650730411686587,15.974,7530
2018,Autism,lived_only,child,166,-0.0020000000000000018,0.7689999999999999,136,0.04048780487804878,-0.3320000000000003,4100
2018,Autism,lived_only,people,104,-0.15000000000000002,0.198,88,0.025365853658536587,-15.600000000000001,4100
2018,Autism,lived_only,disorder,65,0.53,-0.675,59,0.015853658536585366,34.45,4100
2018,Autism,lived_only,son,48,-0.27,0.584,46,0.011707317073170732,-12.96,4100
2018,Autism,lived_only,kid,40,0.052000000000000005,0.4793333333333334,35,0.00975609756097561,2.08,4100
2018,Autism,lived_only,diagnose,38,-0.035500000000000004,-0.4555,38,0.009268292682926829,-1.3490000000000002,4100
2018,Autism,lived_only,disability,38,-0.036,-0.854,35,0.009268292682926829,-1.3679999999999999,4100
2018,Autism,lived_only,individual,37,-0.346,0.254,28,0.009024390243902438,-12.802,4100
2018,Autism,lived_only,spectrum,36,0.4,-0.376,35,0.00878048780487805,14.4,4100
2018,Autism,lived_only,family,33,-0.4085,0.8845000000000001,30,0.008048780487804878,-13.4805,4100
2018,Autism,lived_only,adhd,31,-0.054,-0.484,27,0.007560975609756097,-1.674,4100
2018,Autism,lived_only,know,29,-0.21500000000000002,0.3655,23,0.007073170731707317,-6.235,4100
2018,Autism,lived_only,syndrome,29,0.019999999999999997,-0.542,25,0.007073170731707317,0.58,4100
2018,Autism,lived_only,year old,28,-0.219,-0.3,24,0.006829268292682927,-6.132,4100
2018,Autism,lived_only,help,27,-0.058,0.346,24,0.006585365853658536,-1.566,4100
2018,Autism,mixed,child,127,-0.0020000000000000018,0.7689999999999999,112,0.05674709562109026,-0.2540000000000002,2238
2018,Autism,mixed,disorder,65,0.53,-0.675,60,0.0290437890974084,34.45,2238
2018,Autism,mixed,people,45,-0.15000000000000002,0.198,36,0.020107238605898123,-6.750000000000001,2238
2018,Autism,mixed,spectrum,31,0.4,-0.376,26,0.01385165326184093,12.4,2238
2018,Autism,mixed,student,31,-0.364,0.268,25,0.01385165326184093,-11.283999999999999,2238
2018,Autism,mixed,disability,24,-0.036,-0.854,22,0.010723860589812333,-0.8639999999999999,2238
2018,Autism,mixed,diagnose,22,-0.035500000000000004,-0.4555,21,0.009830205540661306,-0.7810000000000001,2238
2018,Autism,mixed,parent,21,-0.286,0.624,19,0.00938337801608579,-6.005999999999999,2238
2018,Autism,mixed,include,20,-0.18066666666666667,0.45933333333333337,20,0.008936550491510277,-3.6133333333333333,2238
2018,Autism,mixed,need,19,-0.084,0.187,18,0.008489722966934763,-1.596,2238
2018,Autism,mixed,adhd,18,-0.054,-0.484,18,0.00804289544235925,-0.972,2238
2018,Autism,mixed,son,18,-0.27,0.584,14,0.00804289544235925,-4.86,2238
2018,Autism,mixed,individual,17,-0.346,0.254,17,0.007596067917783735,-5.882,2238
2018,Autism,mixed,support,16,-0.08666666666666667,0.532,14,0.0071492403932082215,-1.3866666666666667,2238
2018,Autism,mixed,high,15,0.15000000000000002,0.455,13,0.006702412868632708,2.2500000000000004,2238
2018,Autism,substantive_core_overall,disorder,626,0.53,-0.675,489,0.045139890395154314,331.78000000000003,13868
2018,Autism,substantive_core_overall,child,609,-0.0020000000000000018,0.7689999999999999,465,0.04391404672627632,-1.218000000000001,13868
2018,Autism,substantive_core_overall,people,231,-0.15000000000000002,0.198,194,0.016657052206518603,-34.650000000000006,13868
2018,Autism,substantive_core_overall,spectrum,161,0.4,-0.376,128,0.011609460628785694,64.4,13868
2018,Autism,substantive_core_overall,adhd,133,-0.054,-0.484,114,0.00959042399769253,-7.1819999999999995,13868
2018,Autism,substantive_core_overall,include,126,-0.18066666666666667,0.45933333333333337,122,0.009085664839919239,-22.764,13868
2018,Autism,substantive_core_overall,disability,125,-0.036,-0.854,114,0.009013556388808769,-4.5,13868
2018,Autism,substantive_core_overall,diagnose,110,-0.035500000000000004,-0.4555,103,0.007931929622151716,-3.9050000000000002,13868
2018,Autism,substantive_core_overall,developmental,96,0.6670000000000001,0.7040000000000001,88,0.006922411306605134,64.03200000000001,13868
2018,Autism,substantive_core_overall,condition,91,-0.11399999999999999,-0.009500000000000001,88,0.006561869051052783,-10.373999999999999,13868
2018,Autism,substantive_core_overall,kid,91,0.052000000000000005,0.4793333333333334,75,0.006561869051052783,4.732,13868
2018,Autism,substantive_core_overall,individual,87,-0.346,0.254,73,0.006273435246610903,-30.101999999999997,13868
2018,Autism,substantive_core_overall,syndrome,87,0.02,-0.542,79,0.006273435246610903,1.74,13868
2018,Autism,substantive_core_overall,student,82,-0.364,0.268,68,0.005912892991058552,-29.848,13868
2018,Autism,substantive_core_overall,diagnosis,81,0.0,0.142,73,0.005840784539948082,0.0,13868
2018,frustration,unframed_baseline,anger,614,0.634,-0.821,584,0.01980261884796491,389.276,31006
2018,frustration,unframed_baseline,express,431,0.246,0.52,416,0.013900535380248984,106.026,31006
2018,frustration,unframed_baseline,cause,389,-0.107,-0.187,384,0.012545958846674837,-41.623,31006
2018,frustration,unframed_baseline,lead,299,0.31379999999999997,0.06260000000000002,293,0.009643294846158808,93.82619999999999,31006
2018,frustration,unframed_baseline,time,296,-0.14425,0.057499999999999996,288,0.00954653937947494,-42.69799999999999,31006
2018,frustration,unframed_baseline,feel,242,-0.10133333333333334,0.5006666666666667,237,0.007804940979165323,-24.52266666666667,31006
2018,frustration,unframed_baseline,experience,219,0.252,0.594,211,0.007063149067922337,55.188,31006
2018,frustration,unframed_baseline,lot,204,-0.368,0.135,197,0.006579371734503,-75.072,31006
2018,frustration,unframed_baseline,stress,194,0.633,-0.6910000000000001,185,0.0062568535122234405,122.802,31006
2018,frustration,unframed_baseline,understand,190,-0.254,0.6033333333333334,181,0.006127846223311617,-48.26,31006
2018,frustration,unframed_baseline,source,173,-0.364,0.4799999999999999,166,0.005579565245436367,-62.972,31006
2018,frustration,unframed_baseline,come,167,-0.204,0.17666666666666667,166,0.005386054312068632,-34.068,31006
2018,frustration,unframed_baseline,fear,146,0.4800000000000001,-0.7505,142,0.0047087660452815585,70.08000000000001,31006
2018,frustration,unframed_baseline,confusion,142,0.334,-0.49,140,0.004579758756369735,47.428000000000004,31006
2018,frustration,unframed_baseline,pain,140,0.292,-0.8273333333333334,138,0.004515255111913823,40.879999999999995,31006
2018,loneliness,unframed_baseline,isolation,334,-0.324,-0.604,298,0.028637571808282605,-108.21600000000001,11663
2018,loneliness,unframed_baseline,depression,193,0.04,-0.938,173,0.01654805796107348,7.72,11663
2018,loneliness,unframed_baseline,social,123,-0.26,0.612,100,0.010546171653948383,-31.98,11663
2018,loneliness,unframed_baseline,feel,118,-0.10133333333333334,0.5006666666666667,113,0.010117465489153734,-11.957333333333334,11663
2018,loneliness,unframed_baseline,people,105,-0.15000000000000002,0.19800000000000004,95,0.009002829460687645,-15.750000000000002,11663
2018,loneliness,unframed_baseline,experience,104,0.252,0.594,96,0.008917088227728714,26.208,11663
2018,loneliness,unframed_baseline,anxiety,93,0.73,-0.708,92,0.007973934665180486,67.89,11663
2018,loneliness,unframed_baseline,life,90,0.22999999999999998,0.836,89,0.007716710966303696,20.7,11663
2018,loneliness,unframed_baseline,sadness,83,-0.424,-0.8959999999999999,83,0.007116522335591186,-35.192,11663
2018,loneliness,unframed_baseline,fear,82,0.4800000000000001,-0.7505,80,0.007030781102632256,39.36000000000001,11663
2018,loneliness,unframed_baseline,help,82,-0.058,0.346,78,0.007030781102632256,-4.756,11663
2018,loneliness,unframed_baseline,stress,81,0.633,-0.6910000000000001,80,0.006945039869673326,51.273,11663
2018,loneliness,unframed_baseline,reduce,80,-0.331,-0.552,71,0.006859298636714396,-26.48,11663
2018,loneliness,unframed_baseline,time,78,-0.14425,0.057499999999999996,73,0.006687816170796536,-11.2515,11663
2018,loneliness,unframed_baseline,sense,76,0.0835,0.281,75,0.006516333704878676,6.346,11663
2018,sadness,unframed_baseline,anger,465,0.634,-0.821,438,0.02639196322152222,294.81,17619
2018,sadness,unframed_baseline,feel,351,-0.10133333333333334,0.5006666666666667,327,0.01992167546398774,-35.568000000000005,17619
2018,sadness,unframed_baseline,create,322,0.42149999999999993,0.6194999999999999,322,0.018275725069527213,135.72299999999998,17619
2018,sadness,unframed_baseline,image,307,-0.365,0.377,307,0.017424371417220048,-112.05499999999999,17619
2018,sadness,unframed_baseline,great,291,0.20733333333333334,0.7066666666666667,275,0.016516260854759067,60.334,17619
2018,sadness,unframed_baseline,joy,236,0.37850000000000006,0.9704999999999999,222,0.01339463079629945,89.32600000000001,17619
2018,sadness,unframed_baseline,fear,229,0.48,-0.7505,219,0.01299733242522277,109.92,17619
2018,sadness,unframed_baseline,depression,193,0.04,-0.938,177,0.010954083659685566,7.72,17619
2018,sadness,unframed_baseline,deep,183,-0.4645,0.24000000000000002,174,0.010386514558147455,-85.0035,17619
2018,sadness,unframed_baseline,grief,166,0.28,-0.86,158,0.009421647085532664,46.480000000000004,17619
2018,sadness,unframed_baseline,happiness,147,0.46399999999999997,0.92,141,0.00834326579261025,68.208,17619
2018,sadness,unframed_baseline,pain,144,0.292,-0.8273333333333334,141,0.008172995062148816,42.047999999999995,17619
2018,sadness,unframed_baseline,loss,136,0.134,-0.876,127,0.007718939780918327,18.224,17619
2018,sadness,unframed_baseline,anxiety,132,0.73,-0.708,129,0.0074919121403030815,96.36,17619
2018,sadness,unframed_baseline,express,131,0.246,0.52,124,0.007435155230149271,32.226,17619
2019,ADHD,clinical_only,add,120,-0.105,0.29000000000000004,82,0.034532374100719423,-12.6,3475
2019,ADHD,clinical_only,child,108,-0.0020000000000000018,0.7689999999999999,91,0.03107913669064748,-0.2160000000000002,3475
2019,ADHD,clinical_only,autism,98,0.0,-0.53,85,0.028201438848920863,0.0,3475
2019,ADHD,clinical_only,disorder,84,0.53,-0.675,72,0.024172661870503598,44.52,3475
2019,ADHD,clinical_only,depression,65,0.04,-0.938,58,0.01870503597122302,2.6,3475
2019,ADHD,clinical_only,symptom,60,0.058,-0.23999999999999996,51,0.017266187050359712,3.48,3475
2019,ADHD,clinical_only,anxiety,57,0.73,-0.7079999999999999,55,0.016402877697841725,41.61,3475
2019,ADHD,clinical_only,like,55,0.08024999999999999,0.77225,51,0.015827338129496403,4.413749999999999,3475
2019,ADHD,clinical_only,treat,43,0.142,0.146,43,0.01237410071942446,6.106,3475
2019,ADHD,clinical_only,treatment,43,-0.228,0.326,36,0.01237410071942446,-9.804,3475
2019,ADHD,clinical_only,medication,39,-0.122,0.23,36,0.011223021582733812,-4.758,3475
2019,ADHD,clinical_only,condition,36,-0.11399999999999998,-0.009500000000000001,34,0.010359712230215827,-4.103999999999999,3475
2019,ADHD,clinical_only,include,34,-0.18066666666666667,0.45933333333333337,33,0.009784172661870504,-6.142666666666667,3475
2019,ADHD,clinical_only,diagnose,32,-0.035500000000000004,-0.4555,28,0.00920863309352518,-1.1360000000000001,3475
2019,ADHD,clinical_only,behavior,30,-0.116,0.188,29,0.008633093525179856,-3.48,3475
2019,ADHD,lived_only,child,37,-0.0020000000000000018,0.7689999999999999,33,0.04161979752530934,-0.07400000000000007,889
2019,ADHD,lived_only,autism,35,0.0,-0.53,35,0.03937007874015748,0.0,889
2019,ADHD,lived_only,add,17,-0.105,0.29000000000000004,17,0.019122609673790775,-1.785,889
2019,ADHD,lived_only,dyslexia,15,-0.167,-0.667,15,0.01687289088863892,-2.5050000000000003,889
2019,ADHD,lived_only,diagnosis,14,0.0,0.142,13,0.015748031496062992,0.0,889
2019,ADHD,lived_only,anxiety,13,0.73,-0.708,13,0.014623172103487065,9.49,889
2019,ADHD,lived_only,people,12,-0.15000000000000002,0.19800000000000004,11,0.013498312710911136,-1.8000000000000003,889
2019,ADHD,lived_only,issue,11,0.5900000000000001,-0.184,11,0.012373453318335208,6.490000000000001,889
2019,ADHD,lived_only,like,11,0.08024999999999999,0.77225,9,0.012373453318335208,0.8827499999999999,889
2019,ADHD,lived_only,challenge,10,0.7555000000000001,-0.3225,9,0.01124859392575928,7.555000000000001,889
2019,ADHD,lived_only,adult,9,-0.018,0.63,7,0.010123734533183352,-0.16199999999999998,889
2019,ADHD,lived_only,know,9,-0.215,0.3655,7,0.010123734533183352,-1.935,889
2019,ADHD,lived_only,learn,9,-0.033250000000000016,0.58975,9,0.010123734533183352,-0.2992500000000001,889
2019,ADHD,lived_only,teen,9,0.191,0.382,4,0.010123734533183352,1.719,889
2019,ADHD,lived_only,help,8,-0.058,0.346,8,0.008998875140607425,-0.464,889
2019,ADHD,mixed,autism,16,0.0,-0.53,16,0.03547671840354767,0.0,451
2019,ADHD,mixed,child,16,-0.0020000000000000018,0.7689999999999999,13,0.03547671840354767,-0.03200000000000003,451
2019,ADHD,mixed,diagnose,12,-0.035500000000000004,-0.4555,11,0.026607538802660754,-0.42600000000000005,451
2019,ADHD,mixed,add,10,-0.10500000000000001,0.29000000000000004,10,0.022172949002217297,-1.05,451
2019,ADHD,mixed,people,10,-0.15000000000000002,0.198,9,0.022172949002217297,-1.5000000000000002,451
2019,ADHD,mixed,symptom,10,0.05800000000000001,-0.24,9,0.022172949002217297,0.5800000000000001,451
2019,ADHD,mixed,depression,7,0.04,-0.938,7,0.015521064301552107,0.28,451
2019,ADHD,mixed,anxiety,6,0.73,-0.7079999999999999,6,0.013303769401330377,4.38,451
2019,ADHD,mixed,issue,6,0.5900000000000001,-0.18400000000000002,6,0.013303769401330377,3.5400000000000005,451
2019,ADHD,mixed,care,5,-0.161,0.364,3,0.011086474501108648,-0.805,451
2019,ADHD,mixed,month,5,-0.49000000000000005,0.376,2,0.011086474501108648,-2.45,451
2019,ADHD,mixed,student,5,-0.364,0.268,5,0.011086474501108648,-1.8199999999999998,451
2019,ADHD,mixed,suffer,5,0.629,-0.8979999999999999,4,0.011086474501108648,3.145,451
2019,ADHD,mixed,disorder,4,0.53,-0.675,4,0.008869179600886918,2.12,451
2019,ADHD,mixed,emotional,4,0.428,0.558,3,0.008869179600886918,1.712,451
2019,ADHD,substantive_core_overall,child,161,-0.0020000000000000018,0.7689999999999999,135,0.03343717549325026,-0.3220000000000003,4815
2019,ADHD,substantive_core_overall,autism,149,0.0,-0.53,134,0.030944963655244028,0.0,4815
2019,ADHD,substantive_core_overall,add,147,-0.105,0.29000000000000004,108,0.030529595015576325,-15.434999999999999,4815
2019,ADHD,substantive_core_overall,disorder,95,0.53,-0.675,83,0.01973001038421599,50.35,4815
2019,ADHD,substantive_core_overall,anxiety,76,0.73,-0.708,73,0.015784008307372793,55.48,4815
2019,ADHD,substantive_core_overall,depression,76,0.04,-0.938,69,0.015784008307372793,3.04,4815
2019,ADHD,substantive_core_overall,symptom,73,0.058,-0.24,63,0.015160955347871236,4.234,4815
2019,ADHD,substantive_core_overall,like,67,0.08024999999999999,0.77225,61,0.01391484942886812,5.3767499999999995,4815
2019,ADHD,substantive_core_overall,diagnose,51,-0.035500000000000004,-0.45549999999999996,46,0.01059190031152648,-1.8105000000000002,4815
2019,ADHD,substantive_core_overall,treat,48,0.142,0.146,47,0.009968847352024923,6.815999999999999,4815
2019,ADHD,substantive_core_overall,people,46,-0.15000000000000002,0.198,44,0.009553478712357217,-6.900000000000001,4815
2019,ADHD,substantive_core_overall,treatment,45,-0.228,0.326,37,0.009345794392523364,-10.26,4815
2019,ADHD,substantive_core_overall,medication,44,-0.12200000000000001,0.23,38,0.009138110072689512,-5.368,4815
2019,ADHD,substantive_core_overall,include,43,-0.18066666666666667,0.45933333333333337,42,0.008930425752855659,-7.768666666666666,4815
2019,ADHD,substantive_core_overall,condition,40,-0.11399999999999999,-0.009500000000000001,37,0.008307372793354102,-4.56,4815
2019,Autism,clinical_only,disorder,425,0.53,-0.675,325,0.0639867509786209,225.25,6642
2019,Autism,clinical_only,child,299,-0.0020000000000000018,0.7689999999999999,245,0.045016561276723877,-0.5980000000000005,6642
2019,Autism,clinical_only,vaccine,83,0.04,0.0,68,0.012496236073471846,3.3200000000000003,6642
2019,Autism,clinical_only,cause,81,-0.107,-0.187,67,0.012195121951219513,-8.667,6642
2019,Autism,clinical_only,adhd,74,-0.054,-0.48400000000000004,62,0.011141222523336344,-3.996,6642
2019,Autism,clinical_only,people,71,-0.15000000000000002,0.198,62,0.010689551339957843,-10.650000000000002,6642
2019,Autism,clinical_only,include,66,-0.18066666666666667,0.45933333333333337,63,0.00993676603432701,-11.924,6642
2019,Autism,clinical_only,developmental,60,0.667,0.704,54,0.009033423667570008,40.02,6642
2019,Autism,clinical_only,study,55,0.00033333333333333365,0.4733333333333333,47,0.008280638361939175,0.01833333333333335,6642
2019,Autism,clinical_only,diagnose,54,-0.035500000000000004,-0.4555,51,0.008130081300813009,-1.9170000000000003,6642
2019,Autism,clinical_only,spectrum,54,0.4,-0.37599999999999995,49,0.008130081300813009,21.6,6642
2019,Autism,clinical_only,condition,52,-0.11399999999999998,-0.009500000000000001,50,0.007828967178560674,-5.927999999999999,6642
2019,Autism,clinical_only,treatment,48,-0.228,0.326,35,0.007226738934056007,-10.944,6642
2019,Autism,clinical_only,link,46,-0.472,-0.146,38,0.006925624811803674,-21.712,6642
2019,Autism,clinical_only,disability,42,-0.036,-0.8540000000000001,40,0.006323396567299007,-1.5119999999999998,6642
2019,Autism,lived_only,child,178,-0.0020000000000000018,0.7689999999999999,155,0.04344642421283866,-0.3560000000000003,4097
2019,Autism,lived_only,people,114,-0.15000000000000002,0.19800000000000004,94,0.02782523797900903,-17.1,4097
2019,Autism,lived_only,disorder,84,0.53,-0.675,74,0.02050280693190139,44.52,4097
2019,Autism,lived_only,son,67,-0.27,0.584,62,0.016353429338540396,-18.09,4097
2019,Autism,lived_only,diagnose,42,-0.035500000000000004,-0.4555,40,0.010251403465950696,-1.491,4097
2019,Autism,lived_only,awareness,41,-0.156,0.368,32,0.010007322431047107,-6.396,4097
2019,Autism,lived_only,adult,35,-0.018,0.63,34,0.008542836221625579,-0.63,4097
2019,Autism,lived_only,individual,34,-0.346,0.254,34,0.008298755186721992,-11.764,4097
2019,Autism,lived_only,support,34,-0.08666666666666667,0.532,31,0.008298755186721992,-2.9466666666666668,4097
2019,Autism,lived_only,disability,32,-0.036,-0.854,32,0.007810593116914816,-1.152,4097
2019,Autism,lived_only,kid,30,0.052,0.47933333333333344,26,0.00732243104710764,1.5599999999999998,4097
2019,Autism,lived_only,person,30,-0.335,0.515,22,0.00732243104710764,-10.05,4097
2019,Autism,lived_only,spectrum,30,0.4,-0.376,27,0.00732243104710764,12.0,4097
2019,Autism,lived_only,world,30,-0.212,0.24400000000000002,20,0.00732243104710764,-6.359999999999999,4097
2019,Autism,lived_only,parent,29,-0.286,0.624,26,0.007078350012204052,-8.293999999999999,4097
2019,Autism,mixed,child,93,-0.0020000000000000018,0.7689999999999999,78,0.04590325765054294,-0.18600000000000017,2026
2019,Autism,mixed,disorder,54,0.53,-0.675,50,0.02665350444225074,28.62,2026
2019,Autism,mixed,people,39,-0.15000000000000002,0.198,34,0.0192497532082922,-5.8500000000000005,2026
2019,Autism,mixed,include,28,-0.18066666666666667,0.45933333333333337,27,0.013820335636722606,-5.058666666666666,2026
2019,Autism,mixed,family,26,-0.4085,0.8845,24,0.012833168805528134,-10.620999999999999,2026
2019,Autism,mixed,help,23,-0.058,0.346,23,0.011352418558736426,-1.334,2026
2019,Autism,mixed,live,23,0.12366666666666666,0.494,22,0.011352418558736426,2.844333333333333,2026
2019,Autism,mixed,diagnosis,22,0.0,0.142,19,0.01085883514313919,0.0,2026
2019,Autism,mixed,program,22,0.15650000000000003,0.061000000000000006,20,0.01085883514313919,3.4430000000000005,2026
2019,Autism,mixed,adhd,21,-0.05399999999999999,-0.484,21,0.010365251727541954,-1.134,2026
2019,Autism,mixed,developmental,20,0.667,0.704,20,0.009871668311944718,13.34,2026
2019,Autism,mixed,support,20,-0.08666666666666667,0.532,16,0.009871668311944718,-1.7333333333333334,2026
2019,Autism,mixed,diagnose,19,-0.035500000000000004,-0.4555,18,0.009378084896347482,-0.6745000000000001,2026
2019,Autism,mixed,adult,17,-0.018,0.63,13,0.00839091806515301,-0.306,2026
2019,Autism,mixed,syndrome,17,0.02,-0.542,16,0.00839091806515301,0.34,2026
2019,Autism,substantive_core_overall,child,570,-0.0020000000000000018,0.7689999999999999,459,0.04465334900117509,-1.140000000000001,12765
2019,Autism,substantive_core_overall,disorder,563,0.53,-0.675,443,0.04410497453975715,298.39000000000004,12765
2019,Autism,substantive_core_overall,people,224,-0.15000000000000005,0.198,186,0.01754798276537407,-33.60000000000001,12765
2019,Autism,substantive_core_overall,adhd,122,-0.054,-0.48400000000000004,107,0.009557383470426948,-6.588,12765
2019,Autism,substantive_core_overall,diagnose,115,-0.035500000000000004,-0.4555,109,0.009009009009009009,-4.0825000000000005,12765
2019,Autism,substantive_core_overall,include,108,-0.18066666666666667,0.45933333333333337,103,0.00846063454759107,-19.512,12765
2019,Autism,substantive_core_overall,spectrum,99,0.4,-0.37599999999999995,89,0.007755581668625147,39.6,12765
2019,Autism,substantive_core_overall,developmental,92,0.667,0.704,85,0.007207207207207207,61.364000000000004,12765
2019,Autism,substantive_core_overall,help,91,-0.058,0.346,86,0.007128867998433216,-5.2780000000000005,12765
2019,Autism,substantive_core_overall,vaccine,91,0.04,0.0,75,0.007128867998433216,3.64,12765
2019,Autism,substantive_core_overall,cause,90,-0.10699999999999998,-0.18699999999999997,75,0.007050528789659225,-9.629999999999999,12765
2019,Autism,substantive_core_overall,individual,90,-0.346,0.254,81,0.007050528789659225,-31.139999999999997,12765
2019,Autism,substantive_core_overall,disability,88,-0.036,-0.854,85,0.006893850372111242,-3.1679999999999997,12765
2019,Autism,substantive_core_overall,support,86,-0.08666666666666667,0.532,75,0.006737171954563259,-7.453333333333333,12765
2019,Autism,substantive_core_overall,son,85,-0.27,0.584,79,0.006658832745789268,-22.950000000000003,12765
2019,frustration,unframed_baseline,anger,557,0.634,-0.821,521,0.019314792981482767,353.138,28838
2019,frustration,unframed_baseline,express,364,0.246,0.52,354,0.012622234551633261,89.544,28838
2019,frustration,unframed_baseline,cause,322,-0.107,-0.187,311,0.011165822872598655,-34.454,28838
2019,frustration,unframed_baseline,time,311,-0.14425,0.0575,306,0.01078438171856578,-44.861749999999994,28838
2019,frustration,unframed_baseline,lead,301,0.31379999999999997,0.06260000000000002,292,0.010437617033081352,94.45379999999999,28838
2019,frustration,unframed_baseline,lot,230,-0.368,0.135,226,0.007975587766141896,-84.64,28838
2019,frustration,unframed_baseline,feel,216,-0.10133333333333334,0.5006666666666667,210,0.0074901172064636935,-21.888,28838
2019,frustration,unframed_baseline,understand,202,-0.254,0.6033333333333334,194,0.007004646646785491,-51.308,28838
2019,frustration,unframed_baseline,experience,195,0.252,0.594,192,0.006761911366946391,49.14,28838
2019,frustration,unframed_baseline,stress,180,0.633,-0.6910000000000001,169,0.006241764338719744,113.94,28838
2019,frustration,unframed_baseline,come,162,-0.20399999999999996,0.17666666666666667,159,0.00561758790484777,-33.047999999999995,28838
2019,frustration,unframed_baseline,avoid,143,-0.125,-0.11599999999999998,138,0.004958735002427353,-17.875,28838
2019,frustration,unframed_baseline,source,141,-0.364,0.4799999999999999,137,0.004889382065330467,-51.324,28838
2019,frustration,unframed_baseline,disappointment,136,-0.02,-0.77,130,0.004715999722588252,-2.72,28838
2019,frustration,unframed_baseline,fear,133,0.48000000000000004,-0.7505,127,0.004611970316942922,63.84,28838
2019,loneliness,unframed_baseline,isolation,330,-0.324,-0.604,293,0.030634979576680283,-106.92,10772
2019,loneliness,unframed_baseline,depression,164,0.04,-0.938,157,0.015224656516895656,6.5600000000000005,10772
2019,loneliness,unframed_baseline,social,130,-0.26,0.612,114,0.012068325287783142,-33.800000000000004,10772
2019,loneliness,unframed_baseline,help,125,-0.058,0.346,116,0.011604158930560713,-7.25,10772
2019,loneliness,unframed_baseline,feel,103,-0.10133333333333334,0.5006666666666667,99,0.009561826958782027,-10.437333333333335,10772
2019,loneliness,unframed_baseline,experience,92,0.252,0.594,85,0.008540660972892685,23.184,10772
2019,loneliness,unframed_baseline,fear,89,0.4800000000000001,-0.7505,85,0.008262161158559227,42.720000000000006,10772
2019,loneliness,unframed_baseline,boredom,84,-0.722,-0.666,82,0.007797994801336799,-60.647999999999996,10772
2019,loneliness,unframed_baseline,combat,83,0.692,-0.396,78,0.0077051615298923135,57.43599999999999,10772
2019,loneliness,unframed_baseline,people,83,-0.15000000000000002,0.198,80,0.0077051615298923135,-12.450000000000001,10772
2019,loneliness,unframed_baseline,anxiety,81,0.73,-0.708,80,0.007519494987003342,59.129999999999995,10772
2019,loneliness,unframed_baseline,reduce,80,-0.331,-0.552,71,0.007426661715558856,-26.48,10772
2019,loneliness,unframed_baseline,life,78,0.23,0.836,74,0.0072409951726698845,17.94,10772
2019,loneliness,unframed_baseline,sadness,69,-0.424,-0.896,69,0.006405495729669514,-29.256,10772
2019,loneliness,unframed_baseline,love,67,0.154,0.846,62,0.006219829186780542,10.318,10772
2019,sadness,unframed_baseline,anger,430,0.634,-0.821,405,0.029712548369264787,272.62,14472
2019,sadness,unframed_baseline,feel,291,-0.10133333333333334,0.5006666666666667,275,0.020107794361525703,-29.488000000000003,14472
2019,sadness,unframed_baseline,great,246,0.20733333333333334,0.7066666666666667,235,0.016998341625207296,51.004000000000005,14472
2019,sadness,unframed_baseline,fear,220,0.48000000000000004,-0.7505,207,0.015201768933112217,105.60000000000001,14472
2019,sadness,unframed_baseline,depression,183,0.04,-0.938,163,0.012645107794361525,7.32,14472
2019,sadness,unframed_baseline,joy,159,0.3785,0.9704999999999999,156,0.010986733001658375,60.1815,14472
2019,sadness,unframed_baseline,express,150,0.246,0.52,141,0.010364842454394693,36.9,14472
2019,sadness,unframed_baseline,anxiety,149,0.73,-0.708,143,0.010295743504698729,108.77,14472
2019,sadness,unframed_baseline,grief,143,0.28,-0.86,135,0.009881149806522941,40.040000000000006,14472
2019,sadness,unframed_baseline,loss,142,0.134,-0.876,132,0.009812050856826977,19.028000000000002,14472
2019,sadness,unframed_baseline,happiness,139,0.4640000000000001,0.92,135,0.009604754007739082,64.49600000000001,14472
2019,sadness,unframed_baseline,deep,137,-0.4645,0.23999999999999996,134,0.009466556108347153,-63.636500000000005,14472
2019,sadness,unframed_baseline,emotion,129,0.746,0.386,123,0.008913764510779435,96.234,14472
2019,sadness,unframed_baseline,pain,122,0.292,-0.8273333333333334,119,0.008430071862907684,35.623999999999995,14472
2019,sadness,unframed_baseline,experience,117,0.252,0.594,117,0.00808457711442786,29.484,14472
2020,ADHD,clinical_only,child,102,-0.0020000000000000018,0.7689999999999999,90,0.032525510204081634,-0.20400000000000018,3136
2020,ADHD,clinical_only,autism,85,0.0,-0.53,77,0.027104591836734693,0.0,3136
2020,ADHD,clinical_only,add,84,-0.10500000000000001,0.29000000000000004,64,0.026785714285714284,-8.82,3136
2020,ADHD,clinical_only,disorder,71,0.53,-0.675,61,0.02264030612244898,37.63,3136
2020,ADHD,clinical_only,symptom,57,0.058,-0.24,49,0.018176020408163265,3.306,3136
2020,ADHD,clinical_only,anxiety,54,0.73,-0.708,52,0.01721938775510204,39.42,3136
2020,ADHD,clinical_only,diagnose,48,-0.035500000000000004,-0.4555,43,0.015306122448979591,-1.7040000000000002,3136
2020,ADHD,clinical_only,depression,44,0.04,-0.938,42,0.01403061224489796,1.76,3136
2020,ADHD,clinical_only,include,43,-0.18066666666666667,0.45933333333333337,41,0.01371173469387755,-7.768666666666666,3136
2020,ADHD,clinical_only,treatment,41,-0.228,0.326,36,0.013073979591836735,-9.348,3136
2020,ADHD,clinical_only,kid,36,0.052,0.47933333333333333,34,0.011479591836734694,1.8719999999999999,3136
2020,ADHD,clinical_only,suffer,36,0.629,-0.8979999999999999,36,0.011479591836734694,22.644,3136
2020,ADHD,clinical_only,treat,35,0.142,0.146,30,0.011160714285714286,4.97,3136
2020,ADHD,clinical_only,medication,29,-0.122,0.23,25,0.009247448979591837,-3.538,3136
2020,ADHD,clinical_only,help,28,-0.058,0.346,27,0.008928571428571428,-1.624,3136
2020,ADHD,lived_only,child,34,-0.0020000000000000018,0.7689999999999999,31,0.035527690700104496,-0.06800000000000006,957
2020,ADHD,lived_only,add,28,-0.105,0.29000000000000004,25,0.029258098223615466,-2.94,957
2020,ADHD,lived_only,autism,25,0.0,-0.53,25,0.02612330198537095,0.0,957
2020,ADHD,lived_only,diagnose,21,-0.035500000000000004,-0.4555,21,0.0219435736677116,-0.7455,957
2020,ADHD,lived_only,adult,14,-0.018,0.63,12,0.014629049111807733,-0.252,957
2020,ADHD,lived_only,student,14,-0.364,0.268,13,0.014629049111807733,-5.096,957
2020,ADHD,lived_only,people,13,-0.15000000000000002,0.198,12,0.013584117032392894,-1.9500000000000002,957
2020,ADHD,lived_only,anxiety,12,0.73,-0.7079999999999999,12,0.012539184952978056,8.76,957
2020,ADHD,lived_only,dyslexia,12,-0.167,-0.6670000000000001,12,0.012539184952978056,-2.004,957
2020,ADHD,lived_only,learn,12,-0.033250000000000016,0.58975,11,0.012539184952978056,-0.3990000000000002,957
2020,ADHD,lived_only,challenge,11,0.7555000000000001,-0.3225,7,0.011494252873563218,8.310500000000001,957
2020,ADHD,lived_only,help,11,-0.058,0.346,8,0.011494252873563218,-0.638,957
2020,ADHD,lived_only,brain,9,-0.001999999999999995,0.33,7,0.009404388714733543,-0.017999999999999954,957
2020,ADHD,lived_only,disorder,9,0.53,-0.675,8,0.009404388714733543,4.7700000000000005,957
2020,ADHD,lived_only,kid,9,0.052,0.47933333333333333,8,0.009404388714733543,0.46799999999999997,957
2020,ADHD,mixed,child,19,-0.0020000000000000018,0.7689999999999999,18,0.03653846153846154,-0.038000000000000034,520
2020,ADHD,mixed,add,14,-0.105,0.29000000000000004,13,0.026923076923076925,-1.47,520
2020,ADHD,mixed,autism,13,0.0,-0.53,13,0.025,0.0,520
2020,ADHD,mixed,diagnose,12,-0.035500000000000004,-0.4555,12,0.023076923076923078,-0.42600000000000005,520
2020,ADHD,mixed,symptom,10,0.05800000000000001,-0.24,10,0.019230769230769232,0.5800000000000001,520
2020,ADHD,mixed,anxiety,9,0.73,-0.708,9,0.01730769230769231,6.57,520
2020,ADHD,mixed,people,9,-0.15000000000000002,0.198,8,0.01730769230769231,-1.35,520
2020,ADHD,mixed,know,8,-0.215,0.3655,8,0.015384615384615385,-1.72,520
2020,ADHD,mixed,disorder,7,0.53,-0.675,7,0.013461538461538462,3.71,520
2020,ADHD,mixed,adult,6,-0.018,0.63,5,0.011538461538461539,-0.10799999999999998,520
2020,ADHD,mixed,mental health,6,0.148,-0.296,6,0.011538461538461539,0.8879999999999999,520
2020,ADHD,mixed,depression,5,0.04,-0.938,5,0.009615384615384616,0.2,520
2020,ADHD,mixed,kid,5,0.052000000000000005,0.4793333333333334,5,0.009615384615384616,0.26,520
2020,ADHD,mixed,challenge,4,0.7555000000000001,-0.3225,4,0.007692307692307693,3.0220000000000002,520
2020,ADHD,mixed,classroom,4,-0.416,0.078,2,0.007692307692307693,-1.664,520
2020,ADHD,substantive_core_overall,child,155,-0.0020000000000000018,0.7689999999999999,136,0.033600693691740735,-0.3100000000000003,4613
2020,ADHD,substantive_core_overall,add,126,-0.105,0.29000000000000004,98,0.027314112291350532,-13.229999999999999,4613
2020,ADHD,substantive_core_overall,autism,123,0.0,-0.53,113,0.026663776284413614,0.0,4613
2020,ADHD,substantive_core_overall,disorder,87,0.53,-0.675,76,0.018859744201170606,46.11,4613
2020,ADHD,substantive_core_overall,diagnose,81,-0.035500000000000004,-0.45549999999999996,76,0.01755907218729677,-2.8755,4613
2020,ADHD,substantive_core_overall,anxiety,75,0.73,-0.708,72,0.016258400173422935,54.75,4613
2020,ADHD,substantive_core_overall,symptom,71,0.058,-0.24,62,0.015391285497507045,4.118,4613
2020,ADHD,substantive_core_overall,depression,54,0.04,-0.9379999999999998,52,0.011706048124864513,2.16,4613
2020,ADHD,substantive_core_overall,include,50,-0.18066666666666667,0.45933333333333337,48,0.010838933448948623,-9.033333333333333,4613
2020,ADHD,substantive_core_overall,kid,50,0.052000000000000005,0.4793333333333334,47,0.010838933448948623,2.6,4613
2020,ADHD,substantive_core_overall,people,47,-0.15000000000000002,0.198,43,0.010188597442011706,-7.050000000000001,4613
2020,ADHD,substantive_core_overall,adult,45,-0.018,0.63,33,0.009755040104053762,-0.8099999999999999,4613
2020,ADHD,substantive_core_overall,treatment,45,-0.228,0.326,40,0.009755040104053762,-10.26,4613
2020,ADHD,substantive_core_overall,help,43,-0.058,0.346,39,0.009321482766095816,-2.494,4613
2020,ADHD,substantive_core_overall,suffer,39,0.629,-0.8979999999999999,39,0.008454368090179926,24.531,4613
2020,Autism,clinical_only,disorder,424,0.53,-0.6750000000000002,323,0.07272727272727272,224.72,5830
2020,Autism,clinical_only,child,230,-0.0020000000000000018,0.7689999999999999,184,0.03945111492281304,-0.4600000000000004,5830
2020,Autism,clinical_only,adhd,85,-0.054,-0.484,74,0.014579759862778732,-4.59,5830
2020,Autism,clinical_only,spectrum,75,0.4,-0.376,66,0.012864493996569469,30.0,5830
2020,Autism,clinical_only,people,69,-0.15000000000000002,0.198,60,0.011835334476843911,-10.350000000000001,5830
2020,Autism,clinical_only,include,59,-0.18066666666666664,0.45933333333333337,55,0.010120068610634648,-10.659333333333333,5830
2020,Autism,clinical_only,vaccine,56,0.04,0.0,42,0.00960548885077187,2.24,5830
2020,Autism,clinical_only,cause,55,-0.107,-0.187,42,0.009433962264150943,-5.885,5830
2020,Autism,clinical_only,disability,54,-0.036,-0.854,50,0.009262435677530018,-1.944,5830
2020,Autism,clinical_only,developmental,49,0.667,0.7039999999999998,45,0.008404802744425385,32.683,5830
2020,Autism,clinical_only,syndrome,48,0.02,-0.542,43,0.00823327615780446,0.96,5830
2020,Autism,clinical_only,diagnosis,46,0.0,0.142,43,0.007890222984562607,0.0,5830
2020,Autism,clinical_only,diagnose,45,-0.035500000000000004,-0.45550000000000007,42,0.007718696397941681,-1.5975000000000001,5830
2020,Autism,clinical_only,condition,42,-0.11399999999999999,-0.009500000000000001,42,0.007204116638078902,-4.787999999999999,5830
2020,Autism,clinical_only,disease,37,0.049,-0.8360000000000001,36,0.006346483704974271,1.8130000000000002,5830
2020,Autism,lived_only,child,162,-0.0020000000000000018,0.7689999999999999,129,0.04531468531468531,-0.3240000000000003,3575
2020,Autism,lived_only,people,112,-0.15000000000000005,0.198,94,0.03132867132867133,-16.800000000000004,3575
2020,Autism,lived_only,son,65,-0.27,0.584,58,0.01818181818181818,-17.55,3575
2020,Autism,lived_only,disorder,48,0.53,-0.6750000000000002,45,0.013426573426573427,25.44,3575
2020,Autism,lived_only,diagnose,45,-0.035500000000000004,-0.45550000000000007,42,0.012587412587412588,-1.5975000000000001,3575
2020,Autism,lived_only,disability,44,-0.036,-0.854,44,0.012307692307692308,-1.5839999999999999,3575
2020,Autism,lived_only,help,28,-0.058,0.346,25,0.007832167832167832,-1.624,3575
2020,Autism,lived_only,individual,25,-0.3459999999999999,0.254,24,0.006993006993006993,-8.649999999999999,3575
2020,Autism,lived_only,live,25,0.12366666666666665,0.494,24,0.006993006993006993,3.0916666666666663,3575
2020,Autism,lived_only,adhd,24,-0.054,-0.484,24,0.006713286713286713,-1.296,3575
2020,Autism,lived_only,kid,24,0.052,0.4793333333333334,21,0.006713286713286713,1.248,3575
2020,Autism,lived_only,adult,23,-0.018,0.63,18,0.0064335664335664336,-0.414,3575
2020,Autism,lived_only,awareness,23,-0.156,0.368,21,0.0064335664335664336,-3.588,3575
2020,Autism,lived_only,person,23,-0.335,0.515,21,0.0064335664335664336,-7.705,3575
2020,Autism,lived_only,syndrome,23,0.02,-0.542,23,0.0064335664335664336,0.46,3575
2020,Autism,mixed,child,100,-0.0020000000000000018,0.7689999999999999,84,0.05263157894736842,-0.20000000000000018,1900
2020,Autism,mixed,disorder,59,0.53,-0.675,52,0.03105263157894737,31.270000000000003,1900
2020,Autism,mixed,people,39,-0.15000000000000002,0.198,33,0.020526315789473684,-5.8500000000000005,1900
2020,Autism,mixed,disability,28,-0.036,-0.854,26,0.014736842105263158,-1.008,1900
2020,Autism,mixed,support,23,-0.08666666666666667,0.532,20,0.012105263157894737,-1.9933333333333334,1900
2020,Autism,mixed,individual,22,-0.346,0.254,20,0.011578947368421053,-7.611999999999999,1900
2020,Autism,mixed,include,21,-0.18066666666666667,0.45933333333333337,19,0.011052631578947368,-3.794,1900
2020,Autism,mixed,diagnose,18,-0.035500000000000004,-0.4555,16,0.009473684210526316,-0.639,1900
2020,Autism,mixed,son,18,-0.27,0.584,18,0.009473684210526316,-4.86,1900
2020,Autism,mixed,spectrum,15,0.4,-0.376,11,0.007894736842105263,6.0,1900
2020,Autism,mixed,student,15,-0.364,0.268,13,0.007894736842105263,-5.46,1900
2020,Autism,mixed,family,14,-0.4085,0.8845000000000001,12,0.007368421052631579,-5.718999999999999,1900
2020,Autism,mixed,work,14,0.07666666666666667,0.48999999999999994,13,0.007368421052631579,1.0733333333333335,1900
2020,Autism,mixed,need,13,-0.084,0.187,13,0.006842105263157895,-1.092,1900
2020,Autism,mixed,school,13,-0.11499999999999999,0.34700000000000003,11,0.006842105263157895,-1.4949999999999999,1900
2020,Autism,substantive_core_overall,disorder,531,0.53,-0.675,412,0.0469703670942061,281.43,11305
2020,Autism,substantive_core_overall,child,492,-0.0020000000000000018,0.7689999999999999,370,0.043520566121185315,-0.9840000000000009,11305
2020,Autism,substantive_core_overall,people,220,-0.15000000000000002,0.198,174,0.019460415745245468,-33.00000000000001,11305
2020,Autism,substantive_core_overall,disability,126,-0.036,-0.854,119,0.011145510835913313,-4.536,11305
2020,Autism,substantive_core_overall,adhd,120,-0.054,-0.484,109,0.010614772224679346,-6.4799999999999995,11305
2020,Autism,substantive_core_overall,spectrum,112,0.4,-0.376,96,0.009907120743034056,44.800000000000004,11305
2020,Autism,substantive_core_overall,diagnose,108,-0.035500000000000004,-0.4555,99,0.009553295002211411,-3.8340000000000005,11305
2020,Autism,substantive_core_overall,include,100,-0.18066666666666667,0.45933333333333337,93,0.008845643520566122,-18.066666666666666,11305
2020,Autism,substantive_core_overall,son,87,-0.27,0.584,80,0.007695709862892525,-23.490000000000002,11305
2020,Autism,substantive_core_overall,individual,80,-0.346,0.254,75,0.007076514816452897,-27.68,11305
2020,Autism,substantive_core_overall,developmental,76,0.667,0.704,71,0.0067226890756302525,50.692,11305
2020,Autism,substantive_core_overall,syndrome,75,0.02,-0.542,68,0.006634232640424591,1.5,11305
2020,Autism,substantive_core_overall,help,71,-0.058,0.346,64,0.006280406899601946,-4.118,11305
2020,Autism,substantive_core_overall,diagnosis,66,0.0,0.142,62,0.00583812472357364,0.0,11305
2020,Autism,substantive_core_overall,condition,65,-0.11399999999999999,-0.009500000000000001,65,0.005749668288367979,-7.409999999999999,11305
2020,frustration,unframed_baseline,anger,635,0.634,-0.8209999999999998,590,0.020896406476240623,402.59000000000003,30388
2020,frustration,unframed_baseline,express,415,0.246,0.52,395,0.013656706594708438,102.09,30388
2020,frustration,unframed_baseline,cause,344,-0.107,-0.187,328,0.011320257996577597,-36.808,30388
2020,frustration,unframed_baseline,lead,311,0.31379999999999997,0.06260000000000002,295,0.01023430301434777,97.59179999999999,30388
2020,frustration,unframed_baseline,time,299,-0.14425,0.057499999999999996,290,0.009839410293536922,-43.13075,30388
2020,frustration,unframed_baseline,feel,252,-0.10133333333333334,0.5006666666666667,244,0.008292747137027774,-25.536,30388
2020,frustration,unframed_baseline,experience,226,0.252,0.594,220,0.007437146241937607,56.952,30388
2020,frustration,unframed_baseline,stress,208,0.6329999999999999,-0.6910000000000001,194,0.006844807160721338,131.664,30388
2020,frustration,unframed_baseline,lot,199,-0.368,0.135,197,0.0065486376201132025,-73.232,30388
2020,frustration,unframed_baseline,anxiety,196,0.7299999999999999,-0.708,184,0.006449914439910491,143.07999999999998,30388
2020,frustration,unframed_baseline,come,182,-0.204,0.1766666666666667,181,0.00598920626563117,-37.128,30388
2020,frustration,unframed_baseline,understand,168,-0.254,0.6033333333333334,164,0.0055284980913518494,-42.672,30388
2020,frustration,unframed_baseline,confusion,167,0.334,-0.49,162,0.005495590364617612,55.778000000000006,30388
2020,frustration,unframed_baseline,fear,162,0.48000000000000004,-0.7505,157,0.0053310517309464265,77.76,30388
2020,frustration,unframed_baseline,source,150,-0.364,0.48,148,0.00493615901013558,-54.6,30388
2020,loneliness,unframed_baseline,isolation,577,-0.324,-0.604,515,0.03807575557608552,-186.948,15154
2020,loneliness,unframed_baseline,depression,255,0.04,-0.938,239,0.016827240332585456,10.200000000000001,15154
2020,loneliness,unframed_baseline,social,221,-0.26,0.612,191,0.014583608288240728,-57.46,15154
2020,loneliness,unframed_baseline,anxiety,188,0.7300000000000001,-0.708,181,0.012405965421670846,137.24,15154
2020,loneliness,unframed_baseline,people,166,-0.15000000000000002,0.198,158,0.010954203510624257,-24.900000000000002,15154
2020,loneliness,unframed_baseline,experience,157,0.252,0.594,152,0.010360300910650653,39.564,15154
2020,loneliness,unframed_baseline,feel,142,-0.10133333333333334,0.5006666666666667,133,0.009370463244027979,-14.389333333333335,15154
2020,loneliness,unframed_baseline,fear,141,0.48000000000000004,-0.7505,131,0.009304474066253135,67.68,15154
2020,loneliness,unframed_baseline,stress,139,0.633,-0.6910000000000001,136,0.009172495710703445,87.987,15154
2020,loneliness,unframed_baseline,help,116,-0.058,0.346,110,0.007654744621882011,-6.728000000000001,15154
2020,loneliness,unframed_baseline,life,116,0.23,0.836,114,0.007654744621882011,26.68,15154
2020,loneliness,unframed_baseline,boredom,91,-0.722,-0.666,88,0.006005015177510889,-65.702,15154
2020,loneliness,unframed_baseline,reduce,91,-0.331,-0.552,84,0.006005015177510889,-30.121000000000002,15154
2020,loneliness,unframed_baseline,sadness,91,-0.42399999999999993,-0.896,90,0.006005015177510889,-38.583999999999996,15154
2020,loneliness,unframed_baseline,time,89,-0.14425,0.057499999999999996,85,0.005873036821961199,-12.838249999999999,15154
2020,sadness,unframed_baseline,anger,486,0.634,-0.821,462,0.029904011813930594,308.124,16252
2020,sadness,unframed_baseline,feel,374,-0.10133333333333334,0.5006666666666667,353,0.02301255230125523,-37.89866666666667,16252
2020,sadness,unframed_baseline,great,331,0.20733333333333334,0.7066666666666667,313,0.02036672409549594,68.62733333333334,16252
2020,sadness,unframed_baseline,fear,245,0.48000000000000004,-0.7505,233,0.015075067683977357,117.60000000000001,16252
2020,sadness,unframed_baseline,anxiety,209,0.73,-0.7079999999999999,196,0.012859955697760276,152.57,16252
2020,sadness,unframed_baseline,grief,196,0.28,-0.86,183,0.012060054147181885,54.88,16252
2020,sadness,unframed_baseline,loss,179,0.134,-0.876,172,0.011014029042579376,23.986,16252
2020,sadness,unframed_baseline,joy,174,0.37849999999999995,0.9704999999999999,170,0.010706374600049225,65.859,16252
2020,sadness,unframed_baseline,deep,167,-0.4645,0.24,160,0.010275658380507015,-77.5715,16252
2020,sadness,unframed_baseline,pain,153,0.292,-0.8273333333333334,146,0.009414225941422594,44.675999999999995,16252
2020,sadness,unframed_baseline,depression,145,0.04,-0.938,139,0.008921978833374354,5.8,16252
2020,sadness,unframed_baseline,emotion,142,0.746,0.386,136,0.008737386167856263,105.932,16252
2020,sadness,unframed_baseline,express,126,0.246,0.52,125,0.0077528919517597834,30.996,16252
2020,sadness,unframed_baseline,happiness,124,0.464,0.92,119,0.007629830174747723,57.536,16252
2020,sadness,unframed_baseline,experience,108,0.252,0.594,105,0.006645335958651243,27.216,16252
2021,ADHD,clinical_only,child,109,-0.0020000000000000018,0.7689999999999999,93,0.034309096632042804,-0.2180000000000002,3177
2021,ADHD,clinical_only,autism,72,0.0,-0.53,68,0.0226628895184136,0.0,3177
2021,ADHD,clinical_only,disorder,66,0.53,-0.675,60,0.02077431539187913,34.980000000000004,3177
2021,ADHD,clinical_only,depression,63,0.04,-0.938,61,0.019830028328611898,2.52,3177
2021,ADHD,clinical_only,anxiety,59,0.73,-0.708,58,0.018570978910922253,43.07,3177
2021,ADHD,clinical_only,symptom,58,0.058,-0.24,52,0.01825621655649984,3.3640000000000003,3177
2021,ADHD,clinical_only,add,55,-0.105,0.29000000000000004,50,0.017311929493232608,-5.7749999999999995,3177
2021,ADHD,clinical_only,diagnose,38,-0.035500000000000004,-0.4555,32,0.011960969468051622,-1.3490000000000002,3177
2021,ADHD,clinical_only,like,37,0.08024999999999999,0.77225,35,0.01164620711362921,2.9692499999999997,3177
2021,ADHD,clinical_only,treat,37,0.142,0.146,35,0.01164620711362921,5.254,3177
2021,ADHD,clinical_only,adult,36,-0.018,0.63,27,0.0113314447592068,-0.6479999999999999,3177
2021,ADHD,clinical_only,condition,32,-0.11399999999999999,-0.009500000000000001,32,0.010072395341517154,-3.6479999999999997,3177
2021,ADHD,clinical_only,include,31,-0.18066666666666667,0.45933333333333337,31,0.009757632987094743,-5.600666666666667,3177
2021,ADHD,clinical_only,medication,27,-0.122,0.23,26,0.0084985835694051,-3.294,3177
2021,ADHD,clinical_only,treatment,27,-0.228,0.326,23,0.0084985835694051,-6.156000000000001,3177
2021,ADHD,lived_only,autism,35,0.0,-0.53,34,0.03804347826086957,0.0,920
2021,ADHD,lived_only,child,26,-0.0020000000000000018,0.7689999999999999,23,0.02826086956521739,-0.052000000000000046,920
2021,ADHD,lived_only,diagnose,22,-0.035500000000000004,-0.4555,21,0.02391304347826087,-0.7810000000000001,920
2021,ADHD,lived_only,anxiety,18,0.73,-0.708,18,0.01956521739130435,13.14,920
2021,ADHD,lived_only,add,14,-0.105,0.29000000000000004,14,0.015217391304347827,-1.47,920
2021,ADHD,lived_only,dyslexia,14,-0.167,-0.667,14,0.015217391304347827,-2.338,920
2021,ADHD,lived_only,student,14,-0.364,0.268,10,0.015217391304347827,-5.096,920
2021,ADHD,lived_only,autistic,12,-0.326,-0.266,10,0.013043478260869565,-3.912,920
2021,ADHD,lived_only,like,12,0.08024999999999999,0.77225,11,0.013043478260869565,0.9629999999999999,920
2021,ADHD,lived_only,depression,10,0.04,-0.938,10,0.010869565217391304,0.4,920
2021,ADHD,lived_only,people,10,-0.15000000000000002,0.198,7,0.010869565217391304,-1.5000000000000002,920
2021,ADHD,lived_only,adult,9,-0.018,0.63,7,0.009782608695652175,-0.16199999999999998,920
2021,ADHD,lived_only,kid,9,0.052,0.47933333333333333,9,0.009782608695652175,0.46799999999999997,920
2021,ADHD,lived_only,disorder,8,0.53,-0.675,8,0.008695652173913044,4.24,920
2021,ADHD,lived_only,find,8,-0.02,0.602,8,0.008695652173913044,-0.16,920
2021,ADHD,mixed,child,19,-0.0020000000000000018,0.7689999999999999,17,0.032148900169204735,-0.038000000000000034,591
2021,ADHD,mixed,autism,16,0.0,-0.53,16,0.02707275803722504,0.0,591
2021,ADHD,mixed,disorder,11,0.53,-0.675,11,0.018612521150592216,5.83,591
2021,ADHD,mixed,autistic,9,-0.326,-0.266,8,0.015228426395939087,-2.934,591
2021,ADHD,mixed,adult,8,-0.018,0.63,5,0.01353637901861252,-0.144,591
2021,ADHD,mixed,anxiety,8,0.73,-0.708,8,0.01353637901861252,5.84,591
2021,ADHD,mixed,student,8,-0.364,0.268,7,0.01353637901861252,-2.912,591
2021,ADHD,mixed,symptom,8,0.058,-0.24,8,0.01353637901861252,0.464,591
2021,ADHD,mixed,diagnose,7,-0.035500000000000004,-0.45550000000000007,7,0.011844331641285956,-0.24850000000000003,591
2021,ADHD,mixed,know,7,-0.215,0.3655,6,0.011844331641285956,-1.505,591
2021,ADHD,mixed,people,7,-0.15000000000000005,0.198,7,0.011844331641285956,-1.0500000000000003,591
2021,ADHD,mixed,depression,6,0.04,-0.9380000000000001,6,0.01015228426395939,0.24,591
2021,ADHD,mixed,focus,6,-0.236,0.38000000000000006,6,0.01015228426395939,-1.416,591
2021,ADHD,mixed,issue,6,0.5900000000000001,-0.18400000000000002,6,0.01015228426395939,3.5400000000000005,591
2021,ADHD,mixed,live,6,0.12366666666666666,0.494,6,0.01015228426395939,0.742,591
2021,ADHD,substantive_core_overall,child,154,-0.0020000000000000018,0.7689999999999999,126,0.03284982935153584,-0.3080000000000003,4688
2021,ADHD,substantive_core_overall,autism,123,0.0,-0.53,116,0.02623720136518771,0.0,4688
2021,ADHD,substantive_core_overall,anxiety,85,0.73,-0.708,82,0.018131399317406142,62.05,4688
2021,ADHD,substantive_core_overall,disorder,85,0.53,-0.675,79,0.018131399317406142,45.050000000000004,4688
2021,ADHD,substantive_core_overall,depression,79,0.04,-0.9379999999999998,76,0.016851535836177475,3.16,4688
2021,ADHD,substantive_core_overall,symptom,74,0.057999999999999996,-0.23999999999999996,67,0.015784982935153583,4.292,4688
2021,ADHD,substantive_core_overall,add,73,-0.105,0.29000000000000004,68,0.015571672354948805,-7.665,4688
2021,ADHD,substantive_core_overall,diagnose,67,-0.035500000000000004,-0.4555,60,0.014291808873720136,-2.3785000000000003,4688
2021,ADHD,substantive_core_overall,adult,53,-0.018,0.63,37,0.011305460750853242,-0.954,4688
2021,ADHD,substantive_core_overall,like,50,0.08024999999999999,0.77225,46,0.010665529010238909,4.012499999999999,4688
2021,ADHD,substantive_core_overall,include,41,-0.18066666666666667,0.45933333333333337,41,0.008745733788395904,-7.407333333333334,4688
2021,ADHD,substantive_core_overall,treat,41,0.142,0.146,39,0.008745733788395904,5.821999999999999,4688
2021,ADHD,substantive_core_overall,people,40,-0.15000000000000002,0.198,34,0.008532423208191127,-6.000000000000001,4688
2021,ADHD,substantive_core_overall,condition,39,-0.11399999999999999,-0.009500000000000001,39,0.008319112627986349,-4.446,4688
2021,ADHD,substantive_core_overall,medication,35,-0.12199999999999998,0.23,33,0.0074658703071672355,-4.27,4688
2021,Autism,clinical_only,disorder,408,0.53,-0.675,319,0.07399347116430903,216.24,5514
2021,Autism,clinical_only,child,233,-0.0020000000000000018,0.7689999999999998,173,0.04225607544432354,-0.4660000000000004,5514
2021,Autism,clinical_only,include,60,-0.18066666666666667,0.45933333333333337,56,0.01088139281828074,-10.84,5514
2021,Autism,clinical_only,disability,59,-0.036,-0.854,55,0.010700036271309395,-2.1239999999999997,5514
2021,Autism,clinical_only,adhd,53,-0.054,-0.48400000000000004,50,0.00961189698948132,-2.862,5514
2021,Autism,clinical_only,diagnose,53,-0.035500000000000004,-0.4555,48,0.00961189698948132,-1.8815000000000002,5514
2021,Autism,clinical_only,vaccine,49,0.04,0.0,33,0.008886470801595938,1.96,5514
2021,Autism,clinical_only,people,46,-0.15000000000000002,0.198,41,0.008342401160681901,-6.900000000000001,5514
2021,Autism,clinical_only,spectrum,45,0.4,-0.37600000000000006,40,0.008161044613710556,18.0,5514
2021,Autism,clinical_only,individual,44,-0.346,0.254,38,0.00797968806673921,-15.223999999999998,5514
2021,Autism,clinical_only,syndrome,44,0.02,-0.542,40,0.00797968806673921,0.88,5514
2021,Autism,clinical_only,condition,43,-0.11399999999999998,-0.009500000000000001,40,0.007798331519767864,-4.901999999999999,5514
2021,Autism,clinical_only,cause,42,-0.107,-0.187,37,0.007616974972796518,-4.494,5514
2021,Autism,clinical_only,developmental,38,0.667,0.704,37,0.006891548784911135,25.346,5514
2021,Autism,clinical_only,research,36,0.326,0.266,32,0.006528835690968444,11.736,5514
2021,Autism,lived_only,child,152,-0.0020000000000000018,0.7689999999999999,126,0.0449438202247191,-0.30400000000000027,3382
2021,Autism,lived_only,people,94,-0.15000000000000002,0.198,72,0.027794204612655235,-14.100000000000001,3382
2021,Autism,lived_only,disorder,56,0.53,-0.675,51,0.01655824955647546,29.68,3382
2021,Autism,lived_only,diagnose,41,-0.035500000000000004,-0.4555,41,0.01212300413956239,-1.4555000000000002,3382
2021,Autism,lived_only,adhd,37,-0.054,-0.48400000000000004,35,0.01094027202838557,-1.998,3382
2021,Autism,lived_only,kid,36,0.052,0.47933333333333333,34,0.010644589000591367,1.8719999999999999,3382
2021,Autism,lived_only,son,36,-0.27,0.584,35,0.010644589000591367,-9.72,3382
2021,Autism,lived_only,disability,35,-0.036,-0.854,33,0.01034890597279716,-1.26,3382
2021,Autism,lived_only,year old,33,-0.219,-0.3,30,0.009757539917208752,-7.227,3382
2021,Autism,lived_only,student,31,-0.364,0.268,25,0.009166173861620342,-11.283999999999999,3382
2021,Autism,lived_only,support,31,-0.08666666666666666,0.532,27,0.009166173861620342,-2.6866666666666665,3382
2021,Autism,lived_only,person,26,-0.335,0.515,23,0.00768775872264932,-8.71,3382
2021,Autism,lived_only,world,26,-0.212,0.24399999999999997,24,0.00768775872264932,-5.512,3382
2021,Autism,lived_only,individual,25,-0.3459999999999999,0.254,22,0.007392075694855115,-8.649999999999999,3382
2021,Autism,lived_only,family,24,-0.4084999999999999,0.8845000000000001,23,0.007096392667060911,-9.803999999999998,3382
2021,Autism,mixed,child,117,-0.0020000000000000018,0.7689999999999999,98,0.058383233532934134,-0.2340000000000002,2004
2021,Autism,mixed,people,56,-0.15000000000000005,0.198,46,0.027944111776447105,-8.400000000000002,2004
2021,Autism,mixed,disorder,54,0.53,-0.675,48,0.02694610778443114,28.62,2004
2021,Autism,mixed,help,28,-0.058,0.346,23,0.013972055888223553,-1.624,2004
2021,Autism,mixed,support,23,-0.08666666666666667,0.532,20,0.011477045908183632,-1.9933333333333334,2004
2021,Autism,mixed,disability,22,-0.036,-0.854,18,0.010978043912175649,-0.7919999999999999,2004
2021,Autism,mixed,adhd,19,-0.054,-0.484,18,0.009481037924151697,-1.026,2004
2021,Autism,mixed,family,19,-0.4085,0.8845000000000001,16,0.009481037924151697,-7.7615,2004
2021,Autism,mixed,work,19,0.07666666666666667,0.49000000000000005,18,0.009481037924151697,1.4566666666666668,2004
2021,Autism,mixed,diagnose,18,-0.035500000000000004,-0.4555,17,0.008982035928143712,-0.639,2004
2021,Autism,mixed,need,18,-0.084,0.187,16,0.008982035928143712,-1.512,2004
2021,Autism,mixed,spectrum,18,0.4,-0.376,15,0.008982035928143712,7.2,2004
2021,Autism,mixed,student,18,-0.364,0.268,15,0.008982035928143712,-6.552,2004
2021,Autism,mixed,include,15,-0.18066666666666667,0.45933333333333337,14,0.0074850299401197605,-2.71,2004
2021,Autism,mixed,parent,15,-0.286,0.624,15,0.0074850299401197605,-4.29,2004
2021,Autism,substantive_core_overall,disorder,518,0.53,-0.675,409,0.04752293577981651,274.54,10900
2021,Autism,substantive_core_overall,child,502,-0.0020000000000000018,0.7689999999999999,372,0.04605504587155963,-1.004000000000001,10900
2021,Autism,substantive_core_overall,people,196,-0.15000000000000002,0.198,155,0.01798165137614679,-29.400000000000006,10900
2021,Autism,substantive_core_overall,disability,116,-0.03599999999999999,-0.854,104,0.010642201834862385,-4.175999999999999,10900
2021,Autism,substantive_core_overall,diagnose,112,-0.035500000000000004,-0.45550000000000007,105,0.010275229357798165,-3.9760000000000004,10900
2021,Autism,substantive_core_overall,adhd,109,-0.054,-0.484,102,0.01,-5.886,10900
2021,Autism,substantive_core_overall,include,88,-0.18066666666666667,0.45933333333333337,83,0.008073394495412844,-15.898666666666667,10900
2021,Autism,substantive_core_overall,individual,82,-0.346,0.254,71,0.007522935779816514,-28.371999999999996,10900
2021,Autism,substantive_core_overall,spectrum,80,0.4,-0.376,70,0.007339449541284404,32.0,10900
2021,Autism,substantive_core_overall,syndrome,78,0.02,-0.542,70,0.007155963302752293,1.56,10900
2021,Autism,substantive_core_overall,kid,75,0.052,0.4793333333333334,66,0.006880733944954129,3.9,10900
2021,Autism,substantive_core_overall,support,75,-0.08666666666666667,0.532,67,0.006880733944954129,-6.5,10900
2021,Autism,substantive_core_overall,help,72,-0.058,0.346,64,0.0066055045871559635,-4.176,10900
2021,Autism,substantive_core_overall,student,68,-0.364,0.268,54,0.006238532110091743,-24.752,10900
2021,Autism,substantive_core_overall,condition,63,-0.11399999999999999,-0.009500000000000001,54,0.0057798165137614675,-7.1819999999999995,10900
2021,frustration,unframed_baseline,anger,523,0.634,-0.821,473,0.01946553520917076,331.582,26868
2021,frustration,unframed_baseline,express,383,0.246,0.52,371,0.014254875688551437,94.218,26868
2021,frustration,unframed_baseline,cause,317,-0.10699999999999998,-0.187,312,0.011798421914545184,-33.919,26868
2021,frustration,unframed_baseline,time,311,-0.14425,0.0575,299,0.01157510793509007,-44.861749999999994,26868
2021,frustration,unframed_baseline,lead,289,0.31379999999999997,0.06260000000000002,280,0.010756290010421318,90.6882,26868
2021,frustration,unframed_baseline,feel,232,-0.10133333333333336,0.5006666666666667,226,0.008634807205597736,-23.509333333333338,26868
2021,frustration,unframed_baseline,lot,231,-0.368,0.135,229,0.008597588209021885,-85.008,26868
2021,frustration,unframed_baseline,experience,209,0.252,0.594,203,0.007778770284353134,52.668,26868
2021,frustration,unframed_baseline,stress,185,0.633,-0.6910000000000001,176,0.006885514366532678,117.105,26868
2021,frustration,unframed_baseline,anxiety,178,0.73,-0.708,173,0.006624981390501712,129.94,26868
2021,frustration,unframed_baseline,understand,172,-0.254,0.6033333333333334,169,0.0064016674110465984,-43.688,26868
2021,frustration,unframed_baseline,confusion,160,0.334,-0.49000000000000005,142,0.0059550394521363705,53.440000000000005,26868
2021,frustration,unframed_baseline,fear,147,0.48000000000000004,-0.7505,143,0.00547119249665029,70.56,26868
2021,frustration,unframed_baseline,come,142,-0.204,0.17666666666666667,141,0.005285097513771029,-28.967999999999996,26868
2021,frustration,unframed_baseline,result,140,-0.02,0.624,136,0.005210659520619324,-2.8000000000000003,26868
2021,loneliness,unframed_baseline,isolation,456,-0.324,-0.604,413,0.03447493762757995,-147.744,13227
2021,loneliness,unframed_baseline,depression,222,0.04,-0.938,208,0.01678385121342708,8.88,13227
2021,loneliness,unframed_baseline,reduce,171,-0.331,-0.552,164,0.01292810161034248,-56.601000000000006,13227
2021,loneliness,unframed_baseline,social,162,-0.26,0.612,138,0.01224767520979814,-42.120000000000005,13227
2021,loneliness,unframed_baseline,anxiety,149,0.73,-0.708,146,0.011264837075678536,108.77,13227
2021,loneliness,unframed_baseline,need,130,-0.084,0.187,129,0.009828381341196039,-10.92,13227
2021,loneliness,unframed_baseline,feel,128,-0.10133333333333334,0.5006666666666667,123,0.009677175474408406,-12.970666666666668,13227
2021,loneliness,unframed_baseline,experience,125,0.252,0.594,117,0.00945036667422696,31.5,13227
2021,loneliness,unframed_baseline,people,120,-0.15000000000000002,0.198,115,0.009072352007257882,-18.000000000000004,13227
2021,loneliness,unframed_baseline,fear,118,0.48000000000000004,-0.7505,106,0.00892114614047025,56.64000000000001,13227
2021,loneliness,unframed_baseline,worry,112,0.5145,-0.76,112,0.008467528540107357,57.623999999999995,13227
2021,loneliness,unframed_baseline,help,107,-0.058,0.346,101,0.008089513873138278,-6.206,13227
2021,loneliness,unframed_baseline,increase,91,0.317,0.494,82,0.006879866938837227,28.847,13227
2021,loneliness,unframed_baseline,combat,89,0.692,-0.396,86,0.006728661072049596,61.587999999999994,13227
2021,loneliness,unframed_baseline,stress,88,0.633,-0.6910000000000001,88,0.0066530581386557795,55.704,13227
2021,sadness,unframed_baseline,anger,394,0.634,-0.821,375,0.029124778237729153,249.796,13528
2021,sadness,unframed_baseline,great,269,0.20733333333333334,0.7066666666666667,258,0.01988468361916026,55.772666666666666,13528
2021,sadness,unframed_baseline,feel,254,-0.10133333333333334,0.5006666666666667,242,0.018775872264931992,-25.73866666666667,13528
2021,sadness,unframed_baseline,fear,222,0.48000000000000004,-0.7505,207,0.016410408042578355,106.56,13528
2021,sadness,unframed_baseline,depression,175,0.04,-0.9379999999999998,160,0.012936132465996451,7.0,13528
2021,sadness,unframed_baseline,deep,167,-0.4645,0.24,160,0.012344766410408043,-77.5715,13528
2021,sadness,unframed_baseline,anxiety,158,0.73,-0.708,152,0.011679479597871082,115.34,13528
2021,sadness,unframed_baseline,joy,149,0.3785,0.9705,142,0.011014192785334121,56.3965,13528
2021,sadness,unframed_baseline,pain,134,0.292,-0.8273333333333334,126,0.009905381431105854,39.128,13528
2021,sadness,unframed_baseline,happiness,133,0.464,0.92,124,0.009831460674157303,61.712,13528
2021,sadness,unframed_baseline,loss,131,0.134,-0.876,127,0.009683619160260202,17.554000000000002,13528
2021,sadness,unframed_baseline,express,127,0.246,0.52,122,0.009387936132465996,31.242,13528
2021,sadness,unframed_baseline,grief,122,0.28,-0.86,116,0.009018332347723241,34.160000000000004,13528
2021,sadness,unframed_baseline,emotion,116,0.746,0.386,115,0.008574807806031934,86.536,13528
2021,sadness,unframed_baseline,experience,98,0.252,0.594,90,0.007244234180958013,24.696,13528
2022,ADHD,clinical_only,child,84,-0.0020000000000000018,0.7689999999999999,67,0.02623360399750156,-0.16800000000000015,3202
2022,ADHD,clinical_only,autism,78,0.0,-0.53,66,0.024359775140537165,0.0,3202
2022,ADHD,clinical_only,add,74,-0.105,0.29000000000000004,62,0.0231105559025609,-7.77,3202
2022,ADHD,clinical_only,symptom,59,0.058,-0.24,53,0.018425983760149905,3.422,3202
2022,ADHD,clinical_only,anxiety,55,0.73,-0.708,51,0.017176764522173642,40.15,3202
2022,ADHD,clinical_only,disorder,54,0.53,-0.675,48,0.016864459712679577,28.62,3202
2022,ADHD,clinical_only,treat,50,0.142,0.146,45,0.01561524047470331,7.1,3202
2022,ADHD,clinical_only,depression,47,0.04,-0.938,45,0.014678326046221112,1.8800000000000001,3202
2022,ADHD,clinical_only,adult,42,-0.018,0.63,32,0.01311680199875078,-0.7559999999999999,3202
2022,ADHD,clinical_only,treatment,42,-0.228,0.326,32,0.01311680199875078,-9.576,3202
2022,ADHD,clinical_only,diagnose,41,-0.035500000000000004,-0.4555,40,0.012804497189256714,-1.4555000000000002,3202
2022,ADHD,clinical_only,include,38,-0.18066666666666667,0.45933333333333337,37,0.011867582760774516,-6.865333333333333,3202
2022,ADHD,clinical_only,medication,37,-0.12200000000000001,0.22999999999999998,28,0.01155527795128045,-4.514,3202
2022,ADHD,clinical_only,like,35,0.08024999999999999,0.77225,31,0.010930668332292318,2.8087499999999994,3202
2022,ADHD,clinical_only,condition,34,-0.11399999999999999,-0.009500000000000001,34,0.010618363522798251,-3.8759999999999994,3202
2022,ADHD,lived_only,autism,31,0.0,-0.53,30,0.027978339350180504,0.0,1108
2022,ADHD,lived_only,people,26,-0.15000000000000002,0.198,23,0.023465703971119134,-3.9000000000000004,1108
2022,ADHD,lived_only,child,25,-0.0020000000000000018,0.7689999999999999,17,0.02256317689530686,-0.050000000000000044,1108
2022,ADHD,lived_only,like,22,0.08024999999999999,0.77225,21,0.019855595667870037,1.7654999999999998,1108
2022,ADHD,lived_only,dyslexia,20,-0.167,-0.667,19,0.018050541516245487,-3.3400000000000003,1108
2022,ADHD,lived_only,help,15,-0.058,0.346,13,0.013537906137184115,-0.87,1108
2022,ADHD,lived_only,autistic,14,-0.326,-0.266,13,0.01263537906137184,-4.564,1108
2022,ADHD,lived_only,diagnose,14,-0.035500000000000004,-0.45550000000000007,14,0.01263537906137184,-0.49700000000000005,1108
2022,ADHD,lived_only,live,12,0.12366666666666666,0.494,11,0.010830324909747292,1.484,1108
2022,ADHD,lived_only,adult,11,-0.018,0.63,10,0.009927797833935019,-0.19799999999999998,1108
2022,ADHD,lived_only,challenge,11,0.7555000000000001,-0.3225,10,0.009927797833935019,8.310500000000001,1108
2022,ADHD,lived_only,anxiety,10,0.73,-0.708,9,0.009025270758122744,7.3,1108
2022,ADHD,lived_only,kid,9,0.052,0.47933333333333333,9,0.008122743682310469,0.46799999999999997,1108
2022,ADHD,lived_only,understand,9,-0.254,0.6033333333333334,9,0.008122743682310469,-2.286,1108
2022,ADHD,lived_only,work,9,0.07666666666666667,0.49,8,0.008122743682310469,0.6900000000000001,1108
2022,ADHD,mixed,symptom,23,0.058,-0.24,21,0.03627760252365931,1.334,634
2022,ADHD,mixed,adult,18,-0.018,0.63,15,0.028391167192429023,-0.32399999999999995,634
2022,ADHD,mixed,autism,17,0.0,-0.53,16,0.026813880126182965,0.0,634
2022,ADHD,mixed,child,14,-0.0020000000000000018,0.7689999999999999,12,0.022082018927444796,-0.028000000000000025,634
2022,ADHD,mixed,sign,14,-0.038,0.24,14,0.022082018927444796,-0.532,634
2022,ADHD,mixed,people,8,-0.15000000000000002,0.198,7,0.012618296529968454,-1.2000000000000002,634
2022,ADHD,mixed,grow,7,0.28300000000000003,0.48433333333333334,7,0.011041009463722398,1.9810000000000003,634
2022,ADHD,mixed,add,6,-0.105,0.29000000000000004,6,0.00946372239747634,-0.63,634
2022,ADHD,mixed,cop,6,0.52425,-0.222,6,0.00946372239747634,3.1455,634
2022,ADHD,mixed,disorder,6,0.53,-0.6750000000000002,6,0.00946372239747634,3.18,634
2022,ADHD,mixed,establish,6,-0.106,0.504,6,0.00946372239747634,-0.636,634
2022,ADHD,mixed,learn,6,-0.033250000000000016,0.58975,6,0.00946372239747634,-0.1995000000000001,634
2022,ADHD,mixed,diagnose,5,-0.035500000000000004,-0.45549999999999996,5,0.007886435331230283,-0.17750000000000002,634
2022,ADHD,mixed,diagnosis,5,0.0,0.142,5,0.007886435331230283,0.0,634
2022,ADHD,mixed,dyslexia,5,-0.167,-0.667,5,0.007886435331230283,-0.8350000000000001,634
2022,ADHD,substantive_core_overall,autism,126,0.0,-0.53,108,0.025485436893203883,0.0,4944
2022,ADHD,substantive_core_overall,child,123,-0.0020000000000000018,0.7689999999999999,90,0.02487864077669903,-0.24600000000000022,4944
2022,ADHD,substantive_core_overall,symptom,88,0.058,-0.23999999999999996,78,0.01779935275080906,5.104,4944
2022,ADHD,substantive_core_overall,add,87,-0.105,0.29000000000000004,72,0.017597087378640776,-9.135,4944
2022,ADHD,substantive_core_overall,adult,71,-0.018,0.63,55,0.01436084142394822,-1.2779999999999998,4944
2022,ADHD,substantive_core_overall,anxiety,69,0.73,-0.708,64,0.013956310679611651,50.37,4944
2022,ADHD,substantive_core_overall,disorder,66,0.53,-0.675,58,0.013349514563106795,34.980000000000004,4944
2022,ADHD,substantive_core_overall,people,66,-0.15000000000000002,0.198,54,0.013349514563106795,-9.900000000000002,4944
2022,ADHD,substantive_core_overall,like,62,0.08024999999999999,0.77225,57,0.012540453074433657,4.975499999999999,4944
2022,ADHD,substantive_core_overall,diagnose,60,-0.035500000000000004,-0.4555,58,0.012135922330097087,-2.1300000000000003,4944
2022,ADHD,substantive_core_overall,depression,55,0.04,-0.938,53,0.011124595469255663,2.2,4944
2022,ADHD,substantive_core_overall,help,50,-0.05800000000000001,0.3459999999999999,46,0.010113268608414239,-2.9000000000000004,4944
2022,ADHD,substantive_core_overall,treat,50,0.142,0.146,45,0.010113268608414239,7.1,4944
2022,ADHD,substantive_core_overall,include,45,-0.1806666666666667,0.45933333333333337,44,0.009101941747572815,-8.13,4944
2022,ADHD,substantive_core_overall,treatment,44,-0.228,0.326,34,0.00889967637540453,-10.032,4944
2022,Autism,clinical_only,disorder,336,0.53,-0.675,262,0.07417218543046358,178.08,4530
2022,Autism,clinical_only,child,189,-0.0020000000000000018,0.7689999999999999,150,0.041721854304635764,-0.37800000000000034,4530
2022,Autism,clinical_only,adhd,87,-0.05399999999999999,-0.484,71,0.019205298013245033,-4.6979999999999995,4530
2022,Autism,clinical_only,include,62,-0.18066666666666667,0.45933333333333337,55,0.013686534216335542,-11.201333333333334,4530
2022,Autism,clinical_only,people,54,-0.15000000000000002,0.198,48,0.011920529801324504,-8.100000000000001,4530
2022,Autism,clinical_only,disability,47,-0.036,-0.854,43,0.010375275938189845,-1.692,4530
2022,Autism,clinical_only,developmental,46,0.667,0.704,45,0.010154525386313467,30.682000000000002,4530
2022,Autism,clinical_only,condition,39,-0.11399999999999999,-0.009500000000000001,38,0.008609271523178808,-4.446,4530
2022,Autism,clinical_only,individual,39,-0.346,0.254,34,0.008609271523178808,-13.494,4530
2022,Autism,clinical_only,diagnose,37,-0.035500000000000004,-0.4555,34,0.008167770419426049,-1.3135000000000001,4530
2022,Autism,clinical_only,spectrum,37,0.4,-0.376,34,0.008167770419426049,14.8,4530
2022,Autism,clinical_only,diagnosis,35,0.0,0.142,34,0.00772626931567329,0.0,4530
2022,Autism,clinical_only,treatment,31,-0.228,0.326,29,0.006843267108167771,-7.0680000000000005,4530
2022,Autism,clinical_only,schizophrenia,30,0.76,-0.816,28,0.006622516556291391,22.8,4530
2022,Autism,clinical_only,anxiety,29,0.73,-0.708,28,0.0064017660044150115,21.169999999999998,4530
2022,Autism,lived_only,child,106,-0.0020000000000000018,0.7689999999999999,92,0.03498349834983498,-0.2120000000000002,3030
2022,Autism,lived_only,people,90,-0.15000000000000002,0.198,68,0.0297029702970297,-13.500000000000002,3030
2022,Autism,lived_only,disorder,48,0.53,-0.6750000000000002,41,0.015841584158415842,25.44,3030
2022,Autism,lived_only,son,44,-0.27,0.584,38,0.014521452145214522,-11.88,3030
2022,Autism,lived_only,adhd,37,-0.054,-0.48400000000000004,34,0.01221122112211221,-1.998,3030
2022,Autism,lived_only,diagnose,37,-0.035500000000000004,-0.4555,34,0.01221122112211221,-1.3135000000000001,3030
2022,Autism,lived_only,sensory,30,-0.04,0.166,22,0.009900990099009901,-1.2,3030
2022,Autism,lived_only,individual,26,-0.346,0.254,26,0.008580858085808581,-8.995999999999999,3030
2022,Autism,lived_only,experience,23,0.252,0.594,23,0.007590759075907591,5.796,3030
2022,Autism,lived_only,spectrum,23,0.4,-0.376,21,0.007590759075907591,9.200000000000001,3030
2022,Autism,lived_only,student,23,-0.364,0.268,20,0.007590759075907591,-8.372,3030
2022,Autism,lived_only,disability,22,-0.036,-0.854,22,0.007260726072607261,-0.7919999999999999,3030
2022,Autism,lived_only,know,22,-0.21499999999999997,0.3655,18,0.007260726072607261,-4.7299999999999995,3030
2022,Autism,lived_only,support,22,-0.08666666666666667,0.532,19,0.007260726072607261,-1.9066666666666667,3030
2022,Autism,lived_only,include,21,-0.18066666666666667,0.45933333333333337,21,0.006930693069306931,-3.794,3030
2022,Autism,mixed,child,78,-0.0020000000000000018,0.7689999999999999,66,0.04893350062735257,-0.15600000000000014,1594
2022,Autism,mixed,disorder,61,0.53,-0.675,49,0.038268506900878296,32.33,1594
2022,Autism,mixed,people,33,-0.15000000000000002,0.198,30,0.02070263488080301,-4.950000000000001,1594
2022,Autism,mixed,disability,21,-0.036,-0.8540000000000001,20,0.013174404015056462,-0.7559999999999999,1594
2022,Autism,mixed,student,21,-0.364,0.268,21,0.013174404015056462,-7.644,1594
2022,Autism,mixed,adhd,18,-0.054,-0.484,17,0.011292346298619825,-0.972,1594
2022,Autism,mixed,diagnose,18,-0.035500000000000004,-0.4555,18,0.011292346298619825,-0.639,1594
2022,Autism,mixed,diagnosis,17,0.0,0.142,14,0.01066499372647428,0.0,1594
2022,Autism,mixed,support,15,-0.08666666666666667,0.532,15,0.009410288582183186,-1.3,1594
2022,Autism,mixed,individual,13,-0.346,0.254,12,0.008155583437892095,-4.497999999999999,1594
2022,Autism,mixed,son,13,-0.27,0.584,11,0.008155583437892095,-3.5100000000000002,1594
2022,Autism,mixed,care,12,-0.161,0.36400000000000005,7,0.0075282308657465494,-1.932,1594
2022,Autism,mixed,spectrum,12,0.4000000000000001,-0.37600000000000006,11,0.0075282308657465494,4.800000000000001,1594
2022,Autism,mixed,high,11,0.15000000000000002,0.455,9,0.006900878293601004,1.6500000000000004,1594
2022,Autism,mixed,experience,10,0.252,0.594,9,0.006273525721455458,2.52,1594
2022,Autism,substantive_core_overall,disorder,445,0.53,-0.675,339,0.04861262835918724,235.85000000000002,9154
2022,Autism,substantive_core_overall,child,373,-0.0020000000000000018,0.769,292,0.04074721433253223,-0.7460000000000007,9154
2022,Autism,substantive_core_overall,people,177,-0.15000000000000002,0.198,141,0.019335809482193576,-26.550000000000004,9154
2022,Autism,substantive_core_overall,adhd,142,-0.054,-0.484,119,0.01551234433034739,-7.668,9154
2022,Autism,substantive_core_overall,include,93,-0.18066666666666667,0.45933333333333337,84,0.010159493117762727,-16.802,9154
2022,Autism,substantive_core_overall,diagnose,92,-0.035500000000000004,-0.45549999999999996,86,0.010050251256281407,-3.2660000000000005,9154
2022,Autism,substantive_core_overall,disability,90,-0.036,-0.854,84,0.009831767533318768,-3.2399999999999998,9154
2022,Autism,substantive_core_overall,individual,78,-0.346,0.254,69,0.008520865195542932,-26.988,9154
2022,Autism,substantive_core_overall,spectrum,72,0.4,-0.376,65,0.007865414026655014,28.8,9154
2022,Autism,substantive_core_overall,diagnosis,64,0.0,0.142,58,0.006991479134804457,0.0,9154
2022,Autism,substantive_core_overall,developmental,61,0.667,0.704,58,0.006663753550360498,40.687000000000005,9154
2022,Autism,substantive_core_overall,son,59,-0.27,0.584,49,0.0064452698273978586,-15.930000000000001,9154
2022,Autism,substantive_core_overall,condition,56,-0.11399999999999999,-0.0095,54,0.0061175442429539,-6.3839999999999995,9154
2022,Autism,substantive_core_overall,student,56,-0.364,0.268,52,0.0061175442429539,-20.384,9154
2022,Autism,substantive_core_overall,support,52,-0.08666666666666667,0.532,43,0.005680576797028622,-4.506666666666667,9154
2022,frustration,unframed_baseline,anger,395,0.634,-0.8209999999999998,376,0.016694138033050167,250.43,23661
2022,frustration,unframed_baseline,express,328,0.246,0.52,313,0.013862474113520139,80.688,23661
2022,frustration,unframed_baseline,cause,322,-0.107,-0.187,317,0.013608892269980136,-34.454,23661
2022,frustration,unframed_baseline,lead,305,0.31379999999999997,0.06260000000000002,297,0.012890410379950128,95.70899999999999,23661
2022,frustration,unframed_baseline,time,229,-0.14425,0.057499999999999996,220,0.009678373695110097,-33.033249999999995,23661
2022,frustration,unframed_baseline,experience,213,0.252,0.594,211,0.00900215544567009,53.676,23661
2022,frustration,unframed_baseline,lot,188,-0.368,0.135,184,0.00794556443092008,-69.184,23661
2022,frustration,unframed_baseline,stress,180,0.633,-0.6910000000000001,177,0.007607455306200076,113.94,23661
2022,frustration,unframed_baseline,feel,159,-0.10133333333333334,0.5006666666666667,155,0.006719918853810067,-16.112000000000002,23661
2022,frustration,unframed_baseline,confusion,143,0.334,-0.48999999999999994,140,0.00604370060437006,47.762,23661
2022,frustration,unframed_baseline,come,140,-0.204,0.17666666666666667,135,0.0059169096826000595,-28.56,23661
2022,frustration,unframed_baseline,source,136,-0.364,0.48,136,0.005747855120240057,-49.504,23661
2022,frustration,unframed_baseline,understand,135,-0.254,0.6033333333333334,134,0.005705591479650057,-34.29,23661
2022,frustration,unframed_baseline,anxiety,126,0.73,-0.708,124,0.005325218714340053,91.98,23661
2022,frustration,unframed_baseline,avoid,122,-0.125,-0.11599999999999999,121,0.005156164151980051,-15.25,23661
2022,loneliness,unframed_baseline,isolation,358,-0.324,-0.604,319,0.03508771929824561,-115.992,10203
2022,loneliness,unframed_baseline,depression,164,0.04,-0.938,154,0.016073703812604135,6.5600000000000005,10203
2022,loneliness,unframed_baseline,social,125,-0.26,0.612,109,0.012251298637655592,-32.5,10203
2022,loneliness,unframed_baseline,experience,122,0.252,0.5940000000000001,117,0.011957267470351857,30.744,10203
2022,loneliness,unframed_baseline,help,122,-0.058,0.346,116,0.011957267470351857,-7.0760000000000005,10203
2022,loneliness,unframed_baseline,anxiety,111,0.73,-0.708,107,0.010879153190238165,81.03,10203
2022,loneliness,unframed_baseline,feel,100,-0.10133333333333334,0.5006666666666667,97,0.009801038910124474,-10.133333333333335,10203
2022,loneliness,unframed_baseline,people,94,-0.15000000000000002,0.198,86,0.009212976575517005,-14.100000000000001,10203
2022,loneliness,unframed_baseline,boredom,73,-0.722,-0.666,73,0.007154758404390865,-52.705999999999996,10203
2022,loneliness,unframed_baseline,life,70,0.23,0.836,69,0.006860727237087132,16.1,10203
2022,loneliness,unframed_baseline,reduce,69,-0.331,-0.552,64,0.006762716847985887,-22.839000000000002,10203
2022,loneliness,unframed_baseline,fear,61,0.48000000000000004,-0.7505,58,0.0059786337351759285,29.28,10203
2022,loneliness,unframed_baseline,sadness,61,-0.424,-0.896,59,0.0059786337351759285,-25.864,10203
2022,loneliness,unframed_baseline,sense,57,0.0835,0.281,55,0.00558659217877095,4.7595,10203
2022,loneliness,unframed_baseline,stress,57,0.633,-0.6910000000000001,56,0.00558659217877095,36.081,10203
2022,sadness,unframed_baseline,anger,351,0.634,-0.821,323,0.028566777895336536,222.534,12287
2022,sadness,unframed_baseline,great,225,0.20733333333333331,0.7066666666666667,212,0.018312037112395214,46.65,12287
2022,sadness,unframed_baseline,feel,219,-0.10133333333333334,0.5006666666666667,204,0.017823716122731342,-22.192000000000004,12287
2022,sadness,unframed_baseline,fear,190,0.48000000000000004,-0.7505,178,0.015463498006022626,91.2,12287
2022,sadness,unframed_baseline,sense,175,0.0835,0.281,139,0.014242695531862944,14.6125,12287
2022,sadness,unframed_baseline,anxiety,168,0.73,-0.708,159,0.013672987710588426,122.64,12287
2022,sadness,unframed_baseline,depression,153,0.04,-0.9379999999999998,141,0.012452185236428746,6.12,12287
2022,sadness,unframed_baseline,time,132,-0.14425,0.057499999999999996,131,0.010743061772605193,-19.040999999999997,12287
2022,sadness,unframed_baseline,grief,125,0.28,-0.86,119,0.010173353951330675,35.0,12287
2022,sadness,unframed_baseline,deep,124,-0.4645,0.24,122,0.01009196711972003,-57.598000000000006,12287
2022,sadness,unframed_baseline,loss,118,0.134,-0.876,115,0.009603646130056157,15.812000000000001,12287
2022,sadness,unframed_baseline,express,114,0.246,0.52,110,0.009278098803613575,28.044,12287
2022,sadness,unframed_baseline,joy,113,0.3785,0.9704999999999999,108,0.00919671197200293,42.7705,12287
2022,sadness,unframed_baseline,emotion,111,0.746,0.386,108,0.00903393830878164,82.806,12287
2022,sadness,unframed_baseline,happiness,103,0.464,0.92,98,0.008382843655896475,47.792,12287
2023,ADHD,clinical_only,child,92,-0.0020000000000000018,0.7689999999999999,81,0.03610675039246468,-0.18400000000000016,2548
2023,ADHD,clinical_only,autism,79,0.0,-0.53,64,0.031004709576138146,0.0,2548
2023,ADHD,clinical_only,disorder,50,0.53,-0.675,45,0.019623233908948195,26.5,2548
2023,ADHD,clinical_only,symptom,45,0.05800000000000001,-0.23999999999999996,39,0.017660910518053376,2.6100000000000003,2548
2023,ADHD,clinical_only,condition,43,-0.11399999999999998,-0.009500000000000001,36,0.016875981161695447,-4.901999999999999,2548
2023,ADHD,clinical_only,add,42,-0.10500000000000001,0.29000000000000004,39,0.016483516483516484,-4.41,2548
2023,ADHD,clinical_only,anxiety,38,0.73,-0.708,38,0.014913657770800628,27.74,2548
2023,ADHD,clinical_only,treatment,38,-0.22799999999999998,0.326,32,0.014913657770800628,-8.664,2548
2023,ADHD,clinical_only,diagnose,37,-0.035500000000000004,-0.4555,33,0.014521193092621664,-1.3135000000000001,2548
2023,ADHD,clinical_only,depression,33,0.04,-0.938,33,0.012951334379905808,1.32,2548
2023,ADHD,clinical_only,medication,30,-0.12200000000000001,0.23,24,0.011773940345368918,-3.66,2548
2023,ADHD,clinical_only,include,29,-0.18066666666666667,0.45933333333333337,29,0.011381475667189953,-5.239333333333334,2548
2023,ADHD,clinical_only,diagnosis,27,0.0,0.142,23,0.010596546310832025,0.0,2548
2023,ADHD,clinical_only,treat,27,0.142,0.146,26,0.010596546310832025,3.8339999999999996,2548
2023,ADHD,clinical_only,like,25,0.08024999999999999,0.77225,25,0.009811616954474097,2.0062499999999996,2548
2023,ADHD,lived_only,autism,40,0.0,-0.53,38,0.042689434364994665,0.0,937
2023,ADHD,lived_only,child,22,-0.0020000000000000018,0.769,17,0.023479188900747065,-0.04400000000000004,937
2023,ADHD,lived_only,people,22,-0.15000000000000002,0.19799999999999998,20,0.023479188900747065,-3.3000000000000007,937
2023,ADHD,lived_only,dyslexia,19,-0.167,-0.667,17,0.020277481323372464,-3.173,937
2023,ADHD,lived_only,help,15,-0.058,0.346,13,0.016008537886873,-0.87,937
2023,ADHD,lived_only,autistic,12,-0.326,-0.266,11,0.012806830309498399,-3.912,937
2023,ADHD,lived_only,diagnose,11,-0.035500000000000004,-0.4555,11,0.011739594450373533,-0.39050000000000007,937
2023,ADHD,lived_only,like,11,0.08024999999999999,0.77225,11,0.011739594450373533,0.8827499999999999,937
2023,ADHD,lived_only,individual,10,-0.346,0.254,9,0.010672358591248666,-3.46,937
2023,ADHD,lived_only,struggle,10,0.7575000000000001,-0.44749999999999995,10,0.010672358591248666,7.575000000000001,937
2023,ADHD,lived_only,brain,9,-0.001999999999999995,0.33,9,0.0096051227321238,-0.017999999999999954,937
2023,ADHD,lived_only,include,9,-0.18066666666666667,0.45933333333333337,9,0.0096051227321238,-1.6260000000000001,937
2023,ADHD,lived_only,live,9,0.12366666666666666,0.494,7,0.0096051227321238,1.113,937
2023,ADHD,lived_only,condition,8,-0.11399999999999999,-0.009500000000000001,8,0.008537886872998933,-0.9119999999999999,937
2023,ADHD,lived_only,diagnosis,8,0.0,0.142,8,0.008537886872998933,0.0,937
2023,ADHD,mixed,child,26,-0.0020000000000000018,0.7689999999999999,18,0.04805914972273567,-0.052000000000000046,541
2023,ADHD,mixed,autism,21,0.0,-0.53,19,0.038817005545286505,0.0,541
2023,ADHD,mixed,symptom,15,0.058,-0.23999999999999996,13,0.027726432532347505,0.87,541
2023,ADHD,mixed,add,9,-0.105,0.29000000000000004,8,0.0166358595194085,-0.945,541
2023,ADHD,mixed,anxiety,7,0.7299999999999999,-0.708,5,0.012939001848428836,5.109999999999999,541
2023,ADHD,mixed,adult,6,-0.018,0.63,5,0.011090573012939002,-0.10799999999999998,541
2023,ADHD,mixed,disorder,6,0.53,-0.6750000000000002,6,0.011090573012939002,3.18,541
2023,ADHD,mixed,dyslexia,6,-0.167,-0.6670000000000001,5,0.011090573012939002,-1.002,541
2023,ADHD,mixed,individual,6,-0.3459999999999999,0.254,6,0.011090573012939002,-2.0759999999999996,541
2023,ADHD,mixed,like,6,0.08024999999999999,0.77225,6,0.011090573012939002,0.48149999999999993,541
2023,ADHD,mixed,people,6,-0.15000000000000002,0.19800000000000004,6,0.011090573012939002,-0.9000000000000001,541
2023,ADHD,mixed,condition,5,-0.11399999999999999,-0.009500000000000001,5,0.009242144177449169,-0.57,541
2023,ADHD,mixed,help,5,-0.05800000000000001,0.346,5,0.009242144177449169,-0.29000000000000004,541
2023,ADHD,mixed,relationship,5,0.132,0.734,4,0.009242144177449169,0.66,541
2023,ADHD,mixed,especially,4,0.0,0.0,4,0.0073937153419593345,0.0,541
2023,ADHD,substantive_core_overall,autism,140,0.0,-0.53,116,0.03477396920019871,0.0,4026
2023,ADHD,substantive_core_overall,child,140,-0.0020000000000000018,0.7689999999999999,113,0.03477396920019871,-0.28000000000000025,4026
2023,ADHD,substantive_core_overall,symptom,67,0.058,-0.23999999999999996,59,0.016641828117237953,3.886,4026
2023,ADHD,substantive_core_overall,disorder,61,0.53,-0.675,55,0.015151515151515152,32.33,4026
2023,ADHD,substantive_core_overall,condition,56,-0.11399999999999999,-0.0095,49,0.013909587680079483,-6.3839999999999995,4026
2023,ADHD,substantive_core_overall,add,55,-0.105,0.29000000000000004,49,0.01366120218579235,-5.7749999999999995,4026
2023,ADHD,substantive_core_overall,people,51,-0.15000000000000002,0.198,47,0.012667660208643815,-7.650000000000001,4026
2023,ADHD,substantive_core_overall,diagnose,50,-0.035500000000000004,-0.4555,46,0.012419274714356682,-1.7750000000000001,4026
2023,ADHD,substantive_core_overall,anxiety,49,0.7299999999999999,-0.708,46,0.012170889220069548,35.769999999999996,4026
2023,ADHD,substantive_core_overall,like,42,0.08024999999999999,0.77225,42,0.010432190760059613,3.3704999999999994,4026
2023,ADHD,substantive_core_overall,treatment,42,-0.228,0.326,36,0.010432190760059613,-9.576,4026
2023,ADHD,substantive_core_overall,include,41,-0.18066666666666667,0.45933333333333337,40,0.01018380526577248,-7.407333333333334,4026
2023,ADHD,substantive_core_overall,diagnosis,37,0.0,0.142,33,0.009190263288623945,0.0,4026
2023,ADHD,substantive_core_overall,help,35,-0.05800000000000001,0.346,33,0.008693492300049677,-2.0300000000000002,4026
2023,ADHD,substantive_core_overall,medication,35,-0.12199999999999998,0.23,29,0.008693492300049677,-4.27,4026
2023,Autism,clinical_only,disorder,318,0.53,-0.675,227,0.07521286660359508,168.54000000000002,4228
2023,Autism,clinical_only,child,173,-0.0020000000000000018,0.7689999999999999,146,0.04091769157994324,-0.3460000000000003,4228
2023,Autism,clinical_only,adhd,69,-0.054,-0.484,54,0.0163197729422895,-3.726,4228
2023,Autism,clinical_only,developmental,50,0.667,0.704,47,0.011825922421948912,33.35,4228
2023,Autism,clinical_only,treatment,46,-0.22799999999999998,0.326,38,0.010879848628192999,-10.488,4228
2023,Autism,clinical_only,individual,41,-0.346,0.254,37,0.009697256385998108,-14.185999999999998,4228
2023,Autism,clinical_only,include,38,-0.18066666666666667,0.45933333333333337,37,0.008987701040681173,-6.865333333333333,4228
2023,Autism,clinical_only,disability,37,-0.036,-0.854,33,0.008751182592242194,-1.3319999999999999,4228
2023,Autism,clinical_only,people,34,-0.15000000000000002,0.198,30,0.00804162724692526,-5.1000000000000005,4228
2023,Autism,clinical_only,research,33,0.326,0.266,27,0.007805108798486282,10.758000000000001,4228
2023,Autism,clinical_only,condition,30,-0.114,-0.009500000000000001,30,0.007095553453169348,-3.42,4228
2023,Autism,clinical_only,diagnose,30,-0.035500000000000004,-0.4555,27,0.007095553453169348,-1.0650000000000002,4228
2023,Autism,clinical_only,diagnosis,30,0.0,0.142,29,0.007095553453169348,0.0,4228
2023,Autism,clinical_only,therapy,29,-0.294,-0.019999999999999997,24,0.006859035004730369,-8.526,4228
2023,Autism,clinical_only,cause,26,-0.107,-0.187,23,0.006149479659413435,-2.782,4228
2023,Autism,lived_only,people,77,-0.15000000000000002,0.198,66,0.03258569614896318,-11.550000000000002,2363
2023,Autism,lived_only,child,71,-0.0020000000000000018,0.7689999999999999,62,0.03004655099449852,-0.14200000000000013,2363
2023,Autism,lived_only,adhd,32,-0.054,-0.484,30,0.013542107490478206,-1.728,2363
2023,Autism,lived_only,disorder,31,0.53,-0.675,27,0.013118916631400761,16.43,2363
2023,Autism,lived_only,individual,31,-0.346,0.254,30,0.013118916631400761,-10.725999999999999,2363
2023,Autism,lived_only,son,30,-0.2700000000000001,0.584,28,0.012695725772323318,-8.100000000000001,2363
2023,Autism,lived_only,diagnose,29,-0.035500000000000004,-0.4555,28,0.012272534913245875,-1.0295,2363
2023,Autism,lived_only,family,28,-0.4085,0.8845000000000001,25,0.01184934405416843,-11.437999999999999,2363
2023,Autism,lived_only,support,25,-0.08666666666666668,0.532,18,0.010579771476936098,-2.166666666666667,2363
2023,Autism,lived_only,sensory,23,-0.04,0.166,17,0.00973338975878121,-0.92,2363
2023,Autism,lived_only,work,20,0.07666666666666667,0.49000000000000005,19,0.008463817181548879,1.5333333333333334,2363
2023,Autism,lived_only,adult,19,-0.018,0.63,19,0.008040626322471435,-0.34199999999999997,2363
2023,Autism,lived_only,awareness,19,-0.156,0.368,18,0.008040626322471435,-2.964,2363
2023,Autism,lived_only,spectrum,19,0.4,-0.376,16,0.008040626322471435,7.6000000000000005,2363
2023,Autism,lived_only,include,17,-0.18066666666666667,0.45933333333333337,17,0.007194244604316547,-3.0713333333333335,2363
2023,Autism,mixed,child,61,-0.0020000000000000018,0.7689999999999999,53,0.04433139534883721,-0.12200000000000011,1376
2023,Autism,mixed,disorder,40,0.53,-0.675,34,0.029069767441860465,21.200000000000003,1376
2023,Autism,mixed,diagnose,24,-0.035500000000000004,-0.4555,22,0.01744186046511628,-0.8520000000000001,1376
2023,Autism,mixed,adhd,22,-0.054,-0.484,20,0.015988372093023256,-1.188,1376
2023,Autism,mixed,individual,22,-0.346,0.254,18,0.015988372093023256,-7.611999999999999,1376
2023,Autism,mixed,disability,18,-0.036,-0.854,17,0.01308139534883721,-0.6479999999999999,1376
2023,Autism,mixed,people,18,-0.15000000000000002,0.198,15,0.01308139534883721,-2.7,1376
2023,Autism,mixed,include,16,-0.18066666666666667,0.45933333333333337,15,0.011627906976744186,-2.8906666666666667,1376
2023,Autism,mixed,adult,13,-0.018,0.63,10,0.00944767441860465,-0.23399999999999999,1376
2023,Autism,mixed,support,13,-0.08666666666666667,0.532,12,0.00944767441860465,-1.1266666666666667,1376
2023,Autism,mixed,spectrum,12,0.4000000000000001,-0.37600000000000006,12,0.00872093023255814,4.800000000000001,1376
2023,Autism,mixed,need,11,-0.084,0.187,9,0.007994186046511628,-0.924,1376
2023,Autism,mixed,person,11,-0.335,0.515,9,0.007994186046511628,-3.685,1376
2023,Autism,mixed,community,10,-0.4465,0.5625,9,0.007267441860465116,-4.465,1376
2023,Autism,mixed,like,10,0.08024999999999999,0.77225,10,0.007267441860465116,0.8024999999999999,1376
2023,Autism,substantive_core_overall,disorder,389,0.53,-0.6750000000000002,285,0.04882640893686457,206.17000000000002,7967
2023,Autism,substantive_core_overall,child,305,-0.0020000000000000018,0.7689999999999999,254,0.038282917032760135,-0.6100000000000005,7967
2023,Autism,substantive_core_overall,people,129,-0.15000000000000002,0.198,109,0.01619179113844609,-19.35,7967
2023,Autism,substantive_core_overall,adhd,123,-0.054,-0.484,102,0.015438684573867201,-6.642,7967
2023,Autism,substantive_core_overall,individual,94,-0.34600000000000003,0.254,81,0.01179866951173591,-32.524,7967
2023,Autism,substantive_core_overall,diagnose,83,-0.035500000000000004,-0.4555,76,0.010417974143341283,-2.9465000000000003,7967
2023,Autism,substantive_core_overall,include,71,-0.18066666666666667,0.45933333333333337,67,0.008911761014183507,-12.827333333333334,7967
2023,Autism,substantive_core_overall,disability,68,-0.036,-0.854,63,0.008535207731894062,-2.448,7967
2023,Autism,substantive_core_overall,developmental,63,0.667,0.704,60,0.007907618928078322,42.021,7967
2023,Autism,substantive_core_overall,spectrum,57,0.4,-0.376,51,0.0071545123634994354,22.8,7967
2023,Autism,substantive_core_overall,support,57,-0.08666666666666667,0.532,45,0.0071545123634994354,-4.94,7967
2023,Autism,substantive_core_overall,adult,56,-0.018,0.63,45,0.007028994602736287,-1.008,7967
2023,Autism,substantive_core_overall,family,50,-0.4084999999999999,0.8845000000000001,46,0.006275888038157399,-20.424999999999997,7967
2023,Autism,substantive_core_overall,diagnosis,49,0.0,0.142,46,0.006150370277394251,0.0,7967
2023,Autism,substantive_core_overall,condition,47,-0.11399999999999999,-0.009500000000000001,47,0.005899334755867955,-5.358,7967
2023,frustration,unframed_baseline,lead,562,0.31379999999999997,0.06260000000000002,538,0.024832096147048427,176.35559999999998,22632
2023,frustration,unframed_baseline,anger,345,0.634,-0.8210000000000001,321,0.01524390243902439,218.73,22632
2023,frustration,unframed_baseline,cause,326,-0.107,-0.187,322,0.014404383174266525,-34.882,22632
2023,frustration,unframed_baseline,express,323,0.246,0.52,312,0.014271827500883705,79.458,22632
2023,frustration,unframed_baseline,time,235,-0.14425,0.057499999999999996,227,0.01038352774832096,-33.89875,22632
2023,frustration,unframed_baseline,experience,187,0.252,0.594,183,0.008262636974195828,47.124,22632
2023,frustration,unframed_baseline,understand,186,-0.254,0.6033333333333334,174,0.008218451749734889,-47.244,22632
2023,frustration,unframed_baseline,source,159,-0.364,0.48,153,0.007025450689289501,-57.876,22632
2023,frustration,unframed_baseline,disappointment,154,-0.02,-0.77,146,0.0068045245669848,-3.08,22632
2023,frustration,unframed_baseline,confusion,150,0.334,-0.49,141,0.006627783669141039,50.1,22632
2023,frustration,unframed_baseline,stress,150,0.633,-0.6910000000000001,143,0.006627783669141039,94.95,22632
2023,frustration,unframed_baseline,reduce,147,-0.331,-0.552,140,0.006495227995758218,-48.657000000000004,22632
2023,frustration,unframed_baseline,avoid,134,-0.125,-0.11599999999999999,130,0.005920820077765995,-16.75,22632
2023,frustration,unframed_baseline,lot,130,-0.368,0.135,126,0.005744079179922234,-47.839999999999996,22632
2023,frustration,unframed_baseline,anxiety,127,0.73,-0.708,121,0.005611523506539413,92.71,22632
2023,loneliness,unframed_baseline,isolation,394,-0.324,-0.604,348,0.043301461699087815,-127.656,9099
2023,loneliness,unframed_baseline,depression,145,0.04,-0.938,136,0.015935817122760744,5.8,9099
2023,loneliness,unframed_baseline,social,142,-0.26,0.612,120,0.015606110561600176,-36.92,9099
2023,loneliness,unframed_baseline,anxiety,125,0.73,-0.708,115,0.013737773381690296,91.25,9099
2023,loneliness,unframed_baseline,combat,107,0.692,-0.396,102,0.011759534014726894,74.044,9099
2023,loneliness,unframed_baseline,reduce,103,-0.331,-0.552,95,0.011319925266512803,-34.093,9099
2023,loneliness,unframed_baseline,experience,100,0.252,0.594,96,0.010990218705352236,25.2,9099
2023,loneliness,unframed_baseline,help,93,-0.058,0.346,89,0.01022090339597758,-5.394,9099
2023,loneliness,unframed_baseline,feel,86,-0.10133333333333334,0.5006666666666667,82,0.009451588086602923,-8.714666666666668,9099
2023,loneliness,unframed_baseline,lead,85,0.31379999999999997,0.06260000000000002,83,0.0093416858995494,26.673,9099
2023,loneliness,unframed_baseline,time,84,-0.14425,0.0575,83,0.009231783712495879,-12.116999999999999,9099
2023,loneliness,unframed_baseline,fear,81,0.48000000000000004,-0.7505,80,0.008902077151335312,38.88,9099
2023,loneliness,unframed_baseline,increase,78,0.317,0.49399999999999994,77,0.008572370590174745,24.726,9099
2023,loneliness,unframed_baseline,uncertain,72,0.0,-0.274,36,0.00791295746785361,0.0,9099
2023,loneliness,unframed_baseline,people,69,-0.15000000000000002,0.198,67,0.007583250906693043,-10.350000000000001,9099
2023,sadness,unframed_baseline,anger,263,0.634,-0.821,249,0.029167128756792726,166.742,9017
2023,sadness,unframed_baseline,feel,166,-0.10133333333333334,0.5006666666666667,160,0.018409670622158147,-16.821333333333335,9017
2023,sadness,unframed_baseline,anxiety,149,0.73,-0.708,142,0.016524342907840744,108.77,9017
2023,sadness,unframed_baseline,great,140,0.20733333333333334,0.7066666666666667,133,0.015526228235555063,29.026666666666667,9017
2023,sadness,unframed_baseline,fear,132,0.48000000000000004,-0.7505,122,0.014639015193523345,63.36000000000001,9017
2023,sadness,unframed_baseline,grief,119,0.28,-0.86,105,0.013197294000221804,33.32,9017
2023,sadness,unframed_baseline,express,115,0.246,0.52,110,0.012753687479205944,28.29,9017
2023,sadness,unframed_baseline,joy,108,0.3785,0.9704999999999999,103,0.011977376067428191,40.878,9017
2023,sadness,unframed_baseline,depression,106,0.04,-0.938,99,0.011755572806920262,4.24,9017
2023,sadness,unframed_baseline,emotion,100,0.746,0.386,94,0.011090163025396473,74.6,9017
2023,sadness,unframed_baseline,deep,95,-0.4645,0.24000000000000002,90,0.01053565487412665,-44.127500000000005,9017
2023,sadness,unframed_baseline,loss,84,0.134,-0.876,81,0.009315736941333037,11.256,9017
2023,sadness,unframed_baseline,happiness,78,0.464,0.92,76,0.008650327159809248,36.192,9017
2023,sadness,unframed_baseline,hopelessness,76,-0.196,-0.9480000000000001,65,0.00842852389930132,-14.896,9017
2023,sadness,unframed_baseline,pain,74,0.292,-0.8273333333333334,73,0.00820672063879339,21.607999999999997,9017
2024,ADHD,clinical_only,child,74,-0.0020000000000000018,0.7689999999999999,60,0.030477759472817133,-0.14800000000000013,2428
2024,ADHD,clinical_only,autism,70,0.0,-0.53,62,0.028830313014827018,0.0,2428
2024,ADHD,clinical_only,disorder,63,0.53,-0.675,57,0.025947281713344317,33.39,2428
2024,ADHD,clinical_only,depression,60,0.04,-0.938,53,0.02471169686985173,2.4,2428
2024,ADHD,clinical_only,anxiety,55,0.73,-0.708,49,0.022652388797364087,40.15,2428
2024,ADHD,clinical_only,symptom,40,0.05800000000000001,-0.24,36,0.016474464579901153,2.3200000000000003,2428
2024,ADHD,clinical_only,condition,38,-0.11399999999999999,-0.009500000000000001,38,0.015650741350906095,-4.332,2428
2024,ADHD,clinical_only,like,31,0.08024999999999999,0.77225,30,0.012767710049423394,2.4877499999999997,2428
2024,ADHD,clinical_only,include,30,-0.18066666666666667,0.45933333333333337,30,0.012355848434925865,-5.42,2428
2024,ADHD,clinical_only,add,29,-0.105,0.29,28,0.011943986820428337,-3.045,2428
2024,ADHD,clinical_only,individual,29,-0.346,0.254,27,0.011943986820428337,-10.033999999999999,2428
2024,ADHD,clinical_only,treatment,27,-0.228,0.326,23,0.011120263591433279,-6.156000000000001,2428
2024,ADHD,clinical_only,medication,25,-0.122,0.23,20,0.01029654036243822,-3.05,2428
2024,ADHD,clinical_only,diagnosis,22,0.0,0.142,18,0.009060955518945634,0.0,2428
2024,ADHD,clinical_only,treat,21,0.142,0.146,17,0.008649093904448105,2.9819999999999998,2428
2024,ADHD,lived_only,autism,47,0.0,-0.53,39,0.04648862512363996,0.0,1011
2024,ADHD,lived_only,dyslexia,31,-0.167,-0.667,31,0.03066271018793274,-5.1770000000000005,1011
2024,ADHD,lived_only,diagnose,23,-0.035500000000000004,-0.45549999999999996,22,0.02274975272007913,-0.8165000000000001,1011
2024,ADHD,lived_only,autistic,15,-0.326,-0.266,13,0.01483679525222552,-4.890000000000001,1011
2024,ADHD,lived_only,live,14,0.12366666666666666,0.49400000000000005,12,0.013847675568743818,1.7313333333333332,1011
2024,ADHD,lived_only,like,13,0.08024999999999999,0.7722499999999999,12,0.012858555885262116,1.0432499999999998,1011
2024,ADHD,lived_only,add,11,-0.105,0.29000000000000004,10,0.010880316518298714,-1.155,1011
2024,ADHD,lived_only,know,11,-0.21499999999999997,0.3655,11,0.010880316518298714,-2.3649999999999998,1011
2024,ADHD,lived_only,brain,10,-0.001999999999999995,0.33,10,0.009891196834817012,-0.01999999999999995,1011
2024,ADHD,lived_only,diagnosis,10,0.0,0.142,10,0.009891196834817012,0.0,1011
2024,ADHD,lived_only,disorder,10,0.53,-0.675,9,0.009891196834817012,5.300000000000001,1011
2024,ADHD,lived_only,depression,9,0.04,-0.9380000000000001,9,0.008902077151335312,0.36,1011
2024,ADHD,lived_only,kid,9,0.052,0.47933333333333333,8,0.008902077151335312,0.46799999999999997,1011
2024,ADHD,lived_only,people,9,-0.15000000000000002,0.198,9,0.008902077151335312,-1.35,1011
2024,ADHD,lived_only,productivity,9,0.382,0.674,5,0.008902077151335312,3.438,1011
2024,ADHD,mixed,autism,22,0.0,-0.53,20,0.042884990253411304,0.0,513
2024,ADHD,mixed,diagnose,12,-0.035500000000000004,-0.4555,10,0.023391812865497075,-0.42600000000000005,513
2024,ADHD,mixed,child,11,-0.0020000000000000018,0.769,10,0.021442495126705652,-0.02200000000000002,513
2024,ADHD,mixed,adult,8,-0.018,0.63,5,0.015594541910331383,-0.144,513
2024,ADHD,mixed,dyslexia,8,-0.167,-0.667,8,0.015594541910331383,-1.336,513
2024,ADHD,mixed,symptom,8,0.058,-0.24,8,0.015594541910331383,0.464,513
2024,ADHD,mixed,condition,7,-0.11399999999999999,-0.0095,7,0.01364522417153996,-0.7979999999999999,513
2024,ADHD,mixed,diagnosis,7,0.0,0.142,7,0.01364522417153996,0.0,513
2024,ADHD,mixed,anxiety,6,0.73,-0.7079999999999999,6,0.011695906432748537,4.38,513
2024,ADHD,mixed,parent,6,-0.286,0.624,6,0.011695906432748537,-1.7159999999999997,513
2024,ADHD,mixed,include,5,-0.18066666666666667,0.45933333333333337,4,0.009746588693957114,-0.9033333333333333,513
2024,ADHD,mixed,like,5,0.08024999999999999,0.77225,5,0.009746588693957114,0.40124999999999994,513
2024,ADHD,mixed,attention,4,0.198,0.48,4,0.007797270955165692,0.792,513
2024,ADHD,mixed,challenge,4,0.7555000000000001,-0.3225,4,0.007797270955165692,3.0220000000000002,513
2024,ADHD,mixed,depression,4,0.04,-0.938,4,0.007797270955165692,0.16,513
2024,ADHD,substantive_core_overall,autism,139,0.0,-0.53,117,0.035172064777327934,0.0,3952
2024,ADHD,substantive_core_overall,child,93,-0.0020000000000000018,0.7689999999999999,77,0.02353238866396761,-0.18600000000000017,3952
2024,ADHD,substantive_core_overall,disorder,77,0.53,-0.675,69,0.019483805668016194,40.81,3952
2024,ADHD,substantive_core_overall,depression,73,0.04,-0.9379999999999998,66,0.01847165991902834,2.92,3952
2024,ADHD,substantive_core_overall,anxiety,68,0.73,-0.708,62,0.01720647773279352,49.64,3952
2024,ADHD,substantive_core_overall,dyslexia,59,-0.167,-0.667,53,0.01492914979757085,-9.853,3952
2024,ADHD,substantive_core_overall,diagnose,54,-0.035500000000000004,-0.4555,50,0.013663967611336033,-1.9170000000000003,3952
2024,ADHD,substantive_core_overall,symptom,52,0.058,-0.24000000000000002,47,0.013157894736842105,3.016,3952
2024,ADHD,substantive_core_overall,condition,50,-0.11399999999999999,-0.009500000000000001,49,0.012651821862348178,-5.699999999999999,3952
2024,ADHD,substantive_core_overall,like,49,0.08024999999999999,0.77225,47,0.012398785425101215,3.9322499999999994,3952
2024,ADHD,substantive_core_overall,add,43,-0.105,0.29000000000000004,38,0.010880566801619434,-4.515,3952
2024,ADHD,substantive_core_overall,include,43,-0.18066666666666667,0.45933333333333337,42,0.010880566801619434,-7.768666666666666,3952
2024,ADHD,substantive_core_overall,diagnosis,39,0.0,0.142,32,0.009868421052631578,0.0,3952
2024,ADHD,substantive_core_overall,individual,36,-0.346,0.254,34,0.009109311740890687,-12.456,3952
2024,ADHD,substantive_core_overall,adult,34,-0.018,0.63,24,0.00860323886639676,-0.612,3952
2024,Autism,clinical_only,disorder,295,0.53,-0.675,222,0.08585564610011641,156.35,3436
2024,Autism,clinical_only,child,135,-0.0020000000000000018,0.7689999999999999,113,0.03928987194412107,-0.27000000000000024,3436
2024,Autism,clinical_only,individual,62,-0.346,0.254,49,0.018044237485448197,-21.451999999999998,3436
2024,Autism,clinical_only,adhd,57,-0.054,-0.48400000000000004,51,0.01658905704307334,-3.078,3436
2024,Autism,clinical_only,condition,48,-0.11399999999999999,-0.009500000000000001,44,0.013969732246798603,-5.4719999999999995,3436
2024,Autism,clinical_only,include,38,-0.18066666666666667,0.45933333333333337,34,0.011059371362048894,-6.865333333333333,3436
2024,Autism,clinical_only,people,37,-0.15000000000000002,0.198,32,0.010768335273573923,-5.550000000000001,3436
2024,Autism,clinical_only,help,36,-0.058,0.346,36,0.010477299185098952,-2.088,3436
2024,Autism,clinical_only,diagnose,35,-0.035500000000000004,-0.4555,32,0.01018626309662398,-1.2425000000000002,3436
2024,Autism,clinical_only,disability,31,-0.036,-0.854,30,0.009022118742724098,-1.1159999999999999,3436
2024,Autism,clinical_only,developmental,28,0.667,0.704,27,0.008149010477299184,18.676000000000002,3436
2024,Autism,clinical_only,diagnosis,28,0.0,0.142,27,0.008149010477299184,0.0,3436
2024,Autism,clinical_only,therapy,26,-0.294,-0.02,23,0.007566938300349243,-7.643999999999999,3436
2024,Autism,clinical_only,adult,25,-0.018,0.63,23,0.007275902211874272,-0.44999999999999996,3436
2024,Autism,clinical_only,support,24,-0.08666666666666667,0.532,22,0.006984866123399301,-2.08,3436
2024,Autism,lived_only,child,83,-0.0020000000000000018,0.7689999999999999,67,0.03602430555555555,-0.16600000000000015,2304
2024,Autism,lived_only,people,69,-0.15000000000000002,0.198,54,0.029947916666666668,-10.350000000000001,2304
2024,Autism,lived_only,adhd,53,-0.054,-0.48400000000000004,44,0.023003472222222224,-2.862,2304
2024,Autism,lived_only,disorder,44,0.53,-0.675,39,0.019097222222222224,23.32,2304
2024,Autism,lived_only,individual,40,-0.346,0.254,31,0.017361111111111112,-13.84,2304
2024,Autism,lived_only,support,33,-0.08666666666666667,0.532,29,0.014322916666666666,-2.8600000000000003,2304
2024,Autism,lived_only,diagnose,30,-0.035500000000000004,-0.4555,28,0.013020833333333334,-1.0650000000000002,2304
2024,Autism,lived_only,son,28,-0.27,0.584,28,0.012152777777777778,-7.5600000000000005,2304
2024,Autism,lived_only,sensory,24,-0.04,0.166,21,0.010416666666666666,-0.96,2304
2024,Autism,lived_only,include,22,-0.18066666666666667,0.45933333333333337,22,0.009548611111111112,-3.974666666666667,2304
2024,Autism,lived_only,awareness,21,-0.156,0.368,15,0.009114583333333334,-3.276,2304
2024,Autism,lived_only,family,21,-0.4085,0.8845000000000001,20,0.009114583333333334,-8.5785,2304
2024,Autism,lived_only,disability,19,-0.036,-0.854,17,0.008246527777777778,-0.6839999999999999,2304
2024,Autism,lived_only,spectrum,19,0.4,-0.376,17,0.008246527777777778,7.6000000000000005,2304
2024,Autism,lived_only,need,18,-0.084,0.187,18,0.0078125,-1.512,2304
2024,Autism,mixed,disorder,42,0.53,-0.675,35,0.03389830508474576,22.26,1239
2024,Autism,mixed,child,37,-0.0020000000000000018,0.7689999999999999,32,0.02986279257465698,-0.07400000000000007,1239
2024,Autism,mixed,people,31,-0.15000000000000002,0.198,26,0.025020177562550445,-4.65,1239
2024,Autism,mixed,adhd,27,-0.054,-0.484,25,0.021791767554479417,-1.458,1239
2024,Autism,mixed,individual,25,-0.3459999999999999,0.254,22,0.020177562550443905,-8.649999999999999,1239
2024,Autism,mixed,support,16,-0.08666666666666667,0.532,16,0.0129136400322841,-1.3866666666666667,1239
2024,Autism,mixed,student,15,-0.364,0.268,14,0.012106537530266344,-5.46,1239
2024,Autism,mixed,help,13,-0.058,0.346,13,0.010492332526230832,-0.754,1239
2024,Autism,mixed,include,13,-0.1806666666666667,0.45933333333333337,12,0.010492332526230832,-2.348666666666667,1239
2024,Autism,mixed,disability,12,-0.036,-0.854,9,0.009685230024213076,-0.43199999999999994,1239
2024,Autism,mixed,family,12,-0.4084999999999999,0.8845000000000001,11,0.009685230024213076,-4.901999999999999,1239
2024,Autism,mixed,like,10,0.08024999999999999,0.77225,10,0.008071025020177562,0.8024999999999999,1239
2024,Autism,mixed,adult,9,-0.018,0.63,7,0.007263922518159807,-0.16199999999999998,1239
2024,Autism,mixed,experience,9,0.252,0.594,9,0.007263922518159807,2.268,1239
2024,Autism,mixed,program,9,0.15650000000000003,0.06099999999999999,9,0.007263922518159807,1.4085000000000003,1239
2024,Autism,substantive_core_overall,disorder,381,0.53,-0.675,288,0.054592348473993406,201.93,6979
2024,Autism,substantive_core_overall,child,255,-0.0020000000000000018,0.7689999999999999,199,0.036538185986531024,-0.5100000000000005,6979
2024,Autism,substantive_core_overall,adhd,137,-0.054,-0.48399999999999993,114,0.019630319530018626,-7.398,6979
2024,Autism,substantive_core_overall,people,137,-0.15000000000000002,0.198,108,0.019630319530018626,-20.550000000000004,6979
2024,Autism,substantive_core_overall,individual,127,-0.346,0.254,98,0.018197449491331136,-43.942,6979
2024,Autism,substantive_core_overall,include,73,-0.18066666666666667,0.45933333333333337,68,0.010459951282418684,-13.188666666666666,6979
2024,Autism,substantive_core_overall,support,73,-0.08666666666666667,0.532,66,0.010459951282418684,-6.326666666666667,6979
2024,Autism,substantive_core_overall,condition,71,-0.11399999999999999,-0.009500000000000001,65,0.010173377274681187,-8.094,6979
2024,Autism,substantive_core_overall,diagnose,71,-0.035500000000000004,-0.45549999999999996,65,0.010173377274681187,-2.5205,6979
2024,Autism,substantive_core_overall,disability,62,-0.036,-0.854,55,0.008883794239862445,-2.2319999999999998,6979
2024,Autism,substantive_core_overall,help,59,-0.058,0.346,59,0.008453933228256197,-3.422,6979
2024,Autism,substantive_core_overall,adult,51,-0.018,0.63,43,0.007307637197306204,-0.9179999999999999,6979
2024,Autism,substantive_core_overall,spectrum,47,0.4,-0.376,41,0.006734489181831208,18.8,6979
2024,Autism,substantive_core_overall,diagnosis,44,0.0,0.142,43,0.0063046281702249605,0.0,6979
2024,Autism,substantive_core_overall,need,44,-0.084,0.187,41,0.0063046281702249605,-3.696,6979
2024,frustration,unframed_baseline,lead,799,0.31379999999999997,0.06260000000000002,741,0.031366544969183056,250.72619999999998,25473
2024,frustration,unframed_baseline,express,466,0.246,0.52,456,0.018293879794291996,114.636,25473
2024,frustration,unframed_baseline,cause,333,-0.107,-0.187,327,0.01307266517489106,-35.631,25473
2024,frustration,unframed_baseline,anger,287,0.634,-0.821,265,0.011266831547128332,181.958,25473
2024,frustration,unframed_baseline,experience,236,0.252,0.594,223,0.009264711655478349,59.472,25473
2024,frustration,unframed_baseline,save time,234,-0.178,0.5,228,0.009186197149923449,-41.652,25473
2024,frustration,unframed_baseline,time,228,-0.14425,0.057499999999999996,222,0.008950653633258745,-32.888999999999996,25473
2024,frustration,unframed_baseline,reduce,208,-0.331,-0.552,204,0.008165508577709733,-68.848,25473
2024,frustration,unframed_baseline,user,205,-0.306,0.258,192,0.00804773681937738,-62.73,25473
2024,frustration,unframed_baseline,understand,200,-0.254,0.6033333333333334,196,0.007851450555490127,-50.8,25473
2024,frustration,unframed_baseline,confusion,192,0.334,-0.49,185,0.007537392533270522,64.128,25473
2024,frustration,unframed_baseline,stress,155,0.633,-0.6910000000000001,149,0.006084874180504849,98.115,25473
2024,frustration,unframed_baseline,source,146,-0.364,0.48,142,0.005731558905507792,-53.144,25473
2024,frustration,unframed_baseline,feel,142,-0.10133333333333334,0.5006666666666667,139,0.00557452989439799,-14.389333333333335,25473
2024,frustration,unframed_baseline,anxiety,138,0.73,-0.708,133,0.005417500883288188,100.74,25473
2024,loneliness,unframed_baseline,isolation,378,-0.324,-0.604,339,0.0467706013363029,-122.47200000000001,8082
2024,loneliness,unframed_baseline,social,127,-0.26,0.612,117,0.015713932195001237,-33.02,8082
2024,loneliness,unframed_baseline,depression,124,0.04,-0.938,116,0.015342736946300421,4.96,8082
2024,loneliness,unframed_baseline,combat,122,0.692,-0.396,113,0.015095273447166543,84.42399999999999,8082
2024,loneliness,unframed_baseline,reduce,115,-0.331,-0.552,104,0.01422915120019797,-38.065000000000005,8082
2024,loneliness,unframed_baseline,anxiety,91,0.7299999999999999,-0.708,85,0.011259589210591437,66.42999999999999,8082
2024,loneliness,unframed_baseline,help,87,-0.058,0.346,84,0.010764662212323682,-5.046,8082
2024,loneliness,unframed_baseline,experience,86,0.252,0.594,82,0.010640930462756744,21.672,8082
2024,loneliness,unframed_baseline,lead,82,0.31379999999999997,0.06260000000000002,80,0.010146003464488988,25.731599999999997,8082
2024,loneliness,unframed_baseline,feel,72,-0.10133333333333334,0.5006666666666667,68,0.008908685968819599,-7.296000000000001,8082
2024,loneliness,unframed_baseline,sense,67,0.0835,0.281,66,0.008290027220984904,5.5945,8082
2024,loneliness,unframed_baseline,life,65,0.23,0.836,62,0.008042563721851028,14.950000000000001,8082
2024,loneliness,unframed_baseline,time,55,-0.14425,0.057499999999999996,51,0.0068052462261816386,-7.93375,8082
2024,loneliness,unframed_baseline,people,49,-0.15000000000000002,0.198,45,0.006062855728780005,-7.350000000000001,8082
2024,loneliness,unframed_baseline,stress,49,0.633,-0.6910000000000001,48,0.006062855728780005,31.017,8082
2024,sadness,unframed_baseline,anger,288,0.634,-0.821,272,0.036058595217228,182.592,7987
2024,sadness,unframed_baseline,anxiety,155,0.73,-0.708,148,0.019406535620383122,113.14999999999999,7987
2024,sadness,unframed_baseline,fear,147,0.48000000000000004,-0.7505,138,0.018404907975460124,70.56,7987
2024,sadness,unframed_baseline,joy,126,0.3785,0.9704999999999999,113,0.015775635407537247,47.691,7987
2024,sadness,unframed_baseline,feel,124,-0.10133333333333334,0.5006666666666667,114,0.015525228496306498,-12.565333333333335,7987
2024,sadness,unframed_baseline,great,116,0.20733333333333334,0.7066666666666667,112,0.014523600851383498,24.050666666666668,7987
2024,sadness,unframed_baseline,emotion,112,0.7459999999999999,0.386,107,0.014022787028921999,83.55199999999999,7987
2024,sadness,unframed_baseline,depression,98,0.04,-0.938,83,0.012269938650306749,3.92,7987
2024,sadness,unframed_baseline,grief,98,0.28,-0.86,91,0.012269938650306749,27.44,7987
2024,sadness,unframed_baseline,deep,95,-0.4645,0.24000000000000002,89,0.011894328283460624,-44.127500000000005,7987
2024,sadness,unframed_baseline,loss,88,0.134,-0.8759999999999999,82,0.011017904094152998,11.792000000000002,7987
2024,sadness,unframed_baseline,express,86,0.246,0.52,81,0.01076749718292225,21.156,7987
2024,sadness,unframed_baseline,hopelessness,84,-0.19600000000000004,-0.9479999999999998,75,0.010517090271691499,-16.464000000000002,7987
2024,sadness,unframed_baseline,persistent,75,0.334,0.292,66,0.009390259171153124,25.05,7987
2024,sadness,unframed_baseline,like,70,0.08024999999999999,0.77225,68,0.008764241893076249,5.617499999999999,7987
2025,ADHD,clinical_only,autism,67,0.0,-0.53,58,0.032088122605363985,0.0,2088
2025,ADHD,clinical_only,child,48,-0.0020000000000000018,0.7689999999999998,41,0.022988505747126436,-0.09600000000000009,2088
2025,ADHD,clinical_only,disorder,44,0.53,-0.675,41,0.0210727969348659,23.32,2088
2025,ADHD,clinical_only,condition,43,-0.11399999999999998,-0.009500000000000001,41,0.020593869731800767,-4.901999999999999,2088
2025,ADHD,clinical_only,anxiety,42,0.73,-0.708,39,0.020114942528735632,30.66,2088
2025,ADHD,clinical_only,depression,35,0.04,-0.938,32,0.016762452107279693,1.4000000000000001,2088
2025,ADHD,clinical_only,like,34,0.08024999999999999,0.77225,33,0.016283524904214558,2.7284999999999995,2088
2025,ADHD,clinical_only,add,33,-0.105,0.29000000000000004,26,0.015804597701149427,-3.465,2088
2025,ADHD,clinical_only,assessment,33,0.246,0.5,15,0.015804597701149427,8.118,2088
2025,ADHD,clinical_only,symptom,30,0.058,-0.23999999999999996,27,0.014367816091954023,1.74,2088
2025,ADHD,clinical_only,treatment,26,-0.228,0.326,21,0.012452107279693486,-5.928,2088
2025,ADHD,clinical_only,medication,25,-0.122,0.23,23,0.011973180076628353,-3.05,2088
2025,ADHD,clinical_only,diagnosis,24,0.0,0.142,20,0.011494252873563218,0.0,2088
2025,ADHD,clinical_only,include,21,-0.18066666666666667,0.45933333333333337,21,0.010057471264367816,-3.794,2088
2025,ADHD,clinical_only,individual,17,-0.346,0.254,17,0.008141762452107279,-5.882,2088
2025,ADHD,lived_only,autism,42,0.0,-0.53,30,0.057455540355677154,0.0,731
2025,ADHD,lived_only,help,14,-0.058,0.346,12,0.019151846785225718,-0.812,731
2025,ADHD,lived_only,child,13,-0.0020000000000000018,0.7689999999999999,9,0.017783857729138167,-0.026000000000000023,731
2025,ADHD,lived_only,dyslexia,12,-0.167,-0.6670000000000001,10,0.016415868673050615,-2.004,731
2025,ADHD,lived_only,adult,11,-0.018,0.63,8,0.015047879616963064,-0.19799999999999998,731
2025,ADHD,lived_only,condition,10,-0.11399999999999999,-0.009500000000000001,9,0.013679890560875513,-1.14,731
2025,ADHD,lived_only,support,10,-0.08666666666666667,0.532,7,0.013679890560875513,-0.8666666666666667,731
2025,ADHD,lived_only,autistic,9,-0.326,-0.266,6,0.012311901504787962,-2.934,731
2025,ADHD,lived_only,challenge,9,0.7555000000000001,-0.3225,7,0.012311901504787962,6.7995,731
2025,ADHD,lived_only,individual,9,-0.346,0.254,8,0.012311901504787962,-3.114,731
2025,ADHD,lived_only,kid,9,0.052,0.47933333333333333,9,0.012311901504787962,0.46799999999999997,731
2025,ADHD,lived_only,like,9,0.08024999999999999,0.77225,7,0.012311901504787962,0.7222499999999998,731
2025,ADHD,lived_only,diagnose,8,-0.035500000000000004,-0.4555,7,0.01094391244870041,-0.28400000000000003,731
2025,ADHD,lived_only,parent,8,-0.286,0.624,5,0.01094391244870041,-2.288,731
2025,ADHD,lived_only,executive,7,-0.102,0.408,3,0.009575923392612859,-0.714,731
2025,ADHD,mixed,autism,11,0.0,-0.53,11,0.028720626631853787,0.0,383
2025,ADHD,mixed,anxiety,8,0.73,-0.708,8,0.020887728459530026,5.84,383
2025,ADHD,mixed,diagnose,7,-0.035500000000000004,-0.45550000000000007,7,0.018276762402088774,-0.24850000000000003,383
2025,ADHD,mixed,manage,6,0.3635,0.3935,6,0.015665796344647518,2.181,383
2025,ADHD,mixed,child,5,-0.0020000000000000018,0.7689999999999999,5,0.013054830287206266,-0.010000000000000009,383
2025,ADHD,mixed,disorder,5,0.53,-0.675,5,0.013054830287206266,2.6500000000000004,383
2025,ADHD,mixed,medication,5,-0.122,0.23000000000000004,5,0.013054830287206266,-0.61,383
2025,ADHD,mixed,clinical,4,-0.176,-0.326,2,0.010443864229765013,-0.704,383
2025,ADHD,mixed,depression,4,0.04,-0.938,4,0.010443864229765013,0.16,383
2025,ADHD,mixed,individual,4,-0.346,0.254,4,0.010443864229765013,-1.384,383
2025,ADHD,mixed,like,4,0.08024999999999999,0.77225,4,0.010443864229765013,0.32099999999999995,383
2025,ADHD,mixed,spectrum,4,0.4,-0.376,4,0.010443864229765013,1.6,383
2025,ADHD,mixed,symptom,4,0.058,-0.24,4,0.010443864229765013,0.232,383
2025,ADHD,mixed,adult,3,-0.018,0.63,3,0.007832898172323759,-0.05399999999999999,383
2025,ADHD,mixed,attention,3,0.19800000000000004,0.48,1,0.007832898172323759,0.5940000000000001,383
2025,ADHD,substantive_core_overall,autism,120,0.0,-0.53,97,0.037476577139287946,0.0,3202
2025,ADHD,substantive_core_overall,child,66,-0.0020000000000000018,0.7689999999999999,54,0.02061211742660837,-0.13200000000000012,3202
2025,ADHD,substantive_core_overall,anxiety,55,0.73,-0.708,51,0.017176764522173642,40.15,3202
2025,ADHD,substantive_core_overall,condition,55,-0.11399999999999999,-0.009500000000000001,52,0.017176764522173642,-6.27,3202
2025,ADHD,substantive_core_overall,disorder,55,0.53,-0.675,51,0.017176764522173642,29.150000000000002,3202
2025,ADHD,substantive_core_overall,like,47,0.08024999999999999,0.77225,44,0.014678326046221112,3.7717499999999995,3202
2025,ADHD,substantive_core_overall,depression,40,0.04,-0.938,37,0.012492192379762648,1.6,3202
2025,ADHD,substantive_core_overall,add,37,-0.105,0.29000000000000004,28,0.01155527795128045,-3.885,3202
2025,ADHD,substantive_core_overall,symptom,37,0.057999999999999996,-0.23999999999999996,33,0.01155527795128045,2.146,3202
2025,ADHD,substantive_core_overall,assessment,35,0.246,0.5,17,0.010930668332292318,8.61,3202
2025,ADHD,substantive_core_overall,medication,32,-0.122,0.23,30,0.009993753903810118,-3.904,3202
2025,ADHD,substantive_core_overall,individual,30,-0.346,0.254,29,0.009369144284821987,-10.379999999999999,3202
2025,ADHD,substantive_core_overall,diagnosis,29,0.0,0.142,25,0.00905683947532792,0.0,3202
2025,ADHD,substantive_core_overall,include,29,-0.18066666666666667,0.45933333333333337,28,0.00905683947532792,-5.239333333333334,3202
2025,ADHD,substantive_core_overall,manage,28,0.36350000000000005,0.3935,26,0.008744534665833853,10.178,3202
2025,Autism,clinical_only,disorder,280,0.53,-0.675,209,0.06638217164532954,148.4,4218
2025,Autism,clinical_only,child,196,-0.0020000000000000018,0.7689999999999999,147,0.046467520151730675,-0.39200000000000035,4218
2025,Autism,clinical_only,individual,72,-0.346,0.254,57,0.017069701280227598,-24.912,4218
2025,Autism,clinical_only,adhd,67,-0.054,-0.484,59,0.01588430535798957,-3.618,4218
2025,Autism,clinical_only,therapy,48,-0.294,-0.02,36,0.011379800853485065,-14.111999999999998,4218
2025,Autism,clinical_only,cause,47,-0.107,-0.187,42,0.011142721669037459,-5.029,4218
2025,Autism,clinical_only,developmental,43,0.667,0.704,41,0.010194404931247037,28.681,4218
2025,Autism,clinical_only,help,42,-0.057999999999999996,0.346,34,0.00995732574679943,-2.436,4218
2025,Autism,clinical_only,support,38,-0.08666666666666667,0.532,31,0.009009009009009009,-3.2933333333333334,4218
2025,Autism,clinical_only,diagnose,37,-0.035500000000000004,-0.4555,33,0.008771929824561403,-1.3135000000000001,4218
2025,Autism,clinical_only,diagnosis,35,0.0,0.142,31,0.008297771455666193,0.0,4218
2025,Autism,clinical_only,condition,34,-0.11399999999999999,-0.009500000000000001,31,0.008060692271218587,-3.8759999999999994,4218
2025,Autism,clinical_only,research,34,0.326,0.266,32,0.008060692271218587,11.084,4218
2025,Autism,clinical_only,disability,33,-0.036,-0.854,32,0.007823613086770981,-1.188,4218
2025,Autism,clinical_only,vaccine,32,0.04,0.0,24,0.007586533902323376,1.28,4218
2025,Autism,lived_only,dangerous,169,0.882,-0.9599999999999999,169,0.0686155095412099,149.058,2463
2025,Autism,lived_only,obsession,169,0.694,-0.542,169,0.0686155095412099,117.28599999999999,2463
2025,Autism,lived_only,child,67,-0.0020000000000000018,0.7689999999999999,56,0.027202598457166056,-0.13400000000000012,2463
2025,Autism,lived_only,people,46,-0.15000000000000002,0.198,38,0.01867641088103938,-6.900000000000001,2463
2025,Autism,lived_only,adhd,44,-0.054,-0.484,35,0.017864393016646368,-2.376,2463
2025,Autism,lived_only,individual,43,-0.346,0.254,40,0.017458384084449857,-14.877999999999998,2463
2025,Autism,lived_only,disorder,31,0.53,-0.675,27,0.012586276898091758,16.43,2463
2025,Autism,lived_only,family,27,-0.4085,0.8845000000000001,25,0.010962241169305725,-11.029499999999999,2463
2025,Autism,lived_only,son,25,-0.27,0.584,23,0.010150223304912708,-6.75,2463
2025,Autism,lived_only,diagnose,23,-0.035500000000000004,-0.45549999999999996,20,0.00933820544051969,-0.8165000000000001,2463
2025,Autism,lived_only,awareness,22,-0.156,0.368,16,0.008932196508323184,-3.432,2463
2025,Autism,lived_only,sensory,22,-0.04,0.166,18,0.008932196508323184,-0.88,2463
2025,Autism,lived_only,world,22,-0.212,0.24400000000000002,19,0.008932196508323184,-4.664,2463
2025,Autism,lived_only,friendly,19,-0.204,0.834,13,0.007714169711733658,-3.876,2463
2025,Autism,lived_only,include,19,-0.18066666666666667,0.45933333333333337,18,0.007714169711733658,-3.4326666666666665,2463
2025,Autism,mixed,child,51,-0.0020000000000000018,0.7689999999999999,42,0.03596614950634697,-0.10200000000000009,1418
2025,Autism,mixed,disorder,36,0.53,-0.675,34,0.02538787023977433,19.080000000000002,1418
2025,Autism,mixed,support,29,-0.08666666666666668,0.532,18,0.020451339915373765,-2.5133333333333336,1418
2025,Autism,mixed,individual,27,-0.346,0.254,19,0.01904090267983075,-9.341999999999999,1418
2025,Autism,mixed,people,21,-0.15000000000000002,0.198,19,0.014809590973201692,-3.1500000000000004,1418
2025,Autism,mixed,adhd,14,-0.054,-0.484,14,0.009873060648801129,-0.756,1418
2025,Autism,mixed,understand,14,-0.254,0.6033333333333334,13,0.009873060648801129,-3.556,1418
2025,Autism,mixed,symptom,13,0.058,-0.24000000000000002,12,0.009167842031029619,0.754,1418
2025,Autism,mixed,diagnose,11,-0.035500000000000004,-0.4555,10,0.007757404795486601,-0.39050000000000007,1418
2025,Autism,mixed,family,11,-0.40850000000000003,0.8845000000000002,9,0.007757404795486601,-4.4935,1418
2025,Autism,mixed,student,11,-0.36399999999999993,0.268,8,0.007757404795486601,-4.004,1418
2025,Autism,mixed,challenge,10,0.7555000000000001,-0.3225,10,0.007052186177715092,7.555000000000001,1418
2025,Autism,mixed,condition,10,-0.11399999999999999,-0.009500000000000001,9,0.007052186177715092,-1.14,1418
2025,Autism,mixed,disability,10,-0.036,-0.8539999999999999,9,0.007052186177715092,-0.36,1418
2025,Autism,mixed,need,10,-0.084,0.187,9,0.007052186177715092,-0.8400000000000001,1418
2025,Autism,substantive_core_overall,disorder,347,0.53,-0.675,263,0.04284479565378442,183.91,8099
2025,Autism,substantive_core_overall,child,314,-0.0020000000000000018,0.7689999999999999,230,0.038770218545499446,-0.6280000000000006,8099
2025,Autism,substantive_core_overall,dangerous,180,0.8819999999999999,-0.9599999999999999,180,0.022224966045190763,158.76,8099
2025,Autism,substantive_core_overall,obsession,176,0.694,-0.542,176,0.021731077910853193,122.14399999999999,8099
2025,Autism,substantive_core_overall,individual,142,-0.346,0.254,113,0.017533028768983824,-49.132,8099
2025,Autism,substantive_core_overall,adhd,125,-0.054,-0.484,106,0.015434004198049142,-6.75,8099
2025,Autism,substantive_core_overall,people,83,-0.15000000000000002,0.198,70,0.01024817878750463,-12.450000000000001,8099
2025,Autism,substantive_core_overall,support,82,-0.08666666666666667,0.532,60,0.010124706753920238,-7.106666666666667,8099
2025,Autism,substantive_core_overall,diagnose,71,-0.035500000000000004,-0.45549999999999996,63,0.008766514384491912,-2.5205,8099
2025,Autism,substantive_core_overall,help,61,-0.058,0.346,51,0.007531794048647981,-3.5380000000000003,8099
2025,Autism,substantive_core_overall,disability,59,-0.036,-0.854,52,0.007284849981479195,-2.1239999999999997,8099
2025,Autism,substantive_core_overall,therapy,59,-0.294,-0.02,45,0.007284849981479195,-17.346,8099
2025,Autism,substantive_core_overall,developmental,58,0.667,0.704,53,0.007161377947894802,38.686,8099
2025,Autism,substantive_core_overall,cause,56,-0.107,-0.187,51,0.006914433880726016,-5.992,8099
2025,Autism,substantive_core_overall,condition,56,-0.11399999999999999,-0.0095,50,0.006914433880726016,-6.3839999999999995,8099
2025,frustration,unframed_baseline,lead,759,0.31379999999999997,0.06260000000000002,694,0.02803013516507866,238.17419999999998,27078
2025,frustration,unframed_baseline,express,404,0.246,0.52,392,0.014919861141886401,99.384,27078
2025,frustration,unframed_baseline,reduce,274,-0.331,-0.552,263,0.010118915724942758,-90.694,27078
2025,frustration,unframed_baseline,cause,260,-0.107,-0.187,258,0.00960189083388729,-27.82,27078
2025,frustration,unframed_baseline,time,255,-0.14425,0.057499999999999996,249,0.009417239087081765,-36.78375,27078
2025,frustration,unframed_baseline,experience,211,0.252,0.594,203,0.007792303715193146,53.172,27078
2025,frustration,unframed_baseline,save time,211,-0.178,0.5,203,0.007792303715193146,-37.558,27078
2025,frustration,unframed_baseline,user,207,-0.306,0.258,184,0.007644582317748726,-63.342,27078
2025,frustration,unframed_baseline,anger,170,0.634,-0.821,160,0.0062781593913878424,107.78,27078
2025,frustration,unframed_baseline,avoid,164,-0.125,-0.11599999999999998,161,0.0060565772952212125,-20.5,27078
2025,frustration,unframed_baseline,confusion,154,0.334,-0.48999999999999994,148,0.005687273801610163,51.436,27078
2025,frustration,unframed_baseline,understand,153,-0.254,0.6033333333333334,152,0.005650343452249058,-38.862,27078
2025,frustration,unframed_baseline,save,145,-0.4243333333333334,0.622,139,0.0053549006573602185,-61.52833333333334,27078
2025,frustration,unframed_baseline,customer,143,-0.14,0.124,126,0.005281039958638009,-20.020000000000003,27078
2025,frustration,unframed_baseline,feel,129,-0.10133333333333334,0.5006666666666667,126,0.004764015067582539,-13.072000000000001,27078
2025,loneliness,unframed_baseline,isolation,228,-0.324,-0.604,205,0.030620467365028204,-73.872,7446
2025,loneliness,unframed_baseline,epidemic,123,0.66,-0.816,116,0.016518936341659952,81.18,7446
2025,loneliness,unframed_baseline,reduce,120,-0.331,-0.552,112,0.016116035455278,-39.72,7446
2025,loneliness,unframed_baseline,social,116,-0.26,0.612,106,0.0155788342734354,-30.16,7446
2025,loneliness,unframed_baseline,depression,97,0.04,-0.938,92,0.013027128659683052,3.88,7446
2025,loneliness,unframed_baseline,amid,92,-0.32,0.01,90,0.012355627182379801,-29.44,7446
2025,loneliness,unframed_baseline,help,91,-0.058,0.346,87,0.012221326886919152,-5.2780000000000005,7446
2025,loneliness,unframed_baseline,anxiety,87,0.73,-0.708,84,0.011684125705076551,63.51,7446
2025,loneliness,unframed_baseline,combat,86,0.692,-0.3960000000000001,79,0.011549825409615902,59.51199999999999,7446
2025,loneliness,unframed_baseline,lead,71,0.31379999999999997,0.06260000000000002,69,0.00953532097770615,22.279799999999998,7446
2025,loneliness,unframed_baseline,experience,69,0.252,0.594,68,0.009266720386784852,17.388,7446
2025,loneliness,unframed_baseline,stress,66,0.633,-0.6910000000000001,63,0.008863819500402902,41.778,7446
2025,loneliness,unframed_baseline,connection,50,0.12,0.458,47,0.006715014773032501,6.0,7446
2025,loneliness,unframed_baseline,emotional,50,0.428,0.558,46,0.006715014773032501,21.4,7446
2025,loneliness,unframed_baseline,people,50,-0.15000000000000002,0.198,48,0.006715014773032501,-7.500000000000001,7446
2025,sadness,unframed_baseline,anger,194,0.634,-0.821,182,0.02934947049924357,122.996,6610
2025,sadness,unframed_baseline,feel,117,-0.10133333333333334,0.5006666666666667,109,0.017700453857791225,-11.856000000000002,6610
2025,sadness,unframed_baseline,anxiety,112,0.7299999999999999,-0.708,102,0.016944024205748864,81.75999999999999,6610
2025,sadness,unframed_baseline,joy,92,0.3785,0.9704999999999998,87,0.013918305597579426,34.822,6610
2025,sadness,unframed_baseline,fear,90,0.48000000000000004,-0.7505000000000001,86,0.01361573373676248,43.2,6610
2025,sadness,unframed_baseline,great,86,0.20733333333333331,0.7066666666666667,82,0.013010590015128594,17.830666666666666,6610
2025,sadness,unframed_baseline,pain,86,0.292,-0.8273333333333334,85,0.013010590015128594,25.112,6610
2025,sadness,unframed_baseline,persistent,76,0.334,0.292,68,0.011497730711043872,25.384,6610
2025,sadness,unframed_baseline,depression,71,0.04,-0.938,60,0.010741301059001514,2.84,6610
2025,sadness,unframed_baseline,loss,71,0.134,-0.876,64,0.010741301059001514,9.514000000000001,6610
2025,sadness,unframed_baseline,deep,69,-0.46449999999999997,0.24,68,0.010438729198184568,-32.0505,6610
2025,sadness,unframed_baseline,emotion,69,0.746,0.386,66,0.010438729198184568,51.474,6610
2025,sadness,unframed_baseline,lot,60,-0.368,0.13500000000000004,60,0.009077155824508321,-22.08,6610
2025,sadness,unframed_baseline,like,59,0.08024999999999999,0.77225,57,0.00892586989409985,4.734749999999999,6610
2025,sadness,unframed_baseline,announce,58,0.4145,0.2415,56,0.008774583963691377,24.041,6610
2026,ADHD,clinical_only,autism,40,0.0,-0.53,31,0.03937007874015748,0.0,1016
2026,ADHD,clinical_only,condition,20,-0.11399999999999999,-0.009500000000000001,19,0.01968503937007874,-2.28,1016
2026,ADHD,clinical_only,depression,19,0.04,-0.938,16,0.018700787401574805,0.76,1016
2026,ADHD,clinical_only,disorder,19,0.53,-0.675,17,0.018700787401574805,10.07,1016
2026,ADHD,clinical_only,anxiety,18,0.73,-0.708,16,0.017716535433070866,13.14,1016
2026,ADHD,clinical_only,like,17,0.08024999999999999,0.77225,16,0.01673228346456693,1.3642499999999997,1016
2026,ADHD,clinical_only,child,16,-0.0020000000000000018,0.7689999999999999,14,0.015748031496062992,-0.03200000000000003,1016
2026,ADHD,clinical_only,diagnose,16,-0.035500000000000004,-0.4555,15,0.015748031496062992,-0.5680000000000001,1016
2026,ADHD,clinical_only,assessment,14,0.246,0.5,11,0.013779527559055118,3.444,1016
2026,ADHD,clinical_only,medication,13,-0.12199999999999998,0.23,9,0.012795275590551181,-1.5859999999999999,1016
2026,ADHD,clinical_only,include,11,-0.18066666666666667,0.45933333333333337,10,0.010826771653543307,-1.9873333333333334,1016
2026,ADHD,clinical_only,add,10,-0.10500000000000001,0.29000000000000004,8,0.00984251968503937,-1.05,1016
2026,ADHD,clinical_only,adult,10,-0.018,0.63,7,0.00984251968503937,-0.18,1016
2026,ADHD,clinical_only,people,10,-0.15000000000000002,0.198,9,0.00984251968503937,-1.5000000000000002,1016
2026,ADHD,clinical_only,brain,9,-0.001999999999999995,0.33,6,0.008858267716535433,-0.017999999999999954,1016
2026,ADHD,lived_only,autism,29,0.0,-0.53,24,0.07073170731707316,0.0,410
2026,ADHD,lived_only,autistic,8,-0.326,-0.266,8,0.01951219512195122,-2.608,410
2026,ADHD,lived_only,like,8,0.08024999999999999,0.77225,8,0.01951219512195122,0.6419999999999999,410
2026,ADHD,lived_only,disorder,7,0.53,-0.675,7,0.01707317073170732,3.71,410
2026,ADHD,lived_only,include,7,-0.18066666666666667,0.45933333333333337,7,0.01707317073170732,-1.2646666666666666,410
2026,ADHD,lived_only,sensory,7,-0.04,0.166,7,0.01707317073170732,-0.28,410
2026,ADHD,lived_only,work,7,0.07666666666666667,0.48999999999999994,6,0.01707317073170732,0.5366666666666667,410
2026,ADHD,lived_only,anxiety,6,0.73,-0.7079999999999999,5,0.014634146341463415,4.38,410
2026,ADHD,lived_only,brain,6,-0.001999999999999995,0.33,5,0.014634146341463415,-0.011999999999999969,410
2026,ADHD,lived_only,dyslexia,6,-0.167,-0.6670000000000001,6,0.014634146341463415,-1.002,410
2026,ADHD,lived_only,people,6,-0.15000000000000002,0.19800000000000004,3,0.014634146341463415,-0.9000000000000001,410
2026,ADHD,lived_only,child,5,-0.0020000000000000018,0.7689999999999999,4,0.012195121951219513,-0.010000000000000009,410
2026,ADHD,lived_only,condition,5,-0.11399999999999999,-0.009500000000000001,4,0.012195121951219513,-0.57,410
2026,ADHD,lived_only,diagnose,5,-0.035500000000000004,-0.45549999999999996,4,0.012195121951219513,-0.17750000000000002,410
2026,ADHD,lived_only,diversity,5,0.012,0.612,5,0.012195121951219513,0.06,410
2026,ADHD,mixed,autism,8,0.0,-0.53,7,0.04938271604938271,0.0,162
2026,ADHD,mixed,add,3,-0.105,0.29000000000000004,3,0.018518518518518517,-0.315,162
2026,ADHD,mixed,anxiety,3,0.73,-0.7079999999999999,3,0.018518518518518517,2.19,162
2026,ADHD,mixed,challenge,3,0.7555000000000001,-0.3225,3,0.018518518518518517,2.2665,162
2026,ADHD,mixed,child,3,-0.0020000000000000018,0.7689999999999998,2,0.018518518518518517,-0.006000000000000005,162
2026,ADHD,mixed,condition,3,-0.11399999999999999,-0.009500000000000001,3,0.018518518518518517,-0.34199999999999997,162
2026,ADHD,mixed,focus,3,-0.236,0.38000000000000006,2,0.018518518518518517,-0.708,162
2026,ADHD,mixed,girl,3,0.63,0.333,2,0.018518518518518517,1.8900000000000001,162
2026,ADHD,mixed,include,3,-0.18066666666666667,0.45933333333333337,2,0.018518518518518517,-0.542,162
2026,ADHD,mixed,kid,3,0.052,0.4793333333333334,2,0.018518518518518517,0.156,162
2026,ADHD,mixed,like,3,0.08024999999999999,0.77225,3,0.018518518518518517,0.24074999999999996,162
2026,ADHD,mixed,support,3,-0.08666666666666667,0.532,3,0.018518518518518517,-0.26,162
2026,ADHD,mixed,adult,2,-0.018,0.63,2,0.012345679012345678,-0.036,162
2026,ADHD,mixed,approach,2,-0.051,0.352,2,0.012345679012345678,-0.102,162
2026,ADHD,mixed,autistic,2,-0.326,-0.266,2,0.012345679012345678,-0.652,162
2026,ADHD,substantive_core_overall,autism,77,0.0,-0.53,58,0.04848866498740554,0.0,1588
2026,ADHD,substantive_core_overall,condition,28,-0.11399999999999999,-0.0095,26,0.017632241813602016,-3.1919999999999997,1588
2026,ADHD,substantive_core_overall,disorder,28,0.53,-0.675,26,0.017632241813602016,14.84,1588
2026,ADHD,substantive_core_overall,like,28,0.08025,0.77225,27,0.017632241813602016,2.247,1588
2026,ADHD,substantive_core_overall,anxiety,27,0.73,-0.708,24,0.01700251889168766,19.71,1588
2026,ADHD,substantive_core_overall,child,24,-0.0020000000000000018,0.7689999999999998,20,0.015113350125944584,-0.04800000000000004,1588
2026,ADHD,substantive_core_overall,diagnose,21,-0.035500000000000004,-0.4555,19,0.01322418136020151,-0.7455,1588
2026,ADHD,substantive_core_overall,include,21,-0.18066666666666667,0.45933333333333337,19,0.01322418136020151,-3.794,1588
2026,ADHD,substantive_core_overall,depression,20,0.04,-0.938,17,0.012594458438287154,0.8,1588
2026,ADHD,substantive_core_overall,people,17,-0.15000000000000002,0.198,12,0.010705289672544081,-2.5500000000000003,1588
2026,ADHD,substantive_core_overall,adult,16,-0.018,0.63,13,0.010075566750629723,-0.288,1588
2026,ADHD,substantive_core_overall,assessment,16,0.246,0.5,12,0.010075566750629723,3.936,1588
2026,ADHD,substantive_core_overall,brain,16,-0.001999999999999995,0.33,12,0.010075566750629723,-0.03199999999999992,1588
2026,ADHD,substantive_core_overall,medication,15,-0.12200000000000001,0.23,11,0.009445843828715366,-1.83,1588
2026,ADHD,substantive_core_overall,add,13,-0.105,0.29000000000000004,11,0.00818639798488665,-1.365,1588
2026,Autism,clinical_only,disorder,85,0.53,-0.675,65,0.05581089954038083,45.050000000000004,1523
2026,Autism,clinical_only,child,71,-0.0020000000000000018,0.7689999999999999,58,0.046618516086671044,-0.14200000000000013,1523
2026,Autism,clinical_only,adhd,36,-0.054,-0.484,30,0.023637557452396585,-1.944,1523
2026,Autism,clinical_only,cause,25,-0.107,-0.187,21,0.016414970453053186,-2.675,1523
2026,Autism,clinical_only,individual,23,-0.346,0.254,20,0.015101772816808929,-7.957999999999999,1523
2026,Autism,clinical_only,condition,20,-0.11399999999999999,-0.009500000000000001,20,0.013131976362442548,-2.28,1523
2026,Autism,clinical_only,developmental,19,0.667,0.704,18,0.01247537754432042,12.673,1523
2026,Autism,clinical_only,diagnose,16,-0.035500000000000004,-0.4555,13,0.010505581089954037,-0.5680000000000001,1523
2026,Autism,clinical_only,include,16,-0.18066666666666667,0.45933333333333337,16,0.010505581089954037,-2.8906666666666667,1523
2026,Autism,clinical_only,delay,15,0.0,-0.608,12,0.00984898227183191,0.0,1523
2026,Autism,clinical_only,service,14,-0.184,0.368,12,0.009192383453709783,-2.576,1523
2026,Autism,clinical_only,therapy,14,-0.294,-0.02,12,0.009192383453709783,-4.116,1523
2026,Autism,clinical_only,like,13,0.08024999999999999,0.7722499999999999,13,0.008535784635587657,1.0432499999999998,1523
2026,Autism,clinical_only,study,12,0.00033333333333333365,0.47333333333333333,10,0.007879185817465528,0.0040000000000000036,1523
2026,Autism,clinical_only,assessment,11,0.246,0.5,9,0.007222586999343401,2.706,1523
2026,Autism,lived_only,adhd,37,-0.054,-0.48400000000000004,30,0.0407040704070407,-1.998,909
2026,Autism,lived_only,child,27,-0.0020000000000000018,0.7689999999999999,22,0.0297029702970297,-0.05400000000000005,909
2026,Autism,lived_only,people,23,-0.15000000000000002,0.198,19,0.025302530253025302,-3.4500000000000006,909
2026,Autism,lived_only,support,17,-0.08666666666666667,0.532,13,0.0187018701870187,-1.4733333333333334,909
2026,Autism,lived_only,include,14,-0.18066666666666667,0.45933333333333337,13,0.015401540154015401,-2.529333333333333,909
2026,Autism,lived_only,sensory,13,-0.04,0.16599999999999998,13,0.014301430143014302,-0.52,909
2026,Autism,lived_only,disorder,12,0.53,-0.6750000000000002,11,0.013201320132013201,6.36,909
2026,Autism,lived_only,experience,12,0.252,0.594,10,0.013201320132013201,3.024,909
2026,Autism,lived_only,diagnose,11,-0.035500000000000004,-0.4555,10,0.0121012101210121,-0.39050000000000007,909
2026,Autism,lived_only,son,10,-0.27,0.584,9,0.011001100110011002,-2.7,909
2026,Autism,lived_only,adult,9,-0.018,0.63,8,0.009900990099009901,-0.16199999999999998,909
2026,Autism,lived_only,disability,8,-0.036,-0.854,8,0.0088008800880088,-0.288,909
2026,Autism,lived_only,like,8,0.08024999999999999,0.77225,8,0.0088008800880088,0.6419999999999999,909
2026,Autism,lived_only,dyslexia,7,-0.167,-0.667,7,0.007700770077007701,-1.169,909
2026,Autism,lived_only,individual,7,-0.346,0.254,7,0.007700770077007701,-2.4219999999999997,909
2026,Autism,mixed,child,23,-0.0020000000000000018,0.7689999999999999,20,0.04893617021276596,-0.04600000000000004,470
2026,Autism,mixed,adhd,13,-0.054,-0.484,11,0.027659574468085105,-0.702,470
2026,Autism,mixed,disorder,12,0.53,-0.6750000000000002,10,0.02553191489361702,6.36,470
2026,Autism,mixed,disability,7,-0.036,-0.854,5,0.014893617021276596,-0.252,470
2026,Autism,mixed,family,7,-0.4085,0.8845000000000001,7,0.014893617021276596,-2.8594999999999997,470
2026,Autism,mixed,support,7,-0.08666666666666667,0.532,4,0.014893617021276596,-0.6066666666666667,470
2026,Autism,mixed,adult,6,-0.018,0.63,6,0.01276595744680851,-0.10799999999999998,470
2026,Autism,mixed,individual,6,-0.3459999999999999,0.254,4,0.01276595744680851,-2.0759999999999996,470
2026,Autism,mixed,kid,6,0.052,0.4793333333333334,4,0.01276595744680851,0.312,470
2026,Autism,mixed,assessment,5,0.246,0.5,3,0.010638297872340425,1.23,470
2026,Autism,mixed,girl,5,0.63,0.333,2,0.010638297872340425,3.15,470
2026,Autism,mixed,need,5,-0.084,0.187,5,0.010638297872340425,-0.42000000000000004,470
2026,Autism,mixed,son,5,-0.27,0.584,5,0.010638297872340425,-1.35,470
2026,Autism,mixed,therapy,5,-0.294,-0.02,5,0.010638297872340425,-1.47,470
2026,Autism,mixed,diagnosis,4,0.0,0.142,4,0.00851063829787234,0.0,470
2026,Autism,substantive_core_overall,child,121,-0.0020000000000000018,0.7689999999999999,95,0.04169538249483115,-0.24200000000000021,2902
2026,Autism,substantive_core_overall,disorder,109,0.53,-0.675,84,0.037560303239145415,57.77,2902
2026,Autism,substantive_core_overall,adhd,86,-0.054,-0.48399999999999993,66,0.029634734665747762,-4.644,2902
2026,Autism,substantive_core_overall,people,38,-0.15000000000000002,0.198,32,0.013094417643004824,-5.700000000000001,2902
2026,Autism,substantive_core_overall,individual,36,-0.346,0.254,31,0.012405237767057202,-12.456,2902
2026,Autism,substantive_core_overall,include,33,-0.18066666666666667,0.45933333333333337,32,0.011371467953135768,-5.962,2902
2026,Autism,substantive_core_overall,support,31,-0.08666666666666666,0.532,24,0.010682288077188146,-2.6866666666666665,2902
2026,Autism,substantive_core_overall,diagnose,30,-0.035500000000000004,-0.4555,25,0.010337698139214336,-1.0650000000000002,2902
2026,Autism,substantive_core_overall,condition,28,-0.11399999999999999,-0.0095,26,0.009648518263266712,-3.1919999999999997,2902
2026,Autism,substantive_core_overall,cause,26,-0.107,-0.187,22,0.00895933838731909,-2.782,2902
2026,Autism,substantive_core_overall,disability,25,-0.036,-0.8539999999999999,20,0.00861474844934528,-0.8999999999999999,2902
2026,Autism,substantive_core_overall,like,25,0.08024999999999999,0.77225,24,0.00861474844934528,2.0062499999999996,2902
2026,Autism,substantive_core_overall,developmental,23,0.667,0.704,21,0.007925568573397657,15.341000000000001,2902
2026,Autism,substantive_core_overall,adult,20,-0.018,0.63,18,0.006891798759476223,-0.36,2902
2026,Autism,substantive_core_overall,family,20,-0.4085,0.8845000000000001,19,0.006891798759476223,-8.17,2902
2026,frustration,unframed_baseline,lead,324,0.31379999999999997,0.06260000000000002,311,0.020521915378768685,101.67119999999998,15788
2026,frustration,unframed_baseline,reduce,213,-0.331,-0.552,188,0.013491259184190524,-70.503,15788
2026,frustration,unframed_baseline,express,168,0.24600000000000002,0.52,163,0.010640993159361541,41.328,15788
2026,frustration,unframed_baseline,time,147,-0.14425,0.05749999999999999,143,0.009310869014441349,-21.204749999999997,15788
2026,frustration,unframed_baseline,create,134,0.4215,0.6194999999999999,133,0.008487458829490752,56.480999999999995,15788
2026,frustration,unframed_baseline,cause,121,-0.107,-0.187,114,0.007664048644540157,-12.947,15788
2026,frustration,unframed_baseline,prevent,113,-0.038,0.27,112,0.0071573346845705595,-4.294,15788
2026,frustration,unframed_baseline,save time,109,-0.17799999999999996,0.5,105,0.006903977704585762,-19.401999999999997,15788
2026,frustration,unframed_baseline,user,108,-0.306,0.258,100,0.006840638459589561,-33.048,15788
2026,frustration,unframed_baseline,experience,103,0.252,0.594,101,0.006523942234608563,25.956,15788
2026,frustration,unframed_baseline,save,100,-0.4243333333333334,0.622,100,0.006333924499619965,-42.43333333333334,15788
2026,frustration,unframed_baseline,avoid,97,-0.125,-0.11599999999999999,96,0.006143906764631365,-12.125,15788
2026,frustration,unframed_baseline,feel,96,-0.10133333333333334,0.5006666666666667,94,0.006080567519635166,-9.728000000000002,15788
2026,frustration,unframed_baseline,understand,94,-0.254,0.6033333333333334,93,0.005953889029642767,-23.876,15788
2026,frustration,unframed_baseline,anger,81,0.634,-0.8209999999999998,73,0.005130478844692171,51.354,15788
2026,loneliness,unframed_baseline,isolation,91,-0.324,-0.604,89,0.030973451327433628,-29.484,2938
2026,loneliness,unframed_baseline,social,53,-0.26,0.612,50,0.018039482641252554,-13.780000000000001,2938
2026,loneliness,unframed_baseline,feel,50,-0.10133333333333334,0.5006666666666667,49,0.01701837985023826,-5.066666666666667,2938
2026,loneliness,unframed_baseline,reduce,42,-0.331,-0.552,42,0.014295439074200136,-13.902000000000001,2938
2026,loneliness,unframed_baseline,anxiety,36,0.73,-0.708,34,0.012253233492171545,26.28,2938
2026,loneliness,unframed_baseline,emotional,34,0.428,0.558,32,0.011572498298162015,14.552,2938
2026,loneliness,unframed_baseline,help,32,-0.058,0.346,29,0.010891763104152484,-1.856,2938
2026,loneliness,unframed_baseline,lead,31,0.31379999999999997,0.06260000000000002,30,0.01055139550714772,9.727799999999998,2938
2026,loneliness,unframed_baseline,sense,30,0.0835,0.281,30,0.010211027910142955,2.5050000000000003,2938
2026,loneliness,unframed_baseline,depression,27,0.04,-0.9379999999999998,26,0.009189925119128658,1.08,2938
2026,loneliness,unframed_baseline,stress,27,0.633,-0.691,25,0.009189925119128658,17.091,2938
2026,loneliness,unframed_baseline,experience,25,0.252,0.594,25,0.00850918992511913,6.3,2938
2026,loneliness,unframed_baseline,people,24,-0.15000000000000002,0.19800000000000004,24,0.008168822328114363,-3.6000000000000005,2938
2026,loneliness,unframed_baseline,connection,23,0.12,0.458,19,0.007828454731109599,2.76,2938
2026,loneliness,unframed_baseline,life,20,0.23000000000000004,0.836,18,0.0068073519400953025,4.6000000000000005,2938
2026,sadness,unframed_baseline,anger,66,0.634,-0.821,58,0.02830188679245283,41.844,2332
2026,sadness,unframed_baseline,anxiety,43,0.73,-0.708,42,0.01843910806174957,31.39,2332
2026,sadness,unframed_baseline,great,43,0.20733333333333331,0.7066666666666667,42,0.01843910806174957,8.915333333333333,2332
2026,sadness,unframed_baseline,feel,40,-0.10133333333333334,0.5006666666666667,37,0.017152658662092625,-4.053333333333334,2332
2026,sadness,unframed_baseline,deep,32,-0.4645,0.24,32,0.0137221269296741,-14.864,2332
2026,sadness,unframed_baseline,loss,31,0.134,-0.876,30,0.013293310463121783,4.154,2332
2026,sadness,unframed_baseline,persistent,29,0.334,0.292,25,0.012435677530017153,9.686,2332
2026,sadness,unframed_baseline,fear,28,0.48000000000000004,-0.7505,26,0.012006861063464836,13.440000000000001,2332
2026,sadness,unframed_baseline,joy,28,0.3785,0.9705,27,0.012006861063464836,10.598,2332
2026,sadness,unframed_baseline,express,24,0.246,0.52,22,0.010291595197255575,5.904,2332
2026,sadness,unframed_baseline,depression,23,0.04,-0.938,21,0.00986277873070326,0.92,2332
2026,sadness,unframed_baseline,frustration,23,0.46,-0.8799999999999999,22,0.00986277873070326,10.58,2332
2026,sadness,unframed_baseline,announce,22,0.4145,0.2415,22,0.009433962264150943,9.119,2332
2026,sadness,unframed_baseline,emotion,21,0.746,0.386,19,0.009005145797598629,15.666,2332
2026,sadness,unframed_baseline,regret,21,0.15333333333333335,-0.442,21,0.009005145797598629,3.22,2332
