lsc_year,published_year,source_year,analysis_unit,raw_form,matched_text,collapsed_raw_forms,collapsed_matched_texts,collapsed_match_count,acronym_expansion_collapsed,registered_domain,url,target_sentence,token_window_5,target_sentence_plus_adjacent
2014,2014,2019,ADHD,adhd,ADHD,adhd,ADHD,1,False,pearltrees.com,http://www.pearltrees.com/u/27992034-welcome-teaching-makes-sense,It is not intended to be a substitute for the care of a physician with expertise in ADHD and its comorbidities.,a physician with expertise in ADHD and its comorbidities. Never,"Help Advanced Search Children - CADDRA - Canadian ADHD Resource Alliance The information provided on this website is for informational purposes only and is not intended to be professional medical advice, diagnosis, treatment or care. It is not intended to be a substitute for the care of a physician with expertise in ADHD and its comorbidities. Never disregard professional medical advice or delay in seeking it because of something you have read on this website."
2014,2014,2015,ADHD,adhd,ADHD,adhd,ADHD,1,False,wkhs.com,http://www.wkhs.com/Heart/Education/News.aspx?chunkiid=903369,"The team did the same for 2,250 youngsters with ADHD and 5,600 without.","2,250 youngsters with ADHD and 5,600 without","In total, they looked at the antidepressant use of mothers of 1,400 children diagnosed with an autism spectrum disorder and 4,000 kids without the condition. The team did the same for 2,250 youngsters with ADHD and 5,600 without. Initial results suggested that taking antidepressants during pregnancy did increase the risk of both autism and ADHD in children."
2014,2014,2015,ADHD,adhd,ADHD,adhd,ADHD,1,False,mercola.com,http://articles.mercola.com/sites/articles/archive/2014/03/13/acetaminophen-pregnancy.aspx,"Over 50 percent of the women reported taking acetaminophen while pregnant, which was found to be linked to: - A 30 percent increased risk for ADHD in the child during the first seven years of life - 37 percent increased risk of being diagnosed with hyperkinetic disorder (HKD), a severe form of ADHD Behavioral effects appeared to be dose dependent.",", a severe form of ADHD Behavioral effects appeared to be","” The study included data from more than 64,000 mothers and children in the Danish National Birth Cohort. Over 50 percent of the women reported taking acetaminophen while pregnant, which was found to be linked to: - A 30 percent increased risk for ADHD in the child during the first seven years of life - 37 percent increased risk of being diagnosed with hyperkinetic disorder (HKD), a severe form of ADHD Behavioral effects appeared to be dose dependent. The more frequent the use of acetaminophen during pregnancy, the higher the offspring’s chances of being diagnosed with ADHD-related problems."
2015,2015,2015,ADHD,adhd,ADHD,adhd,ADHD,1,False,flinger.us,http://mrs.flinger.us/blog/entry/im_a_libertarian_not_an_asshole/P30/,"Read more Adult ADHD Apr 14, 2013 #Life#ADHD#Getting to know me#Working Mom I was counting the railroad tiles out the window when my facilitator read, “Is often prone to daydreaming…” Yes, I thought, my daughter does that!",".. Read more Adult ADHD Apr 14, 2013 #","How can you travel and leave your... Read more Adult ADHD Apr 14, 2013 #Life#ADHD#Getting to know me#Working Mom I was counting the railroad tiles out the window when my facilitator read, “Is often prone to daydreaming…” Yes, I thought, my daughter does that! I take a note to remember that frequent daydreaming is a sign of ADHD."
2015,2015,2017,ADHD,adhd,ADHD,adhd,ADHD,1,False,ds-hifi.ru,http://ds-hifi.ru/binary-options-indicator-v2-zopim.html,"In an effort to optimize outcome, comorbid disorders should be targeted for treatment along with the ADHD symptoms.",for treatment along with the ADHD symptoms. The integral over,"Print a message and quit o ptions script echo pYou have successfully registered (but not really). In an effort to optimize outcome, comorbid disorders should be targeted for treatment along with the ADHD symptoms. The integral over 01 (or over (3) in (C."
2015,2015,2015,ADHD,adhd,ADHD,adhd,ADHD,1,False,stanford.edu,http://lane.stanford.edu/biomed-resources/ebsubjectbrowse.html?m=Psychopharmacology,"- The Clinicians Guide to ADHD combines the useful diagnostic and treatment approaches advocated in different guidelines with insights from other sources, including recent literature reviews and web resources.",- The Clinicians Guide to ADHD combines the useful diagnostic and,"Clearly written, the text provides immediate access to new developments across the spectrum of drug testing, written by the leaders in the field""--Provided by publisher. - The Clinicians Guide to ADHD combines the useful diagnostic and treatment approaches advocated in different guidelines with insights from other sources, including recent literature reviews and web resources. The aim is to provide clinicians with clear, concise, and reliable advice on how to approach this complex disorder."
2016,2016,2016,ADHD,adhd,ADHD,adhd,ADHD,1,False,medilexicon.com,http://www.medilexicon.com/drugs/adderall_xr.php,"Adderall XR Company: Shire PharmaceuticalsApproval Status: Approved October 2001 Treatment for: Attention deficit/hyperactivity disorder (ADHD) Areas: Pediatrics; Psychiatry / Psychiatric Possible similar drugs: Adderall | General Information | Clinical Results | Side Effects | Mechanism of Action | Additional Information | General Information Adderall XR, an extended release formulation of Shire's previously approved ADHD treatment Adderall, has been approved for treatment of ADHD in children.","formulation of Shire's previously approved ADHD treatment Adderall, has been","Adderall XR Company: Shire PharmaceuticalsApproval Status: Approved October 2001 Treatment for: Attention deficit/hyperactivity disorder (ADHD) Areas: Pediatrics; Psychiatry / Psychiatric Possible similar drugs: Adderall | General Information | Clinical Results | Side Effects | Mechanism of Action | Additional Information | General Information Adderall XR, an extended release formulation of Shire's previously approved ADHD treatment Adderall, has been approved for treatment of ADHD in children. This once-daily capsule provides all day treatment with one morning dose, unlike most ADHD treatments that require a midday dose."
2016,2016,2019,ADHD,attention_deficit,Attention Deficit,adhd|attention_deficit,ADHD | Attention Deficit,2,True,knotsblogging.com,http://www.knotsblogging.com/2016/03/knots-landing-episode-021-of-344.html,The Fairgates find out that Michael suffers from ADHD (Attention Deficit Hyperactive Disorder).,Michael suffers from ADHD (Attention Deficit Hyperactive Disorder). Sid,Com):. The Fairgates find out that Michael suffers from ADHD (Attention Deficit Hyperactive Disorder). Sid hires Abby as the bookkeeper for Knots Landing Motors.
2016,2016,2016,ADHD,attention_deficit,attention deficit,adhd|attention_deficit,attention deficit | ADHD,2,True,therapyplayground.com,http://therapyplayground.com/,"We have experience working with a variety of individuals; diagnoses to include autism, attention deficit hyperactivity disorder (ADHD), cerebral palsy, hemiplegia, traumatic Our Physical Therapists will evaluate and treat gross motor coordinative disorders as well as equipment needs of children.","diagnoses to include autism, attention deficit hyperactivity disorder (ADHD)","Communication disorders we are able Our Occupational Therapists will evaluate and treat fine motor coordinative disorders as well as sensory integrative disorders of children. We have experience working with a variety of individuals; diagnoses to include autism, attention deficit hyperactivity disorder (ADHD), cerebral palsy, hemiplegia, traumatic Our Physical Therapists will evaluate and treat gross motor coordinative disorders as well as equipment needs of children. We have experience working with a variety of individuals; diagnoses to include autism, spina bifida, cerebral palsy, hemiplegia, traumatic brain injury, developmental delays, Pediatric Speech, Occupational, Physical, and Feeding Therapy Our mission is to provide speech, occupational, physical, feeding, and play-based therapy."
2017,2017,2023,ADHD,adhd,ADHD,adhd,ADHD,1,False,mommaaddict.com,https://www.mommaaddict.com/kids-are-more-than-what-they-eat/,"Eating daily processed foods did not give my kids autism, or diabetes or ADHD.","autism, or diabetes or ADHD. There are actually a","I am not recommending anyone do this, but no awful consequences happened to my kids. Eating daily processed foods did not give my kids autism, or diabetes or ADHD. There are actually a variety of other risk factors that lead people to breakdown foods, medications, vaccines in a different manner than the majority."
2017,2017,2018,ADHD,adhd,ADHD,adhd,ADHD,1,False,canadatkd.com,http://www.canadatkd.com/programs/bully-prevention-add-hdd/,Bully Prevention & ADD/ADHD Bully Prevention Do you want to be CONFIDENT that your child knows the RIGHT WAY to handle a Bully?,Bully Prevention & ADD/ADHD Bully Prevention Do you want,"Bully Prevention & ADD/ADHD Bully Prevention Do you want to be CONFIDENT that your child knows the RIGHT WAY to handle a Bully? Let’s face it, Bullying has become an EPIDEMIC!"
2017,2017,2017,ADHD,adhd,ADHD,adhd,ADHD,1,False,ridgeviewmedical.org,https://www.ridgeviewmedical.org/about-us/news/show-your-support-of-young-patients-of-ridgeview-specialty-clinic,"Your e-signature will brighten the lives of children who are faced with challenges such as autism, ADHD, depression, anxiety, sleep issues, learning disabilities and chronic illnesses.","challenges such as autism, ADHD, depression, anxiety,",") Step #2 - Make sure to sign the Hearts for Healing card—to be delivered to the clinic—at the link provided above. Your e-signature will brighten the lives of children who are faced with challenges such as autism, ADHD, depression, anxiety, sleep issues, learning disabilities and chronic illnesses. To make this an even sweeter gift, HeartMath is donating 25 of its new Inner Balance App and Sensors to the Ridgeview Specialty Clinic–Pediatric Integrative Medicine for the young patients and their families."
2018,2018,2018,ADHD,adhd,ADHD,adhd,ADHD,1,False,tunein.com,https://tunein.com/podcasts/Mental/Piece-of-Mind-Mental-Health-p1088905/,"In this episode, we're speaking to Zoe Piper, founder of ADHD Connections, about her experiences.","Zoe Piper, founder of ADHD Connections, about her experiences","Duration:00:30:06 Ep 3: Attention Deficit Hyperactivity Disorder (ADHD) 12/6/2017 More ADHD remains one of the most stigmatised mental health problems. In this episode, we're speaking to Zoe Piper, founder of ADHD Connections, about her experiences. We're also joined by Professor Anita Thapar, Director of the neurodevelopmental disorders research at Cardiff University's MRC Centre for Neuropsychiatric Genetics and Genomics, to discuss the latest research in this area."
2018,2018,2022,ADHD,adhd,ADHD,adhd,ADHD,1,False,meridiantilenetwork.com,https://www.meridiantilenetwork.com/CBD-gummies-amazon/CBD-gummies-in-fi7jdvfcFo-the-pouch/,CBD oil gummies for ADHD Who is clear about the future?,? CBD oil gummies for ADHD Who is clear about the,"Maybe it? CBD oil gummies for ADHD Who is clear about the future? Yes, the future is able to manage, at least now everything still has hopes After staring for a long time, sure After Fang did not CBD gummies in the pouch Matilda nodded slightly Okay, Mary, thank you."
2018,2018,2022,ADHD,adhd,ADHD,adhd,ADHD,1,False,joelcoaching.nl,https://www.joelcoaching.nl/portfolio/professional-coaching/,"The goal of ADHD coaching is to mitigate the effects of executive function deficit, which is a typical impairment for people with ADHD.",disorder. The goal of ADHD coaching is to mitigate the,"ADHD coaching is a specialized type of life coaching that uses specific techniques designed to assist individuals with attention-deficit hyperactivity disorder. The goal of ADHD coaching is to mitigate the effects of executive function deficit, which is a typical impairment for people with ADHD. Coaches work with clients to help them better manage time, organize, set goals and complete projects."
2019,2019,2019,ADHD,adhd,ADHD,adhd,ADHD,1,False,ilcusa.org,http://www.ilcusa.org/Chatsworth-CA-Tutors,I'd welcome the opportunity to help your ADD/ADHD student excel as well.,to help your ADD/ADHD student excel as well.,It requires a teacher with great patience who's able to redirect the student's attention to their studies and to teach them in a fun and engaging manner that won't make it seem like a chore. I'd welcome the opportunity to help your ADD/ADHD student excel as well. ...
2019,2019,2020,ADHD,adhd,ADHD,adhd,ADHD,1,False,50pluslivingshow.com,https://www.50pluslivingshow.com/liquid-nutritional-dietary-supplements.html,"Other specific dietary measures embody the elimination of food components for consideration deficit hyperactivity dysfunction (ADHD), gluten-free diets for schizophrenia, and dairy-free for persistent respiratory illnesses.","consideration deficit hyperactivity dysfunction (ADHD), gluten-free diets for","Bulgur comprises a metabolite referred to as betaine, which might tamp down unhealthy levels of irritation. Other specific dietary measures embody the elimination of food components for consideration deficit hyperactivity dysfunction (ADHD), gluten-free diets for schizophrenia, and dairy-free for persistent respiratory illnesses. Practical Nutrition Suggestions Analysis and improvement is the fashionable-day mantra for achievement and progress."
2019,2019,2020,ADHD,adhd,ADHD,adhd,ADHD,1,False,dailyherald.com,https://www.dailyherald.com/article/20190904/submitted/190909718/,"District 214 Community Education is offering a one-day class to help people with ADHD organize, optimize and take charge of their ADHD.","class to help people with ADHD organize, optimize and take","Sign up for 1-day class to help you organize if you have ADHD Getting organized can be a challenge for many people and those with Attention-Deficit/Hyperactivity Disorder or ADHD face additional challenges when it comes to organizing. District 214 Community Education is offering a one-day class to help people with ADHD organize, optimize and take charge of their ADHD. It will be held on Wednesday, Sept."
2020,2020,2021,ADHD,adhd,ADHD,adhd,ADHD,1,False,propublica.org,https://www.propublica.org/article/judge-wont-free-michigan-teenager-sent-to-juvenile-detention-after-not-doing-online-schoolwork?token=yIzUwxhFBlPUbcgl8aMwDk7gQ6AdqbgA,"Grace, who has ADHD and receives special education services, struggled with the transition to online learning and fell behind when Groves High School stopped in-person learning because of COVID-19.",". Grace, who has ADHD and receives special education services","She was placed on probation in mid-April and, among other requirements, was to complete her schoolwork. Grace, who has ADHD and receives special education services, struggled with the transition to online learning and fell behind when Groves High School stopped in-person learning because of COVID-19. Her probation officer filed a violation against her on May 5, two weeks into the probation."
2020,2020,2022,ADHD,adhd,ADHD,adhd,ADHD,1,False,dphoto.at,http://dphoto.at/productlist-Toys-Games-Party-Tableware/vbt-157533-Meri-Meri-Shiny-Red-Stripe-Small-Napkins/,Xc 1A with Bey Launcher LR & Grip Spinning Top Toy Yellow Left&Right Turning - Hansa Jack Rabbit Plush - Rainbow Pop Fidget Sensory Stress Toy Tiktop Push Bubbles Game Autism ADHD Special Needs Stress Reliever Silicone Squeeze Toy a Great Way to Relax and Keep Busy for Kids and Adults - Water Balloons Quick Refill Kits 2000pcs Water Bombs Balloons Bulk Fight Games Sports Summer Splash Fun for Kids & Adults - YoYoFactory Nine Dragons Yoyo Color Blue with Green Cap New Limited Release Meri Meri Shiny Red Stripe Small Napkins Ocean Wave Stylish Design Throw Pillow 18x18 Multicolor Smooth HQ Famous Classic Hokusai Art.,Tiktop Push Bubbles Game Autism ADHD Special Needs Stress Reliever Silicone,"Meri Meri Shiny Red Stripe Small Napkins - Petitcollin Doll Stand for 28cm Toy Ovente 3384 - Naruto Balloons Party Supplies,12 Inch Large Latex Balloons Balloons For Naruto Theme Birthday Party Decorations,Ideal for Kids Baby Shower Party Decorations Favors Pack of 48 - Bey Burst Starter Booster Hyperion GT B-159 Super King . Xc 1A with Bey Launcher LR & Grip Spinning Top Toy Yellow Left&Right Turning - Hansa Jack Rabbit Plush - Rainbow Pop Fidget Sensory Stress Toy Tiktop Push Bubbles Game Autism ADHD Special Needs Stress Reliever Silicone Squeeze Toy a Great Way to Relax and Keep Busy for Kids and Adults - Water Balloons Quick Refill Kits 2000pcs Water Bombs Balloons Bulk Fight Games Sports Summer Splash Fun for Kids & Adults - YoYoFactory Nine Dragons Yoyo Color Blue with Green Cap New Limited Release Meri Meri Shiny Red Stripe Small Napkins Ocean Wave Stylish Design Throw Pillow 18x18 Multicolor Smooth HQ Famous Classic Hokusai Art. Mini Educational Information Cards Set 60-Pack Assorted Learning Educational Pack Men & Women Creanoso Amazing Facts About Planet and Universe Learning Cards Teens Gift Set for Kids."
2020,2020,2021,ADHD,adhd,ADHD,adhd,ADHD,1,False,idaho-pic.org,https://idaho-pic.org/pearl-health-clinic/,"Presenting problems will vary, with ADHD, depression, anxiety, bipolar, and PTSD representing some of the more common diagnoses.","problems will vary, with ADHD, depression, anxiety,","The Internship Experience Internships at Pearl Health Clinic will provide the opportunity for practical experience in clinical interviewing, outpatient psychotherapy (individual, family, and group), neuropsychological and psychological testing with individuals 3 years of age and older. Presenting problems will vary, with ADHD, depression, anxiety, bipolar, and PTSD representing some of the more common diagnoses. While the majority of the rotation would be focused on developing competency as a generalist, due to the diversity of clinician interests and the population served, interns will have the opportunity to focus in specific services or presenting problem areas."
2021,2021,2025,ADHD,adhd,ADHD,adhd,ADHD,1,False,mthfrsupport.com.au,https://fertility.mthfrsupport.com.au/courtney-cox-finds-the-answers-to-her-fertility-problems/,"Untreated MTHFR variations have been shown to negatively affect - Sperm quality - Egg quality - Hormones - Immune function - IVF success rates It is also linked to adverse outcomes in the growing child including neural tube defects, cleft palate, and neurological conditions such as autism, and ADHD.","such as autism, and ADHD. In her facebook watch","Courtney Cox was the same. Untreated MTHFR variations have been shown to negatively affect - Sperm quality - Egg quality - Hormones - Immune function - IVF success rates It is also linked to adverse outcomes in the growing child including neural tube defects, cleft palate, and neurological conditions such as autism, and ADHD. In her facebook watch series 9 months Courtney says, ""About four years ago, I found out I have something called an MTHFR gene mutation, which dictates how my body methylates."
2021,2021,2023,ADHD,adhd,ADHD,adhd,ADHD,1,False,torchlight.care,https://www.torchlight.care/resource/blog-employee-caregiver-series/,"Additionally, the complexities of raising children have increased with the documented rise in ADHD and autism, screentime and social media fears, the opioid epidemic, rise of single parent and other diversely structured households and the essential requirement of dual incomes in households.","with the documented rise in ADHD and autism, screentime and","The aging US population coupled with people having children later over the past two decades has created the situation of “the sandwich generation”: individuals caring or preparing to care for their elderly relatives while still raising children. Additionally, the complexities of raising children have increased with the documented rise in ADHD and autism, screentime and social media fears, the opioid epidemic, rise of single parent and other diversely structured households and the essential requirement of dual incomes in households. Why is this important to a business?"
2021,2021,2021,ADHD,attention_deficit,Attention Deficit,adhd|attention_deficit,Attention Deficit | ADHD,2,True,quitlogix.org,https://univcincinnati.quitlogix.org/en-US/Just-Looking/Tobacco-User/Why-Get-Help/Populations-Burdened-By-Tobacco/Pregnant-Women-(1),"Children who were exposed to tobacco smoke during pregnancy are more likely to have learning problems and behavioral problems, such as Attention Deficit Hyperactivity Disorder (ADHD).","behavioral problems, such as Attention Deficit Hyperactivity Disorder (ADHD)","- Affects healthy child development. Children who were exposed to tobacco smoke during pregnancy are more likely to have learning problems and behavioral problems, such as Attention Deficit Hyperactivity Disorder (ADHD). What is the best way to quit?"
2022,2022,2024,ADHD,adhd,ADHD,adhd,ADHD,1,False,dylanmessaging.com,https://www.dylanmessaging.com/what-you-may-find-in-an-omaha-shopping-center/,"- Brain Performance Center If you or any of your loved ones have functional brain disorders like ADHD, anxiety, autism, depression, and fatigue, seek help from the professionals at a brain performance center.","have functional brain disorders like ADHD, anxiety, autism,","If you’re looking for a locally owned beading supply store in Omaha, NE, you might find one in a shopping center. - Brain Performance Center If you or any of your loved ones have functional brain disorders like ADHD, anxiety, autism, depression, and fatigue, seek help from the professionals at a brain performance center. They offer qEEG (Brain Mapping), neurofeedback, biofeedback, and counseling services."
2022,2022,2026,ADHD,adhd,ADHD,adhd,ADHD,1,False,recovered.org,https://recovered.org/stimulants/adderall-amphetamine-dextroamphetamine/adderall-crash,"These medications work differently from Adderall for treating symptoms of ADHD, and may work better for some individuals who are sensitive to the stimulant effects of Adderall.","Adderall for treating symptoms of ADHD, and may work better","Medical providers can help you taper off of Adderall safely or explore non-stimulant alternatives for ADHD treatment, such as atomoxetine, guanfacine, or bupropion. These medications work differently from Adderall for treating symptoms of ADHD, and may work better for some individuals who are sensitive to the stimulant effects of Adderall. [6]"
2022,2022,2023,ADHD,attention_deficit,Attention Deficit,adhd|attention_deficit,Attention Deficit | ADHD,2,True,think-psych.com,http://think-psych.com/child-psychologist-services/child-psychologist-counsellor/attention-deficit-hyperactivity-disorder-adhd/,"Attention Deficit Hyperactivity Disorder (ADHD) is a problem with (or combination of) inattentiveness, over-activity and impulsivity out of the normal range for that individual’s age and development.",Attention Deficit Hyperactivity Disorder (ADHD),"Attention Deficit Hyperactivity Disorder (ADHD) is a problem with (or combination of) inattentiveness, over-activity and impulsivity out of the normal range for that individual’s age and development. ADHD is considered the one of the most common behavioural disorders in children."
2023,2023,2023,ADHD,adhd,Adhd,adhd,Adhd,1,False,poppyandscooter.com,https://poppyandscooter.com/covert-non-detectable-plastic-knives-for-self-defense-2/,"Trend Language Log: Racial Abuse Not Cricket And Vice Versa Trend Does Topamax Work For Weight Reduction Topamax Trend Grand Sierra Resort & On Line Casino Rv Park, Reno Roadtrippers Trend How To Watch The 2021 World’s Strongest Man Competitors Trend Adhd Weight Reduction Story: How I Misplaced Eighty Pounds With Adderall Trend 6 Greatest Weight Reduction Dietary Supplements For Men Lean & Robust In 2022 Lifestyle The Weekender A Real Rooster Lovers Guide Tip N’ Tag Blog Trend The Most Effective Potato Salad Recipe Trend india body orders investigation whatsapp 4 Trend Jfq Lending Critiques: What’s It Prefer To Work At Jfq Lending?",s Strongest Man Competitors Trend Adhd Weight Reduction Story: How,"Trend interview fred vcstakahashiventurebeat 6 Trend Chama River Rv Park & Cooper’s El Vado Ranch The Unique 50% Discount Camping & Rv Club Trend Jathi Ratnalu Ott Launch Date And Time: When Is Jathi Ratnalu Movie Popping Out On Amazon Prime? Trend Language Log: Racial Abuse Not Cricket And Vice Versa Trend Does Topamax Work For Weight Reduction Topamax Trend Grand Sierra Resort & On Line Casino Rv Park, Reno Roadtrippers Trend How To Watch The 2021 World’s Strongest Man Competitors Trend Adhd Weight Reduction Story: How I Misplaced Eighty Pounds With Adderall Trend 6 Greatest Weight Reduction Dietary Supplements For Men Lean & Robust In 2022 Lifestyle The Weekender A Real Rooster Lovers Guide Tip N’ Tag Blog Trend The Most Effective Potato Salad Recipe Trend india body orders investigation whatsapp 4 Trend Jfq Lending Critiques: What’s It Prefer To Work At Jfq Lending? Trend Leek Soup That Will Help You Shed Pounds Diet Leek Soup Recipe The Old Farmer’s Almanac Trend Mma: The Top 25 Best Female Mma Fighters Of All Time Trend umd college park prepscholar 4 Trend Zaxbys Nutrition Info & Calories Dec 2022 Trend Secure Federal Credit Union Trend Anukoni Athidhi Latest Information In Telugu, Photos, Movies, Right Now Telugu News On Anukoni Athidhi Opinion Aretha Franklin Looks Fully Different After Dramatic Weight Loss Trend Cheers To Mediterranean Appetizers, Aperitifs, And Aperitivos Trend Keerthy Suresh And Nithiins Romantic Drama Rang De Gets Ott Launch Date Trend Genetic-testing Scam Targets Seniors And Rips Off Medicare Kaiser Well Being News Trend In Style Cable-stay Bridges Rise Across U S To Replace Crumbling Spans Trend Investing Basics Trend Subscribe To Read Mon"
2023,2023,2024,ADHD,adhd,ADHD,adhd,ADHD,1,False,wewantscience.com,https://wewantscience.com/neurodivergent-test-8/,"They can be characterized by conditions such as autism, ADHD, Tourette syndrome, Down syndrome, dyscalculia, and sensory disorders.","conditions such as autism, ADHD, Tourette syndrome, Down","Neurodivergent people have a variety of strengths and challenges. They can be characterized by conditions such as autism, ADHD, Tourette syndrome, Down syndrome, dyscalculia, and sensory disorders. It’s not a diagnosis People who identify as neurodivergent have differences in the way their brain works."
2023,2023,2025,ADHD,adhd,ADHD,adhd,ADHD,1,False,ceedtrading.com,https://www.ceedtrading.com/are-prop-trading-firms-legit/,"- Why Achievable Milestones Are Crucial for Traders with ADHD: A Guide to SuccessFutures Trading - 15 Powerful Mindfulness Practices to Boost Trading Focus and Emotional ControlFutures Trading - How ADHD Traders Can Thrive with Accountability, Milestones, and Mentorship in TradingFutures Trading - The Main Benefits of Copy Trading Multiple Accounts at Prop Trading FirmsFutures Trading - How Market Makers Use VPIN to Manage Inventory RiskDay Trading Futures Trading - Main Cause for Anxiety in Traders with ADHD: Ignoring Known Market MechanicsTrading Psychology - Create your own virtual trading floor assistant using audio alerts in Sierra ChartDay Trading Futures Trading - Understanding Risk Management: Introducing the Kelly Criterion Calculator for TradersFutures Trading - Digital Nomad Trader?",Are Crucial for Traders with ADHD: A Guide to SuccessFutures,"It plays an important role in providing liquidity to the financial markets and can be a viable career option for skilled traders. - Why Achievable Milestones Are Crucial for Traders with ADHD: A Guide to SuccessFutures Trading - 15 Powerful Mindfulness Practices to Boost Trading Focus and Emotional ControlFutures Trading - How ADHD Traders Can Thrive with Accountability, Milestones, and Mentorship in TradingFutures Trading - The Main Benefits of Copy Trading Multiple Accounts at Prop Trading FirmsFutures Trading - How Market Makers Use VPIN to Manage Inventory RiskDay Trading Futures Trading - Main Cause for Anxiety in Traders with ADHD: Ignoring Known Market MechanicsTrading Psychology - Create your own virtual trading floor assistant using audio alerts in Sierra ChartDay Trading Futures Trading - Understanding Risk Management: Introducing the Kelly Criterion Calculator for TradersFutures Trading - Digital Nomad Trader? Embracing Freedom by Traveling Around the World!"
2024,2024,2024,ADHD,adhd,ADHD,adhd,ADHD,1,False,lowtoxlife.com,https://www.lowtoxlife.com/show-375-its-menopauses-moment-a-new-conversation-about-midlife-with-lisa-mosconi-phd/,And something that I shared a year and a half ago now is that I had an ADHD diagnosis.,is that I had an ADHD diagnosis. And while that,"So fascinating. And something that I shared a year and a half ago now is that I had an ADHD diagnosis. And while that helped explain my entire life, my question became, why now?"
2024,2024,2024,ADHD,attention_deficit,attention deficit,attention_deficit,attention deficit,1,False,patsainc.org,https://patsainc.org/tourette-info/,CHAD- Children and Adults with attention deficit/hyperactivity disorder; http://www.,- Children and Adults with attention deficit/hyperactivity disorder; http,"For those individuals, it can be a long process but they may qualify for Social Security. CHAD- Children and Adults with attention deficit/hyperactivity disorder; http://www. chadd."
2024,2024,2024,ADHD,attention_deficit,Attention-Deficit,attention_deficit,Attention-Deficit,1,False,kathryngrantcounseling.com,https://www.kathryngrantcounseling.com/linksandresources,"Addiction and Recovery Alcoholics Anonymous Center for On-Line Addiction SAMHSA's Substance Abuse/Addiction SAMHSA's Treatment and Recovery Web of Addictions Anxiety Disorders Answers to Your Questions About Panic Disorder National Center for PTSD Obsessive-compulsive disorder (OCD), Mayo Clinic International OCD Foundation Calm Clinic Associations & Institutes American Academy of Child & Adolescent Psychiatry American Association for Marriage and Family Therapy American Counseling Association American Psychiatric Association American Psychological Association Association for Psychological Science Canadian Mental Health Association Center for Mental Health Services National Institute of Mental Health Mental Health America Substance Abuse and Mental Health Services Administration Attention-Deficit Hyperactivity Disorder ADDA - Attention Deficit Disorder Association Attention-Deficit Hyperactivity Disorder, NIMH Born to Explore: The Other Side of ADD/ADHD Child Abuse and Domestic Violence Childhelp USA® SAMHSA's Children and Families SAMHSA's Protection and Advocacy Questions and Answers about Memories of Childhood Abuse The National Domestic Violence Hotline Website Chronic Fatigue Chronic Fatigue Syndrome Depression Bipolar Disorder News - Pendulum.",and Mental Health Services Administration Attention-Deficit Hyperactivity Disorder ADDA - Attention,"Mental Health Links The following links are listed to provide you with additional online mental health care information and counseling resources. Addiction and Recovery Alcoholics Anonymous Center for On-Line Addiction SAMHSA's Substance Abuse/Addiction SAMHSA's Treatment and Recovery Web of Addictions Anxiety Disorders Answers to Your Questions About Panic Disorder National Center for PTSD Obsessive-compulsive disorder (OCD), Mayo Clinic International OCD Foundation Calm Clinic Associations & Institutes American Academy of Child & Adolescent Psychiatry American Association for Marriage and Family Therapy American Counseling Association American Psychiatric Association American Psychological Association Association for Psychological Science Canadian Mental Health Association Center for Mental Health Services National Institute of Mental Health Mental Health America Substance Abuse and Mental Health Services Administration Attention-Deficit Hyperactivity Disorder ADDA - Attention Deficit Disorder Association Attention-Deficit Hyperactivity Disorder, NIMH Born to Explore: The Other Side of ADD/ADHD Child Abuse and Domestic Violence Childhelp USA® SAMHSA's Children and Families SAMHSA's Protection and Advocacy Questions and Answers about Memories of Childhood Abuse The National Domestic Violence Hotline Website Chronic Fatigue Chronic Fatigue Syndrome Depression Bipolar Disorder News - Pendulum. org Depression and How Therapy Can Help Depression Screening Depression Test, Symptoms of Depression, Signs of Depression Developmental Disorders Asperger's Disorder NeuroWeb Yale Autism Program Diagnosis DSM-IV-TR: Diagnoses and Criteria Dissociation and Traumatic Stress Sidran Traumatic Stress Institute Eating Disorders Academy of Nutrition and Dietetics Something Fishy Journals & Magazines ADHD Report Anxiety, Stress and Coping Autism Childhood Contemporary Hypnosis Dementia Depression and Anxiety Drug and Alcohol Review Dyslexia Early Child Development and Care Eating Disorders Educational Assessment Journal of Gambling Studies Journal of Happiness Studies Journal of Mental Health and Aging Journal of Sex & Marital Therapy J"
2025,2025,2026,ADHD,adhd,ADHD,adhd,ADHD,1,False,dragonlighthouse.com,https://dragonlighthouse.com/vetted/best-antiprocrastination-timer-cubes/,"Ticktime Pomodoro Timer, Productivity Timer Cube, 3/5/10/15/25/30 Min Presets, Custom Countdown & Stopwatch 1s–99m59s, Sound/Vibration/Silent, Magnetic, Rechargeable, for ADHD Study Work, Gray Stay Focused with Pomodoro Technique: Master your time and boost productivity with preset Pomodoro cycles: focus for 25...","Magnetic, Rechargeable, for ADHD Study Work, Gray Stay","- Lacks included instructions, which may require users to watch online videos for guidance. Ticktime Pomodoro Timer, Productivity Timer Cube, 3/5/10/15/25/30 Min Presets, Custom Countdown & Stopwatch 1s–99m59s, Sound/Vibration/Silent, Magnetic, Rechargeable, for ADHD Study Work, Gray Stay Focused with Pomodoro Technique: Master your time and boost productivity with preset Pomodoro cycles: focus for 25... As an affiliate, we earn on qualifying purchases."
2025,2025,2026,ADHD,adhd,ADHD,adhd,ADHD,1,False,aaps-uk.org,https://aaps-uk.org/post/Visibility-for-professionals,"Helping the Helpers: Why Being Visible Matters When Supporting Parents of Autistic & ADHD Children Helping the Helpers: Why Being Visible Matters When Supporting Parents of Autistic & ADHD Children If you work with or provide services and products to families raising autistic and/or ADHD children, you’re already doing important work.",Supporting Parents of Autistic & ADHD Children Helping the Helpers:,"Helping the Helpers: Why Being Visible Matters When Supporting Parents of Autistic & ADHD Children Helping the Helpers: Why Being Visible Matters When Supporting Parents of Autistic & ADHD Children If you work with or provide services and products to families raising autistic and/or ADHD children, you’re already doing important work. But are the people who need you actually able to find you?"
2025,2025,2026,ADHD,adhd,ADHD,adhd,ADHD,1,False,insightfulpsychiatry.com,https://insightfulpsychiatry.com/mental-health-nurse-practitioner-services-new-york/,"This results in highly accessible, collaborative care often featuring longer appointments for conditions like Depression, ADHD, and Bipolar Disorder in New York.","for conditions like Depression, ADHD, and Bipolar Disorder in","The PMHNP approach uniquely blends medical expertise with a holistic, patient-centered nursing philosophy, focusing on the whole person by integrating physical health, lifestyle, and patient education into the treatment plan. This results in highly accessible, collaborative care often featuring longer appointments for conditions like Depression, ADHD, and Bipolar Disorder in New York. When seeking mental health care in New York, you have choices."
2026,2026,2026,ADHD,adhd,ADHD,adhd,ADHD,1,False,wynnsfamilypsychology.com,https://www.wynnsfamilypsychology.com/Our-Staff/WFP-Psychologist,"Wynns has extensive experience in conducting Psychoeducational Testing, Academic Testing, and Psychological Evaluations, to include child assessments for Autism Testing, Aspergers Testing, ASD Autistic Spectrum Disorder Testing, PDD Pervasive Developmental Disorder Testing, Attention Deficit Hyperactivity Disorder Testing, ADHD Testing, ADD Testing, AG Testing, Kids Intelligent Quotient I Q Testing, Achievement Testing, Kindergarten Readiness Testing, LD Testing, and Dyslexia Testing.","Deficit Hyperactivity Disorder Testing, ADHD Testing, ADD Testing,","Child and Kid Testing in Cary North Carolina Dr. Wynns has extensive experience in conducting Psychoeducational Testing, Academic Testing, and Psychological Evaluations, to include child assessments for Autism Testing, Aspergers Testing, ASD Autistic Spectrum Disorder Testing, PDD Pervasive Developmental Disorder Testing, Attention Deficit Hyperactivity Disorder Testing, ADHD Testing, ADD Testing, AG Testing, Kids Intelligent Quotient I Q Testing, Achievement Testing, Kindergarten Readiness Testing, LD Testing, and Dyslexia Testing. Teen and Child Therapist, Cary & Raleigh North Carolina Dr."
2026,2026,2026,ADHD,adhd,ADHD,adhd,ADHD,1,False,uts.edu.au,https://www.uts.edu.au/for-students/current-students/managing-your-course/graduation/speakers-and-speeches/2014/ms-margaret-cunneen-sc,"Here, where there’s a system of police warnings, cautions and move-on directions, the presumption of bail, highly proficient legal aid, and access to legal advice offered automatically by custody managers in police stations, lenient penalties, great difficulty imposing any form of custody on juveniles, officials at all levels kindly disposed to see crime as the inevitable product of an unfortunate childhood, economic disadvantage, ADHD, depression or some other subjective factor.","childhood, economic disadvantage, ADHD, depression or some other","What most of these people were doing, I’d suggest, was acting as they do here. Here, where there’s a system of police warnings, cautions and move-on directions, the presumption of bail, highly proficient legal aid, and access to legal advice offered automatically by custody managers in police stations, lenient penalties, great difficulty imposing any form of custody on juveniles, officials at all levels kindly disposed to see crime as the inevitable product of an unfortunate childhood, economic disadvantage, ADHD, depression or some other subjective factor. The New South Wales criminal justice system has become very civilised."
2026,2026,2026,ADHD,attention_deficit,Attention-deficit,adhd|attention_deficit,Attention-deficit | ADHD,2,True,ascension.org,https://healthcare.ascension.org/es/locations/florida/flpen/sfch/departments-and-services/departments/adolescent-medicine,"Specialized care for teens and young adults - Acne - Amenorrhea (missing period) - Attention-deficit/hyperactivity disorder (ADHD) - Anxiety and depression - Asthma - Chronic fatigue syndrome - Eating disorders, including bulimia, anorexia and avoidant restrictive food intake disorder - Family concerns - Gynecologic conditions - Menstrual disorders - Nutrition and weight concerns - Polycystic ovarian syndrome (PCOS) - Respiratory infections - Sexually transmitted infections (STIs) - Sports injuries - Substance abuse - Urinary tract infection (UTI) - Vaginitis (inflammation in the vagina) - Weight concerns Our care team is also experienced in working with children with specialized needs, such as children with autism, cerebral palsy and genetic conditions.",(missing period) - Attention-deficit/hyperactivity disorder (ADHD,"And we coordinate your child’s care with their referring pediatrician or other provider. Specialized care for teens and young adults - Acne - Amenorrhea (missing period) - Attention-deficit/hyperactivity disorder (ADHD) - Anxiety and depression - Asthma - Chronic fatigue syndrome - Eating disorders, including bulimia, anorexia and avoidant restrictive food intake disorder - Family concerns - Gynecologic conditions - Menstrual disorders - Nutrition and weight concerns - Polycystic ovarian syndrome (PCOS) - Respiratory infections - Sexually transmitted infections (STIs) - Sports injuries - Substance abuse - Urinary tract infection (UTI) - Vaginitis (inflammation in the vagina) - Weight concerns Our care team is also experienced in working with children with specialized needs, such as children with autism, cerebral palsy and genetic conditions."
2014,2014,2016,Autism,autism,Autism,autism,Autism,1,False,sonoma.edu,http://www.sonoma.edu/newscenter/2014/07/sonoma-state-universitys-straight-arrows-july-11-2014-press-democrat.html,"This summer, the United Cerebral Palsy Association and the Cypress School of Autism and Behavioral Services presented their own honors to the program because of the efforts of countless SSU students and some faculty members dedicated to assisting these children and their families.",and the Cypress School of Autism and Behavioral Services presented their,"ceremony in the city council chambers. This summer, the United Cerebral Palsy Association and the Cypress School of Autism and Behavioral Services presented their own honors to the program because of the efforts of countless SSU students and some faculty members dedicated to assisting these children and their families. The CATS program, developed in 2005 by psychology professor Lorna Catford, blends the academics and classroom work that psychology students complete at SSU with the hands-on training and service-learning experience those students need in future career settings."
2014,2014,2014,Autism,autism,Autism,autism,Autism,1,False,miami.edu,http://www.brainbank.med.miami.edu/,Advances in molecular genetics and pathology make it possible for researchers to identify causes and cures for brain disorders such as: - Parkinson’s Disease - ALS and Related Movement Disorders - Autism - Down Syndrome - Schizophrenia and Bipolar Disordes - Alcohol and Other Drug Dependencies - Traumatic Brain Injury and Combat-related PTSD - Major Depression and Other Neurological and Psychiatric Conditions,and Related Movement Disorders - Autism - Down Syndrome - Schizophrenia,"We are dedicated to supporting basic and clinical researchers, who study causes of brain disorders and the effects of aging. Advances in molecular genetics and pathology make it possible for researchers to identify causes and cures for brain disorders such as: - Parkinson’s Disease - ALS and Related Movement Disorders - Autism - Down Syndrome - Schizophrenia and Bipolar Disordes - Alcohol and Other Drug Dependencies - Traumatic Brain Injury and Combat-related PTSD - Major Depression and Other Neurological and Psychiatric Conditions"
2014,2014,2019,Autism,autism,Autism,autism,Autism,1,False,2ndbn5thmarines.com,http://2ndbn5thmarines.com/phpBB3/viewtopic.php?f=7&t=1060,TRICARE Delays Changes in Autism Services TRICARE has delayed until April a 46-percent reduction in the reimbursement level for some autism services while it awaits the results of an independent assessment of the prevailing rate for the services.,. TRICARE Delays Changes in Autism Services TRICARE has delayed until,com Upcoming Job Fairs page. TRICARE Delays Changes in Autism Services TRICARE has delayed until April a 46-percent reduction in the reimbursement level for some autism services while it awaits the results of an independent assessment of the prevailing rate for the services. The reduced reimbursement rate -- for one-on-one therapy with a board-certified behavior analyst for those with autism spectrum disorder -- was one of several program changes scheduled to go into effect Oct.
2015,2015,2024,Autism,autism,autism,autism,autism,1,False,wellcast.org,https://wellcast.org/measles-vaccine-a-controversial-choice/,"This was especially the case in the 1990’s when the now discredited reports by Andrew Wakefield linked measles, mumps and rubella (MMR) vaccines with autism.",(MMR) vaccines with autism. Both parties have solid,"On the other side we have those that are concerned about serious side effects and what the vaccines can do to an immature immune system. This was especially the case in the 1990’s when the now discredited reports by Andrew Wakefield linked measles, mumps and rubella (MMR) vaccines with autism. Both parties have solid differences and feel very strongly about their position."
2015,2015,2023,Autism,autism,autism,autism,autism,1,False,saba-news.com,http://archive.saba-news.com/2015/04/02/national-autism-awareness-month/,"On March 9, Hassell introduced her ideas to the children of Sacred Heart School by giving a brief lecture about autism in each class.",giving a brief lecture about autism in each class. Questions,"This is the first time that Autism Awareness Month is organised on Saba. On March 9, Hassell introduced her ideas to the children of Sacred Heart School by giving a brief lecture about autism in each class. Questions were asked and answered, stories were read and games were played, all with the idea of creating some form of awareness about autism."
2015,2015,2015,Autism,autism_spectrum,Autism Spectrum,autism_spectrum,Autism Spectrum,1,False,maine.edu,http://usm.maine.edu/muskie/cutler/taryn-bowe,"Taryn Bowe Publications Resources Adults with Intellectual Disabilities or Autism Spectrum Disorder: Population and Service Use Trends in Maine 2014 Chartbook Adults with Intellectual Disability or Autism Spectrum Disorder: Population and Service Use Trends in Maine, 2014 Edition provides a detailed look at the historical trends and current utilization and cost of institutional and community based services for adults with intellectual disability or autism spectrum disorder.",Adults with Intellectual Disabilities or Autism Spectrum Disorder: Population and Service,"Taryn Bowe Publications Resources Adults with Intellectual Disabilities or Autism Spectrum Disorder: Population and Service Use Trends in Maine 2014 Chartbook Adults with Intellectual Disability or Autism Spectrum Disorder: Population and Service Use Trends in Maine, 2014 Edition provides a detailed look at the historical trends and current utilization and cost of institutional and community based services for adults with intellectual disability or autism spectrum disorder. Learn MoreDementia in Maine As the oldest state in the nation, Maine faces the impending impact of Alzheimer’s disease on its social systems, community resources, and its health and long term care systems."
2016,2016,2025,Autism,autism,autism,autism,autism,1,False,philbekellett.co.uk,https://www.philbekellett.co.uk/about-me,"I also work with neurodivergent clients, including those with autism and ADHD, providing a space that is accepting and accommodating of different ways of thinking, processing, and communicating.","clients, including those with autism and ADHD, providing a","I have an understanding of PTSD, dissociation, and the impact of these experiences on daily life. I also work with neurodivergent clients, including those with autism and ADHD, providing a space that is accepting and accommodating of different ways of thinking, processing, and communicating. My aim is to create a supportive, non-judgmental environment where you can feel truly heard and understood."
2016,2016,2016,Autism,autism,autism,autism,autism,1,False,ifapray.org,http://www.ifapray.org/blog/?tag=the-foundation-for-individual-rights-in-education,"In particular, he told Ars that he’s most excited to use the mini-brains to study autism and has already made mini-brains from cells from a person with Down Syndrome.",use the mini-brains to study autism and has already made mini-brains,"There are countless possibilities of how these brains could help research, Hartung said. In particular, he told Ars that he’s most excited to use the mini-brains to study autism and has already made mini-brains from cells from a person with Down Syndrome. He’s also hopeful that the brains will be useful for pharmaceutical companies testing potential new drugs—offering a more realistic model for how drugs work in people without the need to use animals."
2016,2016,2018,Autism,autistic,Autistic,autistic,Autistic,1,False,bps.org.uk,http://thepsychologist.bps.org.uk/what-should-we-be-aware-world-autism-awareness-day,"The world needs to adjust so that people with autism or ASD (Autistic Spectrum Disorder – a term that is often contested by activists) can fit in, rather than trying to manage or cure autism.",with autism or ASD (Autistic Spectrum Disorder – a term,"Some Aspies say that autism isn’t a condition, and definitely not a disorder – those terms were invented by neurotypicals to medicalise and pathologise our difference and uniqueness. The world needs to adjust so that people with autism or ASD (Autistic Spectrum Disorder – a term that is often contested by activists) can fit in, rather than trying to manage or cure autism. This is essentially the Social Model of Disability in action."
2017,2017,2023,Autism,autism,autism,autism,autism,1,False,stthomassource.com,https://stthomassource.com/content/2017/04/16/ellas-hope-walkrun-raises-funds-and-awareness-of-rare-syndrome/,"Ella was first diagnosed with autism at 18 months old, but Shaine Gaspard said that finding out his daughter has Rett syndrome is what really kick-started his goal to shine a light on the condition.","Ella was first diagnosed with autism at 18 months old,","Thomas ferry terminal along the waterfront in Charlotte Amalie. Ella was first diagnosed with autism at 18 months old, but Shaine Gaspard said that finding out his daughter has Rett syndrome is what really kick-started his goal to shine a light on the condition. “This has really helped our family come together to turn this into something positive,” Shaine Gaspard said, adding that his teenage daughter, Alex, was also involved in setting up the race."
2017,2017,2022,Autism,autism,autism,autism,autism,1,False,racked.com,https://www.racked.com/2017/9/20/16334578/autism-awareness-t-shirt-facebook-ads,"If you so much as mention autism on social media, your feeds will suddenly be inundated with suggested content and ads somehow related to the neurodevelopmental disorder.","you so much as mention autism on social media, your","You can also see what we’re up to by signing up here. If you so much as mention autism on social media, your feeds will suddenly be inundated with suggested content and ads somehow related to the neurodevelopmental disorder. Twitter will recommend accounts run by allistic (non-autistic) experts and the parents of autistic children."
2017,2017,2021,Autism,autism_spectrum,autism spectrum,autism_spectrum,autism spectrum,1,False,bestcounselingdegrees.net,https://www.bestcounselingdegrees.net/colleges/misericordia-university/,The autism spectrum disorders certificate helps you gain a better understanding of these disorders and how you can work with patients of all ages suffering from similar conditions.,autism spectrum disorders. The autism spectrum disorders certificate helps you gain,Two of the certificate programs you may find interesting include one in addictions counseling and one in autism spectrum disorders. The autism spectrum disorders certificate helps you gain a better understanding of these disorders and how you can work with patients of all ages suffering from similar conditions. Those who want to work with substance abusers can either get a certificate or minor in addictions counseling.
2018,2018,2018,Autism,autism,autism,autism,autism,1,False,emedtv.com,http://bipolar-disorder.emedtv.com/risperidone/risperidone-dosing.html,"The dosing guidelines for treating irritability due to autism will vary based on weight and age, among other factors.",for treating irritability due to autism will vary based on weight,"For the treatment of bipolar disorder, the recommended starting dose is 2 mg to 3 mg once daily. The dosing guidelines for treating irritability due to autism will vary based on weight and age, among other factors. An Introduction to Risperidone Dosing The dose of risperidone (Risperdal®) your healthcare provider recommends will vary depending on a number of factors, including:- Your age and weight - The medical condition being treated - Other medical conditions you may have - Other medications you may currently be taking."
2018,2018,2022,Autism,autism_spectrum,Autism Spectrum,autism_spectrum,Autism Spectrum,1,False,fragrancejewelryandgirlstuffonlinemarketing.com,http://www.fragrancejewelryandgirlstuffonlinemarketing.com/2018/04/change-ending.html,Two of my children have Autism Spectrum Disorders.,Two of my children have Autism Spectrum Disorders. Some of my,I also have seven grandchildren and one on the way. Two of my children have Autism Spectrum Disorders. Some of my grandchildren have disabilities.
2018,2018,2019,Autism,autism_spectrum,Autism Spectrum,autism_spectrum,Autism Spectrum,1,False,prasadainhome.com,https://www.prasadainhome.com/behavioral-health-services-meet-our-staff,"Patricia provides therapeutic and behavioral intervention services to children and adolescents diagnosed with depression and mood disorders, adjustment disorders, anxiety disorders, and those diagnosed with Autism Spectrum Disorder and other developmental delays.",", and those diagnosed with Autism Spectrum Disorder and other developmental delays","Patricia also practices Person-Centered and Family Systems therapies due to beliefs centered around the family being an integral part in the treatment plan and overall progress of the youth. Patricia provides therapeutic and behavioral intervention services to children and adolescents diagnosed with depression and mood disorders, adjustment disorders, anxiety disorders, and those diagnosed with Autism Spectrum Disorder and other developmental delays. She has also provided parent training and support services as well as family therapy for families undergoing post-trauma, substance and/or alcohol usage and abuse."
2019,2019,2019,Autism,asd_disambiguated,ASD,asd_disambiguated,ASD,1,False,crescentcounsellingservice.com,https://crescentcounsellingservice.com/,Adult/Individual ASD/Autism/Asperger's Syndrome Learning Differences Young People,changes. Adult/Individual ASD/Autism/Asperger's Syndrome,"I work alongside my client empowering, encouraging and supporting them to make positive changes. Adult/Individual ASD/Autism/Asperger's Syndrome Learning Differences Young People"
2019,2019,2022,Autism,autism,autism,autism,autism,1,False,autismhomeschoolsuccess.com,https://www.autismhomeschoolsuccess.com/single-post/2019/07/26/using-3d-modeling-to-teach-language-and-communication-skills,"If your child or student enjoys using the computer and is a good visual-spatial thinker (which many students with autism are), they may really enjoy 3D modeling.","(which many students with autism are), they may","Why use 3D modeling for teaching language and communication? If your child or student enjoys using the computer and is a good visual-spatial thinker (which many students with autism are), they may really enjoy 3D modeling. One of the best reasons to teach skills using programs like TinkerCAD is that they can be very fun and motivating for the student."
2019,2019,2026,Autism,autism,Autism,autism,Autism,1,False,affectautism.com,https://affectautism.com/2019/01/21/devt-of-self-reg/,"You can also subscribe on your preferred podcast app by searching, “We chose play from Affect Autism” Amanda Binns has worked with the Developmental, Individual differences, Relationship-based (DIR®) model for a number of years now and was one of the speech-language pathologists in the study at York University that gained Floortime so much attention in Canada in 2012.",We chose play from Affect Autism” Amanda Binns has worked,"Stuart Shanker’s Self-Reg process. You can also subscribe on your preferred podcast app by searching, “We chose play from Affect Autism” Amanda Binns has worked with the Developmental, Individual differences, Relationship-based (DIR®) model for a number of years now and was one of the speech-language pathologists in the study at York University that gained Floortime so much attention in Canada in 2012. Her latest co-authored publication aims to bring a framework to speech-language pathologists (SLPs) to not only understand self-regulation, but to provide strategies that allow them to incorporate self-regulation into their work."
2020,2020,2021,Autism,autism,Autism,autism,Autism,1,False,cascaidr.org.uk,https://www.cascaidr.org.uk/2020/04/03/you-are-a-bit-like-that-palliative-care-consultant/,The Autism Act 2009 required the government to produce statutory guidance for NHS and local authorities on working with autistic […] Upheld 02/10/2019 What happened Miss A had been compulsorily sectioned for a mental health condition and received free aftercare under S117 Mental Health Act from the Council for a placement in a care home.,behaviour and communication. The Autism Act 2009 required the government,"Regulations were passed on 31st March […] Statutory guidance states that local authorities must ensure that all frontline staff have general autism awareness so staff can identify potential signs of autism, understand how to make reasonable adjustments in their behaviour and communication. The Autism Act 2009 required the government to produce statutory guidance for NHS and local authorities on working with autistic […] Upheld 02/10/2019 What happened Miss A had been compulsorily sectioned for a mental health condition and received free aftercare under S117 Mental Health Act from the Council for a placement in a care home. In 2015, the care home closed and Miss A then moved to supported accommodation for people with mental health conditions."
2020,2020,2021,Autism,autism,autism,autism,autism,1,False,dekalbpeds.com,https://dekalbpeds.com/services/immunizations/,Ari Brown discusses facts about autism and vaccines Our typical vaccine schedule is outlined below.,Ari Brown discusses facts about autism and vaccines Our typical vaccine,of Philadelphia - Clear Answers about Shots by Dr. Ari Brown discusses facts about autism and vaccines Our typical vaccine schedule is outlined below. A more detailed version tailored to our practice is also available.
2020,2020,2025,Autism,autism,autism,autism,autism,1,False,maximumrocknroll.com,https://www.maximumrocknroll.com/column/teaching-resistance-446/,"I have students who ride horses, draw, play ukulele, students with autism and 4.","play ukulele, students with autism and 4.0s,","They are young, old, gay, straight, fluid, French, Korean, Chinese, Filipino American, Latinx, multi-racial, white, well off, and not so well off. I have students who ride horses, draw, play ukulele, students with autism and 4. 0s, and students about to transfer to Cal State East Bay, and USC."
2021,2021,2022,Autism,autism,autism,autism,autism,1,False,greenville.k12.sc.us,https://greenville.k12.sc.us/News/main.asp?titleid=2104golf,"Alyssa Massey, Blue Ridge High School Understanding autism and other cognitive disorders is fascinating to Alyssa Massey as she has a brother with autism.",she has a brother with autism. She is eager to,"He is the son of Brana Myers, Director of Enoree Career Center. Alyssa Massey, Blue Ridge High School Understanding autism and other cognitive disorders is fascinating to Alyssa Massey as she has a brother with autism. She is eager to begin her own research into these medical conditions when she begins her studies in the Honors College at the University of South Carolina."
2021,2021,2022,Autism,autism,autism,autism,autism,1,False,chapman.edu,https://digitalcommons.chapman.edu/engineering_articles/93/,"The goal of this research is to study if children with autism understand the use of interactive sonification during motor therapeutic interventions, its potential impact of interactive sonification in the development of motor skills in children with autism, and the feasibility of using it in specialized schools for children with autism.","motor skills in children with autism, and the feasibility of","Little research has shown the use of interactive sonification in supporting motor therapeutic interventions for children with autism who exhibit motor impairments. The goal of this research is to study if children with autism understand the use of interactive sonification during motor therapeutic interventions, its potential impact of interactive sonification in the development of motor skills in children with autism, and the feasibility of using it in specialized schools for children with autism. We conducted two deployment studies in Mexico using Go-with-the-Flow, a framework to sonify movements previously developed for chronic pain rehabilitation."
2021,2021,2024,Autism,autism,autism,autism,autism,1,False,fmschools.org,https://www.fmschools.org/dinneen-to-retire-board-appoints-replacement/,"Visual Immersion System uses visual supports—such as videos, photographs and pictures, along with technology such as iPads—to enhance and expand the language and communication skills of students with autism.",communication skills of students with autism. At the high school,"Dinneen and the district’s special education staff worked closely with Howard Shane, a Harvard Medical School associate professor and director of the Center of Communication Enhancement at Boston’s Children’s Hospital, to bring Visual Immersion System to the district’s elementary level. Visual Immersion System uses visual supports—such as videos, photographs and pictures, along with technology such as iPads—to enhance and expand the language and communication skills of students with autism. At the high school level, she led the development of a 15:1 program that provides special education students access to general education in order to achieve a local diploma in addition to a comprehensive work study component."
2022,2022,2023,Autism,autism,Autism,autism,Autism,1,False,buildinghopeforautism.org,https://www.buildinghopeforautism.org/golf-tournament,"Acerca de Join Us At Our Golf Tournament With Special Guest Christian Okoye, Former Kansas City Chief Join us for the Building Hope Golf Classic, benefitting Building Hope for Autism, located here in Kansas City.",", benefitting Building Hope for Autism, located here in Kansas","Acerca de Join Us At Our Golf Tournament With Special Guest Christian Okoye, Former Kansas City Chief Join us for the Building Hope Golf Classic, benefitting Building Hope for Autism, located here in Kansas City. We will open the day up with a British Open watch party, for those that want to join us in the morning!"
2022,2022,2022,Autism,autism,autism,autism,autism,1,False,picturehouses.com,https://www.picturehouses.com/cinema/8/accessibility,"Autism-Friendly Screenings are screenings which create an environment that is welcoming for people with a range of conditions such as autism, learning disabilities and cognitive disorders.","range of conditions such as autism, learning disabilities and cognitive","There is an alarm cord inside should you need to summon a member of staff. Autism-Friendly Screenings are screenings which create an environment that is welcoming for people with a range of conditions such as autism, learning disabilities and cognitive disorders. Sound levels are turned down, the lights are left on at a low level and there are no trailers or adverts at the beginning of the film."
2022,2022,2024,Autism,autism,Autism,autism,Autism,1,False,jacanaschoolforautism.vic.edu.au,https://www.jacanaschoolforautism.vic.edu.au/,"Jacana School for Autism fosters resilience and independence, enabling students to be engaged participants in community life.","Jacana School for Autism fosters resilience and independence,","Jacana School for Autism fosters resilience and independence, enabling students to be engaged participants in community life. On behalf of all the staff we welcome you to explore our website."
2023,2023,2026,Autism,autism,autism,autism,autism,1,False,fox26houston.com,https://www.fox26houston.com/news/parents-louisiana-woman-melted-into-couch-re-indicted-second-degree-murder-charge,"According to the report, the physician said that Lacey had been diagnosed with autism, and that he had suggested that her parents contact the coroner to make her go to the doctor.","Lacey had been diagnosed with autism, and that he had","The sheriff’s office report states that a doctor of psychology who treated Lacey as a teenager told the coroner he had last seen her for treatment in 2002, but he spoke to her parents on the phone in 2010. According to the report, the physician said that Lacey had been diagnosed with autism, and that he had suggested that her parents contact the coroner to make her go to the doctor. According to the sheriff’s office report, Sheila said that the one time the topic of calling the coroner came up, Lacey didn’t want to do that."
2023,2023,2023,Autism,autism,Autism,autism,Autism,1,False,helpamericansinc.com,https://helpamericansinc.com/,Please join our family and become an American VIP Donate Today Tammy Stewart has spent 20 years teaching special needs students with an emphasis on Autism.,students with an emphasis on Autism. Tammy is a true,will hire a full time Grant Writer who will obtain Federal and State Grants to assist in providing the financial resources for the Veterans. Please join our family and become an American VIP Donate Today Tammy Stewart has spent 20 years teaching special needs students with an emphasis on Autism. Tammy is a true giver and we are proud to have her serving on the Board of Directors as our Director of Education for the people taking the Lender approved Class for our Down Payment Assistance Program.
2023,2023,2026,Autism,autistic,autistic,autistic,autistic,1,False,abacentersnj.com,https://www.abacentersnj.com/blog/is-there-an-autism-cure-debunking-myths/,"Masking can involve: - Imitating non-autistic behaviors, such as making eye contact - Mimicking facial expressions - Suppressing stimming (self-stimulatory behaviors) While some individuals may use masking as a coping mechanism to navigate social situations, it is essential to recognize that masking comes at a cost.","can involve: - Imitating non-autistic behaviors, such as making","Myth #4: Masking Autism Symptoms is Beneficial – “Masking” refers to the phenomenon where individuals with ASD suppress or hide their natural behaviors and characteristics to fit into social norms and expectations. Masking can involve: - Imitating non-autistic behaviors, such as making eye contact - Mimicking facial expressions - Suppressing stimming (self-stimulatory behaviors) While some individuals may use masking as a coping mechanism to navigate social situations, it is essential to recognize that masking comes at a cost. Prolonged masking can lead to burnout, mental health challenges, and loss of authenticity."
2024,2024,2024,Autism,autism,Autism,autism,Autism,1,False,ecowas.int,https://www.ecowas.int/cbdhdhso/cbd-gummies-for-anxiety-price/,How Many Milligrams Of Cbd Oil For Autism ?,Milligrams Of Cbd Oil For Autism ? hempfusion cbd gummies reviews,"Black robe, and there was a feeling that she couldn t move she stared blankly . How Many Milligrams Of Cbd Oil For Autism ? hempfusion cbd gummies reviews Cbd Gummy Effects Cbd Gummies With Thc cbd gummies for anxiety price ECOWAS."
2024,2024,2024,Autism,autism,Autism,autism,Autism,1,False,ihasco.co.uk,https://www.ihasco.co.uk/?keywords=Fire+Safety,Industry news World Autism Awareness Day Industry news How do neurodiverse colleagues enrich your business?,sessions! Industry news World Autism Awareness Day Industry news How,We’ve delivered 20 million training sessions! Industry news World Autism Awareness Day Industry news How do neurodiverse colleagues enrich your business? Industry news Upcoming changes to EDI legislation Industry news
2024,2024,2025,Autism,autistic,autistic,autistic,autistic,1,False,tvshowsfinder.com,https://tvshowsfinder.com/spoilers/the-good-doctor-season-7-episode-9-review-unconditional/,"The shortened final season has rushed several storylines because of lack of time — we still don’t know if Steve is autistic, either, and that story didn’t have enough time to develop.","t know if Steve is autistic, either, and that","This might have been the end of her story. The shortened final season has rushed several storylines because of lack of time — we still don’t know if Steve is autistic, either, and that story didn’t have enough time to develop. There’s also not enough time to find out whether Glassman’s prognosis is correct or develop Claire’s renewed relationship with Jared (assuming she survives whatever made her collapse."
2025,2025,2025,Autism,autism,Autism,autism,Autism,1,False,yzbay.com,https://yzbay.com/en/games/4x4-monster-truck-driving-3d,'s Obsession With Autism Is A 'Dangerous' Form Of Ableism.,.'s Obsession With Autism Is A 'Dangerous',"opioid settlement - I Like That Doctor Who's Newest Season Is Very 'Timey-Wimey,' But I'm Concerned It's Going To Repeat A Past Mistake From The Show - ‘Propaganda’: Albanese mocks Russia’s ‘you have no cards’ warning to Australia - Minnesota girl, 8, overcomes odds thanks to this minimally invasive medical device - RFK Jr. 's Obsession With Autism Is A 'Dangerous' Form Of Ableism. Here's Why."
2025,2025,2025,Autism,autism,Autism,autism,Autism,1,False,ubc.ca,https://varicarta.msl.ubc.ca/documentation;jsessionid=4B187B1D6989BDE84209BCB78210C281,Autism Res.,"P, Rogic S. Autism Res. 2019 Dec;",""" (2019) Belmadani M, Jacobson M, Holmes N, Phan M, Nguyen T, Pavlidis P, Rogic S. Autism Res. 2019 Dec;12(12):1728-1736."
2025,2025,2025,Autism,autism,Autism,autism,Autism,1,False,kmm100.com,https://kmm100.com/en/games/halloween-pizzeria,"- Cincinnati, Northern Kentucky high school sports scores, April 7-April 13 - WNBA Draft winners and losers: Wings hit big with Paige Bueckers, Sedona Prince surprisingly goes undrafted - Jax Taylor Supports Son Living With Him Forever After Autism Diagnosis - Perspective: The U.",Living With Him Forever After Autism Diagnosis - Perspective: The,"com - UK property prices surge to new record high - 10+ Family Secrets That Could Trend on Google - Joanne Sharkey who suffocated her baby told husband 'I f****** did it’ - Subscribers petition NCC, FCCPC over rapid data depletion - Wordle today: Answer, hints for April 10, 2025 - Economic and well-being gaps between Ireland and Northern Ireland are 'widening' - Yeo Yann Yann breaks bad in Netflix action thriller Havoc - Top 8 food delivery apps in Nigeria by user rating as of March 2025 - Dear Abby: Does my best friend really believe rumor that I'm having an affair? - Cincinnati, Northern Kentucky high school sports scores, April 7-April 13 - WNBA Draft winners and losers: Wings hit big with Paige Bueckers, Sedona Prince surprisingly goes undrafted - Jax Taylor Supports Son Living With Him Forever After Autism Diagnosis - Perspective: The U. K."
2026,2026,2026,Autism,autism,autism,autism,autism,1,False,healthreportequatorialguinea.com,https://www.healthreportequatorialguinea.com/article/820763454-rose-hill-life-sciences-to-spotlight-leading-research-partners-at-psychedelic-science-2025,"Her cross-species studies, including with octopuses, illuminate how these compounds may radically reshape our approach to treating conditions like PTSD, autism, and stroke.","treating conditions like PTSD, autism, and stroke. Dr","Gül Dölen, MD, PhD—Professor and Bob & Renee Parsons Endowed Chair in Neuroscience and Psychology at UC Berkeley, and Adjunct Professor at Johns Hopkins School of Medicine—shares her groundbreaking research on how psychedelic compounds can reopen “critical periods” of brain plasticity. Her cross-species studies, including with octopuses, illuminate how these compounds may radically reshape our approach to treating conditions like PTSD, autism, and stroke. Dr."
2026,2026,2026,Autism,autism,autism,autism,autism,1,False,muni.cz,https://www.phil.muni.cz/en/research/publishing-and-editorial-activities-of-the-faculty/overview-of-publishing-and-scientific-activities/1161868,"Go to main content | Go to main menu | Go to search Čeština Fenomén sebepoškozování očima dětí staršího školního věku Title in English Perception of the self-harm phenomenon by early adolescents Authors BUREŠOVÁ Iva KUKAŇOVÁ Markéta BARTOŠOVÁ Kateřina Year of publication 2013 Type Appeared in Conference without Proceedings MU Faculty or unit Faculty of Arts Citation Description Psychologists have long associated self-harm exclusively with personality disorders, autism, mental retardation, or suicidal attempts.","exclusively with personality disorders, autism, mental retardation, or","Go to main content | Go to main menu | Go to search Čeština Fenomén sebepoškozování očima dětí staršího školního věku Title in English Perception of the self-harm phenomenon by early adolescents Authors BUREŠOVÁ Iva KUKAŇOVÁ Markéta BARTOŠOVÁ Kateřina Year of publication 2013 Type Appeared in Conference without Proceedings MU Faculty or unit Faculty of Arts Citation Description Psychologists have long associated self-harm exclusively with personality disorders, autism, mental retardation, or suicidal attempts. More recently, however, research in other countries (e."
2026,2026,2026,Autism,autism_spectrum,Autism Spectrum,autism_spectrum,Autism Spectrum,1,False,vumc.org,https://vkc.vumc.org/vkc/services/family/,"Autism Services Services for people with Autism Spectrum Disorders and their families, as well as professionals who work with Autism Spectrum Disorders, are offered through the Vanderbilt Kennedy Center Treatment and Research Institute for Autism Spectrum Disorders.","as professionals who work with Autism Spectrum Disorders, are offered through","Arts and Disabilities Quarterly exhibits of art by children and adults with disabilities or mental health disorders. Autism Services Services for people with Autism Spectrum Disorders and their families, as well as professionals who work with Autism Spectrum Disorders, are offered through the Vanderbilt Kennedy Center Treatment and Research Institute for Autism Spectrum Disorders. BASICS [Login required] This online course is designed to give parents and caregivers some of the BASICS (Basics of Advocating Special education In your Child's School) of advocacy."
2014,2014,2018,frustration,frustration,frustration,frustration,frustration,1,False,fox13now.com,http://fox13now.com/2014/06/26/graphic-dog-owner-posts-video-of-talk-with-officers-after-dog-killed/,"The story is building, and I think the frustration is building.",", and I think the frustration is building."" FOX","""The story's building. The story is building, and I think the frustration is building. "" FOX 13 News has made multiple attempts to get more details on the officer's side of the story."
2014,2014,2018,frustration,frustration,frustration,frustration,frustration,1,False,rstn.com,http://www.rstn.com/tr/solutions/enterprise-content-management/,We also understand the frustration of users and managers who cannot locate the information they need.,. We also understand the frustration of users and managers who,"RSTN understands the challenges that go along with the ever-expanding volume of paper and electronic content being generated by your company. We also understand the frustration of users and managers who cannot locate the information they need. Paper and document-intensive processes can be time-consuming, costly and most important, impact your bottom-line."
2014,2014,2018,frustration,frustration,Frustration,frustration,Frustration,1,False,thesimpledollar.com,https://www.thesimpledollar.com/the-emotional-effects-of-debt/,Anger and Frustration Debt is hard to accept regardless of our own personal journey into the red.,your debt. Anger and Frustration Debt is hard to accept,"So splurging on a new pair of shoes, an electronic device, or a dinner with friends — which ordinarily would increase your levels of happiness — is actually replaced by more stress because of your debt. Anger and Frustration Debt is hard to accept regardless of our own personal journey into the red. However, it can be especially frustrating and infuriating when it was somewhat beyond your control."
2015,2015,2015,frustration,frustration,frustration,frustration,frustration,1,False,getedfunding.com,http://getedfunding.com/c/aboutus.web?nocache@1+s@eOFGKvsxIng.2,"In an effort to save educators time and frustration, a minimum requirement of inclusion in the collection is the willingness to accept Letters of Inquiry and unsolicited applications.","to save educators time and frustration, a minimum requirement of","Although thousands of generous corporate contributors, foundations and other organizations recognize the need to support education, not all of them are included in this resource. In an effort to save educators time and frustration, a minimum requirement of inclusion in the collection is the willingness to accept Letters of Inquiry and unsolicited applications. GetEdFunding is current."
2015,2015,2015,frustration,frustration,frustration,frustration,frustration,1,False,mynorthwest.com,http://mynorthwest.com/959/2466161/You-Like-Me?nid=959&pid=1&on=,"When you see Seattle drivers committing one of these offenses, it's hard, but try to keep that frustration from bubbling up inside you.",but try to keep that frustration from bubbling up inside you,"But sometimes it's difficult. When you see Seattle drivers committing one of these offenses, it's hard, but try to keep that frustration from bubbling up inside you. - 10 Mariners uniforms ranked from classic to what were they thinking The Seattle Mariners have their wardrobe staples, and their throwbacks, but sometimes they put on a uniform and we think, ""what were they thinking?!"
2015,2015,2016,frustration,frustration,frustration,frustration,frustration,1,False,ldonline.org,http://www.ldonline.org/silver/c661/,""" It now results in tears, frustration, and her thinking she is stupid and hating school.","now results in tears, frustration, and her thinking she","I work a lot with her and try to help her understand things, but she never seems to quite ""get it. "" It now results in tears, frustration, and her thinking she is stupid and hating school. With the huge amount of work we do at home she has managed to be passing her classes, but I don't know that she is really learning."
2016,2016,2018,frustration,frustration,frustration,frustration,frustration,1,False,jamianagartimes.com,http://www.jamianagartimes.com/lionel-messi-come-retirement-love-argentina/,"He had earlier retired following Argentina’s Copa America final loss to Chile Buenos Aires: Lionel Messi will return to play for the Argentine national team for “love” of his country, despite earlier vowing to retire in frustration, he said on Friday.","earlier vowing to retire in frustration, he said on Friday","Lionel Messi will return to play for the Argentine national team for “love” of his country. He had earlier retired following Argentina’s Copa America final loss to Chile Buenos Aires: Lionel Messi will return to play for the Argentine national team for “love” of his country, despite earlier vowing to retire in frustration, he said on Friday. [ads2] The 29-year-old Barcelona superstar abruptly announced his international retirement in tears after Argentina lost the Copa America final to Chile on June 26."
2016,2016,2020,frustration,frustration,frustration,frustration,frustration,1,False,mikallpc.com,http://mikallpc.com/interactive-therapy/,"⦁ Understanding the nuances of social cues and expectations in a group ⦁ Practicing focusing and keeping attention and concentration ⦁ Being assertive and/or knowing when to accept trends in a group setting ⦁ Management of emotions including frustration, anxiety, sadness, boredom, and anger Interactive therapy is an important mode that I use often with kids and adults alike.","⦁ Management of emotions including frustration, anxiety, sadness,","There are several aspects of interactive therapy that are helpful for people with behavior or social skills challenges such as: ⦁ Engaging in an activity with the purpose of practicing how to make decisions based on options available. ⦁ Understanding the nuances of social cues and expectations in a group ⦁ Practicing focusing and keeping attention and concentration ⦁ Being assertive and/or knowing when to accept trends in a group setting ⦁ Management of emotions including frustration, anxiety, sadness, boredom, and anger Interactive therapy is an important mode that I use often with kids and adults alike. One of the greatest challenges to overcome in therapy is that most of your problems, issues, and pressures take place exclusively outside of the office."
2016,2016,2020,frustration,frustration,frustration,frustration,frustration,1,False,prospect.org,https://prospect.org/power/heights-privilege/,"As hard as property tax reform is, it is too big a source of inequity-and of frustration with government-for progressives to ignore.",a source of inequity-and of frustration with government-for progressives to ignore,"Without a land value tax or similar mechanism, re-zonings for high-density commercial or residential uses simply put billions of dollars into the pockets of big developers in cities while transportation systems and other public needs are starved for resources. As hard as property tax reform is, it is too big a source of inequity-and of frustration with government-for progressives to ignore. Less-regressive property taxes would help make real progress in the effort to reduce the racial and class inequalities in urban America."
2017,2017,2020,frustration,frustration,frustration,frustration,frustration,1,False,consultaruc.xyz,http://consultaruc.xyz/theyre-your-rules-break-them/,"Maintain a sense of powerlessness and frustration long enough, and you might haemorrhage top talent.","a sense of powerlessness and frustration long enough, and you","Feelings of disempowerment are strong incentives to leave. Maintain a sense of powerlessness and frustration long enough, and you might haemorrhage top talent. In a rules-based culture, the highly obedient, low-initiative workers stay; the frustrated innovators and high-initiative workers leave."
2017,2017,2025,frustration,frustration,frustration,frustration,frustration,1,False,creativedivorce.com,https://www.creativedivorce.com/divorce-with-love/,And it’s our frustration over not getting our needs met that causes us to form judgments about those who appear to stand in our way through their seemingly unreasonable actions.,And it’s our frustration over not getting our needs,"But when we’re not even aware of what we need, we have no language to ask for what’s wanted. And it’s our frustration over not getting our needs met that causes us to form judgments about those who appear to stand in our way through their seemingly unreasonable actions. Stumbling Toward Conflict Here’s an example: Let’s say my teenage son returns home from college at the end of the fall semester, walks into the house and goes straight to the kitchen without acknowledging my presence as I relax in the den."
2017,2017,2017,frustration,frustration,frustration,frustration,frustration,1,False,eweek.com,http://www.eweek.com/mobile/when-wireless-is-powerless,"However, as I could not complete a call to my voicemail, I watched in frustration as the number of concerned voicemail messages continued to rise.","voicemail, I watched in frustration as the number of concerned","For hours after the blackout began, I was able to maintain contact with friends on the West Coast on my T-Mobile Sidekick. However, as I could not complete a call to my voicemail, I watched in frustration as the number of concerned voicemail messages continued to rise. Even the Sidekicks data features didnt withstand the long walk home."
2018,2018,2018,frustration,frustration,frustration,frustration,frustration,1,False,healthinsurancereviews.com,http://healthinsurancereviews.com/TRICARE-Health-Insurance-Review.html,The peace of having TRICARE Prime instead of TRICARE Standard for our family is that knowing no matter where we go there is a military installation that we can take our kids to get medical care without the worry or frustration of having to fill out lots of paperwork.,care without the worry or frustration of having to fill out,"You don't have to get referrals to see a specialist from TRICARE but the specialist may require you to see another doctor before they take time to see you. The peace of having TRICARE Prime instead of TRICARE Standard for our family is that knowing no matter where we go there is a military installation that we can take our kids to get medical care without the worry or frustration of having to fill out lots of paperwork. They already have all of our information in the computer system and any x-rays, or tests needed at that time can be done and covered."
2018,2018,2019,frustration,frustration,frustration,frustration,frustration,1,False,ellenrohr.com,https://ellenrohr.com/2018/08/06/life-un-leashed-mind-body-business/,’ I understand the frustration and fear.,"!’ I understand the frustration and fear. However,","’ and ‘We called for fresh ice 5 minutes ago! ’ I understand the frustration and fear. However, so often the patient is someone who has neglected their health in the most basic ways for years, maybe decades."
2018,2018,2023,frustration,frustration,frustration,frustration,frustration,1,False,atlanticconstructionmaine.com,https://www.atlanticconstructionmaine.com/,"Rushing and impatience only creates frustration, while exhausting everyone.","Rushing and impatience only creates frustration, while exhausting everyone.","Patience and expectations need to be managed along with adequate time allowances for the builder to complete his tasks. Rushing and impatience only creates frustration, while exhausting everyone. We believe Atlantic Construction delivers a quality product, well beyond their cost per square foot."
2019,2019,2024,frustration,frustration,frustration,frustration,frustration,1,False,uberant.com,https://uberant.com/article/556129-where-exactly-can-i-get-trustworthy-300-465-questions-for-exam/,"100% Passing Guaranteed: Since 300-465 Cisco Certified Network Professional Cloud includes a huge frustration quality; we could make certain that by using CertificationGenie preparatory compound you will discover it easy in order to gain Designing the Cisco Cloud, Cisco 300-465 questions.",Professional Cloud includes a huge frustration quality; we could make,"It helps you to investigation for written content that is definitely important to pass the Designing the Cisco Cloud certification and does away with any tips that past the programs. 100% Passing Guaranteed: Since 300-465 Cisco Certified Network Professional Cloud includes a huge frustration quality; we could make certain that by using CertificationGenie preparatory compound you will discover it easy in order to gain Designing the Cisco Cloud, Cisco 300-465 questions. With the mock test, it is easy to practice on examinations that are exactly like this particular Designing the Cisco Cloud."
2019,2019,2021,frustration,frustration,frustration,frustration,frustration,1,False,akararitim.com,https://www.akararitim.com/painless-romance-tale-secrets-clarified/,"These kinds romance tale of attitudes and actions invalidate her emotions, creating more frustration, hurt and anger in her, making things even worse for her… and for you.","her emotions, creating more frustration, hurt and anger in","Making an attempt to coax her, fix her, smother her with love, and attempting to convince her that you’ve had an awakening, or that she is mistaken about you and the marriage and how she feels will solely serve to push her additional away from you. These kinds romance tale of attitudes and actions invalidate her emotions, creating more frustration, hurt and anger in her, making things even worse for her… and for you. If you try to logically persuade her to really feel and do one thing different from what she is presently feeling and doing you’ll continue to push her even further away, decreasing any risk of saving your marriage and rising the probability of ultimately dropping her."
2019,2019,2024,frustration,frustration,frustration,frustration,frustration,1,False,deployyourself.com,https://www.deployyourself.com/book-review/the-power-of-showing-up-daniel-siegel-tina-payne-bryson/,"This can be done by communicating calmly with them, even in times of frustration.",", even in times of frustration. Simple breathing exercises to","However, it is imperative that parents avoid aggressive behavior in any form towards children. This can be done by communicating calmly with them, even in times of frustration. Simple breathing exercises to calm down when angry, or even apologizing to children when parents display anger and aggression can go a long way."
2020,2020,2021,frustration,frustration,frustration,frustration,frustration,1,False,naturalhealthcourses.com,https://naturalhealthcourses.com/2020/07/dream-interpretations-a-beginners-guide/,The frustration and anxiety that comes with this incapability to be heard is considered the true theme of such a dream.,are failing me. The frustration and anxiety that comes with,"MUTE One of my own most common dreams, all featuring different scenarios, is trying to speak out, or perhaps even scream, and finding that sounds are failing me. The frustration and anxiety that comes with this incapability to be heard is considered the true theme of such a dream. Perhaps, if you look at recent, or ongoing, experiences and find that a relationship you are in causes you to feel unseen or unheard; your family or partner don’t listen to you, for example, and you may be screaming on the inside but your thoughts, feelings or words are not being absorbed by others."
2020,2020,2026,frustration,frustration,frustration,frustration,frustration,1,False,kpbs.org,https://www.kpbs.org/news/2020/05/03/californias-coronavirus-testing-still-a,""" In Mendocino County, situated along California's rugged North Coast, officials expressed similar frustration.","Coast, officials expressed similar frustration. In late April,","""We are interested in equity, though, and in my view, we need some horizontal coverage instead of just lots of numbers. "" In Mendocino County, situated along California's rugged North Coast, officials expressed similar frustration. In late April, a health center on the Round Valley Indian Reservation got a rapid test machine made by Abbott Laboratories, distributed via the Indian Health Service."
2020,2020,2023,frustration,frustration,frustration,frustration,frustration,1,False,dopely.top,https://colors.dopely.top/color-mixer/BB160A-50-bb6e0a-50,"We can diversify our work by mixing colors: - Using a solid color in a work, such as painting or drawing, often causes frustration and eye strain.","or drawing, often causes frustration and eye strain. But","1. We can diversify our work by mixing colors: - Using a solid color in a work, such as painting or drawing, often causes frustration and eye strain. But despite the color mixing, there is variety, so that even if you use different tones of the same color, the volume of this frustration will be less."
2021,2021,2021,frustration,frustration,frustration,frustration,frustration,1,False,sportsnet.ca,https://www.sportsnet.ca/soccer/article/mls-says-burkle-backs-owning-sacramento-expansion-team/,"""We understand the feelings of anger, disappointment and frustration — we share in those deeply.","of anger, disappointment and frustration — we share in those","The current Sacramento Republic, founded in December 2012, plays in the second-tier United Soccer League Championship. ""We understand the feelings of anger, disappointment and frustration — we share in those deeply. Today's announcement is not a reflection of the fans, Sacramento or this club,'' the team said in a statement."
2021,2021,2023,frustration,frustration,frustration,frustration,frustration,1,False,chicagofilmfestival.com,https://www.chicagofilmfestival.com/film-venue/virtual-streaming/page/6/,"Star Happy Salma is a revelation as Nana, a dignified woman concealing her pain and frustration behind a mask of calm serenity.",woman concealing her pain and frustration behind a mask of calm,"Together, the pair set out to discover a new sort of freedom and intimacy beyond the confines of a smothering patriarchal society. Star Happy Salma is a revelation as Nana, a dignified woman concealing her pain and frustration behind a mask of calm serenity. With a memorable score, distinctive camerawork, and expressive color palette Kamila Andini’s film has earned comparisons to Wong Kar-Wai’s In the Mood for Love, but the feminist period drama has a dreamy, rapturous quality all its own."
2021,2021,2023,frustration,frustration,frustration,frustration,frustration,1,False,gotks.com,https://www.gotks.com/industries/multi-property-security/,Get a system that eliminates that frustration and lives up to your expectations.,a system that eliminates that frustration and lives up to your,"Reduce Interuptions You don’t need the intruption of running from site-to-site to review the safety needs of your business. Get a system that eliminates that frustration and lives up to your expectations. Solutions That Grow With You You deserve a reliable service that exceeds for your needs, scales with your business, and eliminates the frustration of traditional one-size-fits-all security companies."
2022,2022,2022,frustration,frustration,frustration,frustration,frustration,1,False,qilareviews.com,https://qilareviews.com/best-2018-kitchen-gadgets/,"The outcome would be, the majority of buyers experience shopping frustration, make easy and quick decisions or make the “nochoice” option, choosing to defer a purchase decision.","majority of buyers experience shopping frustration, make easy and quick","The real fact is, today’s consumers or buyers have challenges to choose Best 2018 Kitchen Gadgets from seemingly many choices and models, leaving them with a maybe a bad decision making or even a frustration. The outcome would be, the majority of buyers experience shopping frustration, make easy and quick decisions or make the “nochoice” option, choosing to defer a purchase decision. As buyrs decide to purchase Best 2018 Kitchen Gadgets, it becomes an real issue to them, shoppers are searching solutions to help them, choose and decide for the perfect Best 2018 Kitchen Gadgets product to purchase."
2022,2022,2026,frustration,frustration,frustration,frustration,frustration,1,False,ringcentral.com,https://www.ringcentral.com/us/en/blog/ways-to-use-chatbots-strategically-in-your-contact-center/,Leading them down a path that does not give them what they’re working for ends in frustration.,"re working for ends in frustration. Odds are, they","Customers expect to have their questions answered or problems resolved the first time they make contact. Leading them down a path that does not give them what they’re working for ends in frustration. Odds are, they’ll hang up, only to call back again."
2022,2022,2025,frustration,frustration,frustration,frustration,frustration,1,False,dailyappleclinic.com,https://www.dailyappleclinic.com/post/making-the-best-of-a-tough-situation,"During these last couple of years of various isolation requirements, we were just inundated by changing levels of uncertainty, fear, anxiety and frustration.",", fear, anxiety and frustration. I think most all","We then agreed that some of our outdoor opportunities have changed a bit now as the snow is accumulating on the mountains, but things are definitely looking up. During these last couple of years of various isolation requirements, we were just inundated by changing levels of uncertainty, fear, anxiety and frustration. I think most all of us experienced similar emotions to some degree."
2023,2023,2024,frustration,frustration,frustration,frustration,frustration,1,False,butterfieldbuildersllc.com,https://www.butterfieldbuildersllc.com/commercial-projects-start-to-finish/,This causes frustration due to all the juggling of schedules and coordination and makes it complicated to stay on track.,to finish. This causes frustration due to all the juggling,"For large, commercial projects, many business owners end up needing to hire several different companies to take their job from planning to construction to finish. This causes frustration due to all the juggling of schedules and coordination and makes it complicated to stay on track. That is not the case with Butterfield Builders."
2023,2023,2024,frustration,frustration,frustration,frustration,frustration,1,False,manaferra.com,https://www.manaferra.com/lead-generation-strategies-higher-education/,"Thus, they aid in reducing frustration, providing personalized communication, and improving user experience.",", they aid in reducing frustration, providing personalized communication,","These chatbots help ease your workload—they are programmed to help all website visitors be redirected to the area they are interested in and obtain answers to their questions. Thus, they aid in reducing frustration, providing personalized communication, and improving user experience. Depending on the exact strategy you want to follow, you can implement various chatbots, such as lead qualification chatbots, booking chatbots, and conversational chatbots."
2023,2023,2026,frustration,frustration,frustration,frustration,frustration,1,False,llcbill.com,https://llcbill.com/district-of-columbia-llc/,Here are four items that will evoke emotion in our audience when it comes to ongoing compliance: - The fear of losing their LLC status due to non-compliance; - The frustration of dealing with confusing paperwork and regulations; - The feeling of being overwhelmed by all the different requirements they need to meet; and - The sense of relief that comes with knowing they have a trusted advisor on their side who can help them stay on track.,to non-compliance; - The frustration of dealing with confusing paperwork,"Additionally, you should consider hiring a professional accountant or attorney who can help you navigate the complex world of corporate compliance. Here are four items that will evoke emotion in our audience when it comes to ongoing compliance: - The fear of losing their LLC status due to non-compliance; - The frustration of dealing with confusing paperwork and regulations; - The feeling of being overwhelmed by all the different requirements they need to meet; and - The sense of relief that comes with knowing they have a trusted advisor on their side who can help them stay on track. By addressing these emotions, we can encourage our audience to take ongoing compliance seriously and seek out expert guidance when needed."
2024,2024,2024,frustration,frustration,frustration,frustration,frustration,1,False,pcrisk.com,https://blog.pcrisk.com/mac/13885-cant-take-screenshots-on-mac-here-are-7-quick-fixes,"When this feature stops working, it can disrupt your workflow and cause frustration.","disrupt your workflow and cause frustration. Fortunately, there are","Screenshots are incredibly useful for saving important information, sharing screen content, and troubleshooting issues. When this feature stops working, it can disrupt your workflow and cause frustration. Fortunately, there are several steps you can take to resolve this problem."
2024,2024,2024,frustration,frustration,frustration,frustration,frustration,1,False,templarcashforhouses.com,https://www.templarcashforhouses.com/we-buy-houses-in-morris-new-jersey/,We’re Ready To Give You A Fair Offer For Your House Stop the frustration of your unwanted property.,For Your House Stop the frustration of your unwanted property.,"Check Out How Our Process Works. We’re Ready To Give You A Fair Offer For Your House Stop the frustration of your unwanted property. Let us buy your house now, regardless of condition."
2024,2024,2024,frustration,frustration,frustration,frustration,frustration,1,False,quinte-fr.net,https://quinte-fr.net/enhance-your-sexual-performance-with-durex-prolong-unlocking-the-secrets-to-extended-pleasure/,"This can lead to feelings of frustration, dissatisfaction, and even strain on relationships.","can lead to feelings of frustration, dissatisfaction, and even","Understanding the Need for Sexual Performance Enhancement In today's fast-paced world, many individuals experience stress, fatigue, and other factors that can affect their sexual performance. This can lead to feelings of frustration, dissatisfaction, and even strain on relationships. It is essential to recognize that the need for sexual performance enhancement is a common concern among both men and women."
2025,2025,2025,frustration,frustration,Frustration,frustration,Frustration,1,False,myclientshare.com,https://www.myclientshare.com/blog/author/tom-oconnell,"Download our research whitepaper, 'The QBR Frustration' We interviewed 100 senior leaders of B2B enterprises across the Logistics, FM, Contract Catering, IT, RPO and BPO sectors from the UK and US.","whitepaper, 'The QBR Frustration' We interviewed 100 senior","Explore our QBR Hub: Your home for expert content on how to build the best client Quarterly Business Reviews, sell more, boost operational control, empower staff and give customers the experience they really deserve. Download our research whitepaper, 'The QBR Frustration' We interviewed 100 senior leaders of B2B enterprises across the Logistics, FM, Contract Catering, IT, RPO and BPO sectors from the UK and US. The research reveals the failures of today's QBRs and highlights the urgent need for better business conversations."
2025,2025,2026,frustration,frustration,frustration,frustration,frustration,1,False,massageloungepro.com,https://massageloungepro.com/vetted/best-hot-toys-2025-for-7-year-old-boys/,"Lastly, opt for toys that offer quick setup and straightforward operation, which prevents frustration and encourages longer, more engaging play sessions.","straightforward operation, which prevents frustration and encourages longer, more","Make sure the controls are appropriately sized and responsive, so maneuvering feels smooth and precise. Lastly, opt for toys that offer quick setup and straightforward operation, which prevents frustration and encourages longer, more engaging play sessions. Ease of use truly enhances the fun and imagination that these toys inspire."
2025,2025,2026,frustration,frustration,frustration,frustration,frustration,1,False,wisdomcircle.com,https://wisdomcircle.com/interim-executive-role-guide/,Shadow authority slows progress and creates frustration.,authority slows progress and creates frustration. - Keep communication simple,"- Protect decision rights If an interim is invited to lead, ensure they can decide. Shadow authority slows progress and creates frustration. - Keep communication simple Use one source of truth and publish weekly updates that include status, risks, and decisions."
2026,2026,2026,frustration,frustration,Frustration,frustration,Frustration,1,False,promptly.cloud,https://promptly.cloud/optimizing-your-tech-stack-a-guide-to-avoid-overcomplication,"2 Consequences: Efficiency Loss and Team Frustration An overly complex tech stack undermines the very goals organizations seek: efficiency, scalability, and reliable delivery.",: Efficiency Loss and Team Frustration An overly complex tech stack,"1. 2 Consequences: Efficiency Loss and Team Frustration An overly complex tech stack undermines the very goals organizations seek: efficiency, scalability, and reliable delivery. Teams waste hours reconciling inconsistent data or reengineering prompt templates reinvented by different groups."
2026,2026,2026,frustration,frustration,frustration,frustration,frustration,1,False,ohiobids.us,https://ohiobids.us/dog-training-academy-for-better-behavior-in-phoenix/,"Conclusion A dog training academy can provide the structure, repetition, and real-life focus needed to turn daily frustration into steady progress.",focus needed to turn daily frustration into steady progress. For,"These questions can help match the dog to the right kind of support. Conclusion A dog training academy can provide the structure, repetition, and real-life focus needed to turn daily frustration into steady progress. For many owners, the value is not just in teaching commands."
2026,2026,2026,frustration,frustration,frustration,frustration,frustration,1,False,newsport.com.au,https://www.newsport.com.au/2026/april/cook-highway-roadworks-to-stop-for-easter-but-some-restrictions-remain-in-place,"” Readers have contacted Newsport several times across the past few months to say there had been up to eight places under traffic control at the same time on occasion along the stretch between Ellis Beach and Mowbray, causing frustration for commuters.","Beach and Mowbray, causing frustration for commuters. TMR states","“Reduced speed limits, single-lane closures and traffic management will remain in place at sites north of Ellis Beach, Turtle Creek Beach, and Oak Beach and Yule Point. ” Readers have contacted Newsport several times across the past few months to say there had been up to eight places under traffic control at the same time on occasion along the stretch between Ellis Beach and Mowbray, causing frustration for commuters. TMR states the roadworks are tracking as planned."
2014,2014,2014,loneliness,loneliness,loneliness,loneliness,loneliness,1,False,gvsu.edu,http://gvsu.edu/gvmagazine/winter-2006-hard-lessons-learned-18.htm,"I learned to deal with loneliness - I never knew what loneliness was until I went into the Peace Corps,"" Barnum said.",- I never knew what loneliness was until I went into,"I learned that I can be adaptable in most situations as necessary. I learned to deal with loneliness - I never knew what loneliness was until I went into the Peace Corps,"" Barnum said. She currently works as a juvenile probation officer in Berrien County but is going through the process to become a Foreign Service Officer."
2014,2014,2015,loneliness,loneliness,Loneliness,loneliness,Loneliness,1,False,bvcu.org,http://bvcu.org/online/security.shtml?tab=1,The following conditions or factors increase an older person's risk of being victimized: - Isolation - Loneliness - Recent losses - Physical or mental disabilities - Lack of familiarity with financial matters - Have family members who are unemployed and/or have substance abusers problems Why are the elderly attractive targets?,victimized: - Isolation - Loneliness - Recent losses - Physical,They may: - Overcharge for services or products - Use deceptive or unfair business practices - Use their positions of trust or respect to gain compliance Who is at risk? The following conditions or factors increase an older person's risk of being victimized: - Isolation - Loneliness - Recent losses - Physical or mental disabilities - Lack of familiarity with financial matters - Have family members who are unemployed and/or have substance abusers problems Why are the elderly attractive targets? - Persons over the age of 50 control over 70% of the nation's wealth - Many seniors do not realize the value of their assets (particularly homes that have appreciated markedly) - The elderly are likely to have disabilities that make them dependent on others for help.
2014,2014,2014,loneliness,loneliness,loneliness,loneliness,loneliness,1,False,xnxx.com,http://stories.xnxx.com/story/38292/paranormal_phenomenon,Of course side trips of sadness and loneliness happened along the way.,side trips of sadness and loneliness happened along the way.,"It has been an extraordinary and long life, the old man reminisced, one filled with adventure, lust and love. Of course side trips of sadness and loneliness happened along the way. Yin and yang, he thought."
2015,2015,2022,loneliness,loneliness,loneliness,loneliness,loneliness,1,False,letsqueerthingsup.com,https://letsqueerthingsup.com/2015/03/15/8-things-non-binary-people-need-to-know/?like_comment=2584&_wpnonce=8d268b4bda,The loneliness is compounded because most folks still cannot see us the way that we see ourselves.,to be sure. The loneliness is compounded because most folks,"It can feel that way, to be sure. The loneliness is compounded because most folks still cannot see us the way that we see ourselves. It’s complicated to exist outside of what most people have never been asked to imagine."
2015,2015,2016,loneliness,loneliness,loneliness,loneliness,loneliness,1,False,freeebooksblog.com,http://www.freeebooksblog.com/kindle/page/90/,"8 out of 5 stars (70 reviews) Single mom Maggie Hayes puts up a tough front to hide her loneliness, spending her days in the courtroom as a lawyer and her evenings as a closet video gamer.","tough front to hide her loneliness, spending her days in","Easy Like Sunday Mourning (A Page Turners Novel Book 2) By Jennie Marts / Genre: General Humor, Humor & Satire / Rating: 4. 8 out of 5 stars (70 reviews) Single mom Maggie Hayes puts up a tough front to hide her loneliness, spending her days in the courtroom as a lawyer and her evenings as a closet video gamer. Another heartache isn’t worth the risk, not after her husband left her last year for a Hooters waitress."
2015,2015,2019,loneliness,loneliness,Loneliness,loneliness,Loneliness,1,False,disruptusrenovatus.com,http://disruptusrenovatus.com/can-we-die-from-loneliness/,Loneliness is twice as deadly as obesity.,15 cigarettes a day. Loneliness is twice as deadly as,"In Monbiot’s words, ‘Social isolation is as potent a cause of early death as smoking 15 cigarettes a day. Loneliness is twice as deadly as obesity. ’ See, http://www."
2016,2016,2022,loneliness,loneliness,loneliness,loneliness,loneliness,1,False,mariasfarmcountrykitchen.com,http://www.mariasfarmcountrykitchen.com/recovery-lifestyle/,"Instead of social withdrawal and loneliness when you feel consumed with stress, reach out by volunteering to get out of yourself.",Instead of social withdrawal and loneliness when you feel consumed with,"Experiment and be creative. Instead of social withdrawal and loneliness when you feel consumed with stress, reach out by volunteering to get out of yourself. Joyful pursuits are conducive to optimal recovery, so be assertive about incorporating more joy into your daily life."
2016,2016,2016,loneliness,loneliness,loneliness,loneliness,loneliness,1,False,recovering-couples.org,http://recovering-couples.org/couples-resources/couple-stories/2-couples-stories/19-paul-and-jane,"I had decided to try other people and the ""R"" word relationships, as the answer to the loneliness and depression that had marked my life for the first twenty-one years.",as the answer to the loneliness and depression that had marked,"In truth, I had found out that leaving home didn't cure my spiritual and emotional hurts and sex couldn't fix them either. I had decided to try other people and the ""R"" word relationships, as the answer to the loneliness and depression that had marked my life for the first twenty-one years. Jane and I met at a summer camp working with handicapped children."
2016,2016,2016,loneliness,loneliness,loneliness,loneliness,loneliness,1,False,horrorview.com,http://www.horrorview.com/AGGREGATOR/SOURCES/2?page=24,"While Ted uses his severed psyche to fuel the fire of loneliness, his actions become more and more bizarre, and the added sub-plot of a woman (Denovan) who also has lost her cat adds to the intrigue – will these two sufferers of bereavement meet up at some point?","to fuel the fire of loneliness, his actions become more","” I could offer these details up, and some of you awesome readers would certainly agree that they’re a LITTLE off of the beaten path; however, this actually works quite well (should get my own head checked for agreeing on this). While Ted uses his severed psyche to fuel the fire of loneliness, his actions become more and more bizarre, and the added sub-plot of a woman (Denovan) who also has lost her cat adds to the intrigue – will these two sufferers of bereavement meet up at some point? In the meantime, Denovan and Vaughn should be highly commended for their portrayals of two distressed individuals, as this movie takes on so much more than the after-effects of a paralyzing passing."
2017,2017,2025,loneliness,loneliness,loneliness,loneliness,loneliness,1,False,digitalfilmarchive.net,https://digitalfilmarchive.net/collection/lost-connections-162,"Made possible through a unique collaboration between twelve film archives across the UK, the film creates multiple associations with histories and memories, our common experiences of loss, loneliness and isolation, and the need for the human touch.","common experiences of loss, loneliness and isolation, and the","The pandemic has given everyone pause to stop and reflect, to question and re-assess what is most important to us. Made possible through a unique collaboration between twelve film archives across the UK, the film creates multiple associations with histories and memories, our common experiences of loss, loneliness and isolation, and the need for the human touch. It is not a film about the pandemic, it is a film about recovery, hope and renewal, the human character, sadness and joy, what we really value, and our gradual reconnection with each other, our communities, and the world around us."
2017,2017,2022,loneliness,loneliness,loneliness,loneliness,loneliness,1,False,criticalprovisions.com,https://criticalprovisions.com/2017/10/18/180-anna-akhmatova/,"I drink to the ruined house, To the evil of my life, To our shared loneliness And I drink to you– To the lie of lips that betrayed me, To the deadly coldness of the eyes, To the fact that the world is cruel and depraved, To the fact that God did not save.","life, To our shared loneliness And I drink to you","Take “The Last Toast,” here in the translation by Judith Hemschemeyer: . I drink to the ruined house, To the evil of my life, To our shared loneliness And I drink to you– To the lie of lips that betrayed me, To the deadly coldness of the eyes, To the fact that the world is cruel and depraved, To the fact that God did not save. ."
2017,2017,2025,loneliness,loneliness,loneliness,loneliness,loneliness,1,False,davidwolfe.com,https://www.davidwolfe.com/semicolon-tattoo-means/,Programs like Project Semicolon create for those who suffer from depression a sense of global solidarity; the same brand of loneliness they feel is also on the shoulders of millions worldwide.,; the same brand of loneliness they feel is also on,"Part of the tattoo’s implication is a universal nod to that very notion. Programs like Project Semicolon create for those who suffer from depression a sense of global solidarity; the same brand of loneliness they feel is also on the shoulders of millions worldwide. No matter what you’ve been through, if you struggle with depression, suicide, addiction or other such serious issues, you are not alone."
2018,2018,2025,loneliness,loneliness,loneliness,loneliness,loneliness,1,False,silo.pub,https://silo.pub/cravings-anthology.html,"""Did you think I wouldn't understand loneliness?","you think I wouldn't understand loneliness?"" ""I wanted",""" I swallowed hard. ""Did you think I wouldn't understand loneliness? "" ""I wanted you to see me as a man."
2018,2018,2020,loneliness,loneliness,loneliness,loneliness,loneliness,1,False,raystedman.org,https://www.raystedman.org/old-testament/psalms/the-shepherd-psalm,"If there is emptiness and loneliness and despair and frustration in our lives, then the Lord is not our shepherd.",If there is emptiness and loneliness and despair and frustration in,"It is that simple. If there is emptiness and loneliness and despair and frustration in our lives, then the Lord is not our shepherd. Or, if anyone or anything else is shepherding us, we are never satisfied."
2018,2018,2021,loneliness,loneliness,loneliness,loneliness,loneliness,1,False,astrologycafe.com,https://www.astrologycafe.com/astrology-today-september-10-2018/,You may find that you experience times of loneliness.,that you experience times of loneliness. These times are part,THE NORTH NODE THE NORTH NODE IN LEO This a quest to develop your inner strength. You may find that you experience times of loneliness. These times are part of your lesson to forge your own creative life in order to give generously to the world.
2019,2019,2022,loneliness,loneliness,loneliness,loneliness,loneliness,1,False,kellylacey.com,https://kellylacey.com/2019/03/13/dealoftheday-the-truths-and-triumphs-of-grace-atherton-byanstey-harris-simonschusteruk-amazonuk-fabbookfiend/,"In the process, she learns that she is not as alone in the world as she had once thought, that no mistake is insurmountable and that the quiet moments in life can be something to shout about … ‘Brilliantly and movingly written’ Dorothy Koomson ‘A beautifully tender portrait of the complexity of love, the depths of loneliness and the healing power of friendship’ heat ‘A gorgeously written, heartfelt tale about love and loss’ Good Housekeeping ‘An impressively powerful debut’ Claire Frost, Fabulous Magazine ‘Lose yourself among beautiful symphonies, the romantic cities of Europe and quirky characters … a triumph’ Woman’s Weekly ‘This is a powerful and passionate novel, awash with heartbreak but still an uplifting tale of friendship and rebirth.","love, the depths of loneliness and the healing power of","It takes a vivacious old man and a straight-talking teenager to kickstart a new chapter for Grace. In the process, she learns that she is not as alone in the world as she had once thought, that no mistake is insurmountable and that the quiet moments in life can be something to shout about … ‘Brilliantly and movingly written’ Dorothy Koomson ‘A beautifully tender portrait of the complexity of love, the depths of loneliness and the healing power of friendship’ heat ‘A gorgeously written, heartfelt tale about love and loss’ Good Housekeeping ‘An impressively powerful debut’ Claire Frost, Fabulous Magazine ‘Lose yourself among beautiful symphonies, the romantic cities of Europe and quirky characters … a triumph’ Woman’s Weekly ‘This is a powerful and passionate novel, awash with heartbreak but still an uplifting tale of friendship and rebirth. Filled with characters that are fully formed and believable, this book is astute, compelling and extremely readable."
2019,2019,2022,loneliness,loneliness,loneliness,loneliness,loneliness,1,False,vitabrevisliterature.com,https://vitabrevisliterature.com/2019/03/07/poet-robert-okaji-interview/,"Actually connecting, finding that special community – those readers, those editors and publishers who appreciate the writing– offers a balm to the sting of loneliness and rejection.",balm to the sting of loneliness and rejection. As does,"But having said this, the other side of the coin makes up perhaps the best part of writing! Actually connecting, finding that special community – those readers, those editors and publishers who appreciate the writing– offers a balm to the sting of loneliness and rejection. As does contributing to the community – helping edit publications, mentoring newer poets and seeing their work being published, spreading the word about publication possibilities, promoting other writers – actively working at being a good citizen of the poetry community!"
2019,2019,2020,loneliness,loneliness,loneliness,loneliness,loneliness,1,False,thoughts.com,https://thoughts.com/prevent-school-bullying-bullying-can-damage-people-for-life/,- Pay attention to other classmates who may be experiencing some of the same loneliness and rejection you are experiencing and reach out to them in friendship.,experiencing some of the same loneliness and rejection you are experiencing,Your not crazy! - Pay attention to other classmates who may be experiencing some of the same loneliness and rejection you are experiencing and reach out to them in friendship. You could end up forging bonds that will last a lifetime.
2020,2020,2021,loneliness,loneliness,loneliness,loneliness,loneliness,1,False,highlandparkhealthcare.com,https://highlandparkhealthcare.com/pandemic-fatigue/,Stay Connected One major reason why pandemic fatigue has grabbed a hold of so many of us is the lingering feeling of isolation and loneliness.,lingering feeling of isolation and loneliness. We may not be,"Fortunately, there are steps you can take to overcome pandemic fatigue, empowering you to stay as relaxed, calm, and collected as possible. Stay Connected One major reason why pandemic fatigue has grabbed a hold of so many of us is the lingering feeling of isolation and loneliness. We may not be able to host or attend gatherings like many of us used to, but that doesn’t mean we cannot stay connected with friends and family members."
2020,2020,2021,loneliness,loneliness,loneliness,loneliness,loneliness,1,False,djfromtheorphanage.org,https://djfromtheorphanage.org/2020/05/03/im-from-the-government-im-here-to-help-2/,Everyone is hurting; we begin to heal when we start to focus on the pain and loneliness of others.,focus on the pain and loneliness of others.” God,"” I probably surprised them with my answer: “I don’t care who you are, you can help someone. Everyone is hurting; we begin to heal when we start to focus on the pain and loneliness of others. ” God doesn’t need us to help others; He wants us to help others because it’s good for us."
2020,2020,2025,loneliness,loneliness,loneliness,loneliness,loneliness,1,False,zioneducationalsystems.com,https://www.zioneducationalsystems.com/compassion-for-parents-of-troubled-girls-integrity-house-rtc/,It only “drops by” for a short while…unwilling to stay during the long night of loneliness into which grief plunges us.,during the long night of loneliness into which grief plunges us,"” Sympathy will greet us, and offer condolences and make initial contact…but sympathy does not stay for the long haul…throughout the entire grieving process! It only “drops by” for a short while…unwilling to stay during the long night of loneliness into which grief plunges us. Compassion remains."
2021,2021,2023,loneliness,loneliness,loneliness,loneliness,loneliness,1,False,stephenfulder.com,https://www.stephenfulder.com/post/what-is-really-happening-here-on-truth-and-authenticity,"We hide behind and protect this identity and keep out others, finding loneliness under the armour.","keep out others, finding loneliness under the armour. These","We harbor endless masks, labels and descriptions that we attribute to ourselves, with which we construct an identity. We hide behind and protect this identity and keep out others, finding loneliness under the armour. These beliefs are buried in the deepest layers of the way we perceive the world and ourselves in relation to it: ""This is me and that's the world out there""."
2021,2021,2021,loneliness,loneliness,Loneliness,loneliness,Loneliness,1,False,shreveport.lawyer,https://shreveport.lawyer/gday-casino-free-spins/,"It Is Loneliness Even Even Worse, there’s a lot to digest in the mobile gaming world.","without abstinence. It Is Loneliness Even Even Worse, there","To quickly find the answers to some basic questions, but you can’t have recovery without abstinence. It Is Loneliness Even Even Worse, there’s a lot to digest in the mobile gaming world. This law prohibits state-regulated gambling businesses from accepting bets across state lines, a rat race to provide the best mobile casino experience."
2021,2021,2023,loneliness,loneliness,loneliness,loneliness,loneliness,1,False,aaforagnostics.com,https://aaforagnostics.com/blog/the-difference-between-being-dry-and-sober-in-aa/,"“Almost without exception, alcoholics are tortured by loneliness” 12 & 12 – Step Five, page 57 Denial is not a river in Egypt Was it possible that I was on a dry drunk?",", alcoholics are tortured by loneliness” 12 & 12 –","In the end, I found myself isolated and lonely as a dry alcoholic in AA. “Almost without exception, alcoholics are tortured by loneliness” 12 & 12 – Step Five, page 57 Denial is not a river in Egypt Was it possible that I was on a dry drunk? I remember this thought crossing my mind, but I rejected it."
2022,2022,2025,loneliness,loneliness,loneliness,loneliness,loneliness,1,False,thepienews.com,https://thepienews.com/international-view-on-uk-he-value-bouncing-back/,"The survey also asked questions on loneliness, sense of belong and freedom of speech on campus.","survey also asked questions on loneliness, sense of belong and","Some 26% of international fee payers said their experience had been better than expected, compared with the 16% of other students who said the same. The survey also asked questions on loneliness, sense of belong and freedom of speech on campus. The proportion of international students saying they were completely satisfied with their lives was higher than other student groups."
2022,2022,2022,loneliness,loneliness,loneliness,loneliness,loneliness,1,False,thenationalnews.com,https://www.thenationalnews.com/opinion/comment/2022/03/10/is-mental-health-linked-to-the-climate-crisis/,This species loneliness also coincides with growing concerns about social isolation and actual loneliness.,"about social isolation and actual loneliness. For example, in","As parts of our planet become increasingly less biodiverse, we are becoming lonelier as a species and perhaps unhappier. This species loneliness also coincides with growing concerns about social isolation and actual loneliness. For example, in 2018, the UK government appointed its first minister for loneliness in response to the public health impact of a loneliness epidemic."
2022,2022,2022,loneliness,loneliness,loneliness,loneliness,loneliness,1,False,theartsdesk.com,https://theartsdesk.com/node/84716/view,"” Gone are those themes of loneliness and heartbreak, this is an optimistic record, with moments of sunshine and starlight.","Gone are those themes of loneliness and heartbreak, this is","In a telling moment, Parker sings “Strictly speaking, I'm still on track/And all of my dreams are still intact. ” Gone are those themes of loneliness and heartbreak, this is an optimistic record, with moments of sunshine and starlight."
2023,2023,2024,loneliness,loneliness,Loneliness,loneliness,Loneliness,1,False,rogerdlin.com,https://www.rogerdlin.com/post/biblical-counseling,""" Loneliness.","my chosen ones."" Loneliness. ""Where are my",""" ""I might mess something up, and not get love and acceptance from my chosen ones. "" Loneliness. ""Where are my worshipers?"
2023,2023,2024,loneliness,loneliness,loneliness,loneliness,loneliness,1,False,techfily.com,https://techfily.com/kirra-community-care/,"These signs could include difficulty with daily tasks, loneliness, or the need for specialized care due to a medical condition.","difficulty with daily tasks, loneliness, or the need for","It’s essential to recognize signs that your loved ones may benefit from the support and care provided by Kirra Community Care. These signs could include difficulty with daily tasks, loneliness, or the need for specialized care due to a medical condition. In a sea of care providers, Kirra Community Care distinguishes itself through its person-centred approach."
2023,2023,2023,loneliness,loneliness,loneliness,loneliness,loneliness,1,False,xplorecon.com,https://xplorecon.com/chatzone-chat-app-for-singles-app-retailer-knowledge-income-download-estimates-on-play-retailer/,"Hence, In my opinion people merely can’t discover individuals who would go properly with all of them and get loopy relating to their loneliness.",get loopy relating to their loneliness. This incredible website is,"In doing so, they typically occasions present their distinctive anger and habits without indicating specific faults of software. Hence, In my opinion people merely can’t discover individuals who would go properly with all of them and get loopy relating to their loneliness. This incredible website is useful, however, as you possibly can think about, it’s not essentially magic therapy."
2024,2024,2024,loneliness,loneliness,loneliness,loneliness,loneliness,1,False,briteviewresearch.com,https://www.briteviewresearch.com/support-elders-is-emerging-as-the-best-elderly-care-solution-in-kolkata-durgapur-and-hyderabad/,"- Enriching Cognitive Solutions to ensure the mental wellbeing and cognitive fitness of the elderly by facilitating creative, cultural and educational pursuits to help keep dementia, loneliness and even depression at bay.","to help keep dementia, loneliness and even depression at bay","- Expense Reimbursement Services to help the member or care sponsor to manage the member’s expenses seamlessly and accurately, even from a remote location. - Enriching Cognitive Solutions to ensure the mental wellbeing and cognitive fitness of the elderly by facilitating creative, cultural and educational pursuits to help keep dementia, loneliness and even depression at bay. About the company : As their tagline suggests, Support Elders provides holistic care through the integration of different elements to meet the requirements of the elderly."
2024,2024,2024,loneliness,loneliness,loneliness,loneliness,loneliness,1,False,callgirlsoncall.in,https://www.callgirlsoncall.in/dindigul/call-girls-in-palani.html,Get a date with sexy Milan escort girl today and forget loneliness.,escort girl today and forget loneliness. India | Call Girls,Our escort agency offers you the best Milan Palani escorts. Get a date with sexy Milan escort girl today and forget loneliness. India | Call Girls in Bangalore | Call Girls in Mumbai | Call Girls in Jaipur | Call Girls in Hyderabad | Call Girls in Chennai | Call Girls in Delhi | Call Girls in Kolkata | Call Girls in Gurgaon | Call Girls in Aerocity | Call Girls in Pune | Call Girls in Goa | Call Girls in Indore | Call Girls in Ahmedabad | Call Girls in Chandigarh | Call Girls in Lucknow | Call Girls in Ludhiana | Call Girls in Dehradun | Call Girls in Nainital | Call Girls in Manali | Call Girls in Coimbatore | Call Girls in Guwahati | Call Girls in Bhopal | Call Girls in Kochi | Call Girls in Patna | Call Girls in Jammu | Call Girls in Shimla | Call Girls in Agartala | Call Girls in Pondicherry | Call Girls in Bhubaneswar | Call Girls in Dimapur | Call Girls in Aizawl | Call Girls in Shillong | Call Girls in Imphal | Call Girls in Ranchi | Call Girls in Raipur | Call Girls in Visakhapatnam | Escort Service in Palani | Call Girls in Palani | Call Girls in Palani | Palani Escorts | Call Girls in Palani | Escort Service in Palani | Call Girls in Palani | Call Girls in Palani | Call Girls in Palani | Escort Service in Palani | Call Girls in Palani | Call Girls in Palani | Call Girls in Dindigul | Call Girls
2024,2024,2024,loneliness,loneliness,Loneliness,loneliness,Loneliness,1,False,hrmorning.com,https://www.hrmorning.com/articles/employee-well-being-2/,"- Loneliness and isolation in a remote/hybrid work environment: “Company leaders must adapt workplaces to better serve their employees, no matter where they’re working, to prioritize and foster employee connection,” says Hill.",” says Paterson. - Loneliness and isolation in a remote,"“Self-care and wellness should be top of mind for employers who want to foster a healthy workplace,” says Paterson. - Loneliness and isolation in a remote/hybrid work environment: “Company leaders must adapt workplaces to better serve their employees, no matter where they’re working, to prioritize and foster employee connection,” says Hill. What’s in for employee well-being To overcome some of the “outs” for 2024 — and stay ahead in the employee well-being world — here are seven things that are “in” for employee well-being this year: - Support overall well-being: Where possible, provide resources for employees to better manage their well-being in and out of the office to reduce stress."
2025,2025,2025,loneliness,loneliness,loneliness,loneliness,loneliness,1,False,creativity-portal.com,https://www.creativity-portal.com/articles/anne-bennett/collaging/,How I balanced the aching loneliness of a cancer diagnosis with a sense of connection to community.,How I balanced the aching loneliness of a cancer diagnosis with,"Part of the journaling work we do with our cards involves allowing them to tell us what gift or gifts they bring to us. How I balanced the aching loneliness of a cancer diagnosis with a sense of connection to community. If you are in the midst of a journey with cancer, I invite you to pause for a moment now and enter into the space of gratitude."
2025,2025,2025,loneliness,loneliness,loneliness,loneliness,loneliness,1,False,dubai-escorts-service.com,https://dubai-escorts-service.com/escorts-from/nad-al-hammar-escorts/nad-al-hammar/,"In addition to intimacy, Dubai escorts can also be used in order to cure the loneliness that comes from being single for a long period!",in order to cure the loneliness that comes from being single,"Female escorts available for naughty dating’s and for wild evenings in Romania. In addition to intimacy, Dubai escorts can also be used in order to cure the loneliness that comes from being single for a long period! The escort providers should be regarded as a relatively good way of finding a female (or male, trans) companion suitable for any occasion."
2025,2025,2025,loneliness,loneliness,loneliness,loneliness,loneliness,1,False,elokuvalisenssi.fi,https://elokuvalisenssi.fi/en/movies/laitakaupungin-valot/,Watch the movies online Watch free now: Rent now: Stream now: About the movie Subjects - history - psychology Keywords - bullying - domestic - dreams - friendship - lie - loneliness - love - relationships - survival Educational levels - high schools and vocational schools - middle schools Genres - crime - drama Age limits - K-7 Awards - Jussi Studios - Sputnik,- friendship - lie - loneliness - love - relationships -,Available on DVD (not Blu-ray). Watch the movies online Watch free now: Rent now: Stream now: About the movie Subjects - history - psychology Keywords - bullying - domestic - dreams - friendship - lie - loneliness - love - relationships - survival Educational levels - high schools and vocational schools - middle schools Genres - crime - drama Age limits - K-7 Awards - Jussi Studios - Sputnik
2026,2026,2026,loneliness,loneliness,loneliness,loneliness,loneliness,1,False,nancychopra.net,https://bangalore.nancychopra.net/?tag=cheap-female-Call-Girls-in-Bangalore,"Engaging with Bangalore Escorts can alleviate feelings of loneliness and foster enjoyable experiences, enabling clients to connect on a personal level without the complexities often associated with traditional relationships.","Escorts can alleviate feelings of loneliness and foster enjoyable experiences,","Many individuals find themselves in search of social interaction, whether during a business trip or in the comfort of their own homes. Engaging with Bangalore Escorts can alleviate feelings of loneliness and foster enjoyable experiences, enabling clients to connect on a personal level without the complexities often associated with traditional relationships. In addition to companionship, hiring call girls can serve as a source of entertainment."
2026,2026,2026,loneliness,loneliness,loneliness,loneliness,loneliness,1,False,writerstudio.com.au,https://www.writerstudio.com.au/success-stories/,"While aimed at children, this delightfully presented book teaches readers of all ages that horses experience feelings of joy, sadness, gratitude and loneliness.",", sadness, gratitude and loneliness. Congratulations, Anne!","In so doing they teach us that horses have feelings too. While aimed at children, this delightfully presented book teaches readers of all ages that horses experience feelings of joy, sadness, gratitude and loneliness. Congratulations, Anne!"
2026,2026,2026,loneliness,loneliness,loneliness,loneliness,loneliness,1,False,sleep.me,https://sleep.me/post/how-to-overcome-the-challenges-of-sleep-divorce,- Loneliness: It can lead to loneliness as the emotional void of not having a significant other beside you through the night can cause a sense of isolation.,: It can lead to loneliness as the emotional void of,The lack of nightly rituals like snuggling or quiet conversations before sleep can diminish the sense of connection and spontaneous intimacy. - Loneliness: It can lead to loneliness as the emotional void of not having a significant other beside you through the night can cause a sense of isolation. The absence of a bed partner can impact the deep-seated need for connection and comfort.
2014,2014,2019,sadness,sadness,sadness,sadness,sadness,1,False,letmemoveyou.me,http://letmemoveyou.me/the-gift-of-suffering?replytocom=10091,"Upon realising that your thoughts are clouded by feelings of anger, sadness, fear, hurt, guilt and anxiety (that have all been surreptitiously planted there by ego and rooted with what it presents as irrefutable proof), you can begin to free yourself from the gloom through awareness.","by feelings of anger, sadness, fear, hurt,","My own warren was replete with warmth and conveniences – none of which masked the suffering that I chose to wallow in. Upon realising that your thoughts are clouded by feelings of anger, sadness, fear, hurt, guilt and anxiety (that have all been surreptitiously planted there by ego and rooted with what it presents as irrefutable proof), you can begin to free yourself from the gloom through awareness. With the knowledge that ego operates from fear, you can begin to see that all its premises are formed through flawed logic."
2014,2014,2022,sadness,sadness,sadness,sadness,sadness,1,False,eveonline.com,https://forums-archive.eveonline.com/topic/341664/6/,"Your face saving promises Whispered like prayers I don't need them I need The darkness The sweetness The sadness The weakness I need this I need A lullaby A kiss goodnight The angel sweet Love of my life Oh, I need this Well, is it dark enough?",The darkness The sweetness The sadness The weakness I need this,"CSM 12 Candidate Reaver Glitterstim The Scope Gallente Federation #120 - 2014-06-20 17:35:47 UTC Take a look at my body Look at my hands There's so much here That I don't understand Your face saving promises Whispered like prayers I don't need them I've been treated so wrong I've been treated so long As if I'm becoming untouchable Well, contempt loves the silence It thrives in the dark With fine winding tendrils That strangle the heart They say that promises Sweeten the blow But I don't need them No, I don't need them I've been treated so wrong I've been treated so long As if I'm becoming untouchable I'm a slow dying flower Frost killing hour Sweet turning sour And untouchable Oh, I need The darkness The sweetness The sadness The weakness Oh, I need this I need A lullaby A kiss goodnight Angel sweet Love of my life Oh, I need this I'm a slow dying flower Frost killing hour The sweet turning sour And untouchable Do you remember the way That you touched me before All the trembling sweetness I loved and adored? Your face saving promises Whispered like prayers I don't need them I need The darkness The sweetness The sadness The weakness I need this I need A lullaby A kiss goodnight The angel sweet Love of my life Oh, I need this Well, is it dark enough? Can you see me?"
2014,2014,2014,sadness,sadness,sadness,sadness,sadness,1,False,ezsoftech.com,http://www.ezsoftech.com/islamic/download.asp,"Our faith and belief in Almighty God's will are usually enough to console and strengthen our sense of loss, grief or sadness.","of loss, grief or sadness. However as human beings","Contentment: An Islamic Perspective We all experience unhappiness and bereavement at some point in life time. Our faith and belief in Almighty God's will are usually enough to console and strengthen our sense of loss, grief or sadness. However as human beings we are prone to feelings of depression under serious and difficult circumstances."
2015,2015,2023,sadness,sadness,sadness,sadness,sadness,1,False,blabbermouth.net,https://blabbermouth.net/news/motorheads-lemmy-dead-at-70,"""We cannot begin to express our shock and sadness, there aren't words.","to express our shock and sadness, there aren't words.","He had learnt of the disease on December 26th, and was at home, sitting in front of his favorite video game from The Rainbow which had recently made its way down the street, with his family. ""We cannot begin to express our shock and sadness, there aren't words. ""We will say more in the coming days, but for now, please… play MOTÖRHEAD loud, play HAWKWIND loud, play Lemmy's music LOUD."
2015,2015,2022,sadness,sadness,sadness,sadness,sadness,1,False,breakingnewsweb.com,http://www.breakingnewsweb.com/jazz-music/,"Billie delivered this song night after night, overwhelmed with emotions and sadness, later her song become civil rights movement anthem(Baraka,1989)",", overwhelmed with emotions and sadness, later her song become","Benny Goodman and Billie Holiday were amongst the jazz musicians who fought to end racism in the United States, as Goodman used his celebrity in spreading the appreciation of black music, on the other hand Billie Holiday contributions to end racism was by singing about the inhuman lynching of two blacks, Abram Smith and Thomas Shipp in 1930, with their body images hanging from trees. Billie delivered this song night after night, overwhelmed with emotions and sadness, later her song become civil rights movement anthem(Baraka,1989)"
2015,2015,2019,sadness,sadness,sadness,sadness,sadness,1,False,austinartswatch.com,https://austinartswatch.com/2015/04/12/great-god-pan-is-a-grounded-and-poignant-texas-premier/,"As Paige, she plays the role often with an awkward smile, where, even at her happiest, there’s a sadness behind her eyes.",", there’s a sadness behind her eyes. Her","This isn’t to mean that she’s ever over-emotional, or overwhelming, but that, with whatever role she takes on, she live in it with such passion that you can’t help but be glued to the edge of your chair. As Paige, she plays the role often with an awkward smile, where, even at her happiest, there’s a sadness behind her eyes. Her scenes with Katie Kohler, who brings her unique sensitivity to her short time on stage as bulimic young adult Joelle, show Fonseca going through an intense series of emotions in just a few moments, showing her amazing range and control all at once."
2016,2016,2021,sadness,sadness,sadness,sadness,sadness,1,False,ucla.edu,http://anthropoetics.ucla.edu/ap0702/dialog/,"Fukuyama, in contrast, in the only silly passage in his brilliantly prescient 1989 article, evokes the wistful sadness of seeing history come to an end and the boredom of living “after history,” when just the opposite should be the case.","article, evokes the wistful sadness of seeing history come to","Marx, at least, thought of the Hegelian “end of history” as the beginning of a new, creative world of freedom. Fukuyama, in contrast, in the only silly passage in his brilliantly prescient 1989 article, evokes the wistful sadness of seeing history come to an end and the boredom of living “after history,” when just the opposite should be the case. Forgetting for the moment about Bin Laden, the integration of all of humanity into the global economy would not result in a stagnant utopia but in ever more creative and unpredictable forms of interaction on every level."
2016,2016,2025,sadness,sadness,sadness,sadness,sadness,1,False,visualhealingts.com,https://www.visualhealingts.com/app-landing-page,"But if we don't learn how to truly acknowledge our grief and work through it, the ache of loss and sadness can fester within us and slowly consume us.",the ache of loss and sadness can fester within us and,"Learning how to process this pain is essential for finding healing and peace. But if we don't learn how to truly acknowledge our grief and work through it, the ache of loss and sadness can fester within us and slowly consume us. Grief needs to be felt in order for it to be worked through."
2016,2016,2024,sadness,sadness,sadness,sadness,sadness,1,False,naijaolofofo.com,https://www.naijaolofofo.com/full-details-how-the-minister-of-state-for-labour-productivity-his-wife-son-die-in-crash/,"President Muhammadu Buhari expressed shock and sadness at the death of Ocholi, his wife and son.",Muhammadu Buhari expressed shock and sadness at the death of Ocholi,"Senior government officials, who were on the ground at the Hospital when the vehicles arrived, were seen in groups discussing the incident in hushed tones. President Muhammadu Buhari expressed shock and sadness at the death of Ocholi, his wife and son. In a statement on Sunday, Buhari described the death of the minister’s as untimely, regretting that Nigeria had lost a key component of the change agenda."
2017,2017,2018,sadness,sadness,sadness,sadness,sadness,1,False,catintheflock.com,http://www.catintheflock.com/2017/05/what-if-how-the-story-ends-is-up-to-you.html,"I've seen dozens, maybe hundreds, of people on social media expressing genuine grief and sadness over character deaths in the Lifeline games.",media expressing genuine grief and sadness over character deaths in the,"It seems to largely be the case that, if a Player loses Taylor by pushing the character too hard or by supplying incorrect information, there's generally a sense of culpability in the death that makes the Player want to try harder the next time. I've seen dozens, maybe hundreds, of people on social media expressing genuine grief and sadness over character deaths in the Lifeline games. Lisa: (This last one's for my stepson, who loved the first game when it went viral at his high school a few years ago."
2017,2017,2023,sadness,sadness,sadness,sadness,sadness,1,False,wildsidenaturetours.com,https://wildsidenaturetours.com/trip-report/2017-trip-report-morocco-march-25-april-11/,"Our last picnic together was tinged with a little sadness, although the humour quickly followed as a we watched a young trendy guy with a football shirt apparently taking his goat for a walk.","was tinged with a little sadness, although the humour quickly","We released this truly spectacular insect in the undergrowth. Our last picnic together was tinged with a little sadness, although the humour quickly followed as a we watched a young trendy guy with a football shirt apparently taking his goat for a walk. It looked like they did this together all the time."
2017,2017,2025,sadness,sadness,sadness,sadness,sadness,1,False,upnature.com,https://upnature.com/blogs/news/top-15-essential-oils-for-depression-and-3-uplifting-blends,"If you or someone you know has one or more of the symptoms below it could very well be a signal for depression and getting help: - Constant fatigue and tiredness - Insomnia or too much sleep - Lack of energy - Low sex drive - Constant melancholy and sadness that you can't shrug off - Feelings of never-ending despair and in severe cases suicidal thoughts - Bodily aches and pains - Irritability and short-temper - Inability to concentrate and focus - Overwhelming feelings of being weighed down - Sense of hopelessness and negative thinking pattern - Lack of confidence and low self esteem - Decreased or increased appetite including cravings - Anxiety and rapid heartbeat - Avoiding going out with friends, social situations, or spending time with family - Wanting to stay in bed all day If you answered yes to one or more of the above then you may have depression or be in a depressive state at this time in your life.",drive - Constant melancholy and sadness that you can't shrug off,"Let's face it, we've all been hurdled with the blues at some point in our lives but depression is more than just feeling low, and for some it is a severe disorder that they struggle with every day. If you or someone you know has one or more of the symptoms below it could very well be a signal for depression and getting help: - Constant fatigue and tiredness - Insomnia or too much sleep - Lack of energy - Low sex drive - Constant melancholy and sadness that you can't shrug off - Feelings of never-ending despair and in severe cases suicidal thoughts - Bodily aches and pains - Irritability and short-temper - Inability to concentrate and focus - Overwhelming feelings of being weighed down - Sense of hopelessness and negative thinking pattern - Lack of confidence and low self esteem - Decreased or increased appetite including cravings - Anxiety and rapid heartbeat - Avoiding going out with friends, social situations, or spending time with family - Wanting to stay in bed all day If you answered yes to one or more of the above then you may have depression or be in a depressive state at this time in your life. So what are the next steps?"
2018,2018,2022,sadness,sadness,sadness,sadness,sadness,1,False,millermemo.com,https://millermemo.com/2018/12/03/its-monday-what-are-you-reading-12-03-2018-imwayr/?like_comment=1231&_wpnonce=62ecdac8f4,"There were moments where I felt such sadness, reading this book.","moments where I felt such sadness, reading this book.","The heart-pounding climax of this story follows Nora on a very dangerous journey through the city and into the unknown in an effort to save her friend’s life. There were moments where I felt such sadness, reading this book. This story provides in-depth exposure to the reality of loss, constant danger, hunger, no medical care, and homelessness — there’s so much to discuss after reading this one!"
2018,2018,2018,sadness,sadness,sadness,sadness,sadness,1,False,amazon.com,https://kindlescout.amazon.com/p/2VPW5NIOGPFFY?token=140-8245868-0838014_6064560011_0_0&ref_=ks_ct-6064560011_tl,"He blinks away the sadness and returns his look to a more familiar one, an angry one, one that signifies only bad things.",. He blinks away the sadness and returns his look to,"McFadden’s eyes show the red-bordered, glossy look of someone who recently wiped away tears or soon will feel the need. He blinks away the sadness and returns his look to a more familiar one, an angry one, one that signifies only bad things. Except for once those eyes are not on you and they aren’t on Mitchel."
2018,2018,2019,sadness,sadness,sadness,sadness,sadness,1,False,strikingly.com,http://possibilitycoaches.strikingly.com/,"In short, the Old Thoughtmap of Feelings tells you there are three negative or bad feelings (anger, sadness, and fear) and only one good feeling (joy), but don't go around feeling too joyful or people will think you don't have enough work to do or that you don't take life seriously...","bad feelings (anger, sadness, and fear) and","This is why it can help to be on the new thoughtmap of feelings before a session starts. In short, the Old Thoughtmap of Feelings tells you there are three negative or bad feelings (anger, sadness, and fear) and only one good feeling (joy), but don't go around feeling too joyful or people will think you don't have enough work to do or that you don't take life seriously... haven't you seen the news?"
2019,2019,2020,sadness,sadness,sadness,sadness,sadness,1,False,carnondownssurgery.co.uk,https://www.carnondownssurgery.co.uk/info.aspx?p=4,"News of his leaving was met with sadness, by staff and patients alike.","his leaving was met with sadness, by staff and patients","He is a highly-regarded and respected GP, always prepared to make time for his patients and to listen with patience and understanding. News of his leaving was met with sadness, by staff and patients alike. Born in Southern Rhodesia, now Zimbabwe, in 1958, he attended Falcon College in Rhodesia, coming to England aged 18, to study medicine at St John’s College, Oxford, and the John Radcliffe Hospital in Oxford."
2019,2019,2024,sadness,sadness,sadness,sadness,sadness,1,False,nbpostgazette.com,https://nbpostgazette.com/facebook-posts-can-reveal-various-health-issues-according-to-a-study/,Facebook post a reference used to express the feelings and this feeling indicate mental state disorder if too many emotions and sadness are added.,if too many emotions and sadness are added. This methodology,Mental health issues like in society and depression over quite easy to analyze by the language and emotions used in the status. Facebook post a reference used to express the feelings and this feeling indicate mental state disorder if too many emotions and sadness are added. This methodology of analyzing Facebook posts is in its early stage.
2019,2019,2019,sadness,sadness,sadness,sadness,sadness,1,False,theplugmag.com,http://theplugmag.com/moonchild-sanelly-a-dream-chaser/,So there’s no time for sadness.,"’s no time for sadness. For me personally,","“I’m not used to basking in an emotion that’s got to do with sadness, without a solution. So there’s no time for sadness. For me personally, it’s solution [driven]."
2020,2020,2021,sadness,sadness,sadness,sadness,sadness,1,False,sltrib.com,https://www.sltrib.com/opinion/commentary/2020/12/01/jennifer-senior-happiness/,"And if that’s the case, it seems possible that Brickman could have wondered, in his darkest moments, if he was condemned to a lifetime of sadness.",condemned to a lifetime of sadness. He could win the,"A “hedonic set point,” as psychologists like to call it. And if that’s the case, it seems possible that Brickman could have wondered, in his darkest moments, if he was condemned to a lifetime of sadness. He could win the lottery."
2020,2020,2021,sadness,sadness,sadness,sadness,sadness,1,False,moragnoffke.com,https://moragnoffke.com/2020/05/06/trauma/,"Emotional symptoms are denial, anger, sadness, despair, lack of motivation, grief, feelings of loss, confusion and anxiety.","are denial, anger, sadness, despair, lack of","Do you notice any of these signs plaguing you? Emotional symptoms are denial, anger, sadness, despair, lack of motivation, grief, feelings of loss, confusion and anxiety. Often one of the reactions after the trauma is that you never want to go through it again, or experience it or feel the feelings again; this is why so many of us don’t want to talk about the trauma."
2020,2020,2021,sadness,sadness,sadness,sadness,sadness,1,False,vastavamtv.com,https://www.vastavamtv.com/2020/12/29/1-1-453/,Two days after being discharged from hospital — where he was admitted on Friday following blood pressure fluctuation — the actor released a statement which read: “With extreme sadness I say that I can’t enter politics.,read: “With extreme sadness I say that I can,"Actor Rajinikanth, who finally appeared ready to launch his political party, has put brakes on his political career. Two days after being discharged from hospital — where he was admitted on Friday following blood pressure fluctuation — the actor released a statement which read: “With extreme sadness I say that I can’t enter politics. I alone know the pain I went through while announcing this decision."
2021,2021,2021,sadness,sadness,sadness,sadness,sadness,1,False,peroty.com,https://peroty.com/blog/author/peroty/,"I buy shoes by walking into a store and looking at size 14, wiping tears of sadness from my eyes, then buying whatever basketball shoe they can muster.","14, wiping tears of sadness from my eyes, then","Shoes are an absolute joke. I buy shoes by walking into a store and looking at size 14, wiping tears of sadness from my eyes, then buying whatever basketball shoe they can muster. I don’t place value in things."
2021,2021,2021,sadness,sadness,Sadness,sadness,Sadness,1,False,jewishgen.org,https://www.jewishgen.org/Yizkor/Radomsko/rad114.html,Sadness and religious ecstasy reigned in the Rebbe's room and was not abandoned during the week and not even on Shabbos and yom-tov days.,and the Hasidic melodies. Sadness and religious ecstasy reigned in,"Possibly with the death of his only son Yankele, who was cut down while young, he decided to turn away from his court, the Hasidic joy and the Hasidic melodies. Sadness and religious ecstasy reigned in the Rebbe's room and was not abandoned during the week and not even on Shabbos and yom-tov days. Reb Abraham'l sat day and night over a sefer and immersed himself in Torah study as if he would suppress in himself every inclination to worldly pleasure and to his passions."
2021,2021,2023,sadness,sadness,sadness,sadness,sadness,1,False,filmlifestyle.com,https://filmlifestyle.com/cutaway-shot/,"They can be used to illustrate anger, sadness, happiness… and pretty much any other emotion you want.","used to illustrate anger, sadness, happiness… and pretty","Cutaway shots are a great way to show the viewer how people feel. They can be used to illustrate anger, sadness, happiness… and pretty much any other emotion you want. Sometimes they’re used for comedic effect or sometimes as a transition from one scene to another."
2022,2022,2022,sadness,sadness,sadness,sadness,sadness,1,False,fordmears.uk,https://www.fordmears.uk/funeral-poems/dont-be-sad-when-i-die,"Someday your pain will ease, sadness replaced by fond memories.","your pain will ease, sadness replaced by fond memories.","When tomorrow starts without me and you feel lost and blue, I hope these words I’ve written will help to see you through. Someday your pain will ease, sadness replaced by fond memories. Come tomorrow you will hear I love you whispered on the breeze."
2022,2022,2025,sadness,sadness,sadness,sadness,sadness,1,False,anaennoir.com,https://anaennoir.com/reason-to-believe-by-rebecca-yarros-review/,"And the foster process, and the joy and sadness it brings, made this one of my favorite books.",", and the joy and sadness it brings, made this","I absolutely loved the firefighter plot, I love that trope and here it was different, so I also learned about a different kind of firefighting, which I loved. And the foster process, and the joy and sadness it brings, made this one of my favorite books. Equality rate: ⭐⭐⭐⭐⭐ 5/5 I loved this very much, it handled many important and interesting subjects, such as foster parenting, grief, abandonment, mental health, child development, and relationships."
2022,2022,2023,sadness,sadness,sadness,sadness,sadness,1,False,breakthroughealing.org,https://breakthroughealing.org/8-reasons-why-you-should-be-happy/,You should also know that sadness is only temporary.,You should also know that sadness is only temporary. After,"Even when you feel like crap, you should be happy because tomorrow will be different. You should also know that sadness is only temporary. After all, we are only humans, and unhappiness will always be part of our daily lives."
2023,2023,2024,sadness,sadness,sadness,sadness,sadness,1,False,insync.ie,https://insync.ie/wp-content/uploads/2023/12/In-Sync-Christmas-eBulletin-2023.html,The December meeting for the county group was tinged with some sadness as many long-serving members said their goodbyes.,group was tinged with some sadness as many long-serving members said,Local comhairlí across the county continue to work on a variety of local issues from Lexlip in the north to Athy in the south. The December meeting for the county group was tinged with some sadness as many long-serving members said their goodbyes. Amazing friendships have been formed through their Comhairle journey which will last for many a year and the powerful work of this group has undoubtably left their mark on their peers.
2023,2023,2023,sadness,sadness,Sadness,sadness,Sadness,1,False,thedesigner.se,https://thedesigner.se/the-artist-of-the-word-caroline-laurent-turunc/,2023 Stockholm Ewelina Maria Bugajska – Javorka There Is No Time For Sadness!,There Is No Time For Sadness! The midnight wind surrenders,02. 2023 Stockholm Ewelina Maria Bugajska – Javorka There Is No Time For Sadness! The midnight wind surrenders to a black day I miss the days when we were happy with our loneliness A few words that I don’t use come out of my mouth.
2023,2023,2023,sadness,sadness,sadness,sadness,sadness,1,False,psychologytoday.com,https://www.psychologytoday.com/us/therapists/fl/aventura?category=anger-management,"Yael Roth Marriage & Family Therapist, MA, NY-LMFT Verified Verified Also, if you feel anger , sadness, fear, loneliness, or guilt, I use the power of your brain, deep relaxation, and mindfulness to help you take control of unhealthy emotions, behaviors or habits and replace them with new healthy ones.","if you feel anger , sadness, fear, loneliness,","I absolutely love what I do and cannot wait to begin this therapeutic journey with you! Yael Roth Marriage & Family Therapist, MA, NY-LMFT Verified Verified Also, if you feel anger , sadness, fear, loneliness, or guilt, I use the power of your brain, deep relaxation, and mindfulness to help you take control of unhealthy emotions, behaviors or habits and replace them with new healthy ones. Coaching and/or short-term, solution focused therapy in a warm and caring environment."
2024,2024,2025,sadness,sadness,sadness,sadness,sadness,1,False,hypnoticworld.com,https://www.hypnoticworld.com/hypnotherapists/therapist?id=32631,"Together, we’ll uncover and release the deep-seated emotions—such as anger, sadness, guilt, fear, and shame—that keep you returning to smoking.","—such as anger, sadness, guilt, fear,","Smoking is often used as a coping mechanism. Together, we’ll uncover and release the deep-seated emotions—such as anger, sadness, guilt, fear, and shame—that keep you returning to smoking. This process addresses what drives the habit, so you can finally break free for good."
2024,2024,2026,sadness,sadness,sadness,sadness,sadness,1,False,iands.org,https://research.iands.org/2024-11-23-16-15-26/nde-research/nde-archives31/newest-accounts/1682-man-overdoses-goes-to-the-other-side-but-senses-he-isn-t-supposed-to-be-there-yet.html,I had an eerie feeling of emptiness and sadness.,eerie feeling of emptiness and sadness. I looked over and,"It was like I was in some sort of purgatory of sorts, and I was waiting for something. I had an eerie feeling of emptiness and sadness. I looked over and saw what looked like the guy who played the ""wizard"" in the Wizard of Oz, and he was behind a curtain, turning a wheel of some sort."
2024,2024,2024,sadness,sadness,sadness,sadness,sadness,1,False,selfgrowth.com,https://codex.selfgrowth.com/articles/user/920226,"The fifth session works on the stomach area, and I was anticipating (= dreading) the release of buried sadness.",") the release of buried sadness. Instead, there .","Views: 93 One of the strangest and most meaningful experiences of my life occurred when I went through Rolfing (ten brilliant sessions of deep-tissue bodywork) in my early 20's. The fifth session works on the stomach area, and I was anticipating (= dreading) the release of buried sadness. Instead, there ..."
2025,2025,2026,sadness,sadness,sadness,sadness,sadness,1,False,aurica.ai,https://aurica.ai/en/article/vince-vanguard/bokutachi-wa-ano-hi-no-yoake-o-shitteiru/,"You'll find subtlety and finesse in its depiction of sadness, joy, and nostalgia — pure emotions that tie us back to our roots.","finesse in its depiction of sadness, joy, and nostalgia","A Symphony of Emotions: This series is an emotional rollercoaster, sans the performative shock value. You'll find subtlety and finesse in its depiction of sadness, joy, and nostalgia — pure emotions that tie us back to our roots. The Power of Remembrance: Perhaps one of the series' most resonant themes is the notion of remembering the past to appreciate the future."
2025,2025,2026,sadness,sadness,sadness,sadness,sadness,1,False,bollywoodpunch.com,https://bollywoodpunch.com/buzz-now/emotional-govinda-attends-shashi-prabhus-funeral/,You could feel the collective sadness of the attendees as they offered condolences to Shashi’s grieving family.,You could feel the collective sadness of the attendees as they,"As the funeral rituals unfolded, the emotional display became harder for Govinda to mask. You could feel the collective sadness of the attendees as they offered condolences to Shashi’s grieving family. The media captured the moment, broadcasting Govinda’s breakdown in tears, a testament to the profound impact Shashi had on his life."
2025,2025,2025,sadness,sadness,sadness,sadness,sadness,1,False,psychprofile.io,https://psychprofile.io/blog/bipolar_ii_disorder_understanding_the_subtle_swings_between.php,"These individuals experience a fluctuating pattern of hypomania, marked by elevated mood and increased energy, and depressive episodes characterized by sadness, loss of motivation, and potential functional impairment.","and depressive episodes characterized by sadness, loss of motivation,","The daily lives of individuals with Bipolar II Disorder are significantly impacted by the unpredictable nature of their mood swings. These individuals experience a fluctuating pattern of hypomania, marked by elevated mood and increased energy, and depressive episodes characterized by sadness, loss of motivation, and potential functional impairment. While these shifts may be less extreme than those in Bipolar I, they can still cause considerable disruption in daily routines, work, and social interactions."
2026,2026,2026,sadness,sadness,sadness,sadness,sadness,1,False,nelsoncameraclub.com,http://www.nelsoncameraclub.com/news_2025,"Bill Smith It is with deep sadness that we share the news of the passing of our dear friend and long-standing member, Mr.",Smith It is with deep sadness that we share the news,"May's Open & Digital Image Competition Results May In Memory of Mr. Bill Smith It is with deep sadness that we share the news of the passing of our dear friend and long-standing member, Mr. Bill Smith."
2026,2026,2026,sadness,sadness,SADNESS,sadness,SADNESS,1,False,pnghausbung.com,https://pnghausbung.com/sir-j-expresses-sadness-over-passing-of-kevin-isifu/,"NEWS SIR J EXPRESSES SADNESS OVER PASSING OF KEVIN ISIFU By PNG Haus Bung | September 15, 2022 New Ireland Governor Sir Julius Chan has expressed sadness at the passing of Wewak Open MP, Kevin Isifu.",NEWS SIR J EXPRESSES SADNESS OVER PASSING OF KEVIN ISIFU,"NEWS SIR J EXPRESSES SADNESS OVER PASSING OF KEVIN ISIFU By PNG Haus Bung | September 15, 2022 New Ireland Governor Sir Julius Chan has expressed sadness at the passing of Wewak Open MP, Kevin Isifu. Sir J said the late Kevin Eziro Isifu, was a strong People’s Progress Party politician for many years and a personal friend."
2026,2026,2026,sadness,sadness,sadness,sadness,sadness,1,False,insightfulcounselling.com,https://insightfulcounselling.com/types-of-trauma-counselling-help/,"Consider reaching out to a trauma counsellor if you’re experiencing: - Persistent sadness or hopelessness that isn’t improving - Flashbacks or nightmares about past events - Difficulty forming or maintaining relationships - Constant feelings of being on edge or unsafe - Avoiding people, places, or activities that trigger memories - Unexplained physical symptoms like headaches or stomach problems - Finding yourself repeatedly in unhealthy relationship patterns - Struggling with work performance or concentration Remember: seeking help isn’t a sign of weakness.",re experiencing: - Persistent sadness or hopelessness that isn’,"Recognizing When You Need Professional Support Sometimes it’s hard to know whether you should seek help. Consider reaching out to a trauma counsellor if you’re experiencing: - Persistent sadness or hopelessness that isn’t improving - Flashbacks or nightmares about past events - Difficulty forming or maintaining relationships - Constant feelings of being on edge or unsafe - Avoiding people, places, or activities that trigger memories - Unexplained physical symptoms like headaches or stomach problems - Finding yourself repeatedly in unhealthy relationship patterns - Struggling with work performance or concentration Remember: seeking help isn’t a sign of weakness. It’s an act of courage and self-compassion."
