analysis_unit,lsc_year,collocate,collocate_type,count,valence,arousal,dominance,documents,weighted_valence_contribution,abs_weighted_valence_contribution,total_matches_for_unit_year,match_share,contribution_direction
ADHD,2014,disorder,unigram,128,-0.675,0.53,-0.494,116,-86.4,86.4,9051,0.014142083747652193,negative
ADHD,2014,mental disorder,mwe,67,-0.892,0.204,-0.428,67,-59.764,59.764,9051,0.0074024969616616944,negative
ADHD,2014,depression,unigram,62,-0.938,0.04,-0.536,57,-58.156,58.156,9051,0.006850071815269031,negative
ADHD,2014,autism,unigram,95,-0.53,0.0,-0.106,84,-50.35,50.35,9051,0.010496077781460613,negative
ADHD,2014,outrageous,unigram,67,-0.694,0.89,0.426,67,-46.498,46.498,9051,0.0074024969616616944,negative
ADHD,2014,diagnose,unigram,81,-0.45549999999999996,-0.035500000000000004,0.01949999999999999,68,-36.8955,36.8955,9051,0.008949287371561154,negative
ADHD,2014,anxiety,unigram,46,-0.708,0.73,-0.316,45,-32.568,32.568,9051,0.005082311346812507,negative
ADHD,2014,drug,unigram,45,-0.6656666666666666,0.5419999999999999,-0.425,42,-29.955,29.955,9051,0.004971826317533974,negative
ADHD,2014,of,unigram,235,-0.111,-0.119,-0.161,192,-26.085,26.085,9051,0.0259639818804552,negative
ADHD,2014,problem,unigram,27,-0.876,0.288,-0.17000000000000004,25,-23.652,23.652,9051,0.0029830957905203847,negative
ADHD,2014,child,unigram,172,0.7689999999999998,-0.0020000000000000018,-0.152,136,132.26799999999997,132.26799999999997,9051,0.019003425035907635,positive
ADHD,2014,have,unigram,187,0.514,-0.222,0.18599999999999997,158,96.11800000000001,96.11800000000001,9051,0.020660700475085624,positive
ADHD,2014,with,unigram,331,0.148,-0.11899999999999998,0.05,265,48.988,48.988,9051,0.03657054469119434,positive
ADHD,2014,adult,unigram,67,0.63,-0.018,0.574,46,42.21,42.21,9051,0.0074024969616616944,positive
ADHD,2014,add,unigram,139,0.29000000000000004,-0.105,0.063,110,40.31,40.31,9051,0.015357419069716053,positive
ADHD,2014,fluoridate,unigram,67,0.476,0.048,0.0,67,31.892,31.892,9051,0.0074024969616616944,positive
ADHD,2014,water,unigram,67,0.427,-0.45299999999999996,-0.194,67,28.608999999999998,28.608999999999998,9051,0.0074024969616616944,positive
ADHD,2014,like,unigram,31,0.77225,0.08024999999999999,-0.034499999999999996,31,23.93975,23.93975,9051,0.0034250359076345156,positive
ADHD,2014,to,unigram,214,0.11,-0.09500000000000001,-0.167,192,23.54,23.54,9051,0.02364379626560601,positive
ADHD,2014,study,unigram,49,0.4733333333333333,0.00033333333333333365,0.5633333333333334,41,23.19333333333333,23.19333333333333,9051,0.005413766434648105,positive
ADHD,2015,autism,unigram,100,-0.53,0.0,-0.106,92,-53.0,53.0,6636,0.015069318866787222,negative
ADHD,2015,depression,unigram,42,-0.9380000000000001,0.04,-0.536,36,-39.396,39.396,6636,0.006329113924050633,negative
ADHD,2015,disorder,unigram,54,-0.675,0.53,-0.494,48,-36.45,36.45,6636,0.0081374321880651,negative
ADHD,2015,diagnose,unigram,58,-0.4555,-0.035500000000000004,0.01949999999999999,52,-26.419,26.419,6636,0.008740204942736588,negative
ADHD,2015,of,unigram,221,-0.111,-0.119,-0.161,174,-24.531,24.531,6636,0.03330319469559976,negative
ADHD,2015,anxiety,unigram,33,-0.708,0.73,-0.316,30,-23.363999999999997,23.363999999999997,6636,0.004972875226039783,negative
ADHD,2015,problem,unigram,25,-0.8759999999999999,0.288,-0.17,22,-21.9,21.9,6636,0.0037673297166968055,negative
ADHD,2015,dyslexia,unigram,29,-0.667,-0.167,-0.792,29,-19.343,19.343,6636,0.004370102471368294,negative
ADHD,2015,disability,unigram,17,-0.854,-0.036,-0.654,17,-14.517999999999999,14.517999999999999,6636,0.002561784207353828,negative
ADHD,2015,hyperactivity,unigram,18,-0.667,1.0,-0.333,18,-12.006,12.006,6636,0.0027124773960217,negative
ADHD,2015,child,unigram,121,0.7689999999999999,-0.0020000000000000018,-0.152,106,93.04899999999999,93.04899999999999,6636,0.018233875828812536,positive
ADHD,2015,have,unigram,130,0.514,-0.222,0.186,105,66.82000000000001,66.82000000000001,6636,0.01959011452682339,positive
ADHD,2015,adult,unigram,67,0.63,-0.018,0.574,46,42.21,42.21,6636,0.010096443640747438,positive
ADHD,2015,with,unigram,246,0.148,-0.119,0.05,191,36.408,36.408,6636,0.037070524412296565,positive
ADHD,2015,add,unigram,119,0.29000000000000004,-0.105,0.063,97,34.510000000000005,34.510000000000005,6636,0.017932489451476793,positive
ADHD,2015,like,unigram,41,0.77225,0.08024999999999999,-0.034499999999999996,38,31.66225,31.66225,6636,0.00617842073538276,positive
ADHD,2015,include,unigram,32,0.45933333333333337,-0.18066666666666667,0.19333333333333336,29,14.698666666666668,14.698666666666668,6636,0.004822182037371911,positive
ADHD,2015,may,unigram,34,0.408,-0.454,-0.51,32,13.872,13.872,6636,0.005123568414707656,positive
ADHD,2015,more,unigram,30,0.41550000000000004,-0.183,0.538,30,12.465000000000002,12.465000000000002,6636,0.0045207956600361665,positive
ADHD,2015,health,unigram,13,0.87,-0.146,0.102,13,11.31,11.31,6636,0.0019590114526823387,positive
ADHD,2016,depression,unigram,69,-0.938,0.04,-0.536,64,-64.722,64.722,7529,0.009164563687076637,negative
ADHD,2016,autism,unigram,113,-0.53,0.0,-0.106,101,-59.89,59.89,7529,0.015008633284632754,negative
ADHD,2016,anxiety,unigram,72,-0.708,0.73,-0.316,64,-50.976,50.976,7529,0.0095630229778191,negative
ADHD,2016,disorder,unigram,68,-0.675,0.53,-0.494,61,-45.900000000000006,45.900000000000006,7529,0.009031743923495816,negative
ADHD,2016,problem,unigram,33,-0.876,0.288,-0.17,30,-28.908,28.908,7529,0.004383052198167087,negative
ADHD,2016,of,unigram,233,-0.111,-0.119,-0.161,180,-25.863,25.863,7529,0.030947004914331253,negative
ADHD,2016,diagnose,unigram,48,-0.4555,-0.035500000000000004,0.01949999999999999,45,-21.864,21.864,7529,0.0063753486518794,negative
ADHD,2016,dyslexia,unigram,31,-0.667,-0.167,-0.792,29,-20.677,20.677,7529,0.004117412671005446,negative
ADHD,2016,disability,unigram,20,-0.8539999999999999,-0.036,-0.654,20,-17.08,17.08,7529,0.0026563952716164166,negative
ADHD,2016,drug,unigram,20,-0.6656666666666666,0.5419999999999999,-0.425,19,-13.313333333333333,13.313333333333333,7529,0.0026563952716164166,negative
ADHD,2016,child,unigram,130,0.7689999999999999,-0.0020000000000000018,-0.152,103,99.96999999999998,99.96999999999998,7529,0.017266569265506706,positive
ADHD,2016,have,unigram,152,0.514,-0.222,0.186,122,78.128,78.128,7529,0.020188604064284764,positive
ADHD,2016,add,unigram,180,0.29000000000000004,-0.105,0.063,154,52.2,52.2,7529,0.02390755744454775,positive
ADHD,2016,with,unigram,264,0.148,-0.119,0.05,215,39.071999999999996,39.071999999999996,7529,0.035064417585336696,positive
ADHD,2016,adult,unigram,47,0.63,-0.018,0.574,34,29.61,29.61,7529,0.006242528888298579,positive
ADHD,2016,like,unigram,29,0.77225,0.08024999999999999,-0.034499999999999996,27,22.39525,22.39525,7529,0.003851773143843804,positive
ADHD,2016,learn,unigram,32,0.58975,-0.033250000000000016,0.296,30,18.872,18.872,7529,0.004250232434586267,positive
ADHD,2016,include,unigram,40,0.45933333333333337,-0.18066666666666667,0.19333333333333336,40,18.373333333333335,18.373333333333335,7529,0.005312790543232833,positive
ADHD,2016,treatment,unigram,53,0.32600000000000007,-0.22799999999999998,0.24,42,17.278000000000002,17.278000000000002,7529,0.007039447469783504,positive
ADHD,2016,to,unigram,147,0.11000000000000001,-0.095,-0.167,128,16.17,16.17,7529,0.01952450524638066,positive
ADHD,2017,autism,unigram,127,-0.53,0.0,-0.106,112,-67.31,67.31,7314,0.017363959529669126,negative
ADHD,2017,depression,unigram,57,-0.938,0.04000000000000001,-0.536,53,-53.465999999999994,53.465999999999994,7314,0.007793273174733388,negative
ADHD,2017,disorder,unigram,69,-0.675,0.53,-0.494,57,-46.575,46.575,7314,0.009433962264150943,negative
ADHD,2017,anxiety,unigram,65,-0.708,0.73,-0.316,65,-46.019999999999996,46.019999999999996,7314,0.008887065901011758,negative
ADHD,2017,of,unigram,185,-0.111,-0.11900000000000001,-0.161,157,-20.535,20.535,7314,0.02529395679518731,negative
ADHD,2017,addiction,unigram,28,-0.64,0.612,-0.16,27,-17.92,17.92,7314,0.0038282745419742957,negative
ADHD,2017,problem,unigram,20,-0.876,0.288,-0.17,18,-17.52,17.52,7314,0.0027344818156959257,negative
ADHD,2017,diagnose,unigram,34,-0.4555,-0.035500000000000004,0.01949999999999999,34,-15.487,15.487,7314,0.004648619086683074,negative
ADHD,2017,dyslexia,unigram,22,-0.667,-0.167,-0.7919999999999999,21,-14.674000000000001,14.674000000000001,7314,0.0030079299972655183,negative
ADHD,2017,symptom,unigram,50,-0.24,0.05800000000000001,-0.132,47,-12.0,12.0,7314,0.006836204539239814,negative
ADHD,2017,child,unigram,130,0.7689999999999999,-0.0020000000000000018,-0.152,110,99.96999999999998,99.96999999999998,7314,0.017774131802023516,positive
ADHD,2017,have,unigram,158,0.514,-0.222,0.186,138,81.212,81.212,7314,0.021602406343997814,positive
ADHD,2017,with,unigram,284,0.148,-0.119,0.05,228,42.032,42.032,7314,0.038829641782882146,positive
ADHD,2017,add,unigram,141,0.29000000000000004,-0.105,0.063,117,40.89000000000001,40.89000000000001,7314,0.019278096800656275,positive
ADHD,2017,adult,unigram,46,0.63,-0.018,0.574,33,28.98,28.98,7314,0.006289308176100629,positive
ADHD,2017,kid,unigram,46,0.4793333333333334,0.052,-0.21866666666666668,35,22.049333333333337,22.049333333333337,7314,0.006289308176100629,positive
ADHD,2017,include,unigram,46,0.45933333333333337,-0.18066666666666667,0.19333333333333336,46,21.129333333333335,21.129333333333335,7314,0.006289308176100629,positive
ADHD,2017,like,unigram,19,0.77225,0.08024999999999999,-0.034499999999999996,18,14.67275,14.67275,7314,0.0025977577249111294,positive
ADHD,2017,to,unigram,131,0.11,-0.095,-0.167,123,14.41,14.41,7314,0.017910855892808313,positive
ADHD,2017,learn,unigram,24,0.58975,-0.033250000000000016,0.296,23,14.154,14.154,7314,0.003281378178835111,positive
ADHD,2018,autism,unigram,149,-0.53,0.0,-0.106,134,-78.97,78.97,7697,0.019358191503183058,negative
ADHD,2018,disorder,unigram,95,-0.675,0.53,-0.494,77,-64.125,64.125,7697,0.012342471092633494,negative
ADHD,2018,depression,unigram,57,-0.938,0.04000000000000001,-0.536,54,-53.465999999999994,53.465999999999994,7697,0.007405482655580096,negative
ADHD,2018,anxiety,unigram,47,-0.708,0.7300000000000001,-0.316,44,-33.275999999999996,33.275999999999996,7697,0.006106275172144991,negative
ADHD,2018,of,unigram,234,-0.111,-0.119,-0.161,184,-25.974,25.974,7697,0.03040145511238145,negative
ADHD,2018,diagnose,unigram,53,-0.4555,-0.035500000000000004,0.01949999999999999,47,-24.1415,24.1415,7697,0.0068857996622060545,negative
ADHD,2018,dyslexia,unigram,36,-0.667,-0.167,-0.792,30,-24.012,24.012,7697,0.004677146940366377,negative
ADHD,2018,problem,unigram,18,-0.876,0.288,-0.17,18,-15.768,15.768,7697,0.0023385734701831884,negative
ADHD,2018,disability,unigram,17,-0.854,-0.036,-0.654,15,-14.517999999999999,14.517999999999999,7697,0.0022086527218396776,negative
ADHD,2018,drug,unigram,21,-0.6656666666666666,0.5419999999999999,-0.42499999999999993,19,-13.979,13.979,7697,0.0027283357152137195,negative
ADHD,2018,child,unigram,116,0.7689999999999999,-0.0020000000000000018,-0.15199999999999997,97,89.204,89.204,7697,0.015070806807847214,positive
ADHD,2018,have,unigram,145,0.514,-0.22199999999999998,0.186,124,74.53,74.53,7697,0.018838508509809015,positive
ADHD,2018,add,unigram,178,0.29000000000000004,-0.10499999999999998,0.063,136,51.620000000000005,51.620000000000005,7697,0.02312589320514486,positive
ADHD,2018,with,unigram,280,0.148,-0.119,0.05,210,41.44,41.44,7697,0.03637780953618293,positive
ADHD,2018,adult,unigram,48,0.63,-0.018,0.574,32,30.240000000000002,30.240000000000002,7697,0.006236195920488502,positive
ADHD,2018,like,unigram,36,0.77225,0.08024999999999999,-0.034499999999999996,35,27.801,27.801,7697,0.004677146940366377,positive
ADHD,2018,include,unigram,53,0.45933333333333337,-0.18066666666666667,0.19333333333333336,50,24.34466666666667,24.34466666666667,7697,0.0068857996622060545,positive
ADHD,2018,learn,unigram,37,0.58975,-0.033250000000000016,0.296,36,21.82075,21.82075,7697,0.004807067688709887,positive
ADHD,2018,to,unigram,164,0.11,-0.095,-0.167,144,18.04,18.04,7697,0.021307002728335717,positive
ADHD,2018,treat,unigram,45,0.341,-0.016,-0.0020000000000000018,40,15.345,15.345,7697,0.005846433675457971,positive
ADHD,2019,autism,unigram,123,-0.53,0.0,-0.106,109,-65.19,65.19,6658,0.018474016221087415,negative
ADHD,2019,anxiety,unigram,72,-0.708,0.73,-0.316,69,-50.976,50.976,6658,0.010814058275758487,negative
ADHD,2019,disorder,unigram,66,-0.675,0.53,-0.494,60,-44.550000000000004,44.550000000000004,6658,0.009912886752778613,negative
ADHD,2019,depression,unigram,47,-0.938,0.04,-0.536,43,-44.086,44.086,6658,0.007059176930009012,negative
ADHD,2019,dyslexia,unigram,38,-0.667,-0.167,-0.792,36,-25.346,25.346,6658,0.005707419645539201,negative
ADHD,2019,diagnose,unigram,41,-0.4555,-0.035500000000000004,0.01949999999999999,35,-18.6755,18.6755,6658,0.006158005407029138,negative
ADHD,2019,of,unigram,162,-0.111,-0.119,-0.161,139,-17.982,17.982,6658,0.024331631120456592,negative
ADHD,2019,symptom,unigram,54,-0.24,0.058,-0.132,46,-12.959999999999999,12.959999999999999,6658,0.008110543706818865,negative
ADHD,2019,drug,unigram,19,-0.6656666666666666,0.5419999999999999,-0.425,10,-12.647666666666666,12.647666666666666,6658,0.0028537098227696006,negative
ADHD,2019,problem,unigram,14,-0.876,0.288,-0.17,13,-12.264,12.264,6658,0.0021027335536197055,negative
ADHD,2019,child,unigram,109,0.7689999999999999,-0.0020000000000000018,-0.15199999999999997,96,83.82099999999998,83.82099999999998,6658,0.016371282667467707,positive
ADHD,2019,have,unigram,149,0.514,-0.22200000000000003,0.186,120,76.586,76.586,6658,0.022379092820666868,positive
ADHD,2019,add,unigram,154,0.29000000000000004,-0.10499999999999998,0.063,113,44.660000000000004,44.660000000000004,6658,0.02313006908981676,positive
ADHD,2019,with,unigram,254,0.148,-0.119,0.05,205,37.592,37.592,6658,0.03814959447281466,positive
ADHD,2019,like,unigram,35,0.77225,0.08024999999999999,-0.034499999999999996,34,27.02875,27.02875,6658,0.005256833884049264,positive
ADHD,2019,adult,unigram,33,0.63,-0.018,0.574,27,20.79,20.79,6658,0.0049564433763893065,positive
ADHD,2019,include,unigram,40,0.45933333333333337,-0.18066666666666667,0.19333333333333336,40,18.373333333333335,18.373333333333335,6658,0.006007810153199159,positive
ADHD,2019,to,unigram,112,0.11,-0.095,-0.167,103,12.32,12.32,6658,0.016821868428957644,positive
ADHD,2019,treat,unigram,35,0.341,-0.016,-0.0020000000000000018,34,11.935,11.935,6658,0.005256833884049264,positive
ADHD,2019,more,unigram,27,0.41550000000000004,-0.183,0.538,24,11.2185,11.2185,6658,0.004055271853409433,positive
ADHD,2020,autism,unigram,113,-0.53,0.0,-0.106,95,-59.89,59.89,6373,0.017731052879334692,negative
ADHD,2020,disorder,unigram,71,-0.675,0.53,-0.494,61,-47.925000000000004,47.925000000000004,6373,0.011140750039227994,negative
ADHD,2020,anxiety,unigram,64,-0.708,0.73,-0.316,59,-45.312,45.312,6373,0.010042366232543544,negative
ADHD,2020,depression,unigram,46,-0.938,0.04,-0.536,40,-43.147999999999996,43.147999999999996,6373,0.0072179507296406716,negative
ADHD,2020,of,unigram,173,-0.111,-0.119,-0.161,134,-19.203,19.203,6373,0.027145771222344264,negative
ADHD,2020,diagnose,unigram,42,-0.4555,-0.035500000000000004,0.01949999999999999,38,-19.131,19.131,6373,0.0065903028401067005,negative
ADHD,2020,dyslexia,unigram,25,-0.667,-0.16699999999999998,-0.792,23,-16.675,16.675,6373,0.003922799309587321,negative
ADHD,2020,suffer from,mwe,27,-0.536,0.046,-0.572,27,-14.472000000000001,14.472000000000001,6373,0.004236623254354307,negative
ADHD,2020,problem,unigram,15,-0.876,0.288,-0.17,15,-13.14,13.14,6373,0.002353679585752393,negative
ADHD,2020,disability,unigram,13,-0.854,-0.036,-0.654,12,-11.102,11.102,6373,0.0020398556409854073,negative
ADHD,2020,child,unigram,106,0.7689999999999999,-0.0020000000000000018,-0.152,94,81.514,81.514,6373,0.016632669072650243,positive
ADHD,2020,have,unigram,121,0.514,-0.222,0.186,107,62.194,62.194,6373,0.018986348658402635,positive
ADHD,2020,with,unigram,243,0.148,-0.119,0.05,189,35.964,35.964,6373,0.038129609289188765,positive
ADHD,2020,add,unigram,116,0.29,-0.105,0.063,97,33.64,33.64,6373,0.018201788796485173,positive
ADHD,2020,like,unigram,31,0.77225,0.08024999999999999,-0.034499999999999996,27,23.93975,23.93975,6373,0.004864271143888279,positive
ADHD,2020,adult,unigram,34,0.63,-0.018,0.574,29,21.42,21.42,6373,0.0053350070610387575,positive
ADHD,2020,include,unigram,39,0.45933333333333337,-0.18066666666666667,0.19333333333333336,37,17.914,17.914,6373,0.006119566922956222,positive
ADHD,2020,kid,unigram,32,0.4793333333333334,0.052,-0.21866666666666668,29,15.338666666666668,15.338666666666668,6373,0.005021183116271772,positive
ADHD,2020,help,unigram,42,0.346,-0.057999999999999996,-0.08,34,14.531999999999998,14.531999999999998,6373,0.0065903028401067005,positive
ADHD,2020,be,unigram,249,0.04857142857142858,-0.1867142857142857,0.028285714285714286,181,12.094285714285716,12.094285714285716,6373,0.03907108112348972,positive
ADHD,2021,anxiety,unigram,80,-0.708,0.73,-0.316,77,-56.64,56.64,6591,0.012137763617053559,negative
ADHD,2021,depression,unigram,60,-0.938,0.04,-0.536,58,-56.279999999999994,56.279999999999994,6591,0.009103322712790168,negative
ADHD,2021,autism,unigram,97,-0.53,0.0,-0.106,88,-51.410000000000004,51.410000000000004,6591,0.01471703838567744,negative
ADHD,2021,disorder,unigram,65,-0.675,0.53,-0.494,60,-43.875,43.875,6591,0.009861932938856016,negative
ADHD,2021,dyslexia,unigram,32,-0.667,-0.167,-0.792,31,-21.344,21.344,6591,0.004855105446821423,negative
ADHD,2021,of,unigram,178,-0.111,-0.119,-0.161,144,-19.758,19.758,6591,0.027006524047944167,negative
ADHD,2021,diagnose,unigram,33,-0.4555,-0.035500000000000004,0.01949999999999999,28,-15.031500000000001,15.031500000000001,6591,0.005006827492034593,negative
ADHD,2021,drug,unigram,17,-0.6656666666666666,0.5419999999999999,-0.425,16,-11.316333333333333,11.316333333333333,6591,0.002579274768623881,negative
ADHD,2021,disability,unigram,13,-0.854,-0.036,-0.654,13,-11.102,11.102,6591,0.0019723865877712033,negative
ADHD,2021,symptom,unigram,46,-0.24,0.058,-0.132,42,-11.04,11.04,6591,0.006979214079805796,negative
ADHD,2021,have,unigram,138,0.514,-0.222,0.186,116,70.932,70.932,6591,0.020937642239417388,positive
ADHD,2021,child,unigram,92,0.7689999999999999,-0.0020000000000000018,-0.152,73,70.74799999999999,70.74799999999999,6591,0.013958428159611591,positive
ADHD,2021,with,unigram,253,0.148,-0.119,0.05,196,37.443999999999996,37.443999999999996,6591,0.03838567743893188,positive
ADHD,2021,adult,unigram,54,0.63,-0.018,0.574,40,34.02,34.02,6591,0.008192990441511151,positive
ADHD,2021,add,unigram,94,0.29000000000000004,-0.105,0.063,82,27.260000000000005,27.260000000000005,6591,0.01426187225003793,positive
ADHD,2021,like,unigram,32,0.77225,0.08024999999999999,-0.034499999999999996,31,24.712,24.712,6591,0.004855105446821423,positive
ADHD,2021,include,unigram,38,0.45933333333333337,-0.18066666666666667,0.19333333333333336,38,17.454666666666668,17.454666666666668,6591,0.00576543771810044,positive
ADHD,2021,health,unigram,19,0.8700000000000001,-0.146,0.102,17,16.53,16.53,6591,0.00288271885905022,positive
ADHD,2021,to,unigram,103,0.11,-0.095,-0.167,92,11.33,11.33,6591,0.015627370656956456,positive
ADHD,2021,be,unigram,230,0.04857142857142858,-0.1867142857142857,0.028285714285714286,178,11.171428571428573,11.171428571428573,6591,0.03489607039902898,positive
ADHD,2022,autism,unigram,103,-0.53,0.0,-0.106,83,-54.59,54.59,6954,0.014811619211964337,negative
ADHD,2022,anxiety,unigram,72,-0.708,0.73,-0.316,69,-50.976,50.976,6954,0.010353753235547885,negative
ADHD,2022,depression,unigram,52,-0.938,0.04,-0.536,52,-48.775999999999996,48.775999999999996,6954,0.007477710670117918,negative
ADHD,2022,disorder,unigram,54,-0.675,0.53,-0.494,47,-36.45,36.45,6954,0.007765314926660914,negative
ADHD,2022,of,unigram,194,-0.11099999999999999,-0.119,-0.161,152,-21.534,21.534,6954,0.027897612884670693,negative
ADHD,2022,problem,unigram,20,-0.876,0.288,-0.17,19,-17.52,17.52,6954,0.0028760425654299686,negative
ADHD,2022,diagnose,unigram,38,-0.4555,-0.035500000000000004,0.01949999999999999,36,-17.309,17.309,6954,0.00546448087431694,negative
ADHD,2022,dyslexia,unigram,23,-0.667,-0.167,-0.792,22,-15.341000000000001,15.341000000000001,6954,0.0033074489502444636,negative
ADHD,2022,symptom,unigram,56,-0.24,0.058,-0.132,50,-13.44,13.44,6954,0.00805291918320391,negative
ADHD,2022,disease,unigram,15,-0.8360000000000001,0.049,-0.533,14,-12.540000000000001,12.540000000000001,6954,0.0021570319240724763,negative
ADHD,2022,child,unigram,87,0.7689999999999999,-0.0020000000000000018,-0.152,65,66.90299999999999,66.90299999999999,6954,0.012510785159620362,positive
ADHD,2022,have,unigram,126,0.514,-0.222,0.186,112,64.764,64.764,6954,0.0181190681622088,positive
ADHD,2022,with,unigram,278,0.148,-0.11900000000000001,0.05,212,41.144,41.144,6954,0.03997699165947656,positive
ADHD,2022,adult,unigram,45,0.63,-0.018,0.574,32,28.35,28.35,6954,0.0064710957722174285,positive
ADHD,2022,add,unigram,97,0.29000000000000004,-0.10500000000000001,0.063,79,28.130000000000003,28.130000000000003,6954,0.013948806442335347,positive
ADHD,2022,like,unigram,31,0.77225,0.08024999999999999,-0.034499999999999996,28,23.93975,23.93975,6954,0.004457865976416451,positive
ADHD,2022,include,unigram,38,0.45933333333333337,-0.18066666666666667,0.19333333333333336,37,17.454666666666668,17.454666666666668,6954,0.00546448087431694,positive
ADHD,2022,to,unigram,137,0.11,-0.095,-0.167,117,15.07,15.07,6954,0.019700891573195285,positive
ADHD,2022,help,unigram,38,0.346,-0.058,-0.08,32,13.148,13.148,6954,0.00546448087431694,positive
ADHD,2022,kid,unigram,26,0.47933333333333333,0.052,-0.21866666666666668,23,12.462666666666667,12.462666666666667,6954,0.003738855335058959,positive
ADHD,2023,autism,unigram,93,-0.53,0.0,-0.10600000000000001,81,-49.29,49.29,5469,0.017004936917169502,negative
ADHD,2023,anxiety,unigram,57,-0.7079999999999999,0.73,-0.316,53,-40.355999999999995,40.355999999999995,5469,0.010422380691168404,negative
ADHD,2023,depression,unigram,32,-0.938,0.04,-0.536,32,-30.016,30.016,5469,0.005851161089778753,negative
ADHD,2023,disorder,unigram,41,-0.675,0.53,-0.49400000000000005,37,-27.675,27.675,5469,0.007496800146279028,negative
ADHD,2023,of,unigram,156,-0.11099999999999999,-0.119,-0.161,128,-17.316,17.316,5469,0.02852441031267142,negative
ADHD,2023,dyslexia,unigram,25,-0.667,-0.16699999999999998,-0.792,22,-16.675,16.675,5469,0.00457121960138965,negative
ADHD,2023,diagnose,unigram,28,-0.45550000000000007,-0.035500000000000004,0.01949999999999999,25,-12.754000000000001,12.754000000000001,5469,0.005119765953556409,negative
ADHD,2023,difficulty,unigram,15,-0.7949999999999999,0.45949999999999996,-0.364,14,-11.924999999999999,11.924999999999999,5469,0.0027427317608337905,negative
ADHD,2023,disability,unigram,13,-0.854,-0.036,-0.654,13,-11.102,11.102,5469,0.0023770341927226183,negative
ADHD,2023,trauma,unigram,14,-0.776,0.584,-0.094,12,-10.864,10.864,5469,0.0025598829767782046,negative
ADHD,2023,child,unigram,94,0.7689999999999999,-0.0020000000000000018,-0.152,79,72.28599999999999,72.28599999999999,5469,0.017187785701225086,positive
ADHD,2023,have,unigram,122,0.514,-0.222,0.186,102,62.708,62.708,5469,0.022307551654781495,positive
ADHD,2023,with,unigram,229,0.148,-0.119,0.05,178,33.891999999999996,33.891999999999996,5469,0.0418723715487292,positive
ADHD,2023,like,unigram,22,0.77225,0.08024999999999999,-0.034499999999999996,22,16.9895,16.9895,5469,0.004022673249222892,positive
ADHD,2023,include,unigram,34,0.45933333333333337,-0.18066666666666667,0.19333333333333336,32,15.617333333333335,15.617333333333335,5469,0.006216858657889925,positive
ADHD,2023,add,unigram,53,0.29000000000000004,-0.105,0.063,48,15.370000000000001,15.370000000000001,5469,0.009690985554946059,positive
ADHD,2023,adult,unigram,23,0.63,-0.018,0.574,19,14.49,14.49,5469,0.004205522033278479,positive
ADHD,2023,parent,unigram,20,0.624,-0.286,0.72,15,12.48,12.48,5469,0.0036569756811117207,positive
ADHD,2023,relationship,unigram,14,0.734,0.132,0.178,11,10.276,10.276,5469,0.0025598829767782046,positive
ADHD,2023,developmental,unigram,14,0.704,0.667,0.292,14,9.856,9.856,5469,0.0025598829767782046,positive
ADHD,2024,autism,unigram,111,-0.53,0.0,-0.106,99,-58.830000000000005,58.830000000000005,5025,0.02208955223880597,negative
ADHD,2024,depression,unigram,56,-0.938,0.04,-0.536,49,-52.528,52.528,5025,0.011144278606965175,negative
ADHD,2024,disorder,unigram,76,-0.675,0.53,-0.49399999999999994,56,-51.300000000000004,51.300000000000004,5025,0.015124378109452736,negative
ADHD,2024,anxiety,unigram,57,-0.7079999999999999,0.73,-0.316,51,-40.355999999999995,40.355999999999995,5025,0.011343283582089553,negative
ADHD,2024,dyslexia,unigram,39,-0.667,-0.167,-0.792,35,-26.013,26.013,5025,0.007761194029850746,negative
ADHD,2024,diagnose,unigram,38,-0.4555,-0.035500000000000004,0.01949999999999999,36,-17.309,17.309,5025,0.007562189054726368,negative
ADHD,2024,of,unigram,141,-0.111,-0.119,-0.161,115,-15.651,15.651,5025,0.028059701492537312,negative
ADHD,2024,spectrum,unigram,33,-0.376,0.4,0.054,29,-12.408,12.408,5025,0.006567164179104477,negative
ADHD,2024,symptom,unigram,31,-0.24,0.058,-0.132,28,-7.4399999999999995,7.4399999999999995,5025,0.006169154228855721,negative
ADHD,2024,disease,unigram,7,-0.8360000000000001,0.049,-0.533,6,-5.852,5.852,5025,0.0013930348258706469,negative
ADHD,2024,child,unigram,67,0.7689999999999999,-0.0020000000000000018,-0.152,57,51.522999999999996,51.522999999999996,5025,0.013333333333333334,positive
ADHD,2024,have,unigram,83,0.514,-0.22200000000000003,0.186,73,42.662,42.662,5025,0.016517412935323383,positive
ADHD,2024,with,unigram,200,0.148,-0.11899999999999998,0.05,164,29.599999999999998,29.599999999999998,5025,0.03980099502487562,positive
ADHD,2024,like,unigram,33,0.77225,0.08024999999999999,-0.034499999999999996,29,25.48425,25.48425,5025,0.006567164179104477,positive
ADHD,2024,adult,unigram,29,0.63,-0.017999999999999995,0.574,21,18.27,18.27,5025,0.005771144278606965,positive
ADHD,2024,include,unigram,31,0.45933333333333337,-0.18066666666666667,0.19333333333333336,31,14.239333333333335,14.239333333333335,5025,0.006169154228855721,positive
ADHD,2024,add,unigram,47,0.29000000000000004,-0.105,0.063,44,13.630000000000003,13.630000000000003,5025,0.009353233830845771,positive
ADHD,2024,to,unigram,96,0.11,-0.09500000000000001,-0.167,88,10.56,10.56,5025,0.0191044776119403,positive
ADHD,2024,be,unigram,163,0.04857142857142858,-0.1867142857142857,0.028285714285714286,129,7.917142857142858,7.917142857142858,5025,0.032437810945273635,positive
ADHD,2024,may,unigram,19,0.408,-0.45399999999999996,-0.51,18,7.752,7.752,5025,0.003781094527363184,positive
ADHD,2025,autism,unigram,108,-0.53,0.0,-0.106,90,-57.24,57.24,4551,0.023731048121292023,negative
ADHD,2025,anxiety,unigram,57,-0.7079999999999999,0.73,-0.316,50,-40.355999999999995,40.355999999999995,4551,0.012524719841793012,negative
ADHD,2025,depression,unigram,39,-0.9380000000000001,0.04,-0.536,34,-36.582,36.582,4551,0.008569545154911009,negative
ADHD,2025,disorder,unigram,38,-0.675,0.53,-0.49399999999999994,35,-25.650000000000002,25.650000000000002,4551,0.008349813227862008,negative
ADHD,2025,dyslexia,unigram,20,-0.667,-0.167,-0.792,17,-13.34,13.34,4551,0.004394638540980004,negative
ADHD,2025,mental disorder,mwe,11,-0.8919999999999999,0.204,-0.428,11,-9.812,9.812,4551,0.0024170511975390024,negative
ADHD,2025,trauma,unigram,11,-0.7759999999999999,0.584,-0.094,10,-8.536,8.536,4551,0.0024170511975390024,negative
ADHD,2025,clinical,unigram,26,-0.326,-0.176,0.28,24,-8.476,8.476,4551,0.005713030103274006,negative
ADHD,2025,of,unigram,75,-0.11099999999999999,-0.11899999999999998,-0.161,66,-8.325,8.325,4551,0.016479894528675015,negative
ADHD,2025,mental health,mwe,28,-0.296,0.148,-0.096,28,-8.288,8.288,4551,0.0061524939573720065,negative
ADHD,2025,child,unigram,57,0.7689999999999998,-0.0020000000000000018,-0.152,44,43.83299999999999,43.83299999999999,4551,0.012524719841793012,positive
ADHD,2025,have,unigram,48,0.514,-0.222,0.18600000000000003,43,24.672,24.672,4551,0.01054713249835201,positive
ADHD,2025,with,unigram,161,0.148,-0.119,0.05,126,23.828,23.828,4551,0.03537684025488903,positive
ADHD,2025,like,unigram,26,0.7722499999999999,0.08024999999999999,-0.034499999999999996,24,20.0785,20.0785,4551,0.005713030103274006,positive
ADHD,2025,health,unigram,23,0.8700000000000001,-0.146,0.10199999999999998,23,20.01,20.01,4551,0.005053834322127005,positive
ADHD,2025,adult,unigram,30,0.63,-0.018,0.574,26,18.9,18.9,4551,0.0065919578114700065,positive
ADHD,2025,assessment,unigram,29,0.5,0.24600000000000002,0.316,24,14.5,14.5,4551,0.0063722258844210065,positive
ADHD,2025,include,unigram,27,0.45933333333333337,-0.18066666666666667,0.19333333333333336,26,12.402000000000001,12.402000000000001,4551,0.005932762030323006,positive
ADHD,2025,thrive,unigram,14,0.813,0.05,0.551,13,11.382,11.382,4551,0.0030762469786860033,positive
ADHD,2025,advance,unigram,18,0.6306666666666666,0.13533333333333333,0.6773333333333333,18,11.351999999999999,11.351999999999999,4551,0.003955174686882004,positive
ADHD,2026,autism,unigram,68,-0.53,0.0,-0.106,49,-36.04,36.04,1909,0.035620743844945,negative
ADHD,2026,anxiety,unigram,34,-0.708,0.73,-0.316,32,-24.072,24.072,1909,0.0178103719224725,negative
ADHD,2026,disorder,unigram,22,-0.675,0.53,-0.494,21,-14.850000000000001,14.850000000000001,1909,0.011524358302776323,negative
ADHD,2026,depression,unigram,14,-0.938,0.04,-0.536,13,-13.132,13.132,1909,0.007333682556312206,negative
ADHD,2026,dyslexia,unigram,13,-0.667,-0.167,-0.792,13,-8.671000000000001,8.671000000000001,1909,0.006809848088004191,negative
ADHD,2026,abuse,unigram,7,-0.908,0.747,-0.296,7,-6.356,6.356,1909,0.003666841278156103,negative
ADHD,2026,diagnose,unigram,10,-0.45549999999999996,-0.035500000000000004,0.01949999999999999,10,-4.555,4.555,1909,0.005238344683080147,negative
ADHD,2026,of,unigram,41,-0.111,-0.119,-0.161,34,-4.551,4.551,1909,0.021477213200628602,negative
ADHD,2026,learn disability,mwe,7,-0.5,0.174,-0.656,5,-3.5,3.5,1909,0.003666841278156103,negative
ADHD,2026,spectrum,unigram,9,-0.376,0.4,0.054,9,-3.384,3.384,1909,0.004714510214772132,negative
ADHD,2026,have,unigram,31,0.514,-0.222,0.186,28,15.934000000000001,15.934000000000001,1909,0.016238868517548456,positive
ADHD,2026,adult,unigram,20,0.63,-0.018,0.574,17,12.6,12.6,1909,0.010476689366160294,positive
ADHD,2026,like,unigram,15,0.77225,0.08024999999999999,-0.034499999999999996,14,11.58375,11.58375,1909,0.00785751702462022,positive
ADHD,2026,with,unigram,78,0.148,-0.119,0.05,63,11.543999999999999,11.543999999999999,1909,0.040859088528025146,positive
ADHD,2026,child,unigram,11,0.769,-0.0020000000000000018,-0.152,9,8.459,8.459,1909,0.005762179151388162,positive
ADHD,2026,include,unigram,16,0.45933333333333337,-0.18066666666666667,0.19333333333333336,15,7.349333333333334,7.349333333333334,1909,0.008381351492928235,positive
ADHD,2026,add,unigram,20,0.29000000000000004,-0.10500000000000001,0.063,18,5.800000000000001,5.800000000000001,1909,0.010476689366160294,positive
ADHD,2026,assessment,unigram,11,0.5,0.246,0.316,8,5.5,5.5,1909,0.005762179151388162,positive
ADHD,2026,professional,unigram,6,0.666,-0.106,0.886,5,3.9960000000000004,3.9960000000000004,1909,0.003143006809848088,positive
ADHD,2026,understand,unigram,6,0.6033333333333334,-0.254,0.3453333333333333,6,3.62,3.62,1909,0.003143006809848088,positive
Autism,2014,disorder,unigram,525,-0.675,0.53,-0.49400000000000005,407,-354.375,354.375,25840,0.02031733746130031,negative
Autism,2014,disability,unigram,111,-0.854,-0.036,-0.654,97,-94.794,94.794,25840,0.004295665634674923,negative
Autism,2014,of,unigram,840,-0.11099999999999999,-0.119,-0.161,654,-93.24,93.24,25840,0.032507739938080496,negative
Autism,2014,diagnose,unigram,104,-0.4555,-0.035500000000000004,0.019499999999999986,93,-47.372,47.372,25840,0.004024767801857585,negative
Autism,2014,syndrome,unigram,69,-0.542,0.02,-0.508,65,-37.398,37.398,25840,0.002670278637770898,negative
Autism,2014,adhd,unigram,76,-0.484,-0.054,-0.072,69,-36.784,36.784,25840,0.0029411764705882353,negative
Autism,2014,spectrum,unigram,97,-0.376,0.4,0.05399999999999999,86,-36.472,36.472,25840,0.0037538699690402477,negative
Autism,2014,disease,unigram,43,-0.836,0.049,-0.533,38,-35.948,35.948,25840,0.0016640866873065016,negative
Autism,2014,schizophrenia,unigram,40,-0.8160000000000001,0.76,-0.13,34,-32.64,32.64,25840,0.0015479876160990713,negative
Autism,2014,problem,unigram,30,-0.876,0.288,-0.17,29,-26.28,26.28,25840,0.0011609907120743034,negative
Autism,2014,child,unigram,601,0.7689999999999999,-0.0020000000000000018,-0.152,474,462.1689999999999,462.1689999999999,25840,0.023258513931888544,positive
Autism,2014,have,unigram,497,0.514,-0.222,0.186,437,255.458,255.458,25840,0.01923374613003096,positive
Autism,2014,with,unigram,1001,0.148,-0.119,0.05,751,148.148,148.148,25840,0.03873839009287926,positive
Autism,2014,family,unigram,90,0.8845000000000001,-0.40850000000000003,0.254,83,79.605,79.605,25840,0.00348297213622291,positive
Autism,2014,developmental,unigram,101,0.704,0.667,0.292,88,71.104,71.104,25840,0.003908668730650155,positive
Autism,2014,to,unigram,540,0.11,-0.095,-0.167,460,59.4,59.4,25840,0.02089783281733746,positive
Autism,2014,son,unigram,100,0.584,-0.27,0.05600000000000001,91,58.4,58.4,25840,0.003869969040247678,positive
Autism,2014,awareness,unigram,151,0.368,-0.156,0.62,111,55.568,55.568,25840,0.0058436532507739935,positive
Autism,2014,parent,unigram,76,0.624,-0.286,0.72,72,47.424,47.424,25840,0.0029411764705882353,positive
Autism,2014,adult,unigram,72,0.63,-0.018,0.574,60,45.36,45.36,25840,0.0027863777089783283,positive
Autism,2015,disorder,unigram,439,-0.6750000000000002,0.53,-0.49399999999999994,354,-296.32500000000005,296.32500000000005,20038,0.02190837408923046,negative
Autism,2015,of,unigram,672,-0.111,-0.11899999999999998,-0.161,538,-74.592,74.592,20038,0.03353628106597465,negative
Autism,2015,disability,unigram,87,-0.854,-0.036,-0.654,78,-74.298,74.298,20038,0.004341750673719932,negative
Autism,2015,diagnose,unigram,112,-0.45550000000000007,-0.035500000000000004,0.01949999999999999,104,-51.016000000000005,51.016000000000005,20038,0.005589380177662442,negative
Autism,2015,adhd,unigram,81,-0.484,-0.05399999999999999,-0.072,77,-39.204,39.204,20038,0.00404231959277373,negative
Autism,2015,disease,unigram,38,-0.8360000000000001,0.049,-0.533,34,-31.768000000000004,31.768000000000004,20038,0.0018963968459926141,negative
Autism,2015,syndrome,unigram,53,-0.542,0.02,-0.508,48,-28.726000000000003,28.726000000000003,20038,0.00264497454835812,negative
Autism,2015,depression,unigram,29,-0.938,0.039999999999999994,-0.536,28,-27.201999999999998,27.201999999999998,20038,0.0014472502245733107,negative
Autism,2015,spectrum,unigram,71,-0.376,0.4,0.054,66,-26.696,26.696,20038,0.0035432677911967263,negative
Autism,2015,problem,unigram,29,-0.876,0.2879999999999999,-0.17,28,-25.404,25.404,20038,0.0014472502245733107,negative
Autism,2015,child,unigram,489,0.7689999999999999,-0.0020000000000000018,-0.152,403,376.04099999999994,376.04099999999994,20038,0.02440363309711548,positive
Autism,2015,have,unigram,341,0.514,-0.222,0.186,299,175.274,175.274,20038,0.017017666433775825,positive
Autism,2015,with,unigram,796,0.148,-0.11899999999999998,0.05,601,117.80799999999999,117.80799999999999,20038,0.0397245234055295,positive
Autism,2015,to,unigram,473,0.11,-0.095,-0.167,389,52.03,52.03,20038,0.023605150214592276,positive
Autism,2015,son,unigram,84,0.584,-0.27,0.055999999999999994,80,49.056,49.056,20038,0.004192035133246831,positive
Autism,2015,developmental,unigram,65,0.704,0.667,0.292,62,45.76,45.76,20038,0.003243836710250524,positive
Autism,2015,awareness,unigram,121,0.368,-0.156,0.62,90,44.528,44.528,20038,0.006038526799081745,positive
Autism,2015,family,unigram,50,0.8845000000000001,-0.4084999999999999,0.254,43,44.225,44.225,20038,0.0024952590078850183,positive
Autism,2015,like,unigram,51,0.77225,0.08024999999999999,-0.034499999999999996,46,39.38475,39.38475,20038,0.002545164188042719,positive
Autism,2015,support,unigram,67,0.532,-0.08666666666666667,0.4093333333333333,54,35.644000000000005,35.644000000000005,20038,0.0033436470705659246,positive
Autism,2016,disorder,unigram,483,-0.675,0.53,-0.494,368,-326.02500000000003,326.02500000000003,22573,0.02139724449563638,negative
Autism,2016,disability,unigram,109,-0.854,-0.036,-0.654,98,-93.086,93.086,22573,0.0048287777433216675,negative
Autism,2016,of,unigram,732,-0.11099999999999999,-0.11899999999999998,-0.161,577,-81.252,81.252,22573,0.032428122092765695,negative
Autism,2016,adhd,unigram,108,-0.484,-0.054,-0.072,97,-52.272,52.272,22573,0.0047844770300801845,negative
Autism,2016,diagnose,unigram,83,-0.4555,-0.035500000000000004,0.01949999999999999,75,-37.8065,37.8065,22573,0.0036769591990431045,negative
Autism,2016,syndrome,unigram,63,-0.542,0.02,-0.508,59,-34.146,34.146,22573,0.002790944934213441,negative
Autism,2016,depression,unigram,34,-0.938,0.04,-0.536,30,-31.892,31.892,22573,0.0015062242502104283,negative
Autism,2016,spectrum,unigram,83,-0.376,0.4,0.054,73,-31.208,31.208,22573,0.0036769591990431045,negative
Autism,2016,anxiety,unigram,43,-0.708,0.73,-0.316,40,-30.444,30.444,22573,0.0019049306693837771,negative
Autism,2016,schizophrenia,unigram,36,-0.816,0.76,-0.13,28,-29.375999999999998,29.375999999999998,22573,0.0015948256766933947,negative
Autism,2016,child,unigram,502,0.7689999999999999,-0.0020000000000000018,-0.152,408,386.03799999999995,386.03799999999995,22573,0.02223895804722456,positive
Autism,2016,have,unigram,371,0.514,-0.22199999999999998,0.186,320,190.69400000000002,190.69400000000002,22573,0.016435564612590263,positive
Autism,2016,with,unigram,967,0.148,-0.119,0.05,737,143.11599999999999,143.11599999999999,22573,0.04283878970451424,positive
Autism,2016,family,unigram,82,0.8845000000000002,-0.4085,0.254,78,72.52900000000001,72.52900000000001,22573,0.0036326584858016216,positive
Autism,2016,awareness,unigram,178,0.36800000000000005,-0.156,0.62,117,65.504,65.504,22573,0.007885526956984008,positive
Autism,2016,developmental,unigram,83,0.704,0.667,0.292,77,58.431999999999995,58.431999999999995,22573,0.0036769591990431045,positive
Autism,2016,to,unigram,485,0.11,-0.095,-0.167,407,53.35,53.35,22573,0.021485845922119346,positive
Autism,2016,son,unigram,87,0.584,-0.27,0.056,79,50.808,50.808,22573,0.0038541620520090372,positive
Autism,2016,like,unigram,61,0.77225,0.08024999999999999,-0.034499999999999996,58,47.10725,47.10725,22573,0.0027023435077304743,positive
Autism,2016,include,unigram,99,0.45933333333333337,-0.18066666666666667,0.19333333333333333,93,45.474000000000004,45.474000000000004,22573,0.004385770610906835,positive
Autism,2017,disorder,unigram,424,-0.6750000000000002,0.53,-0.494,327,-286.20000000000005,286.20000000000005,21649,0.019585200240195853,negative
Autism,2017,disability,unigram,87,-0.854,-0.036,-0.654,75,-74.298,74.298,21649,0.004018661370040187,negative
Autism,2017,of,unigram,659,-0.111,-0.119,-0.161,532,-73.149,73.149,21649,0.0304402050903044,negative
Autism,2017,adhd,unigram,105,-0.484,-0.054,-0.072,92,-50.82,50.82,21649,0.004850108550048501,negative
Autism,2017,diagnose,unigram,98,-0.4555,-0.035500000000000004,0.01949999999999999,94,-44.639,44.639,21649,0.004526767980045267,negative
Autism,2017,spectrum,unigram,101,-0.376,0.4000000000000001,0.054,89,-37.976,37.976,21649,0.004665342510046654,negative
Autism,2017,syndrome,unigram,69,-0.542,0.02,-0.508,62,-37.398,37.398,21649,0.003187214190031872,negative
Autism,2017,depression,unigram,39,-0.9380000000000001,0.04,-0.536,36,-36.582,36.582,21649,0.0018014688900180147,negative
Autism,2017,disease,unigram,40,-0.8360000000000001,0.049,-0.533,37,-33.440000000000005,33.440000000000005,21649,0.0018476604000184766,negative
Autism,2017,anxiety,unigram,43,-0.708,0.73,-0.316,42,-30.444,30.444,21649,0.0019862349300198623,negative
Autism,2017,child,unigram,473,0.7689999999999999,-0.0020000000000000018,-0.152,371,363.73699999999997,363.73699999999997,21649,0.021848584230218487,positive
Autism,2017,have,unigram,406,0.514,-0.222,0.18600000000000003,338,208.684,208.684,21649,0.018753753060187537,positive
Autism,2017,with,unigram,903,0.148,-0.119,0.05000000000000001,706,133.644,133.644,21649,0.04171093353041711,positive
Autism,2017,family,unigram,79,0.8845000000000001,-0.4085,0.254,67,69.8755,69.8755,21649,0.0036491292900364914,positive
Autism,2017,son,unigram,97,0.584,-0.27,0.056,82,56.647999999999996,56.647999999999996,21649,0.004480576470044806,positive
Autism,2017,to,unigram,464,0.11,-0.095,-0.167,390,51.04,51.04,21649,0.021432860640214327,positive
Autism,2017,developmental,unigram,71,0.704,0.667,0.292,69,49.983999999999995,49.983999999999995,21649,0.003279597210032796,positive
Autism,2017,include,unigram,88,0.45933333333333337,-0.18066666666666667,0.19333333333333336,82,40.42133333333334,40.42133333333334,21649,0.004064852880040649,positive
Autism,2017,awareness,unigram,107,0.368,-0.156,0.62,85,39.376,39.376,21649,0.004942491570049425,positive
Autism,2017,support,unigram,72,0.532,-0.08666666666666667,0.4093333333333333,62,38.304,38.304,21649,0.003325788720033258,positive
Autism,2018,disorder,unigram,415,-0.675,0.53,-0.494,334,-280.125,280.125,20104,0.020642658177477118,negative
Autism,2018,disability,unigram,104,-0.854,-0.036,-0.654,90,-88.816,88.816,20104,0.005173099880620772,negative
Autism,2018,of,unigram,605,-0.111,-0.11899999999999998,-0.161,478,-67.155,67.155,20104,0.030093513728611222,negative
Autism,2018,adhd,unigram,127,-0.484,-0.054,-0.072,114,-61.467999999999996,61.467999999999996,20104,0.006317150815758058,negative
Autism,2018,spectrum,unigram,108,-0.37599999999999995,0.4,0.054,88,-40.608,40.608,20104,0.005372065260644648,negative
Autism,2018,diagnose,unigram,83,-0.4555,-0.035500000000000004,0.01949999999999999,74,-37.8065,37.8065,20104,0.004128531635495424,negative
Autism,2018,disease,unigram,39,-0.8360000000000002,0.049,-0.533,38,-32.604000000000006,32.604000000000006,20104,0.0019399124552327894,negative
Autism,2018,syndrome,unigram,51,-0.542,0.02,-0.508,45,-27.642000000000003,27.642000000000003,20104,0.002536808595304417,negative
Autism,2018,severe,unigram,36,-0.672,0.47,0.27,30,-24.192,24.192,20104,0.0017906884202148826,negative
Autism,2018,down syndrome,mwe,38,-0.608,-0.016,-0.5,37,-23.104,23.104,20104,0.0018901711102268205,negative
Autism,2018,child,unigram,429,0.7689999999999999,-0.0020000000000000018,-0.152,343,329.90099999999995,329.90099999999995,20104,0.021339037007560683,positive
Autism,2018,have,unigram,367,0.514,-0.222,0.186,313,188.638,188.638,20104,0.018255073617190608,positive
Autism,2018,with,unigram,813,0.148,-0.119,0.05000000000000001,628,120.324,120.324,20104,0.040439713489852765,positive
Autism,2018,family,unigram,60,0.8845000000000002,-0.4085,0.254,52,53.07000000000001,53.07000000000001,20104,0.0029844807003581377,positive
Autism,2018,developmental,unigram,74,0.704,0.667,0.292,69,52.096,52.096,20104,0.003680859530441703,positive
Autism,2018,to,unigram,437,0.11,-0.095,-0.167,368,48.07,48.07,20104,0.021736967767608435,positive
Autism,2018,awareness,unigram,124,0.368,-0.156,0.62,93,45.632,45.632,20104,0.006167926780740151,positive
Autism,2018,son,unigram,78,0.584,-0.27,0.056,71,45.552,45.552,20104,0.003879824910465579,positive
Autism,2018,include,unigram,98,0.45933333333333337,-0.18066666666666664,0.19333333333333336,94,45.01466666666667,45.01466666666667,20104,0.004874651810584958,positive
Autism,2018,like,unigram,55,0.77225,0.08024999999999999,-0.034499999999999996,52,42.47375,42.47375,20104,0.002735773975328293,positive
Autism,2019,disorder,unigram,381,-0.675,0.53,-0.494,297,-257.175,257.175,18640,0.020439914163090128,negative
Autism,2019,disability,unigram,76,-0.854,-0.036,-0.654,72,-64.904,64.904,18640,0.00407725321888412,negative
Autism,2019,of,unigram,510,-0.111,-0.119,-0.161,405,-56.61,56.61,18640,0.02736051502145923,negative
Autism,2019,adhd,unigram,102,-0.48399999999999993,-0.054,-0.072,87,-49.367999999999995,49.367999999999995,18640,0.005472103004291845,negative
Autism,2019,diagnose,unigram,80,-0.45549999999999996,-0.035500000000000004,0.01949999999999999,74,-36.44,36.44,18640,0.004291845493562232,negative
Autism,2019,spectrum,unigram,83,-0.376,0.4,0.054,71,-31.208,31.208,18640,0.004452789699570816,negative
Autism,2019,disease,unigram,34,-0.8360000000000001,0.049,-0.533,30,-28.424000000000003,28.424000000000003,18640,0.0018240343347639485,negative
Autism,2019,depression,unigram,22,-0.938,0.04,-0.536,19,-20.636,20.636,18640,0.0011802575107296136,negative
Autism,2019,anxiety,unigram,29,-0.708,0.73,-0.316,28,-20.532,20.532,18640,0.001555793991416309,negative
Autism,2019,schizophrenia,unigram,24,-0.816,0.7600000000000001,-0.13,20,-19.584,19.584,18640,0.0012875536480686696,negative
Autism,2019,child,unigram,388,0.7689999999999999,-0.0020000000000000018,-0.152,318,298.37199999999996,298.37199999999996,18640,0.020815450643776823,positive
Autism,2019,have,unigram,308,0.514,-0.222,0.186,268,158.312,158.312,18640,0.01652360515021459,positive
Autism,2019,with,unigram,814,0.148,-0.119,0.05,619,120.472,120.472,18640,0.043669527896995707,positive
Autism,2019,family,unigram,58,0.8845000000000001,-0.4085,0.254,56,51.301,51.301,18640,0.003111587982832618,positive
Autism,2019,support,unigram,94,0.532,-0.08666666666666667,0.4093333333333333,81,50.008,50.008,18640,0.0050429184549356226,positive
Autism,2019,developmental,unigram,71,0.704,0.667,0.292,64,49.983999999999995,49.983999999999995,18640,0.0038090128755364806,positive
Autism,2019,to,unigram,394,0.11000000000000001,-0.095,-0.167,330,43.34,43.34,18640,0.021137339055793992,positive
Autism,2019,adult,unigram,68,0.63,-0.018,0.574,60,42.84,42.84,18640,0.003648068669527897,positive
Autism,2019,son,unigram,69,0.584,-0.27,0.056,65,40.296,40.296,18640,0.003701716738197425,positive
Autism,2019,include,unigram,86,0.45933333333333337,-0.18066666666666667,0.19333333333333336,84,39.50266666666667,39.50266666666667,18640,0.004613733905579399,positive
Autism,2020,disorder,unigram,363,-0.675,0.53,-0.494,279,-245.025,245.025,15934,0.02278147357851136,negative
Autism,2020,disability,unigram,87,-0.854,-0.036,-0.654,80,-74.298,74.298,15934,0.005460022593196937,negative
Autism,2020,of,unigram,506,-0.111,-0.119,-0.161,389,-56.166000000000004,56.166000000000004,15934,0.03175599347307644,negative
Autism,2020,adhd,unigram,112,-0.484,-0.054,-0.072,93,-54.208,54.208,15934,0.007028994602736287,negative
Autism,2020,diagnose,unigram,68,-0.4555,-0.035500000000000004,0.01949999999999999,63,-30.974,30.974,15934,0.004267603865947031,negative
Autism,2020,disease,unigram,35,-0.8360000000000001,0.049,-0.533,33,-29.26,29.26,15934,0.0021965608133550896,negative
Autism,2020,spectrum,unigram,74,-0.376,0.4,0.054,64,-27.824,27.824,15934,0.0046441571482364755,negative
Autism,2020,anxiety,unigram,38,-0.708,0.73,-0.316,35,-26.904,26.904,15934,0.002384837454499812,negative
Autism,2020,depression,unigram,28,-0.938,0.04,-0.536,26,-26.264,26.264,15934,0.0017572486506840718,negative
Autism,2020,down syndrome,mwe,39,-0.608,-0.016,-0.5,38,-23.712,23.712,15934,0.002447596334881386,negative
Autism,2020,child,unigram,355,0.7689999999999999,-0.0020000000000000018,-0.152,282,272.99499999999995,272.99499999999995,15934,0.022279402535458768,positive
Autism,2020,have,unigram,271,0.514,-0.222,0.186,235,139.294,139.294,15934,0.01700765658340655,positive
Autism,2020,with,unigram,663,0.148,-0.11899999999999998,0.049999999999999996,510,98.124,98.124,15934,0.04160913769298356,positive
Autism,2020,family,unigram,55,0.8845000000000001,-0.4085,0.254,48,48.6475,48.6475,15934,0.0034517384209865696,positive
Autism,2020,son,unigram,67,0.584,-0.27,0.056,61,39.128,39.128,15934,0.0042048449855654575,positive
Autism,2020,developmental,unigram,52,0.704,0.667,0.292,46,36.608,36.608,15934,0.003263461779841848,positive
Autism,2020,to,unigram,324,0.11,-0.095,-0.167,274,35.64,35.64,15934,0.020333877243629974,positive
Autism,2020,adult,unigram,54,0.63,-0.018,0.574,48,34.02,34.02,15934,0.0033889795406049955,positive
Autism,2020,support,unigram,62,0.532,-0.08666666666666666,0.4093333333333333,53,32.984,32.984,15934,0.0038910505836575876,positive
Autism,2020,include,unigram,67,0.45933333333333337,-0.18066666666666667,0.19333333333333336,63,30.775333333333336,30.775333333333336,15934,0.0042048449855654575,positive
Autism,2021,disorder,unigram,341,-0.675,0.53,-0.49400000000000005,249,-230.175,230.175,15388,0.022160124772550038,negative
Autism,2021,disability,unigram,97,-0.854,-0.036,-0.654,86,-82.838,82.838,15388,0.006303613205094879,negative
Autism,2021,of,unigram,455,-0.111,-0.119,-0.16099999999999998,360,-50.505,50.505,15388,0.029568494931115154,negative
Autism,2021,adhd,unigram,88,-0.484,-0.054,-0.072,78,-42.592,42.592,15388,0.005718741876787107,negative
Autism,2021,diagnose,unigram,81,-0.45549999999999996,-0.035500000000000004,0.01949999999999999,79,-36.8955,36.8955,15388,0.005263841954769951,negative
Autism,2021,disease,unigram,30,-0.8360000000000001,0.049,-0.533,28,-25.080000000000002,25.080000000000002,15388,0.001949571094359241,negative
Autism,2021,spectrum,unigram,63,-0.376,0.4,0.054,53,-23.688,23.688,15388,0.004094099298154406,negative
Autism,2021,syndrome,unigram,35,-0.542,0.02,-0.508,28,-18.970000000000002,18.970000000000002,15388,0.002274499610085781,negative
Autism,2021,depression,unigram,20,-0.938,0.04,-0.536,20,-18.759999999999998,18.759999999999998,15388,0.0012997140629061607,negative
Autism,2021,epilepsy,unigram,20,-0.791,0.8539999999999999,-0.625,15,-15.82,15.82,15388,0.0012997140629061607,negative
Autism,2021,child,unigram,375,0.7689999999999998,-0.0020000000000000018,-0.152,273,288.37499999999994,288.37499999999994,15388,0.02436963867949051,positive
Autism,2021,have,unigram,275,0.514,-0.222,0.186,229,141.35,141.35,15388,0.01787106836495971,positive
Autism,2021,with,unigram,678,0.148,-0.11900000000000001,0.049999999999999996,500,100.344,100.344,15388,0.044060306732518845,positive
Autism,2021,to,unigram,327,0.11,-0.095,-0.167,264,35.97,35.97,15388,0.021250324928515727,positive
Autism,2021,developmental,unigram,50,0.704,0.667,0.292,43,35.199999999999996,35.199999999999996,15388,0.0032492851572654014,positive
Autism,2021,support,unigram,61,0.5319999999999999,-0.08666666666666667,0.4093333333333333,51,32.452,32.452,15388,0.00396412789186379,positive
Autism,2021,adult,unigram,51,0.63,-0.018,0.574,44,32.13,32.13,15388,0.0033142708604107095,positive
Autism,2021,parent,unigram,50,0.624,-0.286,0.72,46,31.2,31.2,15388,0.0032492851572654014,positive
Autism,2021,family,unigram,35,0.8845000000000001,-0.4085,0.254,32,30.957500000000003,30.957500000000003,15388,0.002274499610085781,positive
Autism,2021,son,unigram,53,0.584,-0.27,0.056,52,30.951999999999998,30.951999999999998,15388,0.0034442422667013257,positive
Autism,2022,disorder,unigram,317,-0.675,0.53,-0.49399999999999994,242,-213.97500000000002,213.97500000000002,12916,0.024543202229792505,negative
Autism,2022,disability,unigram,69,-0.854,-0.036,-0.654,62,-58.926,58.926,12916,0.0053422112109012074,negative
Autism,2022,adhd,unigram,111,-0.484,-0.054,-0.072,87,-53.724,53.724,12916,0.008593991947971509,negative
Autism,2022,of,unigram,380,-0.111,-0.119,-0.161,303,-42.18,42.18,12916,0.029420873335397956,negative
Autism,2022,diagnose,unigram,67,-0.4555,-0.035500000000000004,0.01949999999999999,61,-30.5185,30.5185,12916,0.0051873645091359555,negative
Autism,2022,anxiety,unigram,39,-0.708,0.73,-0.316,37,-27.612,27.612,12916,0.003019510684422422,negative
Autism,2022,spectrum,unigram,61,-0.376,0.4,0.054,56,-22.936,22.936,12916,0.004722824403840198,negative
Autism,2022,learn disability,mwe,41,-0.5,0.174,-0.656,35,-20.5,20.5,12916,0.0031743573861876743,negative
Autism,2022,difficulty,unigram,24,-0.7949999999999999,0.45949999999999996,-0.36400000000000005,23,-19.08,19.08,12916,0.0018581604211830288,negative
Autism,2022,depression,unigram,17,-0.938,0.04,-0.536,17,-15.946,15.946,12916,0.0013161969650046454,negative
Autism,2022,child,unigram,265,0.7689999999999999,-0.0020000000000000018,-0.152,205,203.78499999999997,203.78499999999997,12916,0.020517187983895943,positive
Autism,2022,have,unigram,242,0.514,-0.222,0.186,199,124.388,124.388,12916,0.01873645091359554,positive
Autism,2022,with,unigram,528,0.148,-0.119,0.05,407,78.14399999999999,78.14399999999999,12916,0.040879529266026636,positive
Autism,2022,family,unigram,35,0.8845000000000001,-0.4085,0.254,34,30.957500000000003,30.957500000000003,12916,0.002709817280891917,positive
Autism,2022,support,unigram,58,0.532,-0.08666666666666668,0.4093333333333333,49,30.856,30.856,12916,0.00449055435119232,positive
Autism,2022,include,unigram,64,0.45933333333333337,-0.18066666666666667,0.19333333333333336,59,29.397333333333336,29.397333333333336,12916,0.004955094456488077,positive
Autism,2022,to,unigram,266,0.11,-0.095,-0.167,215,29.26,29.26,12916,0.020594611334778568,positive
Autism,2022,son,unigram,46,0.584,-0.27,0.056,40,26.863999999999997,26.863999999999997,12916,0.003561474140600805,positive
Autism,2022,developmental,unigram,37,0.704,0.667,0.292,33,26.048,26.048,12916,0.0028646639826571695,positive
Autism,2022,people,unigram,130,0.198,-0.15000000000000002,0.179,103,25.740000000000002,25.740000000000002,12916,0.010065035614741405,positive
Autism,2023,disorder,unigram,276,-0.675,0.53,-0.494,196,-186.3,186.3,11160,0.024731182795698924,negative
Autism,2023,adhd,unigram,92,-0.484,-0.054,-0.072,81,-44.528,44.528,11160,0.008243727598566309,negative
Autism,2023,of,unigram,383,-0.111,-0.119,-0.161,281,-42.513,42.513,11160,0.03431899641577061,negative
Autism,2023,disability,unigram,46,-0.854,-0.036,-0.654,40,-39.284,39.284,11160,0.004121863799283154,negative
Autism,2023,diagnose,unigram,67,-0.4555,-0.035500000000000004,0.01949999999999999,61,-30.5185,30.5185,11160,0.006003584229390681,negative
Autism,2023,depression,unigram,17,-0.938,0.04,-0.536,17,-15.946,15.946,11160,0.0015232974910394266,negative
Autism,2023,anxiety,unigram,22,-0.708,0.73,-0.316,22,-15.575999999999999,15.575999999999999,11160,0.001971326164874552,negative
Autism,2023,disease,unigram,17,-0.8360000000000001,0.049,-0.533,16,-14.212000000000002,14.212000000000002,11160,0.0015232974910394266,negative
Autism,2023,syndrome,unigram,24,-0.542,0.02,-0.508,20,-13.008000000000001,13.008000000000001,11160,0.002150537634408602,negative
Autism,2023,cancer,unigram,14,-0.896,0.388,0.058,13,-12.544,12.544,11160,0.0012544802867383513,negative
Autism,2023,child,unigram,239,0.7689999999999999,-0.0020000000000000018,-0.152,194,183.79099999999997,183.79099999999997,11160,0.021415770609318995,positive
Autism,2023,have,unigram,176,0.514,-0.222,0.18599999999999997,153,90.464,90.464,11160,0.015770609318996417,positive
Autism,2023,with,unigram,477,0.14799999999999996,-0.119,0.05,370,70.59599999999999,70.59599999999999,11160,0.042741935483870966,positive
Autism,2023,family,unigram,33,0.8845000000000001,-0.4085,0.254,29,29.1885,29.1885,11160,0.002956989247311828,positive
Autism,2023,support,unigram,52,0.532,-0.08666666666666667,0.4093333333333333,42,27.664,27.664,11160,0.004659498207885305,positive
Autism,2023,developmental,unigram,36,0.704,0.667,0.292,33,25.343999999999998,25.343999999999998,11160,0.0032258064516129032,positive
Autism,2023,include,unigram,54,0.45933333333333337,-0.18066666666666667,0.19333333333333336,49,24.804000000000002,24.804000000000002,11160,0.004838709677419355,positive
Autism,2023,adult,unigram,38,0.63,-0.018,0.574,34,23.94,23.94,11160,0.0034050179211469536,positive
Autism,2023,to,unigram,209,0.10999999999999999,-0.095,-0.16699999999999998,181,22.99,22.99,11160,0.018727598566308245,positive
Autism,2023,like,unigram,28,0.77225,0.08025,-0.034499999999999996,28,21.623,21.623,11160,0.0025089605734767025,positive
Autism,2024,disorder,unigram,284,-0.675,0.53,-0.494,204,-191.70000000000002,191.70000000000002,10171,0.02792252482548422,negative
Autism,2024,adhd,unigram,111,-0.484,-0.054,-0.072,98,-53.724,53.724,10171,0.010913381181791368,negative
Autism,2024,disability,unigram,43,-0.854,-0.036,-0.654,39,-36.722,36.722,10171,0.004227706223576836,negative
Autism,2024,of,unigram,310,-0.11100000000000002,-0.11900000000000001,-0.161,237,-34.410000000000004,34.410000000000004,10171,0.030478812309507424,negative
Autism,2024,diagnose,unigram,56,-0.45550000000000007,-0.035500000000000004,0.01949999999999999,51,-25.508000000000003,25.508000000000003,10171,0.0055058499655884375,negative
Autism,2024,spectrum,unigram,47,-0.376,0.4,0.054,37,-17.672,17.672,10171,0.004620981221118868,negative
Autism,2024,learn disability,mwe,35,-0.5,0.174,-0.656,25,-17.5,17.5,10171,0.0034411562284927736,negative
Autism,2024,difficulty,unigram,19,-0.7949999999999999,0.45949999999999996,-0.364,17,-15.104999999999999,15.104999999999999,10171,0.0018680562383246485,negative
Autism,2024,dyslexia,unigram,18,-0.667,-0.167,-0.792,17,-12.006,12.006,10171,0.0017697374889391407,negative
Autism,2024,autism,unigram,22,-0.53,0.0,-0.106,19,-11.66,11.66,10171,0.002163012486481172,negative
Autism,2024,child,unigram,192,0.7689999999999998,-0.0020000000000000018,-0.152,154,147.64799999999997,147.64799999999997,10171,0.0188771998820175,positive
Autism,2024,have,unigram,137,0.514,-0.222,0.186,117,70.418,70.418,10171,0.01346966866581457,positive
Autism,2024,with,unigram,431,0.148,-0.11899999999999998,0.05,338,63.788,63.788,10171,0.042375380985153865,positive
Autism,2024,support,unigram,72,0.532,-0.08666666666666667,0.4093333333333333,65,38.304,38.304,10171,0.007078949955756563,positive
Autism,2024,family,unigram,34,0.8845000000000001,-0.4085,0.254,32,30.073,30.073,10171,0.0033428374791072656,positive
Autism,2024,include,unigram,63,0.45933333333333337,-0.18066666666666667,0.19333333333333336,59,28.938000000000002,28.938000000000002,10171,0.006194081211286993,positive
Autism,2024,developmental,unigram,38,0.704,0.667,0.292,35,26.752,26.752,10171,0.003736112476649297,positive
Autism,2024,adult,unigram,38,0.63,-0.018,0.574,31,23.94,23.94,10171,0.003736112476649297,positive
Autism,2024,like,unigram,31,0.77225,0.08024999999999999,-0.034499999999999996,28,23.93975,23.93975,10171,0.003047881230950742,positive
Autism,2024,to,unigram,205,0.11,-0.095,-0.167,180,22.55,22.55,10171,0.020155343624029102,positive
Autism,2025,disorder,unigram,240,-0.675,0.53,-0.494,183,-162.0,162.0,13542,0.017722640673460344,negative
Autism,2025,dangerous,unigram,98,-0.96,0.8820000000000001,0.316,98,-94.08,94.08,13542,0.007236744941662975,negative
Autism,2025,adhd,unigram,106,-0.48400000000000004,-0.054,-0.072,90,-51.304,51.304,13542,0.00782749963077832,negative
Autism,2025,epidemic,unigram,62,-0.816,0.66,0.222,61,-50.592,50.592,13542,0.004578348840643923,negative
Autism,2025,obsession,unigram,90,-0.542,0.694,0.142,90,-48.78,48.78,13542,0.00664599025254763,negative
Autism,2025,disability,unigram,53,-0.854,-0.036,-0.654,44,-45.262,45.262,13542,0.00391374981538916,negative
Autism,2025,of,unigram,381,-0.11100000000000002,-0.119,-0.161,327,-42.291000000000004,42.291000000000004,13542,0.028134692069118297,negative
Autism,2025,problem,unigram,33,-0.876,0.288,-0.17,33,-28.908,28.908,13542,0.0024368630926007973,negative
Autism,2025,cause,unigram,119,-0.187,-0.107,-0.132,114,-22.253,22.253,13542,0.008787476000590756,negative
Autism,2025,diagnose,unigram,46,-0.45549999999999996,-0.035500000000000004,0.01949999999999999,41,-20.953,20.953,13542,0.0033968394624132327,negative
Autism,2025,child,unigram,278,0.7689999999999999,-0.0020000000000000018,-0.152,209,213.78199999999998,213.78199999999998,13542,0.020528725446758232,positive
Autism,2025,with,unigram,608,0.148,-0.11900000000000001,0.05,488,89.984,89.984,13542,0.044897356372766206,positive
Autism,2025,have,unigram,112,0.514,-0.222,0.186,99,57.568,57.568,13542,0.008270565647614829,positive
Autism,2025,support,unigram,80,0.532,-0.08666666666666667,0.4093333333333334,59,42.56,42.56,13542,0.005907546891153448,positive
Autism,2025,family,unigram,42,0.8845000000000001,-0.4085,0.254,40,37.149,37.149,13542,0.0031014621178555605,positive
Autism,2025,well,unigram,40,0.8813333333333334,-0.08166666666666667,0.4379999999999999,40,35.25333333333334,35.25333333333334,13542,0.002953773445576724,positive
Autism,2025,development,unigram,53,0.654,0.0,0.592,51,34.662,34.662,13542,0.00391374981538916,positive
Autism,2025,to,unigram,304,0.10999999999999999,-0.095,-0.167,274,33.44,33.44,13542,0.022448678186383103,positive
Autism,2025,neuroscience,unigram,49,0.667,0.63,0.708,49,32.683,32.683,13542,0.0036183724708314874,positive
Autism,2025,find,unigram,50,0.602,-0.02,0.156,50,30.099999999999998,30.099999999999998,13542,0.0036922168069709054,positive
Autism,2026,disorder,unigram,78,-0.675,0.53,-0.49399999999999994,61,-52.650000000000006,52.650000000000006,3823,0.020402825006539366,negative
Autism,2026,adhd,unigram,76,-0.484,-0.054,-0.072,55,-36.784,36.784,3823,0.019879675647397333,negative
Autism,2026,disability,unigram,24,-0.854,-0.036,-0.654,19,-20.496,20.496,3823,0.006277792309704421,negative
Autism,2026,anxiety,unigram,18,-0.708,0.73,-0.316,18,-12.744,12.744,3823,0.004708344232278315,negative
Autism,2026,of,unigram,98,-0.111,-0.119,-0.161,76,-10.878,10.878,3823,0.025634318597959716,negative
Autism,2026,delay,unigram,17,-0.608,0.0,-0.5934999999999999,11,-10.336,10.336,3823,0.004446769552707298,negative
Autism,2026,dyslexia,unigram,11,-0.667,-0.167,-0.7919999999999999,10,-7.337000000000001,7.337000000000001,3823,0.002877321475281193,negative
Autism,2026,schizophrenia,unigram,8,-0.816,0.76,-0.13,5,-6.528,6.528,3823,0.00209259743656814,negative
Autism,2026,depression,unigram,6,-0.9380000000000001,0.04,-0.536,6,-5.628,5.628,3823,0.0015694480774261052,negative
Autism,2026,diagnose,unigram,12,-0.4555,-0.035500000000000004,0.01949999999999999,11,-5.466,5.466,3823,0.0031388961548522104,negative
Autism,2026,child,unigram,81,0.7689999999999999,-0.0020000000000000018,-0.152,59,62.288999999999994,62.288999999999994,3823,0.02118754904525242,positive
Autism,2026,with,unigram,174,0.148,-0.119,0.05,136,25.752,25.752,3823,0.04551399424535705,positive
Autism,2026,have,unigram,36,0.514,-0.222,0.186,34,18.504,18.504,3823,0.00941668846455663,positive
Autism,2026,support,unigram,34,0.532,-0.08666666666666667,0.4093333333333333,29,18.088,18.088,3823,0.008893539105414596,positive
Autism,2026,family,unigram,19,0.8845000000000001,-0.4085,0.254,16,16.805500000000002,16.805500000000002,3823,0.004969918911849333,positive
Autism,2026,developmental,unigram,19,0.704,0.667,0.292,16,13.376,13.376,3823,0.004969918911849333,positive
Autism,2026,include,unigram,26,0.45933333333333337,-0.1806666666666667,0.19333333333333336,25,11.942666666666668,11.942666666666668,3823,0.006800941668846455,positive
Autism,2026,like,unigram,15,0.77225,0.08024999999999999,-0.034499999999999996,15,11.58375,11.58375,3823,0.003923620193565263,positive
Autism,2026,authentic,unigram,12,0.77,0.02,0.564,6,9.24,9.24,3823,0.0031388961548522104,positive
Autism,2026,to,unigram,82,0.11,-0.095,-0.167,66,9.02,9.02,3823,0.021449123724823438,positive
frustration,2014,anger,unigram,337,-0.8209999999999998,0.634,0.20400000000000001,320,-276.67699999999996,276.67699999999996,36480,0.009237938596491227,negative
frustration,2014,of,unigram,1684,-0.111,-0.119,-0.161,1529,-186.924,186.924,36480,0.046162280701754384,negative
frustration,2014,stress,unigram,77,-0.6910000000000001,0.633,-0.1615,72,-53.20700000000001,53.20700000000001,36480,0.0021107456140350878,negative
frustration,2014,disappointment,unigram,66,-0.77,-0.02,-0.328,65,-50.82,50.82,36480,0.0018092105263157895,negative
frustration,2014,fear,unigram,67,-0.7505,0.48000000000000004,-0.318,62,-50.2835,50.2835,36480,0.001836622807017544,negative
frustration,2014,pain,unigram,57,-0.8273333333333334,0.292,-0.37566666666666665,55,-47.158,47.158,36480,0.0015625,negative
frustration,2014,lack of,mwe,59,-0.74,-0.254,-0.612,58,-43.66,43.66,36480,0.0016173245614035088,negative
frustration,2014,anxiety,unigram,60,-0.708,0.73,-0.316,60,-42.48,42.48,36480,0.001644736842105263,negative
frustration,2014,confusion,unigram,84,-0.48999999999999994,0.334,-0.446,82,-41.16,41.16,36480,0.002302631578947368,negative
frustration,2014,out of,mwe,121,-0.314,-0.192,-0.334,119,-37.994,37.994,36480,0.0033168859649122806,negative
frustration,2014,have,unigram,454,0.514,-0.222,0.186,431,233.356,233.356,36480,0.012445175438596492,positive
frustration,2014,express,unigram,357,0.52,0.246,0.382,347,185.64000000000001,185.64000000000001,36480,0.009786184210526315,positive
frustration,2014,with,unigram,813,0.148,-0.119,0.05000000000000001,779,120.324,120.324,36480,0.022286184210526316,positive
frustration,2014,to,unigram,969,0.11,-0.095,-0.167,890,106.59,106.59,36480,0.0265625,positive
frustration,2014,he,unigram,269,0.3055,0.0,0.29650000000000004,244,82.1795,82.1795,36480,0.00737390350877193,positive
frustration,2014,feel,unigram,162,0.5006666666666667,-0.10133333333333333,0.12866666666666668,158,81.108,81.108,36480,0.0044407894736842105,positive
frustration,2014,understand,unigram,129,0.6033333333333334,-0.254,0.3453333333333333,128,77.83000000000001,77.83000000000001,36480,0.003536184210526316,positive
frustration,2014,we,unigram,216,0.26933333333333337,0.17166666666666666,0.345,198,58.17600000000001,58.17600000000001,36480,0.0059210526315789476,positive
frustration,2014,will,unigram,136,0.396,-0.184,0.47,126,53.856,53.856,36480,0.0037280701754385964,positive
frustration,2014,be,unigram,1064,0.04857142857142858,-0.1867142857142857,0.028285714285714286,977,51.68000000000001,51.68000000000001,36480,0.029166666666666667,positive
frustration,2015,anger,unigram,299,-0.821,0.634,0.20400000000000001,284,-245.47899999999998,245.47899999999998,26840,0.011140089418777943,negative
frustration,2015,of,unigram,1335,-0.111,-0.11899999999999998,-0.161,1180,-148.185,148.185,26840,0.04973919523099851,negative
frustration,2015,stress,unigram,67,-0.6910000000000001,0.633,-0.1615,65,-46.297000000000004,46.297000000000004,26840,0.002496274217585693,negative
frustration,2015,fear,unigram,60,-0.7505,0.48000000000000004,-0.318,58,-45.029999999999994,45.029999999999994,26840,0.0022354694485842027,negative
frustration,2015,disappointment,unigram,47,-0.7699999999999999,-0.02,-0.328,45,-36.19,36.19,26840,0.0017511177347242922,negative
frustration,2015,pain,unigram,43,-0.8273333333333334,0.292,-0.37566666666666665,42,-35.57533333333333,35.57533333333333,26840,0.001602086438152012,negative
frustration,2015,anxiety,unigram,45,-0.708,0.73,-0.316,43,-31.86,31.86,26840,0.0016766020864381521,negative
frustration,2015,sadness,unigram,34,-0.896,-0.424,-0.672,34,-30.464000000000002,30.464000000000002,26840,0.0012667660208643815,negative
frustration,2015,confusion,unigram,61,-0.49,0.334,-0.446,61,-29.89,29.89,26840,0.0022727272727272726,negative
frustration,2015,loneliness,unigram,38,-0.708,-0.636,-0.556,38,-26.904,26.904,26840,0.0014157973174366617,negative
frustration,2015,have,unigram,272,0.514,-0.222,0.186,262,139.808,139.808,26840,0.010134128166915052,positive
frustration,2015,express,unigram,170,0.52,0.246,0.382,163,88.4,88.4,26840,0.006333830104321907,positive
frustration,2015,to,unigram,733,0.11,-0.095,-0.167,674,80.63,80.63,26840,0.027309985096870344,positive
frustration,2015,with,unigram,479,0.148,-0.119,0.05,456,70.892,70.892,26840,0.017846497764530553,positive
frustration,2015,feel,unigram,121,0.5006666666666667,-0.10133333333333334,0.12866666666666668,120,60.58066666666667,60.58066666666667,26840,0.004508196721311476,positive
frustration,2015,understand,unigram,96,0.6033333333333334,-0.254,0.3453333333333333,95,57.92,57.92,26840,0.0035767511177347243,positive
frustration,2015,he,unigram,174,0.3055,0.0,0.29650000000000004,158,53.157,53.157,26840,0.006482861400894188,positive
frustration,2015,we,unigram,173,0.26933333333333337,0.17166666666666666,0.345,158,46.594666666666676,46.594666666666676,26840,0.006445603576751118,positive
frustration,2015,will,unigram,111,0.396,-0.184,0.47,108,43.956,43.956,26840,0.004135618479880775,positive
frustration,2015,save,unigram,67,0.622,-0.4243333333333334,0.41033333333333327,67,41.674,41.674,26840,0.002496274217585693,positive
frustration,2016,anger,unigram,337,-0.8209999999999998,0.634,0.20400000000000001,317,-276.67699999999996,276.67699999999996,33027,0.010203772670845067,negative
frustration,2016,of,unigram,1560,-0.111,-0.119,-0.161,1379,-173.16,173.16,33027,0.04723408120628576,negative
frustration,2016,anxiety,unigram,82,-0.708,0.73,-0.316,80,-58.056,58.056,33027,0.002482817089048354,negative
frustration,2016,disappointment,unigram,69,-0.77,-0.02,-0.328,66,-53.13,53.13,33027,0.0020891997456626396,negative
frustration,2016,stress,unigram,75,-0.6910000000000001,0.633,-0.1615,75,-51.825,51.825,33027,0.0022708692887637386,negative
frustration,2016,fear,unigram,67,-0.7505,0.48000000000000004,-0.318,65,-50.2835,50.2835,33027,0.0020286432312956065,negative
frustration,2016,sadness,unigram,52,-0.896,-0.424,-0.672,48,-46.592,46.592,33027,0.001574469373542859,negative
frustration,2016,pain,unigram,55,-0.8273333333333334,0.292,-0.37566666666666665,55,-45.50333333333334,45.50333333333334,33027,0.0016653041450934085,negative
frustration,2016,confusion,unigram,84,-0.48999999999999994,0.334,-0.446,81,-41.16,41.16,33027,0.0025433736034153873,negative
frustration,2016,loneliness,unigram,58,-0.708,-0.636,-0.556,58,-41.064,41.064,33027,0.001756138916643958,negative
frustration,2016,have,unigram,318,0.514,-0.222,0.186,304,163.452,163.452,33027,0.009628485784358253,positive
frustration,2016,express,unigram,233,0.52,0.246,0.382,224,121.16000000000001,121.16000000000001,33027,0.0070548339237593485,positive
frustration,2016,to,unigram,897,0.11,-0.095,-0.167,823,98.67,98.67,33027,0.027159596693614316,positive
frustration,2016,with,unigram,651,0.148,-0.119,0.05000000000000001,627,96.348,96.348,33027,0.01971114542646925,positive
frustration,2016,understand,unigram,112,0.6033333333333334,-0.254,0.3453333333333333,108,67.57333333333334,67.57333333333334,33027,0.00339116480455385,positive
frustration,2016,feel,unigram,123,0.5006666666666667,-0.10133333333333334,0.12866666666666668,118,61.58200000000001,61.58200000000001,33027,0.0037242256335725315,positive
frustration,2016,he,unigram,201,0.3055,0.0,0.29650000000000004,181,61.405499999999996,61.405499999999996,33027,0.00608592969388682,positive
frustration,2016,will,unigram,146,0.396,-0.184,0.4699999999999999,136,57.816,57.816,33027,0.004420625548793412,positive
frustration,2016,experience,unigram,92,0.594,0.252,0.726,91,54.647999999999996,54.647999999999996,33027,0.0027855996608835195,positive
frustration,2016,save,unigram,87,0.622,-0.42433333333333345,0.4103333333333333,81,54.114,54.114,33027,0.002634208374965937,positive
frustration,2017,anger,unigram,300,-0.821,0.634,0.20400000000000001,289,-246.29999999999998,246.29999999999998,30536,0.009824469478648153,negative
frustration,2017,of,unigram,1468,-0.111,-0.11899999999999998,-0.161,1304,-162.948,162.948,30536,0.04807440398218496,negative
frustration,2017,stress,unigram,92,-0.6910000000000001,0.633,-0.1615,90,-63.572,63.572,30536,0.0030128373067854334,negative
frustration,2017,pain,unigram,75,-0.8273333333333334,0.292,-0.37566666666666665,72,-62.050000000000004,62.050000000000004,30536,0.0024561173696620382,negative
frustration,2017,anxiety,unigram,77,-0.708,0.73,-0.316,73,-54.516,54.516,30536,0.002521613832853026,negative
frustration,2017,disappointment,unigram,61,-0.77,-0.02,-0.32799999999999996,60,-46.97,46.97,30536,0.0019976421273251244,negative
frustration,2017,fear,unigram,60,-0.7505,0.48000000000000004,-0.318,57,-45.029999999999994,45.029999999999994,30536,0.0019648938957296308,negative
frustration,2017,out of,mwe,131,-0.314,-0.192,-0.334,128,-41.134,41.134,30536,0.004290018339009693,negative
frustration,2017,sadness,unigram,45,-0.896,-0.424,-0.672,41,-40.32,40.32,30536,0.0014736704217972229,negative
frustration,2017,confusion,unigram,78,-0.49,0.334,-0.44600000000000006,77,-38.22,38.22,30536,0.0025543620644485196,negative
frustration,2017,have,unigram,299,0.514,-0.222,0.186,282,153.686,153.686,30536,0.00979172124705266,positive
frustration,2017,express,unigram,192,0.52,0.246,0.38199999999999995,189,99.84,99.84,30536,0.006287660466334818,positive
frustration,2017,to,unigram,807,0.11,-0.095,-0.167,740,88.77,88.77,30536,0.02642782289756353,positive
frustration,2017,with,unigram,544,0.148,-0.11899999999999998,0.05,518,80.512,80.512,30536,0.017815037987948652,positive
frustration,2017,feel,unigram,145,0.5006666666666667,-0.10133333333333334,0.12866666666666668,145,72.59666666666668,72.59666666666668,30536,0.0047484935813466075,positive
frustration,2017,understand,unigram,111,0.6033333333333335,-0.254,0.3453333333333333,107,66.97000000000001,66.97000000000001,30536,0.0036350537070998167,positive
frustration,2017,experience,unigram,99,0.594,0.252,0.726,98,58.806,58.806,30536,0.0032420749279538905,positive
frustration,2017,he,unigram,173,0.3055,0.0,0.29650000000000004,164,52.8515,52.8515,30536,0.005665444066020435,positive
frustration,2017,we,unigram,193,0.26933333333333337,0.17166666666666666,0.345,179,51.98133333333334,51.98133333333334,30536,0.006320408697930312,positive
frustration,2017,will,unigram,119,0.396,-0.184,0.47,114,47.124,47.124,30536,0.0038970395598637675,positive
frustration,2018,anger,unigram,304,-0.821,0.634,0.20400000000000001,291,-249.58399999999997,249.58399999999997,30443,0.009985875242256019,negative
frustration,2018,of,unigram,1453,-0.11100000000000002,-0.119,-0.161,1275,-161.28300000000002,161.28300000000002,30443,0.047728541865124985,negative
frustration,2018,stress,unigram,94,-0.6910000000000001,0.633,-0.1615,90,-64.95400000000001,64.95400000000001,30443,0.0030877377393817955,negative
frustration,2018,pain,unigram,67,-0.8273333333333334,0.292,-0.37566666666666665,65,-55.431333333333335,55.431333333333335,30443,0.0022008343461551094,negative
frustration,2018,fear,unigram,67,-0.7505,0.48000000000000004,-0.318,64,-50.2835,50.2835,30443,0.0022008343461551094,negative
frustration,2018,sadness,unigram,51,-0.8959999999999999,-0.424,-0.6720000000000002,48,-45.696,45.696,30443,0.0016752619649837402,negative
frustration,2018,disappointment,unigram,55,-0.77,-0.02,-0.32799999999999996,55,-42.35,42.35,30443,0.0018066550602765824,negative
frustration,2018,out of,mwe,118,-0.314,-0.19199999999999998,-0.334,114,-37.052,37.052,30443,0.00387609631113885,negative
frustration,2018,anxiety,unigram,51,-0.708,0.73,-0.316,50,-36.108,36.108,30443,0.0016752619649837402,negative
frustration,2018,cause,unigram,187,-0.187,-0.107,-0.132,186,-34.969,34.969,30443,0.00614262720494038,negative
frustration,2018,have,unigram,304,0.514,-0.222,0.186,285,156.256,156.256,30443,0.009985875242256019,positive
frustration,2018,express,unigram,227,0.52,0.246,0.382,218,118.04,118.04,30443,0.007456558157868804,positive
frustration,2018,with,unigram,591,0.148,-0.119,0.05,565,87.46799999999999,87.46799999999999,30443,0.019413329829517458,positive
frustration,2018,to,unigram,767,0.11,-0.09499999999999999,-0.167,700,84.37,84.37,30443,0.025194626022402522,positive
frustration,2018,understand,unigram,105,0.6033333333333334,-0.254,0.3453333333333333,98,63.35000000000001,63.35000000000001,30443,0.0034490687514371118,positive
frustration,2018,save,unigram,90,0.622,-0.4243333333333334,0.41033333333333327,87,55.98,55.98,30443,0.0029563446440889533,positive
frustration,2018,we,unigram,206,0.26933333333333337,0.17166666666666666,0.345,191,55.482666666666674,55.482666666666674,30443,0.006766744407581382,positive
frustration,2018,will,unigram,140,0.396,-0.184,0.47,129,55.440000000000005,55.440000000000005,30443,0.004598758335249482,positive
frustration,2018,experience,unigram,93,0.594,0.252,0.726,88,55.242,55.242,30443,0.003054889465558585,positive
frustration,2018,feel,unigram,107,0.5006666666666667,-0.10133333333333334,0.12866666666666668,107,53.571333333333335,53.571333333333335,30443,0.003514765299083533,positive
frustration,2019,anger,unigram,282,-0.821,0.634,0.20400000000000001,265,-231.522,231.522,28236,0.00998725031874203,negative
frustration,2019,of,unigram,1328,-0.11100000000000002,-0.11899999999999998,-0.161,1172,-147.40800000000002,147.40800000000002,28236,0.047032157529395095,negative
frustration,2019,stress,unigram,90,-0.6910000000000001,0.633,-0.1615,82,-62.190000000000005,62.190000000000005,28236,0.003187420314492138,negative
frustration,2019,fear,unigram,71,-0.7505,0.4800000000000001,-0.318,68,-53.2855,53.2855,28236,0.002514520470321575,negative
frustration,2019,pain,unigram,59,-0.8273333333333333,0.292,-0.37566666666666665,59,-48.812666666666665,48.812666666666665,28236,0.002089531095055957,negative
frustration,2019,anxiety,unigram,68,-0.708,0.73,-0.316,64,-48.144,48.144,28236,0.0024082731265051708,negative
frustration,2019,disappointment,unigram,52,-0.77,-0.02,-0.328,51,-40.04,40.04,28236,0.001841620626151013,negative
frustration,2019,sadness,unigram,43,-0.896,-0.424,-0.672,42,-38.528,38.528,28236,0.0015228785947017992,negative
frustration,2019,out of,mwe,109,-0.314,-0.192,-0.33399999999999996,103,-34.226,34.226,28236,0.0038603201586627,negative
frustration,2019,reduce,unigram,61,-0.552,-0.331,-0.45999999999999996,56,-33.672000000000004,33.672000000000004,28236,0.0021603626576002267,negative
frustration,2019,have,unigram,239,0.514,-0.222,0.186,229,122.846,122.846,28236,0.008464371724040232,positive
frustration,2019,express,unigram,176,0.52,0.246,0.382,174,91.52000000000001,91.52000000000001,28236,0.006233177503895736,positive
frustration,2019,to,unigram,701,0.11,-0.095,-0.167,646,77.11,77.11,28236,0.02482646267176654,positive
frustration,2019,understand,unigram,126,0.6033333333333334,-0.254,0.3453333333333333,121,76.02000000000001,76.02000000000001,28236,0.004462388440288993,positive
frustration,2019,with,unigram,508,0.148,-0.119,0.05,485,75.184,75.184,28236,0.01799121688624451,positive
frustration,2019,we,unigram,219,0.26933333333333337,0.17166666666666666,0.345,199,58.98400000000001,58.98400000000001,28236,0.007756056098597535,positive
frustration,2019,experience,unigram,95,0.594,0.252,0.726,93,56.43,56.43,28236,0.003364499220852812,positive
frustration,2019,save,unigram,88,0.622,-0.4243333333333334,0.4103333333333332,88,54.736,54.736,28236,0.003116588751947868,positive
frustration,2019,feel,unigram,105,0.5006666666666667,-0.10133333333333334,0.12866666666666668,103,52.57000000000001,52.57000000000001,28236,0.0037186570335741606,positive
frustration,2019,will,unigram,119,0.396,-0.184,0.47,116,47.124,47.124,28236,0.004214477971384049,positive
frustration,2020,anger,unigram,320,-0.821,0.634,0.20400000000000001,298,-262.71999999999997,262.71999999999997,29168,0.010970927043335162,negative
frustration,2020,of,unigram,1395,-0.111,-0.119,-0.161,1245,-154.845,154.845,29168,0.04782638507953922,negative
frustration,2020,stress,unigram,102,-0.691,0.633,-0.16149999999999998,93,-70.482,70.482,29168,0.0034969829950630828,negative
frustration,2020,fear,unigram,88,-0.7505,0.48000000000000004,-0.318,85,-66.044,66.044,29168,0.0030170049369171695,negative
frustration,2020,anxiety,unigram,92,-0.708,0.73,-0.316,85,-65.136,65.136,29168,0.003154141524958859,negative
frustration,2020,pain,unigram,71,-0.8273333333333334,0.292,-0.37566666666666665,69,-58.74066666666667,58.74066666666667,29168,0.002434174437739989,negative
frustration,2020,sadness,unigram,60,-0.896,-0.424,-0.672,56,-53.76,53.76,29168,0.002057048820625343,negative
frustration,2020,disappointment,unigram,62,-0.77,-0.02,-0.328,62,-47.74,47.74,29168,0.0021256171146461877,negative
frustration,2020,confusion,unigram,77,-0.48999999999999994,0.334,-0.446,75,-37.73,37.73,29168,0.0026398793198025234,negative
frustration,2020,depression,unigram,35,-0.938,0.04,-0.536,33,-32.83,32.83,29168,0.0011999451453647834,negative
frustration,2020,have,unigram,286,0.514,-0.222,0.186,273,147.004,147.004,29168,0.0098052660449808,positive
frustration,2020,express,unigram,191,0.52,0.246,0.382,186,99.32000000000001,99.32000000000001,29168,0.006548272078990675,positive
frustration,2020,to,unigram,722,0.11,-0.095,-0.167,659,79.42,79.42,29168,0.024753154141524958,positive
frustration,2020,with,unigram,508,0.148,-0.119,0.05,483,75.184,75.184,29168,0.01741634668129457,positive
frustration,2020,we,unigram,230,0.26933333333333337,0.17166666666666666,0.345,216,61.94666666666667,61.94666666666667,29168,0.007885353812397147,positive
frustration,2020,feel,unigram,122,0.5006666666666667,-0.10133333333333334,0.12866666666666668,118,61.08133333333334,61.08133333333334,29168,0.004182665935271531,positive
frustration,2020,will,unigram,147,0.396,-0.184,0.4699999999999999,142,58.212,58.212,29168,0.00503976961053209,positive
frustration,2020,experience,unigram,94,0.594,0.252,0.726,93,55.836,55.836,29168,0.0032227098189797037,positive
frustration,2020,save,unigram,82,0.622,-0.4243333333333334,0.41033333333333327,81,51.004,51.004,29168,0.0028113000548546352,positive
frustration,2020,understand,unigram,77,0.6033333333333334,-0.254,0.3453333333333333,74,46.45666666666667,46.45666666666667,29168,0.0026398793198025234,positive
frustration,2021,anger,unigram,268,-0.821,0.634,0.20400000000000001,244,-220.028,220.028,26117,0.010261515487996324,negative
frustration,2021,of,unigram,1241,-0.111,-0.11900000000000001,-0.161,1117,-137.751,137.751,26117,0.04751694298732626,negative
frustration,2021,stress,unigram,100,-0.6910000000000001,0.633,-0.16150000000000003,95,-69.10000000000001,69.10000000000001,26117,0.003828923689550867,negative
frustration,2021,disappointment,unigram,75,-0.77,-0.02,-0.328,74,-57.75,57.75,26117,0.0028716927671631506,negative
frustration,2021,anxiety,unigram,78,-0.708,0.73,-0.316,75,-55.224,55.224,26117,0.0029865604778496766,negative
frustration,2021,pain,unigram,64,-0.8273333333333334,0.292,-0.37566666666666665,62,-52.949333333333335,52.949333333333335,26117,0.002450511161312555,negative
frustration,2021,fear,unigram,65,-0.7505,0.48000000000000004,-0.318,64,-48.7825,48.7825,26117,0.0024888003982080635,negative
frustration,2021,sadness,unigram,39,-0.896,-0.42399999999999993,-0.672,39,-34.944,34.944,26117,0.0014932802389248383,negative
frustration,2021,confusion,unigram,65,-0.49,0.334,-0.446,59,-31.849999999999998,31.849999999999998,26117,0.0024888003982080635,negative
frustration,2021,depression,unigram,32,-0.938,0.04,-0.536,32,-30.016,30.016,26117,0.0012252555806562776,negative
frustration,2021,have,unigram,259,0.514,-0.222,0.186,245,133.126,133.126,26117,0.009916912355936747,positive
frustration,2021,express,unigram,198,0.52,0.246,0.38199999999999995,190,102.96000000000001,102.96000000000001,26117,0.007581268905310717,positive
frustration,2021,to,unigram,696,0.11,-0.095,-0.167,641,76.56,76.56,26117,0.026649308879274036,positive
frustration,2021,with,unigram,459,0.148,-0.119,0.05,429,67.932,67.932,26117,0.01757475973503848,positive
frustration,2021,experience,unigram,90,0.594,0.252,0.7260000000000001,88,53.46,53.46,26117,0.0034460313205957804,positive
frustration,2021,we,unigram,193,0.26933333333333337,0.17166666666666666,0.345,180,51.98133333333334,51.98133333333334,26117,0.007389822720833173,positive
frustration,2021,feel,unigram,97,0.5006666666666667,-0.10133333333333334,0.12866666666666668,96,48.56466666666667,48.56466666666667,26117,0.003714055978864341,positive
frustration,2021,understand,unigram,79,0.6033333333333334,-0.254,0.3453333333333333,78,47.66333333333334,47.66333333333334,26117,0.003024849714745185,positive
frustration,2021,save,unigram,76,0.622,-0.4243333333333334,0.41033333333333327,75,47.272,47.272,26117,0.002909982004058659,positive
frustration,2021,will,unigram,119,0.396,-0.184,0.47,113,47.124,47.124,26117,0.004556419190565532,positive
frustration,2022,anger,unigram,197,-0.821,0.634,0.20400000000000001,187,-161.737,161.737,22759,0.00865591634078826,negative
frustration,2022,of,unigram,1038,-0.111,-0.119,-0.161,936,-115.218,115.218,22759,0.04560833077024474,negative
frustration,2022,stress,unigram,102,-0.691,0.633,-0.16149999999999998,101,-70.482,70.482,22759,0.004481743486093414,negative
frustration,2022,disappointment,unigram,64,-0.77,-0.02,-0.328,62,-49.28,49.28,22759,0.002812074344215475,negative
frustration,2022,anxiety,unigram,67,-0.708,0.73,-0.316,65,-47.436,47.436,22759,0.0029438903291005756,negative
frustration,2022,fear,unigram,55,-0.7505,0.48000000000000004,-0.31800000000000006,49,-41.277499999999996,41.277499999999996,22759,0.002416626389560174,negative
frustration,2022,confusion,unigram,80,-0.49000000000000005,0.334,-0.446,79,-39.2,39.2,22759,0.003515092930269344,negative
frustration,2022,cause,unigram,152,-0.187,-0.107,-0.132,150,-28.424,28.424,22759,0.0066786765675117534,negative
frustration,2022,sadness,unigram,29,-0.896,-0.424,-0.6719999999999999,28,-25.984,25.984,22759,0.0012742211872226372,negative
frustration,2022,pain,unigram,31,-0.8273333333333334,0.292,-0.37566666666666665,28,-25.647333333333336,25.647333333333336,22759,0.0013620985104793708,negative
frustration,2022,have,unigram,199,0.514,-0.22199999999999998,0.18600000000000003,192,102.286,102.286,22759,0.008743793664044994,positive
frustration,2022,express,unigram,180,0.52,0.246,0.382,171,93.60000000000001,93.60000000000001,22759,0.007908959093106025,positive
frustration,2022,to,unigram,591,0.11000000000000001,-0.095,-0.167,531,65.01,65.01,22759,0.02596774902236478,positive
frustration,2022,with,unigram,411,0.148,-0.119,0.05,386,60.827999999999996,60.827999999999996,22759,0.018058789929258755,positive
frustration,2022,experience,unigram,97,0.594,0.252,0.726,95,57.617999999999995,57.617999999999995,22759,0.0042620501779515796,positive
frustration,2022,we,unigram,167,0.26933333333333337,0.17166666666666666,0.345,153,44.978666666666676,44.978666666666676,22759,0.007337756491937256,positive
frustration,2022,understand,unigram,73,0.6033333333333334,-0.254,0.3453333333333333,72,44.04333333333334,44.04333333333334,22759,0.003207522298870776,positive
frustration,2022,will,unigram,100,0.396,-0.184,0.47,97,39.6,39.6,22759,0.00439386616283668,positive
frustration,2022,feel,unigram,79,0.5006666666666667,-0.10133333333333334,0.12866666666666668,76,39.55266666666667,39.55266666666667,22759,0.0034711542686409773,positive
frustration,2022,save,unigram,61,0.622,-0.4243333333333334,0.4103333333333333,60,37.942,37.942,22759,0.002680258359330375,positive
frustration,2023,anger,unigram,183,-0.821,0.634,0.20400000000000001,171,-150.243,150.243,20507,0.00892378212317745,negative
frustration,2023,of,unigram,871,-0.111,-0.119,-0.161,784,-96.681,96.681,20507,0.04247330179938558,negative
frustration,2023,disappointment,unigram,70,-0.77,-0.02,-0.328,66,-53.9,53.9,20507,0.0034134685717072217,negative
frustration,2023,stress,unigram,72,-0.6910000000000001,0.633,-0.1615,69,-49.752,49.752,20507,0.003510996245184571,negative
frustration,2023,anxiety,unigram,70,-0.708,0.73,-0.316,67,-49.559999999999995,49.559999999999995,20507,0.0034134685717072217,negative
frustration,2023,reduce,unigram,72,-0.552,-0.331,-0.45999999999999996,68,-39.744,39.744,20507,0.003510996245184571,negative
frustration,2023,confusion,unigram,81,-0.49,0.334,-0.44599999999999995,74,-39.69,39.69,20507,0.003949870775832642,negative
frustration,2023,inconvenience,unigram,35,-0.874,0.334,-0.418,34,-30.59,30.59,20507,0.0017067342858536109,negative
frustration,2023,cause,unigram,160,-0.187,-0.10700000000000001,-0.132,159,-29.92,29.92,20507,0.007802213878187936,negative
frustration,2023,fear,unigram,35,-0.7505,0.48000000000000004,-0.318,35,-26.2675,26.2675,20507,0.0017067342858536109,negative
frustration,2023,express,unigram,172,0.52,0.246,0.38200000000000006,167,89.44,89.44,20507,0.008387379919052031,positive
frustration,2023,have,unigram,167,0.514,-0.22199999999999998,0.186,159,85.83800000000001,85.83800000000001,20507,0.008143560735358659,positive
frustration,2023,to,unigram,464,0.11,-0.095,-0.167,430,51.04,51.04,20507,0.022626420246745015,positive
frustration,2023,understand,unigram,82,0.6033333333333334,-0.254,0.3453333333333333,74,49.473333333333336,49.473333333333336,20507,0.0039986346125713175,positive
frustration,2023,save,unigram,78,0.622,-0.4243333333333334,0.41033333333333327,76,48.516,48.516,20507,0.0038035792656166186,positive
frustration,2023,with,unigram,320,0.148,-0.119,0.05,303,47.36,47.36,20507,0.015604427756375872,positive
frustration,2023,experience,unigram,78,0.594,0.252,0.726,76,46.332,46.332,20507,0.0038035792656166186,positive
frustration,2023,we,unigram,169,0.26933333333333337,0.17166666666666666,0.345,149,45.51733333333334,45.51733333333334,20507,0.008241088408836007,positive
frustration,2023,source,unigram,82,0.48,-0.364,0.368,80,39.36,39.36,20507,0.0039986346125713175,positive
frustration,2023,may,unigram,79,0.408,-0.454,-0.51,78,32.232,32.232,20507,0.0038523431023552933,positive
frustration,2024,of,unigram,1028,-0.111,-0.119,-0.161,887,-114.108,114.108,22602,0.045482700645960536,negative
frustration,2024,anger,unigram,130,-0.821,0.634,0.20400000000000001,124,-106.72999999999999,106.72999999999999,22602,0.005751703389080613,negative
frustration,2024,reduce,unigram,115,-0.552,-0.331,-0.45999999999999996,113,-63.480000000000004,63.480000000000004,22602,0.005088045305725157,negative
frustration,2024,confusion,unigram,107,-0.49,0.334,-0.446,103,-52.43,52.43,22602,0.004734094327935581,negative
frustration,2024,disappointment,unigram,67,-0.77,-0.02,-0.328,66,-51.59,51.59,22602,0.0029643394389877002,negative
frustration,2024,stress,unigram,73,-0.6910000000000001,0.633,-0.1615,70,-50.443000000000005,50.443000000000005,22602,0.0032298026723298822,negative
frustration,2024,anxiety,unigram,59,-0.708,0.73,-0.31600000000000006,57,-41.772,41.772,22602,0.002610388461198124,negative
frustration,2024,without,unigram,66,-0.5,-0.37,-0.5,64,-33.0,33.0,22602,0.002920095566764003,negative
frustration,2024,cause,unigram,170,-0.187,-0.10700000000000001,-0.132,167,-31.79,31.79,22602,0.007521458278028493,negative
frustration,2024,fear,unigram,42,-0.7505,0.48,-0.318,41,-31.520999999999997,31.520999999999997,22602,0.0018582426333952748,negative
frustration,2024,express,unigram,219,0.52,0.24600000000000002,0.382,215,113.88000000000001,113.88000000000001,22602,0.009689408016989648,positive
frustration,2024,have,unigram,182,0.514,-0.22200000000000003,0.18599999999999997,172,93.548,93.548,22602,0.008052384744712857,positive
frustration,2024,save,unigram,129,0.622,-0.4243333333333334,0.41033333333333327,125,80.238,80.238,22602,0.005707459516856916,positive
frustration,2024,experience,unigram,97,0.594,0.252,0.726,95,57.617999999999995,57.617999999999995,22602,0.00429165560569861,positive
frustration,2024,to,unigram,501,0.11,-0.095,-0.167,457,55.11,55.11,22602,0.022166179984072207,positive
frustration,2024,understand,unigram,91,0.6033333333333334,-0.254,0.3453333333333333,89,54.903333333333336,54.903333333333336,22602,0.004026192372356428,positive
frustration,2024,with,unigram,337,0.148,-0.11900000000000001,0.05,317,49.876,49.876,22602,0.014910184939385895,positive
frustration,2024,money,unigram,56,0.688,0.216,0.654,54,38.528,38.528,22602,0.002477656844527033,positive
frustration,2024,lead to,mwe,363,0.10399999999999998,-0.046,-0.134,340,37.751999999999995,37.751999999999995,22602,0.016060525617202018,positive
frustration,2024,feel,unigram,73,0.5006666666666667,-0.10133333333333334,0.12866666666666668,71,36.54866666666667,36.54866666666667,22602,0.0032298026723298822,positive
frustration,2025,of,unigram,818,-0.111,-0.119,-0.161,745,-90.798,90.798,22805,0.03586932690199518,negative
frustration,2025,reduce,unigram,150,-0.552,-0.331,-0.46,141,-82.80000000000001,82.80000000000001,22805,0.0065775049331287,negative
frustration,2025,anger,unigram,92,-0.821,0.634,0.20400000000000001,86,-75.532,75.532,22805,0.0040342030256522695,negative
frustration,2025,without,unigram,131,-0.5,-0.37,-0.5,123,-65.5,65.5,22805,0.005744354308265731,negative
frustration,2025,anxiety,unigram,65,-0.708,0.73,-0.316,58,-46.019999999999996,46.019999999999996,22805,0.0028502521376891033,negative
frustration,2025,confusion,unigram,79,-0.49,0.334,-0.446,76,-38.71,38.71,22805,0.0034641525981144485,negative
frustration,2025,stress,unigram,53,-0.6910000000000001,0.633,-0.1615,51,-36.623000000000005,36.623000000000005,22805,0.0023240517430388073,negative
frustration,2025,disappointment,unigram,43,-0.77,-0.02,-0.328,42,-33.11,33.11,22805,0.0018855514141635607,negative
frustration,2025,delay,unigram,54,-0.608,0.0,-0.5934999999999998,50,-32.832,32.832,22805,0.002367901775926332,negative
frustration,2025,fear,unigram,32,-0.7505,0.48000000000000004,-0.318,31,-24.016,24.016,22805,0.0014032010524007894,negative
frustration,2025,express,unigram,190,0.52,0.24600000000000002,0.382,183,98.8,98.8,22805,0.008331506248629687,positive
frustration,2025,save,unigram,128,0.622,-0.4243333333333334,0.41033333333333327,118,79.616,79.616,22805,0.005612804209603158,positive
frustration,2025,have,unigram,129,0.514,-0.222,0.186,120,66.306,66.306,22805,0.005656654242490682,positive
frustration,2025,experience,unigram,110,0.5940000000000001,0.252,0.726,105,65.34,65.34,22805,0.0048235036176277135,positive
frustration,2025,with,unigram,316,0.148,-0.119,0.05,302,46.768,46.768,22805,0.013856610392457794,positive
frustration,2025,to,unigram,423,0.11,-0.095,-0.167,391,46.53,46.53,22805,0.018548563911422934,positive
frustration,2025,create,unigram,65,0.6194999999999999,0.4215,0.5985,63,40.2675,40.2675,22805,0.0028502521376891033,positive
frustration,2025,understand,unigram,66,0.6033333333333334,-0.254,0.3453333333333333,65,39.82,39.82,22805,0.002894102170576628,positive
frustration,2025,lead to,mwe,364,0.10400000000000001,-0.046,-0.134,333,37.856,37.856,22805,0.015961411971058978,positive
frustration,2025,feel,unigram,71,0.5006666666666667,-0.10133333333333334,0.12866666666666668,68,35.547333333333334,35.547333333333334,22805,0.0031133523350142514,positive
frustration,2026,reduce,unigram,114,-0.552,-0.331,-0.45999999999999996,99,-62.928000000000004,62.928000000000004,13310,0.008564988730277986,negative
frustration,2026,of,unigram,437,-0.111,-0.119,-0.161,407,-48.507,48.507,13310,0.032832456799398946,negative
frustration,2026,without,unigram,72,-0.5,-0.37,-0.5,66,-36.0,36.0,13310,0.00540946656649136,negative
frustration,2026,anger,unigram,40,-0.821,0.634,0.20400000000000001,37,-32.839999999999996,32.839999999999996,13310,0.003005259203606311,negative
frustration,2026,delay,unigram,34,-0.608,0.0,-0.5934999999999999,34,-20.672,20.672,13310,0.0025544703230653645,negative
frustration,2026,confusion,unigram,36,-0.49,0.334,-0.446,36,-17.64,17.64,13310,0.00270473328324568,negative
frustration,2026,fear,unigram,22,-0.7505,0.48000000000000004,-0.318,21,-16.511,16.511,13310,0.001652892561983471,negative
frustration,2026,stress,unigram,23,-0.6910000000000001,0.633,-0.1615,23,-15.893,15.893,13310,0.0017280240420736287,negative
frustration,2026,anxiety,unigram,20,-0.708,0.73,-0.316,19,-14.16,14.16,13310,0.0015026296018031556,negative
frustration,2026,pain,unigram,15,-0.8273333333333334,0.292,-0.37566666666666665,14,-12.41,12.41,13310,0.0011269722013523666,negative
frustration,2026,save,unigram,76,0.622,-0.4243333333333334,0.41033333333333327,74,47.272,47.272,13310,0.005709992486851991,positive
frustration,2026,create,unigram,72,0.6194999999999999,0.4215,0.5985,71,44.604,44.604,13310,0.00540946656649136,positive
frustration,2026,express,unigram,83,0.52,0.246,0.382,81,43.160000000000004,43.160000000000004,13310,0.0062359128474830956,positive
frustration,2026,have,unigram,79,0.514,-0.222,0.186,77,40.606,40.606,13310,0.005935386927122465,positive
frustration,2026,experience,unigram,51,0.594,0.252,0.726,51,30.293999999999997,30.293999999999997,13310,0.0038317054845980465,positive
frustration,2026,understand,unigram,45,0.6033333333333334,-0.254,0.3453333333333333,45,27.150000000000002,27.150000000000002,13310,0.0033809166040570998,positive
frustration,2026,with,unigram,182,0.148,-0.11899999999999998,0.049999999999999996,174,26.936,26.936,13310,0.013673929376408715,positive
frustration,2026,to,unigram,229,0.11,-0.095,-0.167,213,25.19,25.19,13310,0.01720510894064613,positive
frustration,2026,feel,unigram,45,0.5006666666666667,-0.10133333333333334,0.12866666666666668,45,22.53,22.53,13310,0.0033809166040570998,positive
frustration,2026,money,unigram,30,0.688,0.216,0.654,29,20.639999999999997,20.639999999999997,13310,0.002253944402704733,positive
loneliness,2014,of,unigram,666,-0.111,-0.11899999999999998,-0.161,548,-73.926,73.926,10270,0.06484907497565726,negative
loneliness,2014,depression,unigram,58,-0.938,0.039999999999999994,-0.536,57,-54.403999999999996,54.403999999999996,10270,0.005647517039922103,negative
loneliness,2014,isolation,unigram,80,-0.604,-0.324,-0.322,75,-48.32,48.32,10270,0.007789678675754625,negative
loneliness,2014,fear,unigram,52,-0.7505,0.48000000000000004,-0.318,47,-39.025999999999996,39.025999999999996,10270,0.005063291139240506,negative
loneliness,2014,pain,unigram,36,-0.8273333333333334,0.292,-0.37566666666666665,35,-29.784000000000002,29.784000000000002,10270,0.003505355404089581,negative
loneliness,2014,frustration,unigram,31,-0.88,0.46,-0.44,31,-27.28,27.28,10270,0.0030185004868549174,negative
loneliness,2014,sadness,unigram,30,-0.896,-0.424,-0.672,29,-26.88,26.88,10270,0.0029211295034079843,negative
loneliness,2014,anxiety,unigram,35,-0.708,0.73,-0.316,34,-24.779999999999998,24.779999999999998,10270,0.0034079844206426485,negative
loneliness,2014,despair,unigram,28,-0.8485000000000001,0.5289999999999999,-0.5700000000000001,27,-23.758000000000003,23.758000000000003,10270,0.002726387536514119,negative
loneliness,2014,loss,unigram,26,-0.876,0.134,-0.578,25,-22.776,22.776,10270,0.002531645569620253,negative
loneliness,2014,life,unigram,58,0.836,0.23,0.648,57,48.488,48.488,10270,0.005647517039922103,positive
loneliness,2014,have,unigram,91,0.514,-0.22200000000000003,0.18599999999999997,83,46.774,46.774,10270,0.008860759493670886,positive
loneliness,2014,love,unigram,40,0.8459999999999999,0.154,0.22333333333333333,39,33.839999999999996,33.839999999999996,10270,0.0038948393378773127,positive
loneliness,2014,feel,unigram,63,0.5006666666666667,-0.10133333333333334,0.12866666666666668,62,31.542,31.542,10270,0.0061343719571567675,positive
loneliness,2014,to,unigram,270,0.11,-0.095,-0.167,252,29.7,29.7,10270,0.02629016553067186,positive
loneliness,2014,experience,unigram,36,0.594,0.252,0.726,36,21.384,21.384,10270,0.003505355404089581,positive
loneliness,2014,he,unigram,68,0.3055,0.0,0.29650000000000004,60,20.774,20.774,10270,0.006621226874391432,positive
loneliness,2014,affective,unigram,30,0.667,0.667,0.333,27,20.01,20.01,10270,0.0029211295034079843,positive
loneliness,2014,her,unigram,66,0.286,0.0,-0.389,55,18.875999999999998,18.875999999999998,10270,0.0064264849074975655,positive
loneliness,2014,with,unigram,122,0.14799999999999996,-0.119,0.05,114,18.055999999999997,18.055999999999997,10270,0.011879259980525803,positive
loneliness,2015,of,unigram,548,-0.111,-0.11900000000000001,-0.161,451,-60.828,60.828,8623,0.06355096834048475,negative
loneliness,2015,fear,unigram,77,-0.7505,0.48000000000000004,-0.318,77,-57.7885,57.7885,8623,0.008929606865360084,negative
loneliness,2015,depression,unigram,52,-0.938,0.04,-0.536,49,-48.775999999999996,48.775999999999996,8623,0.00603038385712629,negative
loneliness,2015,isolation,unigram,72,-0.604,-0.324,-0.322,67,-43.488,43.488,8623,0.008349762263713326,negative
loneliness,2015,frustration,unigram,40,-0.8800000000000001,0.4600000000000001,-0.44000000000000006,40,-35.2,35.2,8623,0.00463875681317407,negative
loneliness,2015,pain,unigram,40,-0.8273333333333334,0.292,-0.37566666666666665,39,-33.093333333333334,33.093333333333334,8623,0.00463875681317407,negative
loneliness,2015,poverty,unigram,27,-0.858,0.038,-0.758,24,-23.166,23.166,8623,0.0031311608488924967,negative
loneliness,2015,anxiety,unigram,28,-0.708,0.7299999999999999,-0.316,28,-19.823999999999998,19.823999999999998,8623,0.0032471297692218486,negative
loneliness,2015,sadness,unigram,20,-0.8960000000000001,-0.42400000000000004,-0.672,20,-17.92,17.92,8623,0.002319378406587035,negative
loneliness,2015,unwanted,unigram,27,-0.646,0.092,-0.59,27,-17.442,17.442,8623,0.0031311608488924967,negative
loneliness,2015,love,unigram,67,0.846,0.154,0.22333333333333336,66,56.681999999999995,56.681999999999995,8623,0.007769917662066566,positive
loneliness,2015,have,unigram,78,0.514,-0.22199999999999998,0.186,73,40.092,40.092,8623,0.009045575785689436,positive
loneliness,2015,joy,unigram,37,0.9704999999999999,0.3785,0.386,37,35.9085,35.9085,8623,0.004290850052186014,positive
loneliness,2015,life,unigram,37,0.836,0.22999999999999998,0.648,36,30.932,30.932,8623,0.004290850052186014,positive
loneliness,2015,affective,unigram,34,0.667,0.667,0.333,32,22.678,22.678,8623,0.003942943291197959,positive
loneliness,2015,feel,unigram,42,0.5006666666666667,-0.10133333333333334,0.12866666666666668,41,21.028000000000002,21.028000000000002,8623,0.004870694653832773,positive
loneliness,2015,to,unigram,191,0.11000000000000001,-0.095,-0.167,174,21.01,21.01,8623,0.022150063782906182,positive
loneliness,2015,social,unigram,29,0.612,-0.26,0.228,26,17.748,17.748,8623,0.0033630986895512,positive
loneliness,2015,may,unigram,42,0.408,-0.454,-0.51,41,17.136,17.136,8623,0.004870694653832773,positive
loneliness,2015,like,unigram,20,0.77225,0.08024999999999999,-0.034499999999999996,19,15.445,15.445,8623,0.002319378406587035,positive
loneliness,2016,isolation,unigram,130,-0.604,-0.324,-0.322,114,-78.52,78.52,11255,0.011550422034651266,negative
loneliness,2016,of,unigram,704,-0.111,-0.119,-0.161,574,-78.144,78.144,11255,0.06254997778764994,negative
loneliness,2016,depression,unigram,71,-0.938,0.04,-0.536,69,-66.598,66.598,11255,0.0063083074189249225,negative
loneliness,2016,frustration,unigram,58,-0.88,0.46,-0.44,58,-51.04,51.04,11255,0.005153265215459796,negative
loneliness,2016,sadness,unigram,43,-0.896,-0.424,-0.672,40,-38.528,38.528,11255,0.0038205242114615727,negative
loneliness,2016,fear,unigram,49,-0.7505,0.48000000000000004,-0.318,48,-36.774499999999996,36.774499999999996,11255,0.0043536206130608615,negative
loneliness,2016,poverty,unigram,40,-0.858,0.038,-0.758,33,-34.32,34.32,11255,0.003553976010661928,negative
loneliness,2016,unwanted,unigram,53,-0.646,0.09200000000000001,-0.59,52,-34.238,34.238,11255,0.004709018214127054,negative
loneliness,2016,anxiety,unigram,42,-0.708,0.73,-0.316,39,-29.735999999999997,29.735999999999997,11255,0.0037316748111950243,negative
loneliness,2016,pain,unigram,30,-0.8273333333333334,0.292,-0.37566666666666665,30,-24.82,24.82,11255,0.0026654820079964462,negative
loneliness,2016,life,unigram,59,0.836,0.23,0.648,57,49.324,49.324,11255,0.005242114615726344,positive
loneliness,2016,have,unigram,90,0.514,-0.222,0.18599999999999997,87,46.26,46.26,11255,0.007996446023989337,positive
loneliness,2016,love,unigram,49,0.846,0.154,0.22333333333333338,48,41.454,41.454,11255,0.0043536206130608615,positive
loneliness,2016,affective,unigram,57,0.6670000000000001,0.6670000000000001,0.333,55,38.019000000000005,38.019000000000005,11255,0.005064415815193247,positive
loneliness,2016,feel,unigram,64,0.5006666666666667,-0.10133333333333334,0.12866666666666668,61,32.04266666666667,32.04266666666667,11255,0.005686361617059085,positive
loneliness,2016,to,unigram,279,0.11,-0.095,-0.167,249,30.69,30.69,11255,0.02478898267436695,positive
loneliness,2016,may,unigram,70,0.408,-0.454,-0.51,70,28.56,28.56,11255,0.006219458018658374,positive
loneliness,2016,social,unigram,40,0.612,-0.26,0.22800000000000004,35,24.48,24.48,11255,0.003553976010661928,positive
loneliness,2016,he,unigram,74,0.3055,0.0,0.29650000000000004,64,22.607,22.607,11255,0.006574855619724567,positive
loneliness,2016,find,unigram,30,0.602,-0.02,0.156,28,18.06,18.06,11255,0.0026654820079964462,positive
loneliness,2017,isolation,unigram,128,-0.604,-0.324,-0.322,117,-77.312,77.312,10254,0.012482933489370003,negative
loneliness,2017,depression,unigram,80,-0.938,0.04,-0.536,78,-75.03999999999999,75.03999999999999,10254,0.007801833430856251,negative
loneliness,2017,of,unigram,627,-0.11099999999999999,-0.119,-0.161,527,-69.597,69.597,10254,0.06114686951433587,negative
loneliness,2017,fear,unigram,65,-0.7505,0.48000000000000004,-0.318,60,-48.7825,48.7825,10254,0.006338989662570704,negative
loneliness,2017,frustration,unigram,41,-0.88,0.45999999999999996,-0.44,41,-36.08,36.08,10254,0.003998439633313829,negative
loneliness,2017,sadness,unigram,39,-0.896,-0.42399999999999993,-0.672,38,-34.944,34.944,10254,0.0038033937975424223,negative
loneliness,2017,grief,unigram,32,-0.86,0.28,-0.052,29,-27.52,27.52,10254,0.0031207333723425007,negative
loneliness,2017,anxiety,unigram,37,-0.708,0.73,-0.316,37,-26.195999999999998,26.195999999999998,10254,0.003608347961771016,negative
loneliness,2017,despair,unigram,29,-0.8485,0.5289999999999999,-0.5700000000000001,29,-24.6065,24.6065,10254,0.002828164618685391,negative
loneliness,2017,anger,unigram,28,-0.821,0.634,0.20400000000000001,26,-22.988,22.988,10254,0.002730641700799688,negative
loneliness,2017,life,unigram,50,0.836,0.23,0.648,50,41.8,41.8,10254,0.004876145894285157,positive
loneliness,2017,have,unigram,74,0.514,-0.222,0.186,72,38.036,38.036,10254,0.007216695923542032,positive
loneliness,2017,feel,unigram,62,0.5006666666666667,-0.10133333333333334,0.12866666666666668,59,31.041333333333334,31.041333333333334,10254,0.006046420908913595,positive
loneliness,2017,love,unigram,34,0.846,0.154,0.22333333333333336,32,28.764,28.764,10254,0.003315779208113907,positive
loneliness,2017,social,unigram,46,0.612,-0.26,0.22799999999999998,38,28.152,28.152,10254,0.004486054222742344,positive
loneliness,2017,to,unigram,237,0.11,-0.095,-0.167,210,26.07,26.07,10254,0.023112931538911644,positive
loneliness,2017,experience,unigram,42,0.594,0.252,0.726,42,24.948,24.948,10254,0.004095962551199532,positive
loneliness,2017,affective,unigram,33,0.667,0.667,0.333,31,22.011000000000003,22.011000000000003,10254,0.0032182562902282035,positive
loneliness,2017,may,unigram,48,0.408,-0.454,-0.51,48,19.584,19.584,10254,0.004681100058513751,positive
loneliness,2017,we,unigram,67,0.26933333333333337,0.17166666666666666,0.345,56,18.045333333333335,18.045333333333335,10254,0.00653403549834211,positive
loneliness,2018,isolation,unigram,179,-0.604,-0.324,-0.322,158,-108.116,108.116,10892,0.01643408005875872,negative
loneliness,2018,depression,unigram,112,-0.938,0.04,-0.536,101,-105.056,105.056,10892,0.010282776349614395,negative
loneliness,2018,of,unigram,645,-0.111,-0.119,-0.161,537,-71.595,71.595,10892,0.059217774513404334,negative
loneliness,2018,sadness,unigram,44,-0.896,-0.424,-0.672,44,-39.424,39.424,10892,0.004039662137348513,negative
loneliness,2018,pain,unigram,38,-0.8273333333333334,0.292,-0.37566666666666665,38,-31.438666666666666,31.438666666666666,10892,0.00348879911861917,negative
loneliness,2018,anxiety,unigram,44,-0.708,0.73,-0.316,43,-31.151999999999997,31.151999999999997,10892,0.004039662137348513,negative
loneliness,2018,fear,unigram,41,-0.7505,0.4800000000000001,-0.318,40,-30.7705,30.7705,10892,0.0037642306279838415,negative
loneliness,2018,stress,unigram,39,-0.6910000000000001,0.633,-0.1615,39,-26.949,26.949,10892,0.0035806096217407273,negative
loneliness,2018,loss,unigram,28,-0.876,0.134,-0.578,28,-24.528,24.528,10892,0.002570694087403599,negative
loneliness,2018,despair,unigram,25,-0.8485,0.5289999999999999,-0.5700000000000001,24,-21.212500000000002,21.212500000000002,10892,0.0022952625780389277,negative
loneliness,2018,have,unigram,87,0.514,-0.222,0.18599999999999997,82,44.718,44.718,10892,0.007987513771575468,positive
loneliness,2018,life,unigram,46,0.836,0.23,0.648,46,38.455999999999996,38.455999999999996,10892,0.004223283143591627,positive
loneliness,2018,social,unigram,61,0.612,-0.26,0.228,48,37.332,37.332,10892,0.005600440690414984,positive
loneliness,2018,experience,unigram,54,0.594,0.252,0.726,50,32.076,32.076,10892,0.004957767168564084,positive
loneliness,2018,feel,unigram,62,0.5006666666666667,-0.10133333333333334,0.12866666666666668,59,31.041333333333334,31.041333333333334,10892,0.005692251193536541,positive
loneliness,2018,to,unigram,266,0.11,-0.095,-0.167,235,29.26,29.26,10892,0.02442159383033419,positive
loneliness,2018,love,unigram,30,0.846,0.154,0.22333333333333336,29,25.38,25.38,10892,0.002754315093646713,positive
loneliness,2018,health,unigram,26,0.87,-0.146,0.102,25,22.62,22.62,10892,0.0023870730811604846,positive
loneliness,2018,we,unigram,79,0.26933333333333337,0.17166666666666666,0.345,69,21.277333333333335,21.277333333333335,10892,0.007253029746603011,positive
loneliness,2018,be,unigram,428,0.04857142857142858,-0.1867142857142857,0.028285714285714286,348,20.78857142857143,20.78857142857143,10892,0.03929489533602644,positive
loneliness,2019,isolation,unigram,154,-0.604,-0.324,-0.322,139,-93.01599999999999,93.01599999999999,9703,0.015871379985571473,negative
loneliness,2019,depression,unigram,77,-0.938,0.04,-0.536,73,-72.226,72.226,9703,0.007935689992785737,negative
loneliness,2019,of,unigram,557,-0.111,-0.11900000000000001,-0.161,478,-61.827,61.827,9703,0.05740492631145007,negative
loneliness,2019,fear,unigram,42,-0.7505,0.48,-0.318,42,-31.520999999999997,31.520999999999997,9703,0.004328558177883129,negative
loneliness,2019,sadness,unigram,32,-0.896,-0.424,-0.672,32,-28.672,28.672,9703,0.0032979490879109555,negative
loneliness,2019,pain,unigram,34,-0.8273333333333334,0.292,-0.37566666666666665,33,-28.129333333333335,28.129333333333335,9703,0.00350407090590539,negative
loneliness,2019,boredom,unigram,42,-0.666,-0.722,-0.48999999999999994,40,-27.972,27.972,9703,0.004328558177883129,negative
loneliness,2019,anxiety,unigram,39,-0.708,0.73,-0.316,39,-27.612,27.612,9703,0.0040193754508914764,negative
loneliness,2019,epidemic,unigram,25,-0.816,0.66,0.222,22,-20.4,20.4,9703,0.0025765227249304338,negative
loneliness,2019,stress,unigram,28,-0.6910000000000001,0.633,-0.1615,27,-19.348000000000003,19.348000000000003,9703,0.002885705451922086,negative
loneliness,2019,have,unigram,83,0.514,-0.22200000000000003,0.186,79,42.662,42.662,9703,0.00855405544676904,positive
loneliness,2019,social,unigram,63,0.612,-0.26,0.228,56,38.556,38.556,9703,0.006492837266824693,positive
loneliness,2019,to,unigram,277,0.11,-0.095,-0.167,242,30.47,30.47,9703,0.02854787179222921,positive
loneliness,2019,life,unigram,36,0.836,0.23000000000000004,0.648,35,30.096,30.096,9703,0.003710192723899825,positive
loneliness,2019,experience,unigram,40,0.594,0.252,0.726,36,23.759999999999998,23.759999999999998,9703,0.0041224363598886945,positive
loneliness,2019,feel,unigram,46,0.5006666666666667,-0.10133333333333336,0.12866666666666668,46,23.03066666666667,23.03066666666667,9703,0.004740801813871999,positive
loneliness,2019,love,unigram,26,0.846,0.15399999999999997,0.22333333333333336,25,21.996,21.996,9703,0.0026795836339276514,positive
loneliness,2019,we,unigram,75,0.26933333333333337,0.17166666666666666,0.345,61,20.200000000000003,20.200000000000003,9703,0.007729568174791301,positive
loneliness,2019,help,unigram,56,0.346,-0.058,-0.08,53,19.375999999999998,19.375999999999998,9703,0.005771410903844172,positive
loneliness,2019,be,unigram,352,0.04857142857142858,-0.18671428571428572,0.02828571428571429,292,17.09714285714286,17.09714285714286,9703,0.03627743996702051,positive
loneliness,2020,isolation,unigram,264,-0.604,-0.324,-0.322,240,-159.456,159.456,14127,0.018687619452112975,negative
loneliness,2020,depression,unigram,113,-0.938,0.04,-0.536,105,-105.994,105.994,14127,0.007998867417002902,negative
loneliness,2020,of,unigram,804,-0.111,-0.11900000000000001,-0.16100000000000003,666,-89.244,89.244,14127,0.05691229560416224,negative
loneliness,2020,anxiety,unigram,100,-0.708,0.73,-0.316,97,-70.8,70.8,14127,0.007078643731860975,negative
loneliness,2020,fear,unigram,78,-0.7505,0.48000000000000004,-0.318,72,-58.538999999999994,58.538999999999994,14127,0.005521342110851561,negative
loneliness,2020,sadness,unigram,50,-0.8960000000000001,-0.424,-0.672,49,-44.800000000000004,44.800000000000004,14127,0.0035393218659304877,negative
loneliness,2020,stress,unigram,64,-0.6910000000000001,0.633,-0.1615,63,-44.224000000000004,44.224000000000004,14127,0.004530331988391025,negative
loneliness,2020,pain,unigram,38,-0.8273333333333334,0.292,-0.37566666666666665,38,-31.438666666666666,31.438666666666666,14127,0.0026898846181071705,negative
loneliness,2020,boredom,unigram,44,-0.666,-0.722,-0.49,42,-29.304000000000002,29.304000000000002,14127,0.003114603242018829,negative
loneliness,2020,frustration,unigram,33,-0.88,0.46,-0.44,33,-29.04,29.04,14127,0.002335952431514122,negative
loneliness,2020,social,unigram,104,0.612,-0.26,0.228,89,63.647999999999996,63.647999999999996,14127,0.007361789481135414,positive
loneliness,2020,have,unigram,120,0.514,-0.222,0.186,113,61.68,61.68,14127,0.00849437247823317,positive
loneliness,2020,life,unigram,62,0.836,0.23,0.648,61,51.832,51.832,14127,0.004388759113753805,positive
loneliness,2020,experience,unigram,79,0.594,0.252,0.726,76,46.925999999999995,46.925999999999995,14127,0.005592128548170171,positive
loneliness,2020,to,unigram,379,0.11,-0.095,-0.167,323,41.69,41.69,14127,0.0268280597437531,positive
loneliness,2020,feel,unigram,72,0.5006666666666667,-0.10133333333333334,0.12866666666666668,68,36.048,36.048,14127,0.005096623486939902,positive
loneliness,2020,we,unigram,95,0.26933333333333337,0.17166666666666666,0.345,85,25.58666666666667,25.58666666666667,14127,0.006724711545267927,positive
loneliness,2020,like,unigram,33,0.77225,0.08024999999999999,-0.034499999999999996,32,25.48425,25.48425,14127,0.002335952431514122,positive
loneliness,2020,be,unigram,488,0.04857142857142858,-0.1867142857142857,0.028285714285714282,411,23.702857142857145,23.702857142857145,14127,0.03454378141148156,positive
loneliness,2020,health,unigram,26,0.87,-0.146,0.102,25,22.62,22.62,14127,0.0018404473702838535,positive
loneliness,2021,isolation,unigram,227,-0.604,-0.324,-0.32200000000000006,200,-137.108,137.108,12165,0.018660090423345665,negative
loneliness,2021,depression,unigram,117,-0.938,0.04,-0.536,109,-109.746,109.746,12165,0.009617755856966708,negative
loneliness,2021,of,unigram,670,-0.111,-0.11899999999999998,-0.161,571,-74.37,74.37,12165,0.05507603781339909,negative
loneliness,2021,anxiety,unigram,66,-0.708,0.73,-0.316,66,-46.727999999999994,46.727999999999994,12165,0.005425400739827373,negative
loneliness,2021,fear,unigram,59,-0.7505,0.48000000000000004,-0.318,57,-44.2795,44.2795,12165,0.004849979449239622,negative
loneliness,2021,reduce,unigram,79,-0.552,-0.331,-0.45999999999999996,73,-43.608000000000004,43.608000000000004,12165,0.006494040279490341,negative
loneliness,2021,worry,unigram,55,-0.7599999999999999,0.5145,-0.3395000000000001,55,-41.8,41.8,12165,0.004521167283189478,negative
loneliness,2021,stress,unigram,45,-0.6910000000000001,0.633,-0.1615,45,-31.095000000000002,31.095000000000002,12165,0.0036991368680641184,negative
loneliness,2021,sadness,unigram,33,-0.896,-0.424,-0.672,32,-29.568,29.568,12165,0.0027127003699136867,negative
loneliness,2021,boredom,unigram,39,-0.666,-0.722,-0.49,36,-25.974,25.974,12165,0.0032059186189889025,negative
loneliness,2021,have,unigram,115,0.514,-0.222,0.186,107,59.11,59.11,12165,0.009453349773941636,positive
loneliness,2021,social,unigram,96,0.612,-0.26,0.228,79,58.751999999999995,58.751999999999995,12165,0.007891491985203452,positive
loneliness,2021,experience,unigram,68,0.594,0.252,0.726,64,40.391999999999996,40.391999999999996,12165,0.005589806822852445,positive
loneliness,2021,to,unigram,335,0.11,-0.095,-0.167,302,36.85,36.85,12165,0.027538018906699546,positive
loneliness,2021,feel,unigram,59,0.5006666666666667,-0.10133333333333334,0.12866666666666668,58,29.539333333333335,29.539333333333335,12165,0.004849979449239622,positive
loneliness,2021,life,unigram,32,0.836,0.23,0.648,32,26.752,26.752,12165,0.0026304973284011508,positive
loneliness,2021,with,unigram,171,0.148,-0.119,0.05,130,25.308,25.308,12165,0.01405672009864365,positive
loneliness,2021,increase,unigram,46,0.494,0.317,0.659,38,22.724,22.724,12165,0.0037813399095766543,positive
loneliness,2021,love,unigram,25,0.846,0.154,0.22333333333333336,22,21.15,21.15,12165,0.002055076037813399,positive
loneliness,2021,like,unigram,25,0.77225,0.08024999999999999,-0.034499999999999996,24,19.30625,19.30625,12165,0.002055076037813399,positive
loneliness,2022,isolation,unigram,170,-0.604,-0.324,-0.322,155,-102.67999999999999,102.67999999999999,9658,0.017601987989231724,negative
loneliness,2022,depression,unigram,91,-0.9379999999999998,0.04,-0.536,85,-85.35799999999999,85.35799999999999,9658,0.009422240629529923,negative
loneliness,2022,of,unigram,561,-0.111,-0.119,-0.161,465,-62.271,62.271,9658,0.05808656036446469,negative
loneliness,2022,anxiety,unigram,60,-0.708,0.73,-0.316,57,-42.48,42.48,9658,0.006212466349140609,negative
loneliness,2022,boredom,unigram,41,-0.666,-0.722,-0.49,41,-27.306,27.306,9658,0.004245185338579416,negative
loneliness,2022,sadness,unigram,30,-0.896,-0.424,-0.672,29,-26.88,26.88,9658,0.0031062331745703043,negative
loneliness,2022,despair,unigram,26,-0.8485,0.5289999999999999,-0.5700000000000001,26,-22.061,22.061,9658,0.002692068751294264,negative
loneliness,2022,stress,unigram,30,-0.6910000000000001,0.6330000000000001,-0.1615,30,-20.73,20.73,9658,0.0031062331745703043,negative
loneliness,2022,loss,unigram,19,-0.8759999999999999,0.134,-0.578,19,-16.644,16.644,9658,0.001967281010561193,negative
loneliness,2022,reduce,unigram,30,-0.552,-0.331,-0.45999999999999996,28,-16.560000000000002,16.560000000000002,9658,0.0031062331745703043,negative
loneliness,2022,have,unigram,73,0.514,-0.222,0.186,68,37.522,37.522,9658,0.00755850072478774,positive
loneliness,2022,experience,unigram,59,0.594,0.252,0.726,57,35.046,35.046,9658,0.006108925243321598,positive
loneliness,2022,social,unigram,56,0.612,-0.26,0.228,53,34.272,34.272,9658,0.005798301925864568,positive
loneliness,2022,to,unigram,270,0.11,-0.095,-0.167,252,29.7,29.7,9658,0.02795609857113274,positive
loneliness,2022,feel,unigram,58,0.5006666666666667,-0.10133333333333336,0.12866666666666668,56,29.038666666666668,29.038666666666668,9658,0.006005384137502588,positive
loneliness,2022,life,unigram,32,0.836,0.23,0.648,32,26.752,26.752,9658,0.0033133153862083247,positive
loneliness,2022,help,unigram,52,0.346,-0.058,-0.08,48,17.991999999999997,17.991999999999997,9658,0.005384137502588528,positive
loneliness,2022,may,unigram,42,0.408,-0.454,-0.51,40,17.136,17.136,9658,0.004348726444398426,positive
loneliness,2022,love,unigram,20,0.8459999999999999,0.154,0.22333333333333333,20,16.919999999999998,16.919999999999998,9658,0.0020708221163802027,positive
loneliness,2022,with,unigram,110,0.14799999999999996,-0.119,0.05,104,16.279999999999998,16.279999999999998,9658,0.011389521640091117,positive
loneliness,2023,isolation,unigram,195,-0.604,-0.324,-0.322,174,-117.78,117.78,8604,0.022663877266387727,negative
loneliness,2023,depression,unigram,72,-0.9380000000000001,0.04,-0.536,67,-67.536,67.536,8604,0.008368200836820083,negative
loneliness,2023,of,unigram,547,-0.111,-0.11900000000000001,-0.161,456,-60.717,60.717,8604,0.06357508135750814,negative
loneliness,2023,anxiety,unigram,69,-0.708,0.73,-0.316,63,-48.852,48.852,8604,0.00801952580195258,negative
loneliness,2023,fear,unigram,46,-0.7505,0.48000000000000004,-0.318,45,-34.522999999999996,34.522999999999996,8604,0.005346350534635054,negative
loneliness,2023,reduce,unigram,62,-0.552,-0.331,-0.4599999999999999,55,-34.224000000000004,34.224000000000004,8604,0.007205950720595072,negative
loneliness,2023,sadness,unigram,27,-0.896,-0.424,-0.672,25,-24.192,24.192,8604,0.0031380753138075313,negative
loneliness,2023,mental illness,mwe,23,-0.992,0.208,-0.69,23,-22.816,22.816,8604,0.002673175267317527,negative
loneliness,2023,stress,unigram,33,-0.6910000000000001,0.633,-0.1615,31,-22.803,22.803,8604,0.0038354253835425384,negative
loneliness,2023,combat,unigram,56,-0.396,0.692,0.666,54,-22.176000000000002,22.176000000000002,8604,0.006508600650860065,negative
loneliness,2023,have,unigram,109,0.514,-0.222,0.186,103,56.026,56.026,8604,0.012668526266852626,positive
loneliness,2023,social,unigram,67,0.612,-0.26,0.228,55,41.004,41.004,8604,0.007787075778707578,positive
loneliness,2023,life,unigram,30,0.836,0.23,0.648,29,25.08,25.08,8604,0.003486750348675035,positive
loneliness,2023,experience,unigram,42,0.594,0.252,0.726,41,24.948,24.948,8604,0.0048814504881450485,positive
loneliness,2023,feel,unigram,46,0.5006666666666667,-0.10133333333333336,0.12866666666666668,43,23.03066666666667,23.03066666666667,8604,0.005346350534635054,positive
loneliness,2023,to,unigram,207,0.11,-0.095,-0.167,193,22.77,22.77,8604,0.02405857740585774,positive
loneliness,2023,love,unigram,24,0.846,0.154,0.22333333333333336,24,20.304,20.304,8604,0.002789400278940028,positive
loneliness,2023,increase,unigram,40,0.49399999999999994,0.317,0.659,40,19.759999999999998,19.759999999999998,8604,0.004649000464900047,positive
loneliness,2023,like,unigram,21,0.77225,0.08024999999999999,-0.034499999999999996,21,16.21725,16.21725,8604,0.0024407252440725243,positive
loneliness,2023,develop,unigram,24,0.6040000000000001,0.257,0.535,24,14.496000000000002,14.496000000000002,8604,0.002789400278940028,positive
loneliness,2024,isolation,unigram,175,-0.604,-0.324,-0.322,163,-105.7,105.7,7163,0.024431104285913722,negative
loneliness,2024,of,unigram,479,-0.11100000000000002,-0.119,-0.161,403,-53.169000000000004,53.169000000000004,7163,0.06687142258830099,negative
loneliness,2024,depression,unigram,55,-0.938,0.04,-0.536,50,-51.589999999999996,51.589999999999996,7163,0.00767834706128717,negative
loneliness,2024,anxiety,unigram,47,-0.708,0.7300000000000001,-0.316,44,-33.275999999999996,33.275999999999996,7163,0.0065614965796454,negative
loneliness,2024,reduce,unigram,51,-0.552,-0.331,-0.45999999999999996,46,-28.152,28.152,7163,0.007119921820466285,negative
loneliness,2024,combat,unigram,52,-0.396,0.692,0.6660000000000001,50,-20.592000000000002,20.592000000000002,7163,0.007259528130671506,negative
loneliness,2024,epidemic,unigram,24,-0.816,0.66,0.222,21,-19.584,19.584,7163,0.003350551444925311,negative
loneliness,2024,stress,unigram,25,-0.6910000000000001,0.633,-0.16150000000000003,25,-17.275000000000002,17.275000000000002,7163,0.0034901577551305317,negative
loneliness,2024,boredom,unigram,22,-0.666,-0.722,-0.49,21,-14.652000000000001,14.652000000000001,7163,0.003071338824514868,negative
loneliness,2024,pain,unigram,16,-0.8273333333333334,0.292,-0.37566666666666665,16,-13.237333333333334,13.237333333333334,7163,0.0022337009632835405,negative
loneliness,2024,social,unigram,61,0.612,-0.26,0.228,56,37.332,37.332,7163,0.008515984922518498,positive
loneliness,2024,life,unigram,36,0.836,0.23000000000000004,0.648,33,30.096,30.096,7163,0.0050258271673879655,positive
loneliness,2024,to,unigram,202,0.11,-0.095,-0.167,186,22.22,22.22,7163,0.028200474661454696,positive
loneliness,2024,experience,unigram,37,0.594,0.252,0.726,36,21.977999999999998,21.977999999999998,7163,0.005165433477593187,positive
loneliness,2024,have,unigram,39,0.514,-0.22199999999999998,0.186,38,20.046,20.046,7163,0.0054446460980036296,positive
loneliness,2024,well,unigram,20,0.8813333333333334,-0.08166666666666667,0.4379999999999999,20,17.62666666666667,17.62666666666667,7163,0.0027921262041044254,positive
loneliness,2024,feel,unigram,33,0.5006666666666667,-0.10133333333333334,0.12866666666666668,30,16.522000000000002,16.522000000000002,7163,0.004607008236772302,positive
loneliness,2024,relationship,unigram,22,0.734,0.132,0.178,22,16.148,16.148,7163,0.003071338824514868,positive
loneliness,2024,like,unigram,20,0.77225,0.08024999999999999,-0.034499999999999996,19,15.445,15.445,7163,0.0027921262041044254,positive
loneliness,2024,love,unigram,17,0.846,0.154,0.22333333333333336,16,14.382,14.382,7163,0.002373307273488762,positive
loneliness,2025,isolation,unigram,114,-0.604,-0.324,-0.322,104,-68.856,68.856,6009,0.018971542685971045,negative
loneliness,2025,epidemic,unigram,65,-0.816,0.66,0.222,61,-53.04,53.04,6009,0.010817107671825595,negative
loneliness,2025,depression,unigram,47,-0.938,0.04,-0.536,44,-44.086,44.086,6009,0.00782160093193543,negative
loneliness,2025,of,unigram,345,-0.111,-0.119,-0.161,283,-38.295,38.295,6009,0.05741387918122816,negative
loneliness,2025,reduce,unigram,59,-0.552,-0.331,-0.45999999999999996,56,-32.568000000000005,32.568000000000005,6009,0.00981860542519554,negative
loneliness,2025,anxiety,unigram,44,-0.708,0.73,-0.316,43,-31.151999999999997,31.151999999999997,6009,0.007322349808620403,negative
loneliness,2025,stress,unigram,31,-0.6910000000000001,0.633,-0.1615,29,-21.421000000000003,21.421000000000003,6009,0.0051589282742552835,negative
loneliness,2025,fear,unigram,25,-0.7505,0.4800000000000001,-0.318,23,-18.7625,18.7625,6009,0.0041604260276252285,negative
loneliness,2025,combat,unigram,46,-0.396,0.692,0.666,42,-18.216,18.216,6009,0.007655183890830421,negative
loneliness,2025,sadness,unigram,19,-0.896,-0.42399999999999993,-0.672,18,-17.024,17.024,6009,0.003161923780995174,negative
loneliness,2025,social,unigram,64,0.612,-0.26,0.228,58,39.168,39.168,6009,0.010650690630720586,positive
loneliness,2025,have,unigram,47,0.514,-0.22199999999999998,0.18599999999999997,43,24.158,24.158,6009,0.00782160093193543,positive
loneliness,2025,emotional,unigram,30,0.558,0.428,0.052,28,16.740000000000002,16.740000000000002,6009,0.004992511233150275,positive
loneliness,2025,experience,unigram,26,0.594,0.252,0.7259999999999999,25,15.443999999999999,15.443999999999999,6009,0.004326843068730238,positive
loneliness,2025,share,unigram,24,0.613,0.006666666666666668,0.208,24,14.712,14.712,6009,0.00399400898652022,positive
loneliness,2025,to,unigram,129,0.11,-0.095,-0.167,119,14.19,14.19,6009,0.021467798302546182,positive
loneliness,2025,relationship,unigram,19,0.734,0.132,0.178,18,13.946,13.946,6009,0.003161923780995174,positive
loneliness,2025,alleviate,unigram,17,0.738,-0.46,0.056,15,12.546,12.546,6009,0.0028290896987851555,positive
loneliness,2025,increase,unigram,25,0.494,0.317,0.659,23,12.35,12.35,6009,0.0041604260276252285,positive
loneliness,2025,love,unigram,14,0.846,0.154,0.22333333333333336,14,11.844,11.844,6009,0.002329838575470128,positive
loneliness,2026,isolation,unigram,44,-0.604,-0.324,-0.322,42,-26.576,26.576,2508,0.017543859649122806,negative
loneliness,2026,depression,unigram,18,-0.9380000000000001,0.04,-0.536,17,-16.884,16.884,2508,0.007177033492822967,negative
loneliness,2026,of,unigram,124,-0.111,-0.11900000000000001,-0.161,107,-13.764,13.764,2508,0.049441786283891544,negative
loneliness,2026,anxiety,unigram,19,-0.708,0.73,-0.316,17,-13.452,13.452,2508,0.007575757575757576,negative
loneliness,2026,reduce,unigram,23,-0.552,-0.331,-0.4599999999999999,23,-12.696000000000002,12.696000000000002,2508,0.009170653907496013,negative
loneliness,2026,stress,unigram,17,-0.6910000000000001,0.633,-0.1615,15,-11.747000000000002,11.747000000000002,2508,0.006778309409888357,negative
loneliness,2026,epidemic,unigram,9,-0.816,0.66,0.222,9,-7.343999999999999,7.343999999999999,2508,0.0035885167464114833,negative
loneliness,2026,grief,unigram,8,-0.86,0.28,-0.052,8,-6.88,6.88,2508,0.003189792663476874,negative
loneliness,2026,fear,unigram,7,-0.7505,0.48000000000000004,-0.318,7,-5.2535,5.2535,2508,0.0027910685805422647,negative
loneliness,2026,decrease,unigram,8,-0.5539999999999999,-0.3486666666666667,-0.516,8,-4.4319999999999995,4.4319999999999995,2508,0.003189792663476874,negative
loneliness,2026,social,unigram,30,0.612,-0.26,0.228,29,18.36,18.36,2508,0.011961722488038277,positive
loneliness,2026,feel,unigram,20,0.5006666666666667,-0.10133333333333334,0.12866666666666668,20,10.013333333333334,10.013333333333334,2508,0.007974481658692184,positive
loneliness,2026,emotional,unigram,17,0.558,0.428,0.052,15,9.486,9.486,2508,0.006778309409888357,positive
loneliness,2026,experience,unigram,14,0.594,0.252,0.726,14,8.315999999999999,8.315999999999999,2508,0.005582137161084529,positive
loneliness,2026,relationship,unigram,11,0.734,0.132,0.178,10,8.074,8.074,2508,0.0043859649122807015,positive
loneliness,2026,love,unigram,9,0.846,0.154,0.22333333333333336,9,7.614,7.614,2508,0.0035885167464114833,positive
loneliness,2026,life,unigram,7,0.836,0.23,0.648,6,5.851999999999999,5.851999999999999,2508,0.0027910685805422647,positive
loneliness,2026,contribute,unigram,9,0.6395,0.18350000000000002,0.5355,9,5.7555,5.7555,2508,0.0035885167464114833,positive
loneliness,2026,may,unigram,14,0.408,-0.454,-0.51,14,5.712,5.712,2508,0.005582137161084529,positive
loneliness,2026,help,unigram,16,0.346,-0.058,-0.08,16,5.536,5.536,2508,0.006379585326953748,positive
sadness,2014,anger,unigram,213,-0.821,0.634,0.20400000000000001,198,-174.873,174.873,19109,0.011146580145481188,negative
sadness,2014,of,unigram,1082,-0.111,-0.11899999999999998,-0.161,927,-120.102,120.102,19109,0.056622533884557014,negative
sadness,2014,fear,unigram,120,-0.7505,0.48000000000000004,-0.318,113,-90.05999999999999,90.05999999999999,19109,0.006279763462242923,negative
sadness,2014,loss,unigram,95,-0.876,0.134,-0.578,91,-83.22,83.22,19109,0.00497147940760898,negative
sadness,2014,depression,unigram,87,-0.938,0.04,-0.536,75,-81.606,81.606,19109,0.0045528285101261185,negative
sadness,2014,pain,unigram,87,-0.8273333333333335,0.292,-0.37566666666666665,86,-71.97800000000001,71.97800000000001,19109,0.0045528285101261185,negative
sadness,2014,grief,unigram,67,-0.86,0.28,-0.052,67,-57.62,57.62,19109,0.003506201266418965,negative
sadness,2014,death,unigram,49,-0.938,0.43999999999999995,-0.056,49,-45.961999999999996,45.961999999999996,19109,0.0025642367470825266,negative
sadness,2014,anxiety,unigram,58,-0.708,0.73,-0.316,52,-41.064,41.064,19109,0.003035219006750746,negative
sadness,2014,frustration,unigram,39,-0.88,0.46,-0.44,39,-34.32,34.32,19109,0.0020409231252289496,negative
sadness,2014,joy,unigram,115,0.9704999999999999,0.3785,0.386,113,111.60749999999999,111.60749999999999,19109,0.0060181066513161335,positive
sadness,2014,great,unigram,151,0.7066666666666667,0.20733333333333334,0.6853333333333333,149,106.70666666666666,106.70666666666666,19109,0.00790203568998901,positive
sadness,2014,have,unigram,184,0.514,-0.222,0.18599999999999997,178,94.57600000000001,94.57600000000001,19109,0.009628970642105814,positive
sadness,2014,feel,unigram,180,0.5006666666666667,-0.10133333333333334,0.12866666666666668,170,90.12,90.12,19109,0.009419645193364383,positive
sadness,2014,with,unigram,437,0.148,-0.119,0.05,422,64.676,64.676,19109,0.02286880527500131,positive
sadness,2014,happiness,unigram,59,0.92,0.464,0.7,58,54.28,54.28,19109,0.0030875503689361036,positive
sadness,2014,we,unigram,191,0.26933333333333337,0.17166666666666666,0.345,182,51.442666666666675,51.442666666666675,19109,0.009995290177403318,positive
sadness,2014,heart,unigram,59,0.8009999999999999,0.0565,0.385,57,47.25899999999999,47.25899999999999,19109,0.0030875503689361036,positive
sadness,2014,he,unigram,154,0.3055,0.0,0.29650000000000004,133,47.047,47.047,19109,0.008059029776545084,positive
sadness,2014,express,unigram,90,0.52,0.246,0.382,88,46.800000000000004,46.800000000000004,19109,0.004709822596682191,positive
sadness,2015,anger,unigram,198,-0.821,0.634,0.20400000000000001,180,-162.558,162.558,15253,0.012981052907624729,negative
sadness,2015,of,unigram,852,-0.111,-0.119,-0.161,729,-94.572,94.572,15253,0.05585786402674884,negative
sadness,2015,depression,unigram,81,-0.938,0.04,-0.536,73,-75.978,75.978,15253,0.005310430734937389,negative
sadness,2015,fear,unigram,101,-0.7505,0.48000000000000004,-0.318,97,-75.8005,75.8005,15253,0.0066216482003540285,negative
sadness,2015,loss,unigram,71,-0.876,0.134,-0.578,71,-62.196,62.196,15253,0.00465482200222907,negative
sadness,2015,anxiety,unigram,76,-0.708,0.73,-0.316,72,-53.808,53.808,15253,0.0049826263685832295,negative
sadness,2015,grief,unigram,59,-0.86,0.28,-0.052,55,-50.74,50.74,15253,0.003868091522979086,negative
sadness,2015,pain,unigram,58,-0.8273333333333334,0.292,-0.37566666666666665,58,-47.98533333333334,47.98533333333334,15253,0.003802530649708254,negative
sadness,2015,death,unigram,35,-0.938,0.44,-0.056,35,-32.83,32.83,15253,0.002294630564479119,negative
sadness,2015,frustration,unigram,37,-0.8800000000000001,0.45999999999999996,-0.44000000000000006,37,-32.56,32.56,15253,0.0024257523110207827,negative
sadness,2015,joy,unigram,98,0.9704999999999999,0.37850000000000006,0.386,91,95.109,95.109,15253,0.006424965580541533,positive
sadness,2015,feel,unigram,162,0.5006666666666667,-0.10133333333333333,0.12866666666666668,151,81.108,81.108,15253,0.010620861469874779,positive
sadness,2015,great,unigram,114,0.7066666666666667,0.20733333333333331,0.6853333333333333,109,80.56,80.56,15253,0.007473939552874845,positive
sadness,2015,have,unigram,138,0.514,-0.222,0.186,133,70.932,70.932,15253,0.009047400511374811,positive
sadness,2015,happiness,unigram,71,0.9200000000000002,0.464,0.7,66,65.32000000000001,65.32000000000001,15253,0.00465482200222907,positive
sadness,2015,with,unigram,331,0.148,-0.11899999999999998,0.05,308,48.988,48.988,15253,0.02170064905264538,positive
sadness,2015,we,unigram,176,0.26933333333333337,0.17166666666666666,0.345,159,47.402666666666676,47.402666666666676,15253,0.011538713695666426,positive
sadness,2015,life,unigram,50,0.836,0.23,0.648,49,41.8,41.8,15253,0.0032780436635415984,positive
sadness,2015,like,unigram,44,0.77225,0.08024999999999999,-0.034499999999999996,43,33.979,33.979,15253,0.0028846784239166066,positive
sadness,2015,to,unigram,300,0.11,-0.095,-0.167,256,33.0,33.0,15253,0.01966826198124959,positive
sadness,2016,anger,unigram,240,-0.821,0.634,0.20400000000000001,232,-197.04,197.04,18672,0.012853470437017995,negative
sadness,2016,of,unigram,1094,-0.111,-0.11900000000000001,-0.161,904,-121.434,121.434,18672,0.058590402742073694,negative
sadness,2016,fear,unigram,139,-0.7505,0.48,-0.318,131,-104.31949999999999,104.31949999999999,18672,0.007444301628106256,negative
sadness,2016,depression,unigram,92,-0.938,0.04,-0.536,85,-86.29599999999999,86.29599999999999,18672,0.004927163667523565,negative
sadness,2016,grief,unigram,95,-0.86,0.28,-0.052,87,-81.7,81.7,18672,0.00508783204798629,negative
sadness,2016,loss,unigram,87,-0.876,0.134,-0.578,85,-76.212,76.212,18672,0.004659383033419023,negative
sadness,2016,pain,unigram,90,-0.8273333333333335,0.292,-0.3756666666666666,85,-74.46000000000001,74.46000000000001,18672,0.004820051413881748,negative
sadness,2016,frustration,unigram,54,-0.88,0.46,-0.44,50,-47.52,47.52,18672,0.002892030848329049,negative
sadness,2016,anxiety,unigram,64,-0.708,0.73,-0.316,57,-45.312,45.312,18672,0.003427592116538132,negative
sadness,2016,death,unigram,44,-0.938,0.44,-0.056,44,-41.272,41.272,18672,0.002356469580119966,negative
sadness,2016,joy,unigram,127,0.9704999999999999,0.3785,0.386,122,123.25349999999999,123.25349999999999,18672,0.006801628106255356,positive
sadness,2016,feel,unigram,205,0.5006666666666667,-0.10133333333333334,0.12866666666666668,196,102.63666666666667,102.63666666666667,18672,0.010979005998286204,positive
sadness,2016,great,unigram,140,0.7066666666666667,0.20733333333333334,0.6853333333333333,135,98.93333333333334,98.93333333333334,18672,0.0074978577549271634,positive
sadness,2016,have,unigram,164,0.514,-0.222,0.186,158,84.296,84.296,18672,0.008783204798628963,positive
sadness,2016,happiness,unigram,82,0.9199999999999999,0.464,0.7,77,75.44,75.44,18672,0.004391602399314481,positive
sadness,2016,with,unigram,431,0.148,-0.11899999999999998,0.05,399,63.788,63.788,18672,0.023082690659811483,positive
sadness,2016,we,unigram,203,0.26933333333333337,0.17166666666666663,0.345,182,54.674666666666674,54.674666666666674,18672,0.010871893744644387,positive
sadness,2016,to,unigram,398,0.11,-0.095,-0.167,343,43.78,43.78,18672,0.02131533847472151,positive
sadness,2016,love,unigram,49,0.846,0.154,0.22333333333333338,41,41.454,41.454,18672,0.0026242502142245073,positive
sadness,2016,express,unigram,73,0.52,0.24599999999999997,0.382,72,37.96,37.96,18672,0.003909597257926307,positive
sadness,2017,anger,unigram,259,-0.821,0.634,0.20400000000000001,245,-212.63899999999998,212.63899999999998,17749,0.014592371401205702,negative
sadness,2017,of,unigram,992,-0.111,-0.11900000000000001,-0.161,852,-110.112,110.112,17749,0.055890472702687474,negative
sadness,2017,fear,unigram,135,-0.7505,0.4800000000000001,-0.318,126,-101.3175,101.3175,17749,0.007606062313369767,negative
sadness,2017,grief,unigram,93,-0.8600000000000001,0.28,-0.05199999999999999,84,-79.98,79.98,17749,0.005239731815876951,negative
sadness,2017,depression,unigram,75,-0.938,0.04,-0.536,66,-70.35,70.35,17749,0.004225590174094315,negative
sadness,2017,pain,unigram,84,-0.8273333333333335,0.292,-0.37566666666666665,80,-69.49600000000001,69.49600000000001,17749,0.004732660994985633,negative
sadness,2017,anxiety,unigram,82,-0.708,0.73,-0.316,79,-58.056,58.056,17749,0.0046199785903431176,negative
sadness,2017,loss,unigram,63,-0.876,0.134,-0.578,61,-55.188,55.188,17749,0.0035494957462392247,negative
sadness,2017,death,unigram,53,-0.938,0.44,-0.056,51,-49.714,49.714,17749,0.0029860837230266495,negative
sadness,2017,frustration,unigram,47,-0.88,0.46,-0.44,42,-41.36,41.36,17749,0.0026480365090991043,negative
sadness,2017,joy,unigram,122,0.9704999999999999,0.3785,0.386,112,118.401,118.401,17749,0.006873626683193419,positive
sadness,2017,great,unigram,140,0.7066666666666667,0.20733333333333334,0.6853333333333333,134,98.93333333333334,98.93333333333334,17749,0.007887768324976055,positive
sadness,2017,feel,unigram,183,0.5006666666666667,-0.10133333333333333,0.12866666666666668,176,91.622,91.622,17749,0.010310440024790129,positive
sadness,2017,have,unigram,154,0.514,-0.222,0.186,143,79.156,79.156,17749,0.00867654515747366,positive
sadness,2017,we,unigram,266,0.26933333333333337,0.17166666666666666,0.345,252,71.64266666666667,71.64266666666667,17749,0.014986759817454504,positive
sadness,2017,happiness,unigram,77,0.92,0.464,0.7,76,70.84,70.84,17749,0.00433827257873683,positive
sadness,2017,with,unigram,397,0.148,-0.11899999999999998,0.05,381,58.756,58.756,17749,0.02236745732153924,positive
sadness,2017,well,unigram,58,0.8813333333333333,-0.08166666666666667,0.43799999999999994,58,51.117333333333335,51.117333333333335,17749,0.003267789734632937,positive
sadness,2017,to,unigram,417,0.11,-0.095,-0.16700000000000004,377,45.87,45.87,17749,0.023494281367964394,positive
sadness,2017,life,unigram,52,0.8360000000000001,0.23,0.6479999999999999,50,43.472,43.472,17749,0.002929742520705392,positive
sadness,2018,anger,unigram,242,-0.821,0.634,0.20400000000000001,224,-198.682,198.682,18076,0.013387917680902854,negative
sadness,2018,of,unigram,1035,-0.111,-0.119,-0.161,907,-114.885,114.885,18076,0.057258242974109315,negative
sadness,2018,fear,unigram,128,-0.7505,0.48000000000000004,-0.318,122,-96.064,96.064,18076,0.007081212657667626,negative
sadness,2018,depression,unigram,94,-0.938,0.04,-0.536,85,-88.172,88.172,18076,0.005200265545474663,negative
sadness,2018,grief,unigram,100,-0.86,0.28,-0.052000000000000005,95,-86.0,86.0,18076,0.005532197388802833,negative
sadness,2018,loss,unigram,73,-0.876,0.134,-0.578,71,-63.948,63.948,18076,0.004038504093826068,negative
sadness,2018,pain,unigram,70,-0.8273333333333334,0.292,-0.37566666666666665,67,-57.913333333333334,57.913333333333334,18076,0.0038725381721619826,negative
sadness,2018,anxiety,unigram,68,-0.708,0.73,-0.316,67,-48.144,48.144,18076,0.003761894224385926,negative
sadness,2018,frustration,unigram,53,-0.88,0.4600000000000001,-0.44,49,-46.64,46.64,18076,0.0029320646160655014,negative
sadness,2018,death,unigram,38,-0.938,0.43999999999999995,-0.056,37,-35.644,35.644,18076,0.0021022350077450763,negative
sadness,2018,well,unigram,147,0.8813333333333334,-0.08166666666666667,0.43799999999999994,146,129.556,129.556,18076,0.008132330161540163,positive
sadness,2018,joy,unigram,126,0.9704999999999999,0.3785,0.386,119,122.28299999999999,122.28299999999999,18076,0.006970568709891569,positive
sadness,2018,great,unigram,138,0.7066666666666667,0.20733333333333334,0.6853333333333333,128,97.52,97.52,18076,0.007634432396547909,positive
sadness,2018,create,unigram,147,0.6194999999999999,0.4215,0.5985,147,91.06649999999999,91.06649999999999,18076,0.008132330161540163,positive
sadness,2018,feel,unigram,180,0.5006666666666667,-0.10133333333333334,0.12866666666666668,168,90.12,90.12,18076,0.009957955299845098,positive
sadness,2018,we,unigram,300,0.26933333333333337,0.17166666666666666,0.345,289,80.80000000000001,80.80000000000001,18076,0.0165965921664085,positive
sadness,2018,have,unigram,149,0.514,-0.22200000000000003,0.186,144,76.586,76.586,18076,0.008242974109316221,positive
sadness,2018,happiness,unigram,68,0.92,0.464,0.7,67,62.56,62.56,18076,0.003761894224385926,positive
sadness,2018,with,unigram,393,0.148,-0.119,0.05,373,58.163999999999994,58.163999999999994,18076,0.021741535737995133,positive
sadness,2018,to,unigram,479,0.11,-0.095,-0.167,432,52.69,52.69,18076,0.026499225492365566,positive
sadness,2019,anger,unigram,203,-0.821,0.634,0.20400000000000004,194,-166.66299999999998,166.66299999999998,14002,0.014497928867304671,negative
sadness,2019,of,unigram,786,-0.11099999999999999,-0.119,-0.161,669,-87.246,87.246,14002,0.05613483788030282,negative
sadness,2019,depression,unigram,90,-0.9380000000000001,0.04,-0.536,80,-84.42,84.42,14002,0.006427653192401086,negative
sadness,2019,fear,unigram,107,-0.7505,0.48000000000000004,-0.318,105,-80.3035,80.3035,14002,0.007641765462076846,negative
sadness,2019,loss,unigram,71,-0.876,0.134,-0.578,65,-62.196,62.196,14002,0.005070704185116412,negative
sadness,2019,grief,unigram,56,-0.86,0.28,-0.052,51,-48.16,48.16,14002,0.003999428653049564,negative
sadness,2019,anxiety,unigram,67,-0.708,0.73,-0.316,66,-47.436,47.436,14002,0.004785030709898586,negative
sadness,2019,pain,unigram,57,-0.8273333333333334,0.292,-0.37566666666666665,54,-47.158,47.158,14002,0.004070847021854021,negative
sadness,2019,frustration,unigram,43,-0.8800000000000001,0.46,-0.44000000000000006,42,-37.84,37.84,14002,0.0030709898585916297,negative
sadness,2019,hopelessness,unigram,26,-0.948,-0.196,-0.554,25,-24.648,24.648,14002,0.0018568775889158692,negative
sadness,2019,joy,unigram,81,0.9704999999999998,0.3785,0.386,78,78.61049999999999,78.61049999999999,14002,0.005784887873160977,positive
sadness,2019,great,unigram,110,0.7066666666666667,0.20733333333333334,0.6853333333333333,108,77.73333333333333,77.73333333333333,14002,0.007856020568490215,positive
sadness,2019,feel,unigram,140,0.5006666666666667,-0.10133333333333334,0.12866666666666668,134,70.09333333333333,70.09333333333333,14002,0.009998571632623911,positive
sadness,2019,happiness,unigram,75,0.92,0.4640000000000001,0.7,72,69.0,69.0,14002,0.005356377660334238,positive
sadness,2019,have,unigram,112,0.514,-0.222,0.186,106,57.568,57.568,14002,0.007998857306099129,positive
sadness,2019,we,unigram,196,0.26933333333333337,0.17166666666666666,0.345,181,52.78933333333334,52.78933333333334,14002,0.013998000285673474,positive
sadness,2019,with,unigram,304,0.148,-0.11900000000000001,0.05,284,44.992,44.992,14002,0.021711184116554778,positive
sadness,2019,express,unigram,77,0.52,0.246,0.382,72,40.04,40.04,14002,0.005499214397943151,positive
sadness,2019,life,unigram,43,0.836,0.23,0.648,42,35.948,35.948,14002,0.0030709898585916297,positive
sadness,2019,experience,unigram,58,0.594,0.252,0.726,58,34.452,34.452,14002,0.004142265390658477,positive
sadness,2020,anger,unigram,251,-0.821,0.634,0.20400000000000001,239,-206.071,206.071,16066,0.015623054898543508,negative
sadness,2020,of,unigram,865,-0.111,-0.11900000000000001,-0.161,755,-96.015,96.015,16066,0.053840408315697745,negative
sadness,2020,fear,unigram,127,-0.7505,0.48000000000000004,-0.318,121,-95.31349999999999,95.31349999999999,16066,0.00790489231918337,negative
sadness,2020,grief,unigram,97,-0.86,0.28,-0.052,91,-83.42,83.42,16066,0.006037594920951077,negative
sadness,2020,loss,unigram,87,-0.876,0.134,-0.578,84,-76.212,76.212,16066,0.005415162454873646,negative
sadness,2020,anxiety,unigram,104,-0.708,0.73,-0.31599999999999995,97,-73.63199999999999,73.63199999999999,16066,0.006473297647205278,negative
sadness,2020,depression,unigram,77,-0.938,0.04,-0.536,74,-72.226,72.226,16066,0.004792729988796216,negative
sadness,2020,pain,unigram,75,-0.8273333333333334,0.292,-0.37566666666666665,75,-62.050000000000004,62.050000000000004,16066,0.004668243495580729,negative
sadness,2020,frustration,unigram,59,-0.88,0.46,-0.44,56,-51.92,51.92,16066,0.0036723515498568405,negative
sadness,2020,despair,unigram,45,-0.8485000000000001,0.5289999999999999,-0.5700000000000001,43,-38.182500000000005,38.182500000000005,16066,0.002800946097348438,negative
sadness,2020,great,unigram,164,0.7066666666666667,0.20733333333333334,0.6853333333333333,157,115.89333333333333,115.89333333333333,16066,0.010207892443669863,positive
sadness,2020,feel,unigram,174,0.5006666666666667,-0.10133333333333334,0.12866666666666668,168,87.116,87.116,16066,0.010830324909747292,positive
sadness,2020,joy,unigram,88,0.9704999999999999,0.3785,0.38600000000000007,85,85.404,85.404,16066,0.005477405701481389,positive
sadness,2020,have,unigram,155,0.514,-0.22200000000000003,0.186,148,79.67,79.67,16066,0.009647703224200175,positive
sadness,2020,with,unigram,391,0.148,-0.119,0.05,371,57.867999999999995,57.867999999999995,16066,0.024337109423627535,positive
sadness,2020,we,unigram,209,0.26933333333333337,0.17166666666666666,0.345,196,56.290666666666674,56.290666666666674,16066,0.0130088385410183,positive
sadness,2020,happiness,unigram,56,0.92,0.464,0.7,55,51.52,51.52,16066,0.0034856218100336113,positive
sadness,2020,love,unigram,45,0.846,0.154,0.22333333333333336,38,38.07,38.07,16066,0.002800946097348438,positive
sadness,2020,like,unigram,46,0.77225,0.08024999999999999,-0.034499999999999996,46,35.5235,35.5235,16066,0.0028631893439561807,positive
sadness,2020,to,unigram,294,0.11000000000000001,-0.095,-0.167,264,32.34,32.34,16066,0.01829951450267646,positive
sadness,2021,anger,unigram,182,-0.821,0.634,0.204,173,-149.422,149.422,13133,0.013858219751770349,negative
sadness,2021,depression,unigram,92,-0.938,0.04,-0.536,82,-86.29599999999999,86.29599999999999,13133,0.0070052539404553416,negative
sadness,2021,fear,unigram,112,-0.7505,0.48000000000000004,-0.318,107,-84.056,84.056,13133,0.008528135231858677,negative
sadness,2021,of,unigram,712,-0.111,-0.119,-0.161,610,-79.032,79.032,13133,0.05421457397395873,negative
sadness,2021,loss,unigram,71,-0.876,0.134,-0.578,69,-62.196,62.196,13133,0.0054062285844818396,negative
sadness,2021,pain,unigram,72,-0.8273333333333334,0.292,-0.37566666666666665,68,-59.568000000000005,59.568000000000005,13133,0.005482372649052007,negative
sadness,2021,anxiety,unigram,79,-0.708,0.73,-0.316,76,-55.931999999999995,55.931999999999995,13133,0.006015381101043174,negative
sadness,2021,grief,unigram,53,-0.86,0.28,-0.052,52,-45.58,45.58,13133,0.004035635422218838,negative
sadness,2021,frustration,unigram,40,-0.8800000000000001,0.4600000000000001,-0.44000000000000006,40,-35.2,35.2,13133,0.00304576258280667,negative
sadness,2021,death,unigram,31,-0.938,0.44,-0.056,28,-29.078,29.078,13133,0.0023604660016751694,negative
sadness,2021,great,unigram,137,0.7066666666666667,0.20733333333333334,0.6853333333333333,127,96.81333333333333,96.81333333333333,13133,0.010431736846112845,positive
sadness,2021,joy,unigram,84,0.9704999999999999,0.3785,0.386,81,81.52199999999999,81.52199999999999,13133,0.006396101423894007,positive
sadness,2021,happiness,unigram,76,0.92,0.464,0.7,70,69.92,69.92,13133,0.0057869489073326735,positive
sadness,2021,feel,unigram,123,0.5006666666666667,-0.10133333333333334,0.12866666666666668,115,61.58200000000001,61.58200000000001,13133,0.00936571994213051,positive
sadness,2021,have,unigram,119,0.514,-0.222,0.186,112,61.166000000000004,61.166000000000004,13133,0.009061143683849844,positive
sadness,2021,with,unigram,310,0.148,-0.11900000000000001,0.05,292,45.879999999999995,45.879999999999995,13133,0.023604660016751693,positive
sadness,2021,we,unigram,161,0.26933333333333337,0.17166666666666666,0.345,148,43.36266666666667,43.36266666666667,13133,0.012259194395796848,positive
sadness,2021,life,unigram,41,0.8359999999999999,0.22999999999999998,0.648,35,34.275999999999996,34.275999999999996,13133,0.003121906647376837,positive
sadness,2021,express,unigram,61,0.52,0.246,0.382,59,31.720000000000002,31.720000000000002,13133,0.004644787938780172,positive
sadness,2021,to,unigram,272,0.11,-0.095,-0.167,251,29.92,29.92,13133,0.020711185563085356,positive
sadness,2022,anger,unigram,179,-0.8210000000000001,0.634,0.20400000000000004,166,-146.959,146.959,12320,0.014529220779220779,negative
sadness,2022,of,unigram,779,-0.11099999999999999,-0.119,-0.161,620,-86.469,86.469,12320,0.06323051948051948,negative
sadness,2022,fear,unigram,104,-0.7505,0.48000000000000004,-0.318,98,-78.05199999999999,78.05199999999999,12320,0.008441558441558441,negative
sadness,2022,depression,unigram,77,-0.938,0.04,-0.536,73,-72.226,72.226,12320,0.00625,negative
sadness,2022,anxiety,unigram,85,-0.708,0.73,-0.316,82,-60.18,60.18,12320,0.006899350649350649,negative
sadness,2022,loss,unigram,68,-0.876,0.134,-0.578,66,-59.568,59.568,12320,0.00551948051948052,negative
sadness,2022,grief,unigram,66,-0.86,0.28,-0.052,62,-56.76,56.76,12320,0.005357142857142857,negative
sadness,2022,pain,unigram,47,-0.8273333333333334,0.292,-0.37566666666666665,43,-38.88466666666667,38.88466666666667,12320,0.003814935064935065,negative
sadness,2022,hopelessness,unigram,32,-0.948,-0.196,-0.554,29,-30.336,30.336,12320,0.0025974025974025974,negative
sadness,2022,frustration,unigram,29,-0.88,0.46,-0.44,28,-25.52,25.52,12320,0.002353896103896104,negative
sadness,2022,great,unigram,111,0.7066666666666667,0.20733333333333331,0.6853333333333333,104,78.44,78.44,12320,0.00900974025974026,positive
sadness,2022,joy,unigram,53,0.9704999999999999,0.3785,0.386,52,51.436499999999995,51.436499999999995,12320,0.004301948051948052,positive
sadness,2022,feel,unigram,102,0.5006666666666667,-0.10133333333333333,0.12866666666666668,97,51.068000000000005,51.068000000000005,12320,0.008279220779220779,positive
sadness,2022,happiness,unigram,55,0.92,0.46399999999999997,0.7,53,50.6,50.6,12320,0.004464285714285714,positive
sadness,2022,have,unigram,95,0.514,-0.222,0.18599999999999997,92,48.83,48.83,12320,0.007711038961038961,positive
sadness,2022,we,unigram,155,0.26933333333333337,0.17166666666666666,0.345,138,41.74666666666667,41.74666666666667,12320,0.012581168831168832,positive
sadness,2022,with,unigram,280,0.148,-0.119,0.05,262,41.44,41.44,12320,0.022727272727272728,positive
sadness,2022,like,unigram,43,0.77225,0.08024999999999999,-0.034499999999999996,42,33.20675,33.20675,12320,0.00349025974025974,positive
sadness,2022,express,unigram,57,0.52,0.246,0.382,55,29.64,29.64,12320,0.004626623376623376,positive
sadness,2022,to,unigram,253,0.11,-0.095,-0.167,225,27.830000000000002,27.830000000000002,12320,0.020535714285714286,positive
sadness,2023,anger,unigram,125,-0.821,0.634,0.20400000000000001,117,-102.625,102.625,8411,0.014861490904767566,negative
sadness,2023,of,unigram,519,-0.111,-0.119,-0.161,443,-57.609,57.609,8411,0.06170491023659493,negative
sadness,2023,fear,unigram,73,-0.7505,0.4800000000000001,-0.318,67,-54.7865,54.7865,8411,0.008679110688384258,negative
sadness,2023,grief,unigram,59,-0.86,0.28,-0.052,53,-50.74,50.74,8411,0.007014623707050291,negative
sadness,2023,anxiety,unigram,70,-0.708,0.73,-0.316,69,-49.559999999999995,49.559999999999995,8411,0.008322434906669837,negative
sadness,2023,depression,unigram,50,-0.938,0.04,-0.536,46,-46.9,46.9,8411,0.005944596361907027,negative
sadness,2023,loss,unigram,34,-0.876,0.134,-0.578,32,-29.784,29.784,8411,0.004042325526096778,negative
sadness,2023,pain,unigram,35,-0.8273333333333334,0.292,-0.37566666666666665,34,-28.956666666666667,28.956666666666667,8411,0.004161217453334918,negative
sadness,2023,hopelessness,unigram,29,-0.948,-0.196,-0.554,26,-27.491999999999997,27.491999999999997,8411,0.0034478658899060755,negative
sadness,2023,frustration,unigram,27,-0.88,0.46,-0.44,27,-23.76,23.76,8411,0.0032100820354297945,negative
sadness,2023,great,unigram,69,0.7066666666666667,0.20733333333333334,0.6853333333333333,64,48.76,48.76,8411,0.008203542979431697,positive
sadness,2023,joy,unigram,50,0.9704999999999999,0.3785,0.386,49,48.525,48.525,8411,0.005944596361907027,positive
sadness,2023,feel,unigram,81,0.5006666666666667,-0.10133333333333333,0.12866666666666668,76,40.554,40.554,8411,0.009630246106289382,positive
sadness,2023,have,unigram,71,0.514,-0.222,0.186,68,36.494,36.494,8411,0.008441326833907978,positive
sadness,2023,happiness,unigram,38,0.92,0.464,0.7,37,34.96,34.96,8411,0.0045178932350493405,positive
sadness,2023,express,unigram,64,0.52,0.246,0.382,60,33.28,33.28,8411,0.007609083343240994,positive
sadness,2023,with,unigram,181,0.148,-0.119,0.05,175,26.788,26.788,8411,0.021519438830103436,positive
sadness,2023,we,unigram,98,0.26933333333333337,0.17166666666666666,0.345,94,26.39466666666667,26.39466666666667,8411,0.011651408869337772,positive
sadness,2023,like,unigram,33,0.77225,0.08024999999999999,-0.034499999999999996,30,25.48425,25.48425,8411,0.003923433598858638,positive
sadness,2023,emotion,unigram,53,0.386,0.7459999999999999,0.392,49,20.458000000000002,20.458000000000002,8411,0.006301272143621448,positive
sadness,2024,anger,unigram,142,-0.821,0.634,0.20400000000000001,133,-116.582,116.582,7259,0.0195619231299077,negative
sadness,2024,anxiety,unigram,79,-0.708,0.73,-0.316,75,-55.931999999999995,55.931999999999995,7259,0.01088304174128668,negative
sadness,2024,of,unigram,449,-0.111,-0.119,-0.161,363,-49.839,49.839,7259,0.06185424989667998,negative
sadness,2024,depression,unigram,53,-0.938,0.04,-0.536,47,-49.714,49.714,7259,0.007301281168204987,negative
sadness,2024,fear,unigram,58,-0.7505,0.48000000000000004,-0.318,56,-43.528999999999996,43.528999999999996,7259,0.007990081278413004,negative
sadness,2024,hopelessness,unigram,41,-0.9479999999999998,-0.19599999999999998,-0.554,37,-38.867999999999995,38.867999999999995,7259,0.005648160903705745,negative
sadness,2024,grief,unigram,43,-0.8599999999999999,0.28,-0.052,40,-36.98,36.98,7259,0.005923680947788951,negative
sadness,2024,loss,unigram,35,-0.876,0.134,-0.578,34,-30.66,30.66,7259,0.0048216007714561235,negative
sadness,2024,frustration,unigram,26,-0.88,0.46,-0.44,25,-22.88,22.88,7259,0.0035817605730816917,negative
sadness,2024,pain,unigram,26,-0.8273333333333335,0.292,-0.37566666666666665,24,-21.51066666666667,21.51066666666667,7259,0.0035817605730816917,negative
sadness,2024,joy,unigram,55,0.9704999999999999,0.3785,0.386,51,53.3775,53.3775,7259,0.007576801212288194,positive
sadness,2024,great,unigram,55,0.7066666666666667,0.20733333333333334,0.6853333333333333,54,38.86666666666667,38.86666666666667,7259,0.007576801212288194,positive
sadness,2024,feel,unigram,58,0.5006666666666667,-0.10133333333333336,0.12866666666666668,53,29.038666666666668,29.038666666666668,7259,0.007990081278413004,positive
sadness,2024,like,unigram,32,0.77225,0.08024999999999999,-0.034499999999999996,32,24.712,24.712,7259,0.004408320705331313,positive
sadness,2024,with,unigram,165,0.148,-0.119,0.05,161,24.419999999999998,24.419999999999998,7259,0.02273040363686458,positive
sadness,2024,have,unigram,47,0.514,-0.22199999999999998,0.18599999999999997,47,24.158,24.158,7259,0.0064747210359553655,positive
sadness,2024,we,unigram,85,0.26933333333333337,0.17166666666666666,0.345,80,22.893333333333338,22.893333333333338,7259,0.0117096018735363,positive
sadness,2024,express,unigram,44,0.52,0.246,0.382,40,22.880000000000003,22.880000000000003,7259,0.006061440969830555,positive
sadness,2024,emotion,unigram,58,0.386,0.746,0.392,55,22.388,22.388,7259,0.007990081278413004,positive
sadness,2024,happiness,unigram,19,0.92,0.464,0.7,19,17.48,17.48,7259,0.002617440418790467,positive
sadness,2025,anger,unigram,95,-0.821,0.634,0.20400000000000001,89,-77.99499999999999,77.99499999999999,5902,0.016096238563198917,negative
sadness,2025,fear,unigram,49,-0.7505,0.48000000000000004,-0.318,46,-36.774499999999996,36.774499999999996,5902,0.008302270416807861,negative
sadness,2025,depression,unigram,38,-0.938,0.04,-0.536,33,-35.644,35.644,5902,0.006438495425279567,negative
sadness,2025,anxiety,unigram,48,-0.7079999999999999,0.73,-0.316,45,-33.983999999999995,33.983999999999995,5902,0.008132836326668925,negative
sadness,2025,loss,unigram,36,-0.876,0.134,-0.578,32,-31.536,31.536,5902,0.006099627245001694,negative
sadness,2025,of,unigram,283,-0.111,-0.119,-0.161,244,-31.413,31.413,5902,0.047949847509318876,negative
sadness,2025,pain,unigram,37,-0.8273333333333334,0.292,-0.37566666666666665,37,-30.611333333333334,30.611333333333334,5902,0.00626906133514063,negative
sadness,2025,hopelessness,unigram,28,-0.9479999999999998,-0.196,-0.554,28,-26.543999999999997,26.543999999999997,5902,0.004744154523890207,negative
sadness,2025,frustration,unigram,26,-0.88,0.46,-0.44,25,-22.88,22.88,5902,0.004405286343612335,negative
sadness,2025,grief,unigram,22,-0.8599999999999999,0.28,-0.052,22,-18.919999999999998,18.919999999999998,5902,0.003727549983056591,negative
sadness,2025,joy,unigram,49,0.9704999999999999,0.37850000000000006,0.386,47,47.5545,47.5545,5902,0.008302270416807861,positive
sadness,2025,great,unigram,42,0.7066666666666667,0.20733333333333334,0.6853333333333333,39,29.68,29.68,5902,0.00711623178583531,positive
sadness,2025,happiness,unigram,27,0.92,0.464,0.7,24,24.84,24.84,5902,0.004574720433751271,positive
sadness,2025,feel,unigram,46,0.5006666666666667,-0.10133333333333336,0.12866666666666668,44,23.03066666666667,23.03066666666667,5902,0.007793968146391054,positive
sadness,2025,like,unigram,25,0.77225,0.08024999999999999,-0.034499999999999996,24,19.30625,19.30625,5902,0.0042358522534733985,positive
sadness,2025,with,unigram,130,0.148,-0.119,0.05,122,19.24,19.24,5902,0.022026431718061675,positive
sadness,2025,have,unigram,37,0.514,-0.222,0.186,36,19.018,19.018,5902,0.00626906133514063,positive
sadness,2025,experience,unigram,29,0.594,0.252,0.726,29,17.226,17.226,5902,0.004913588614029143,positive
sadness,2025,we,unigram,51,0.26933333333333337,0.17166666666666663,0.345,45,13.736000000000002,13.736000000000002,5902,0.008641138597085733,positive
sadness,2025,express,unigram,26,0.52,0.246,0.382,23,13.52,13.52,5902,0.004405286343612335,positive
sadness,2026,anger,unigram,33,-0.821,0.634,0.20400000000000001,28,-27.093,27.093,2112,0.015625,negative
sadness,2026,anxiety,unigram,24,-0.7079999999999999,0.73,-0.316,23,-16.991999999999997,16.991999999999997,2112,0.011363636363636364,negative
sadness,2026,loss,unigram,16,-0.876,0.134,-0.578,15,-14.016,14.016,2112,0.007575757575757576,negative
sadness,2026,of,unigram,104,-0.111,-0.119,-0.161,93,-11.544,11.544,2112,0.04924242424242424,negative
sadness,2026,frustration,unigram,13,-0.88,0.46,-0.44,13,-11.44,11.44,2112,0.00615530303030303,negative
sadness,2026,depression,unigram,11,-0.938,0.04,-0.536,11,-10.318,10.318,2112,0.005208333333333333,negative
sadness,2026,fear,unigram,13,-0.7505,0.48000000000000004,-0.318,12,-9.756499999999999,9.756499999999999,2112,0.00615530303030303,negative
sadness,2026,grief,unigram,10,-0.86,0.28,-0.052000000000000005,10,-8.6,8.6,2112,0.004734848484848485,negative
sadness,2026,pain,unigram,10,-0.8273333333333334,0.292,-0.37566666666666665,10,-8.273333333333333,8.273333333333333,2112,0.004734848484848485,negative
sadness,2026,hopelessness,unigram,8,-0.948,-0.196,-0.554,7,-7.584,7.584,2112,0.003787878787878788,negative
sadness,2026,great,unigram,22,0.7066666666666667,0.20733333333333334,0.6853333333333333,21,15.546666666666667,15.546666666666667,2112,0.010416666666666666,positive
sadness,2026,happiness,unigram,11,0.92,0.464,0.7,10,10.120000000000001,10.120000000000001,2112,0.005208333333333333,positive
sadness,2026,feel,unigram,20,0.5006666666666667,-0.10133333333333334,0.12866666666666668,19,10.013333333333334,10.013333333333334,2112,0.00946969696969697,positive
sadness,2026,joy,unigram,10,0.9704999999999998,0.3785,0.386,10,9.704999999999998,9.704999999999998,2112,0.004734848484848485,positive
sadness,2026,with,unigram,60,0.148,-0.119,0.05,57,8.879999999999999,8.879999999999999,2112,0.028409090909090908,positive
sadness,2026,like,unigram,10,0.77225,0.08024999999999999,-0.034499999999999996,10,7.7225,7.7225,2112,0.004734848484848485,positive
sadness,2026,have,unigram,14,0.514,-0.222,0.186,14,7.196,7.196,2112,0.006628787878787879,positive
sadness,2026,we,unigram,23,0.26933333333333337,0.17166666666666666,0.345,21,6.194666666666667,6.194666666666667,2112,0.010890151515151516,positive
sadness,2026,life,unigram,7,0.836,0.23,0.648,6,5.851999999999999,5.851999999999999,2112,0.0033143939393939395,positive
sadness,2026,express,unigram,11,0.52,0.246,0.382,10,5.720000000000001,5.720000000000001,2112,0.005208333333333333,positive
