lsc_year,score,ci_low,ci_high,measure,analysis_unit,frame_stratum,frame_label,diagnostic_role,row_type,linear_fit,quadratic_fit_at_year,fit_score
2014.0,0.0959553331457008,0.0922469893170692,0.0992358094529953,Breadth,Autism,substantive_core_overall,Overall,flagged,annual_estimate,0.0985487942561307,0.09443178392844005,
2015.0,0.0952078954173131,0.0914242867255344,0.0990532420934552,Breadth,Autism,substantive_core_overall,Overall,flagged,annual_estimate,0.09866751141683949,0.09660900625299405,
2016.0,0.0970510392062022,0.0935488236062794,0.1007262181646235,Breadth,Autism,substantive_core_overall,Overall,flagged,annual_estimate,0.09878622857754829,0.0984119549113944,
2017.0,0.1005032398612284,0.0967311191727286,0.1042716377839268,Breadth,Autism,substantive_core_overall,Overall,flagged,annual_estimate,0.0989049457382571,0.09984062990364106,
2018.0,0.1022392282413826,0.0982402803065312,0.1062332219071424,Breadth,Autism,substantive_core_overall,Overall,flagged,annual_estimate,0.0990236628989659,0.10089503122973409,
2019.0,0.0990902215281112,0.0952923718560066,0.1035310481530714,Breadth,Autism,substantive_core_overall,Overall,flagged,annual_estimate,0.0991423800596747,0.10157515888967346,
2020.0,0.1040147851047933,0.0998578583638557,0.1082055180951411,Breadth,Autism,substantive_core_overall,Overall,flagged,annual_estimate,0.0992610972203835,0.10188101288345917,
2021.0,0.1008162805331651,0.0965713718247157,0.1048940353911082,Breadth,Autism,substantive_core_overall,Overall,flagged,annual_estimate,0.0993798143810923,0.10181259321109122,
2022.0,0.1010717532503093,0.0966867753810663,0.105359987743244,Breadth,Autism,substantive_core_overall,Overall,flagged,annual_estimate,0.09949853154180109,0.10136989987256961,
2023.0,0.1029412431461923,0.0984187472047299,0.1080878721758668,Breadth,Autism,substantive_core_overall,Overall,flagged,annual_estimate,0.09961724870250989,0.10055293286789435,
2024.0,0.1003824487053594,0.0957740641000814,0.1046957413654792,Breadth,Autism,substantive_core_overall,Overall,flagged,annual_estimate,0.0997359658632187,0.09936169219706542,
2025.0,0.0933775320160087,0.0890136299749817,0.0979797079629833,Breadth,Autism,substantive_core_overall,Overall,flagged,annual_estimate,0.0998546830239275,0.09779617786008284,
2026.0,0.0977432637092193,0.0895072479801801,0.1067435394827202,Breadth,Autism,substantive_core_overall,Overall,flagged,annual_estimate,0.0999734001846363,0.0958563898569466,
2014.0,0.0839083556819855,0.0800175803072971,0.0875224197742953,Breadth,Autism,clinical_only,Clinical,flagged,annual_estimate,0.0889909465918554,0.08306339126767662,
2015.0,0.0877322914522626,0.0826960350345882,0.0923726069623756,Breadth,Autism,clinical_only,Clinical,flagged,annual_estimate,0.0897404002632312,0.0867766226011417,
2016.0,0.0883487733156626,0.0832793593592249,0.0928137348757944,Breadth,Autism,clinical_only,Clinical,flagged,annual_estimate,0.090489853934607,0.0899509852687724,
2017.0,0.0911767405002104,0.0861260102186399,0.0962928809606243,Breadth,Autism,clinical_only,Clinical,flagged,annual_estimate,0.0912393076059828,0.09258647927056869,
2018.0,0.0963890130982447,0.0913105835790126,0.1014452305356395,Breadth,Autism,clinical_only,Clinical,flagged,annual_estimate,0.0919887612773586,0.09468310460653057,
2019.0,0.0918543322113882,0.0871645159818813,0.0966625944053826,Breadth,Autism,clinical_only,Clinical,flagged,annual_estimate,0.0927382149487344,0.09624086127665804,
2020.0,0.1006665772583398,0.0954282610092804,0.1059607147051554,Breadth,Autism,clinical_only,Clinical,flagged,annual_estimate,0.0934876686201102,0.09725974928095112,
2021.0,0.0996206656596344,0.0938199802440581,0.1049086120644595,Breadth,Autism,clinical_only,Clinical,flagged,annual_estimate,0.094237122291486,0.09773976861940978,
2022.0,0.0953984496586564,0.0895249419354533,0.1012579763383687,Breadth,Autism,clinical_only,Clinical,flagged,annual_estimate,0.0949865759628618,0.09768091929203404,
2023.0,0.0974640688831748,0.0908046313328302,0.1044534988049823,Breadth,Autism,clinical_only,Clinical,flagged,annual_estimate,0.0957360296342376,0.0970832012988239,
2024.0,0.0974598076933661,0.0911607656353763,0.1034561677544343,Breadth,Autism,clinical_only,Clinical,flagged,annual_estimate,0.09648548330561339,0.09594661463977935,
2025.0,0.0945028695761857,0.0878721849764131,0.1003883528227711,Breadth,Autism,clinical_only,Clinical,flagged,annual_estimate,0.09723493697698919,0.09427115931490039,
2026.0,0.0908177470723216,0.0802801244411795,0.0996221894175416,Breadth,Autism,clinical_only,Clinical,flagged,annual_estimate,0.09798439064836499,0.09205683532418704,
2014.0,0.0728610897739185,0.0625260198588191,0.0818729619342062,Sentiment,ADHD,substantive_core_overall,Overall,context,annual_estimate,0.0628275427446574,0.07204570023295583,
2015.0,0.0742814406364287,0.0654752061526991,0.0841796762029018,Sentiment,ADHD,substantive_core_overall,Overall,context,annual_estimate,0.064043450389458,0.06865252913360716,
2016.0,0.0634886704414386,0.0527693761652489,0.0735966678376313,Sentiment,ADHD,substantive_core_overall,Overall,context,annual_estimate,0.0652593580342586,0.06609737235137655,
2017.0,0.0650278239293103,0.0551913319670198,0.0747816738620135,Sentiment,ADHD,substantive_core_overall,Overall,context,annual_estimate,0.0664752656790592,0.064380229886264,
2018.0,0.0593291165524384,0.0493095824529263,0.0695607323776611,Sentiment,ADHD,substantive_core_overall,Overall,context,annual_estimate,0.06769117332385981,0.0635011017382695,
2019.0,0.0533284876240138,0.0428700148892358,0.0632413843740615,Sentiment,ADHD,substantive_core_overall,Overall,context,annual_estimate,0.0689070809686604,0.06345998790739306,
2020.0,0.0655636680988184,0.0548497646689036,0.0760079086811028,Sentiment,ADHD,substantive_core_overall,Overall,context,annual_estimate,0.070122988613461,0.06425688839363468,
2021.0,0.0597771337409491,0.0483404469607415,0.0713816160335938,Sentiment,ADHD,substantive_core_overall,Overall,context,annual_estimate,0.0713388962582616,0.06589180319699435,
2022.0,0.0822703316857088,0.0717748588892241,0.0927548616583159,Sentiment,ADHD,substantive_core_overall,Overall,context,annual_estimate,0.0725548039030622,0.06836473231747209,
2023.0,0.079054661065214,0.0648327792184926,0.0913564633832188,Sentiment,ADHD,substantive_core_overall,Overall,context,annual_estimate,0.0737707115478628,0.07167567575506786,
2024.0,0.0720485295456614,0.0602779161422458,0.0833403342831379,Sentiment,ADHD,substantive_core_overall,Overall,context,annual_estimate,0.0749866191926634,0.07582463350978169,
2025.0,0.0861894843152672,0.0718094987695574,0.1003880594599627,Sentiment,ADHD,substantive_core_overall,Overall,context,annual_estimate,0.07620252683746401,0.0808116055816136,
2026.0,0.0783784145658263,0.0581648384147761,0.0963815909882927,Sentiment,ADHD,substantive_core_overall,Overall,context,annual_estimate,0.0774184344822646,0.08663659197056355,
2014.0,0.0607134972045498,0.0499497628513404,0.0707655731995371,Sentiment,ADHD,clinical_only,Clinical,flagged,annual_estimate,0.0489822571381798,0.06378891427994983,
2015.0,0.0665540203428008,0.0552910866193316,0.0771544279950099,Sentiment,ADHD,clinical_only,Clinical,flagged,annual_estimate,0.0494094002465227,0.05681272881740771,
2016.0,0.0449392663954743,0.0334338303958255,0.0588197187480322,Sentiment,ADHD,clinical_only,Clinical,flagged,annual_estimate,0.0498365433548656,0.0511826030950265,
2017.0,0.04840298332023,0.0366894620227762,0.0606734316777257,Sentiment,ADHD,clinical_only,Clinical,flagged,annual_estimate,0.0502636864632085,0.04689853711280621,
2018.0,0.0480752743519885,0.035405112610321,0.0607739463960493,Sentiment,ADHD,clinical_only,Clinical,flagged,annual_estimate,0.0506908295715514,0.04396053087074683,
2019.0,0.0292063585289012,0.015112624240875,0.0418831282917552,Sentiment,ADHD,clinical_only,Clinical,flagged,annual_estimate,0.0511179726798943,0.04236858436884837,
2020.0,0.0441932203687599,0.0317663957807199,0.0577991949920205,Sentiment,ADHD,clinical_only,Clinical,flagged,annual_estimate,0.0515451157882372,0.04212269760711082,
2021.0,0.0377150837233207,0.0233908412110632,0.0518081325830691,Sentiment,ADHD,clinical_only,Clinical,flagged,annual_estimate,0.0519722588965801,0.04322287058553419,
2022.0,0.05796925427441,0.0453374018923178,0.0695982550819406,Sentiment,ADHD,clinical_only,Clinical,flagged,annual_estimate,0.052399402004923,0.04566910330411847,
2023.0,0.053056905379459,0.0377842407099824,0.0685722314558065,Sentiment,ADHD,clinical_only,Clinical,flagged,annual_estimate,0.0528265451132659,0.049461395762863666,
2024.0,0.0492228467441193,0.0301342684294535,0.0645798678759409,Sentiment,ADHD,clinical_only,Clinical,flagged,annual_estimate,0.0532536882216088,0.05459974796176977,
2025.0,0.0648284096302368,0.0453766161397376,0.0840932896552038,Sentiment,ADHD,clinical_only,Clinical,flagged,annual_estimate,0.0536808313299517,0.0610841599008368,
2026.0,0.0652093849828332,0.0356613175848768,0.0923694192728637,Sentiment,ADHD,clinical_only,Clinical,flagged,annual_estimate,0.0541079744382946,0.06891463158006474,
2014.0,0.1094815503323947,0.1037467747237514,0.1150275710723101,Sentiment,Autism,substantive_core_overall,Overall,context,annual_estimate,0.10669763891305531,0.10984750099926995,
2015.0,0.1057472137921469,0.1005727139794596,0.1124347287737333,Sentiment,Autism,substantive_core_overall,Overall,context,annual_estimate,0.1072681495303284,0.10884308057343572,
2016.0,0.110468998635588,0.1044364168720877,0.1162909064535555,Sentiment,Autism,substantive_core_overall,Overall,context,annual_estimate,0.1078386601476015,0.10812501124634828,
2017.0,0.1089217261073258,0.1031597757229186,0.1149102578286353,Sentiment,Autism,substantive_core_overall,Overall,context,annual_estimate,0.10840917076487461,0.10769329301800763,
2018.0,0.1066773123429957,0.1008061680067938,0.1129373548265156,Sentiment,Autism,substantive_core_overall,Overall,context,annual_estimate,0.10897968138214771,0.10754792588841378,
2019.0,0.1143576566647172,0.1074970191589485,0.1206864642005312,Sentiment,Autism,substantive_core_overall,Overall,context,annual_estimate,0.1095501919994208,0.10768890985756671,
2020.0,0.1029100530318532,0.0950628701668214,0.1091182679978134,Sentiment,Autism,substantive_core_overall,Overall,context,annual_estimate,0.1101207026166939,0.10811624492546644,
2021.0,0.1084715112687739,0.1017513320067885,0.1160194555555437,Sentiment,Autism,substantive_core_overall,Overall,context,annual_estimate,0.11069121323396701,0.10882993109211295,
2022.0,0.1121748463124016,0.1035093448510065,0.1189875211035954,Sentiment,Autism,substantive_core_overall,Overall,context,annual_estimate,0.1112617238512401,0.10982996835750625,
2023.0,0.1110209711187178,0.1030119983754864,0.1188229917840743,Sentiment,Autism,substantive_core_overall,Overall,context,annual_estimate,0.1118322344685132,0.11111635672164634,
2024.0,0.109638951476461,0.0997870903528521,0.1187851003059845,Sentiment,Autism,substantive_core_overall,Overall,context,annual_estimate,0.11240274508578631,0.11268909618453322,
2025.0,0.1088182232435934,0.0983946375661522,0.1174662621030339,Sentiment,Autism,substantive_core_overall,Overall,context,annual_estimate,0.11297325570305941,0.11454818674616687,
2026.0,0.1228801196900512,0.1096542520995181,0.1375109725387516,Sentiment,Autism,substantive_core_overall,Overall,context,annual_estimate,0.1135437663203325,0.11669362840654733,
2014.0,0.0803364008430481,0.0734575740051428,0.0872698546913065,Sentiment,Autism,clinical_only,Clinical,flagged,annual_estimate,0.0639859965547491,0.08027834928439781,
2015.0,0.0740267143824354,0.0655210025551294,0.0825536859586882,Sentiment,Autism,clinical_only,Clinical,flagged,annual_estimate,0.06514041088348049,0.07328658724830474,
2016.0,0.0627522381367844,0.0545395889233182,0.0719025013319991,Sentiment,Autism,clinical_only,Clinical,flagged,annual_estimate,0.0662948252122119,0.06777594818763433,
2017.0,0.0644543920297411,0.0557456188127924,0.0734323499219622,Sentiment,Autism,clinical_only,Clinical,flagged,annual_estimate,0.0674492395409433,0.06374643210238654,
2018.0,0.0640323779620535,0.0546573367863922,0.0741529185239168,Sentiment,Autism,clinical_only,Clinical,flagged,annual_estimate,0.0686036538696747,0.06119803899256139,
2019.0,0.0692218275629028,0.0594096979141971,0.0777999020183804,Sentiment,Autism,clinical_only,Clinical,flagged,annual_estimate,0.0697580681984061,0.06013076885815889,
2020.0,0.0549079999698199,0.0444735026311817,0.0657845599173328,Sentiment,Autism,clinical_only,Clinical,flagged,annual_estimate,0.0709124825271375,0.06054462169917903,
2021.0,0.0609939361977721,0.050397234822228,0.0720552641105808,Sentiment,Autism,clinical_only,Clinical,flagged,annual_estimate,0.0720668968558689,0.06243959751562181,
2022.0,0.0635153853107344,0.0506447139284931,0.0766190932240006,Sentiment,Autism,clinical_only,Clinical,flagged,annual_estimate,0.0732213111846003,0.06581569630748722,
2023.0,0.0745857973905094,0.0634186477270315,0.0862478475113755,Sentiment,Autism,clinical_only,Clinical,flagged,annual_estimate,0.0743757255133317,0.07067291807477527,
2024.0,0.0638487056796567,0.0499374383446938,0.0767506745652587,Sentiment,Autism,clinical_only,Clinical,flagged,annual_estimate,0.0755301398420631,0.07701126281748596,
2025.0,0.0983818091104126,0.0832267668795665,0.112226735831789,Sentiment,Autism,clinical_only,Clinical,flagged,annual_estimate,0.0766845541707945,0.0848307305356193,
2026.0,0.0908046882769171,0.0725039504135816,0.1098513856397641,Sentiment,Autism,clinical_only,Clinical,flagged,annual_estimate,0.0778389684995259,0.09413132122917528,
2014.0,,,,Breadth,Autism,substantive_core_overall,Overall,flagged,linear_fit,,,0.0985487942561307
2014.1,,,,Breadth,Autism,substantive_core_overall,Overall,flagged,linear_fit,,,0.09856066597220156
2014.2,,,,Breadth,Autism,substantive_core_overall,Overall,flagged,linear_fit,,,0.09857253768827245
2014.3,,,,Breadth,Autism,substantive_core_overall,Overall,flagged,linear_fit,,,0.09858440940434333
2014.4,,,,Breadth,Autism,substantive_core_overall,Overall,flagged,linear_fit,,,0.09859628112041423
2014.5,,,,Breadth,Autism,substantive_core_overall,Overall,flagged,linear_fit,,,0.0986081528364851
2014.6,,,,Breadth,Autism,substantive_core_overall,Overall,flagged,linear_fit,,,0.09862002455255596
2014.7,,,,Breadth,Autism,substantive_core_overall,Overall,flagged,linear_fit,,,0.09863189626862687
2014.8,,,,Breadth,Autism,substantive_core_overall,Overall,flagged,linear_fit,,,0.09864376798469773
2014.9,,,,Breadth,Autism,substantive_core_overall,Overall,flagged,linear_fit,,,0.09865563970076863
2015.0,,,,Breadth,Autism,substantive_core_overall,Overall,flagged,linear_fit,,,0.09866751141683949
2015.1,,,,Breadth,Autism,substantive_core_overall,Overall,flagged,linear_fit,,,0.09867938313291036
2015.2,,,,Breadth,Autism,substantive_core_overall,Overall,flagged,linear_fit,,,0.09869125484898127
2015.3,,,,Breadth,Autism,substantive_core_overall,Overall,flagged,linear_fit,,,0.09870312656505213
2015.4,,,,Breadth,Autism,substantive_core_overall,Overall,flagged,linear_fit,,,0.09871499828112303
2015.5,,,,Breadth,Autism,substantive_core_overall,Overall,flagged,linear_fit,,,0.09872686999719389
2015.6,,,,Breadth,Autism,substantive_core_overall,Overall,flagged,linear_fit,,,0.09873874171326477
2015.7,,,,Breadth,Autism,substantive_core_overall,Overall,flagged,linear_fit,,,0.09875061342933567
2015.8,,,,Breadth,Autism,substantive_core_overall,Overall,flagged,linear_fit,,,0.09876248514540653
2015.9,,,,Breadth,Autism,substantive_core_overall,Overall,flagged,linear_fit,,,0.09877435686147742
2016.0,,,,Breadth,Autism,substantive_core_overall,Overall,flagged,linear_fit,,,0.09878622857754829
2016.1,,,,Breadth,Autism,substantive_core_overall,Overall,flagged,linear_fit,,,0.09879810029361917
2016.2,,,,Breadth,Autism,substantive_core_overall,Overall,flagged,linear_fit,,,0.09880997200969006
2016.3,,,,Breadth,Autism,substantive_core_overall,Overall,flagged,linear_fit,,,0.09882184372576093
2016.4,,,,Breadth,Autism,substantive_core_overall,Overall,flagged,linear_fit,,,0.09883371544183182
2016.5,,,,Breadth,Autism,substantive_core_overall,Overall,flagged,linear_fit,,,0.09884558715790269
2016.6,,,,Breadth,Autism,substantive_core_overall,Overall,flagged,linear_fit,,,0.09885745887397357
2016.7,,,,Breadth,Autism,substantive_core_overall,Overall,flagged,linear_fit,,,0.09886933059004446
2016.8,,,,Breadth,Autism,substantive_core_overall,Overall,flagged,linear_fit,,,0.09888120230611533
2016.9,,,,Breadth,Autism,substantive_core_overall,Overall,flagged,linear_fit,,,0.09889307402218622
2017.0,,,,Breadth,Autism,substantive_core_overall,Overall,flagged,linear_fit,,,0.0989049457382571
2017.1,,,,Breadth,Autism,substantive_core_overall,Overall,flagged,linear_fit,,,0.09891681745432797
2017.2,,,,Breadth,Autism,substantive_core_overall,Overall,flagged,linear_fit,,,0.09892868917039886
2017.3,,,,Breadth,Autism,substantive_core_overall,Overall,flagged,linear_fit,,,0.09894056088646973
2017.4,,,,Breadth,Autism,substantive_core_overall,Overall,flagged,linear_fit,,,0.09895243260254062
2017.5,,,,Breadth,Autism,substantive_core_overall,Overall,flagged,linear_fit,,,0.0989643043186115
2017.6,,,,Breadth,Autism,substantive_core_overall,Overall,flagged,linear_fit,,,0.09897617603468237
2017.7,,,,Breadth,Autism,substantive_core_overall,Overall,flagged,linear_fit,,,0.09898804775075326
2017.8,,,,Breadth,Autism,substantive_core_overall,Overall,flagged,linear_fit,,,0.09899991946682413
2017.9,,,,Breadth,Autism,substantive_core_overall,Overall,flagged,linear_fit,,,0.09901179118289502
2018.0,,,,Breadth,Autism,substantive_core_overall,Overall,flagged,linear_fit,,,0.0990236628989659
2018.1,,,,Breadth,Autism,substantive_core_overall,Overall,flagged,linear_fit,,,0.09903553461503677
2018.2,,,,Breadth,Autism,substantive_core_overall,Overall,flagged,linear_fit,,,0.09904740633110766
2018.3,,,,Breadth,Autism,substantive_core_overall,Overall,flagged,linear_fit,,,0.09905927804717853
2018.4,,,,Breadth,Autism,substantive_core_overall,Overall,flagged,linear_fit,,,0.09907114976324943
2018.5,,,,Breadth,Autism,substantive_core_overall,Overall,flagged,linear_fit,,,0.0990830214793203
2018.6,,,,Breadth,Autism,substantive_core_overall,Overall,flagged,linear_fit,,,0.09909489319539116
2018.7,,,,Breadth,Autism,substantive_core_overall,Overall,flagged,linear_fit,,,0.09910676491146206
2018.8,,,,Breadth,Autism,substantive_core_overall,Overall,flagged,linear_fit,,,0.09911863662753292
2018.9,,,,Breadth,Autism,substantive_core_overall,Overall,flagged,linear_fit,,,0.09913050834360383
2019.0,,,,Breadth,Autism,substantive_core_overall,Overall,flagged,linear_fit,,,0.0991423800596747
2019.1,,,,Breadth,Autism,substantive_core_overall,Overall,flagged,linear_fit,,,0.09915425177574556
2019.2,,,,Breadth,Autism,substantive_core_overall,Overall,flagged,linear_fit,,,0.09916612349181646
2019.3,,,,Breadth,Autism,substantive_core_overall,Overall,flagged,linear_fit,,,0.09917799520788734
2019.4,,,,Breadth,Autism,substantive_core_overall,Overall,flagged,linear_fit,,,0.09918986692395823
2019.5,,,,Breadth,Autism,substantive_core_overall,Overall,flagged,linear_fit,,,0.0992017386400291
2019.6,,,,Breadth,Autism,substantive_core_overall,Overall,flagged,linear_fit,,,0.09921361035609996
2019.7,,,,Breadth,Autism,substantive_core_overall,Overall,flagged,linear_fit,,,0.09922548207217086
2019.8,,,,Breadth,Autism,substantive_core_overall,Overall,flagged,linear_fit,,,0.09923735378824174
2019.9,,,,Breadth,Autism,substantive_core_overall,Overall,flagged,linear_fit,,,0.09924922550431263
2020.0,,,,Breadth,Autism,substantive_core_overall,Overall,flagged,linear_fit,,,0.0992610972203835
2020.1,,,,Breadth,Autism,substantive_core_overall,Overall,flagged,linear_fit,,,0.09927296893645436
2020.2,,,,Breadth,Autism,substantive_core_overall,Overall,flagged,linear_fit,,,0.09928484065252526
2020.3,,,,Breadth,Autism,substantive_core_overall,Overall,flagged,linear_fit,,,0.09929671236859614
2020.4,,,,Breadth,Autism,substantive_core_overall,Overall,flagged,linear_fit,,,0.09930858408466703
2020.5,,,,Breadth,Autism,substantive_core_overall,Overall,flagged,linear_fit,,,0.0993204558007379
2020.6,,,,Breadth,Autism,substantive_core_overall,Overall,flagged,linear_fit,,,0.09933232751680876
2020.7,,,,Breadth,Autism,substantive_core_overall,Overall,flagged,linear_fit,,,0.09934419923287965
2020.8,,,,Breadth,Autism,substantive_core_overall,Overall,flagged,linear_fit,,,0.09935607094895053
2020.9,,,,Breadth,Autism,substantive_core_overall,Overall,flagged,linear_fit,,,0.09936794266502143
2021.0,,,,Breadth,Autism,substantive_core_overall,Overall,flagged,linear_fit,,,0.0993798143810923
2021.1,,,,Breadth,Autism,substantive_core_overall,Overall,flagged,linear_fit,,,0.09939168609716316
2021.2,,,,Breadth,Autism,substantive_core_overall,Overall,flagged,linear_fit,,,0.09940355781323407
2021.3,,,,Breadth,Autism,substantive_core_overall,Overall,flagged,linear_fit,,,0.09941542952930493
2021.4,,,,Breadth,Autism,substantive_core_overall,Overall,flagged,linear_fit,,,0.09942730124537583
2021.5,,,,Breadth,Autism,substantive_core_overall,Overall,flagged,linear_fit,,,0.09943917296144669
2021.6,,,,Breadth,Autism,substantive_core_overall,Overall,flagged,linear_fit,,,0.09945104467751756
2021.7,,,,Breadth,Autism,substantive_core_overall,Overall,flagged,linear_fit,,,0.09946291639358847
2021.8,,,,Breadth,Autism,substantive_core_overall,Overall,flagged,linear_fit,,,0.09947478810965933
2021.9,,,,Breadth,Autism,substantive_core_overall,Overall,flagged,linear_fit,,,0.09948665982573023
2022.0,,,,Breadth,Autism,substantive_core_overall,Overall,flagged,linear_fit,,,0.09949853154180109
2022.1,,,,Breadth,Autism,substantive_core_overall,Overall,flagged,linear_fit,,,0.09951040325787197
2022.2,,,,Breadth,Autism,substantive_core_overall,Overall,flagged,linear_fit,,,0.09952227497394286
2022.3,,,,Breadth,Autism,substantive_core_overall,Overall,flagged,linear_fit,,,0.09953414669001373
2022.4,,,,Breadth,Autism,substantive_core_overall,Overall,flagged,linear_fit,,,0.09954601840608462
2022.5,,,,Breadth,Autism,substantive_core_overall,Overall,flagged,linear_fit,,,0.09955789012215549
2022.6,,,,Breadth,Autism,substantive_core_overall,Overall,flagged,linear_fit,,,0.09956976183822637
2022.7,,,,Breadth,Autism,substantive_core_overall,Overall,flagged,linear_fit,,,0.09958163355429726
2022.8,,,,Breadth,Autism,substantive_core_overall,Overall,flagged,linear_fit,,,0.09959350527036813
2022.9,,,,Breadth,Autism,substantive_core_overall,Overall,flagged,linear_fit,,,0.09960537698643902
2023.0,,,,Breadth,Autism,substantive_core_overall,Overall,flagged,linear_fit,,,0.09961724870250989
2023.1,,,,Breadth,Autism,substantive_core_overall,Overall,flagged,linear_fit,,,0.09962912041858077
2023.2,,,,Breadth,Autism,substantive_core_overall,Overall,flagged,linear_fit,,,0.09964099213465166
2023.3,,,,Breadth,Autism,substantive_core_overall,Overall,flagged,linear_fit,,,0.09965286385072253
2023.4,,,,Breadth,Autism,substantive_core_overall,Overall,flagged,linear_fit,,,0.09966473556679342
2023.5,,,,Breadth,Autism,substantive_core_overall,Overall,flagged,linear_fit,,,0.0996766072828643
2023.6,,,,Breadth,Autism,substantive_core_overall,Overall,flagged,linear_fit,,,0.09968847899893517
2023.7,,,,Breadth,Autism,substantive_core_overall,Overall,flagged,linear_fit,,,0.09970035071500606
2023.8,,,,Breadth,Autism,substantive_core_overall,Overall,flagged,linear_fit,,,0.09971222243107693
2023.9,,,,Breadth,Autism,substantive_core_overall,Overall,flagged,linear_fit,,,0.09972409414714782
2024.0,,,,Breadth,Autism,substantive_core_overall,Overall,flagged,linear_fit,,,0.0997359658632187
2024.1,,,,Breadth,Autism,substantive_core_overall,Overall,flagged,linear_fit,,,0.09974783757928957
2024.2,,,,Breadth,Autism,substantive_core_overall,Overall,flagged,linear_fit,,,0.09975970929536046
2024.3,,,,Breadth,Autism,substantive_core_overall,Overall,flagged,linear_fit,,,0.09977158101143133
2024.4,,,,Breadth,Autism,substantive_core_overall,Overall,flagged,linear_fit,,,0.09978345272750222
2024.5,,,,Breadth,Autism,substantive_core_overall,Overall,flagged,linear_fit,,,0.0997953244435731
2024.6,,,,Breadth,Autism,substantive_core_overall,Overall,flagged,linear_fit,,,0.09980719615964397
2024.7,,,,Breadth,Autism,substantive_core_overall,Overall,flagged,linear_fit,,,0.09981906787571486
2024.8,,,,Breadth,Autism,substantive_core_overall,Overall,flagged,linear_fit,,,0.09983093959178573
2024.9,,,,Breadth,Autism,substantive_core_overall,Overall,flagged,linear_fit,,,0.09984281130785663
2025.0,,,,Breadth,Autism,substantive_core_overall,Overall,flagged,linear_fit,,,0.0998546830239275
2025.1,,,,Breadth,Autism,substantive_core_overall,Overall,flagged,linear_fit,,,0.09986655473999836
2025.2,,,,Breadth,Autism,substantive_core_overall,Overall,flagged,linear_fit,,,0.09987842645606926
2025.3,,,,Breadth,Autism,substantive_core_overall,Overall,flagged,linear_fit,,,0.09989029817214012
2025.4,,,,Breadth,Autism,substantive_core_overall,Overall,flagged,linear_fit,,,0.09990216988821103
2025.5,,,,Breadth,Autism,substantive_core_overall,Overall,flagged,linear_fit,,,0.0999140416042819
2025.6,,,,Breadth,Autism,substantive_core_overall,Overall,flagged,linear_fit,,,0.09992591332035276
2025.7,,,,Breadth,Autism,substantive_core_overall,Overall,flagged,linear_fit,,,0.09993778503642366
2025.8,,,,Breadth,Autism,substantive_core_overall,Overall,flagged,linear_fit,,,0.09994965675249454
2025.9,,,,Breadth,Autism,substantive_core_overall,Overall,flagged,linear_fit,,,0.09996152846856543
2026.0,,,,Breadth,Autism,substantive_core_overall,Overall,flagged,linear_fit,,,0.0999734001846363
2014.0,,,,Breadth,Autism,substantive_core_overall,Overall,flagged,quadratic_fit,,,0.09443178392844005
2014.1,,,,Breadth,Autism,substantive_core_overall,Overall,flagged,quadratic_fit,,,0.09466634847587216
2014.2,,,,Breadth,Autism,substantive_core_overall,Overall,flagged,quadratic_fit,,,0.09489717028664324
2014.3,,,,Breadth,Autism,substantive_core_overall,Overall,flagged,quadratic_fit,,,0.09512424936075228
2014.4,,,,Breadth,Autism,substantive_core_overall,Overall,flagged,quadratic_fit,,,0.09534758569820029
2014.5,,,,Breadth,Autism,substantive_core_overall,Overall,flagged,quadratic_fit,,,0.09556717929898625
2014.6,,,,Breadth,Autism,substantive_core_overall,Overall,flagged,quadratic_fit,,,0.0957830301631107
2014.7,,,,Breadth,Autism,substantive_core_overall,Overall,flagged,quadratic_fit,,,0.09599513829057407
2014.8,,,,Breadth,Autism,substantive_core_overall,Overall,flagged,quadratic_fit,,,0.09620350368137545
2014.9,,,,Breadth,Autism,substantive_core_overall,Overall,flagged,quadratic_fit,,,0.09640812633551575
2015.0,,,,Breadth,Autism,substantive_core_overall,Overall,flagged,quadratic_fit,,,0.09660900625299405
2015.1,,,,Breadth,Autism,substantive_core_overall,Overall,flagged,quadratic_fit,,,0.09680614343381082
2015.2,,,,Breadth,Autism,substantive_core_overall,Overall,flagged,quadratic_fit,,,0.09699953787796649
2015.3,,,,Breadth,Autism,substantive_core_overall,Overall,flagged,quadratic_fit,,,0.0971891895854602
2015.4,,,,Breadth,Autism,substantive_core_overall,Overall,flagged,quadratic_fit,,,0.0973750985562928
2015.5,,,,Breadth,Autism,substantive_core_overall,Overall,flagged,quadratic_fit,,,0.09755726479046344
2015.6,,,,Breadth,Autism,substantive_core_overall,Overall,flagged,quadratic_fit,,,0.09773568828797252
2015.7,,,,Breadth,Autism,substantive_core_overall,Overall,flagged,quadratic_fit,,,0.0979103690488205
2015.8,,,,Breadth,Autism,substantive_core_overall,Overall,flagged,quadratic_fit,,,0.09808130707300654
2015.9,,,,Breadth,Autism,substantive_core_overall,Overall,flagged,quadratic_fit,,,0.09824850236053143
2016.0,,,,Breadth,Autism,substantive_core_overall,Overall,flagged,quadratic_fit,,,0.0984119549113944
2016.1,,,,Breadth,Autism,substantive_core_overall,Overall,flagged,quadratic_fit,,,0.09857166472559582
2016.2,,,,Breadth,Autism,substantive_core_overall,Overall,flagged,quadratic_fit,,,0.09872763180313608
2016.3,,,,Breadth,Autism,substantive_core_overall,Overall,flagged,quadratic_fit,,,0.09887985614401446
2016.4,,,,Breadth,Autism,substantive_core_overall,Overall,flagged,quadratic_fit,,,0.09902833774823164
2016.5,,,,Breadth,Autism,substantive_core_overall,Overall,flagged,quadratic_fit,,,0.09917307661578693
2016.6,,,,Breadth,Autism,substantive_core_overall,Overall,flagged,quadratic_fit,,,0.0993140727466807
2016.7,,,,Breadth,Autism,substantive_core_overall,Overall,flagged,quadratic_fit,,,0.09945132614091326
2016.8,,,,Breadth,Autism,substantive_core_overall,Overall,flagged,quadratic_fit,,,0.09958483679848397
2016.9,,,,Breadth,Autism,substantive_core_overall,Overall,flagged,quadratic_fit,,,0.09971460471939345
2017.0,,,,Breadth,Autism,substantive_core_overall,Overall,flagged,quadratic_fit,,,0.09984062990364106
2017.1,,,,Breadth,Autism,substantive_core_overall,Overall,flagged,quadratic_fit,,,0.09996291235122717
2017.2,,,,Breadth,Autism,substantive_core_overall,Overall,flagged,quadratic_fit,,,0.10008145206215202
2017.3,,,,Breadth,Autism,substantive_core_overall,Overall,flagged,quadratic_fit,,,0.10019624903641507
2017.4,,,,Breadth,Autism,substantive_core_overall,Overall,flagged,quadratic_fit,,,0.10030730327401682
2017.5,,,,Breadth,Autism,substantive_core_overall,Overall,flagged,quadratic_fit,,,0.10041461477495679
2017.6,,,,Breadth,Autism,substantive_core_overall,Overall,flagged,quadratic_fit,,,0.10051818353923524
2017.7,,,,Breadth,Autism,substantive_core_overall,Overall,flagged,quadratic_fit,,,0.10061800956685236
2017.8,,,,Breadth,Autism,substantive_core_overall,Overall,flagged,quadratic_fit,,,0.10071409285780775
2017.9,,,,Breadth,Autism,substantive_core_overall,Overall,flagged,quadratic_fit,,,0.10080643341210178
2018.0,,,,Breadth,Autism,substantive_core_overall,Overall,flagged,quadratic_fit,,,0.10089503122973409
2018.1,,,,Breadth,Autism,substantive_core_overall,Overall,flagged,quadratic_fit,,,0.10097988631070487
2018.2,,,,Breadth,Autism,substantive_core_overall,Overall,flagged,quadratic_fit,,,0.1010609986550143
2018.3,,,,Breadth,Autism,substantive_core_overall,Overall,flagged,quadratic_fit,,,0.10113836826266201
2018.4,,,,Breadth,Autism,substantive_core_overall,Overall,flagged,quadratic_fit,,,0.10121199513364834
2018.5,,,,Breadth,Autism,substantive_core_overall,Overall,flagged,quadratic_fit,,,0.10128187926797298
2018.6,,,,Breadth,Autism,substantive_core_overall,Overall,flagged,quadratic_fit,,,0.1013480206656361
2018.7,,,,Breadth,Autism,substantive_core_overall,Overall,flagged,quadratic_fit,,,0.10141041932663782
2018.8,,,,Breadth,Autism,substantive_core_overall,Overall,flagged,quadratic_fit,,,0.10146907525097787
2018.9,,,,Breadth,Autism,substantive_core_overall,Overall,flagged,quadratic_fit,,,0.10152398843865648
2019.0,,,,Breadth,Autism,substantive_core_overall,Overall,flagged,quadratic_fit,,,0.10157515888967346
2019.1,,,,Breadth,Autism,substantive_core_overall,Overall,flagged,quadratic_fit,,,0.10162258660402891
2019.2,,,,Breadth,Autism,substantive_core_overall,Overall,flagged,quadratic_fit,,,0.10166627158172292
2019.3,,,,Breadth,Autism,substantive_core_overall,Overall,flagged,quadratic_fit,,,0.1017062138227553
2019.4,,,,Breadth,Autism,substantive_core_overall,Overall,flagged,quadratic_fit,,,0.10174241332712622
2019.5,,,,Breadth,Autism,substantive_core_overall,Overall,flagged,quadratic_fit,,,0.10177487009483553
2019.6,,,,Breadth,Autism,substantive_core_overall,Overall,flagged,quadratic_fit,,,0.1018035841258833
2019.7,,,,Breadth,Autism,substantive_core_overall,Overall,flagged,quadratic_fit,,,0.10182855542026961
2019.8,,,,Breadth,Autism,substantive_core_overall,Overall,flagged,quadratic_fit,,,0.10184978397799431
2019.9,,,,Breadth,Autism,substantive_core_overall,Overall,flagged,quadratic_fit,,,0.10186726979905752
2020.0,,,,Breadth,Autism,substantive_core_overall,Overall,flagged,quadratic_fit,,,0.10188101288345917
2020.1,,,,Breadth,Autism,substantive_core_overall,Overall,flagged,quadratic_fit,,,0.10189101323119928
2020.2,,,,Breadth,Autism,substantive_core_overall,Overall,flagged,quadratic_fit,,,0.10189727084227788
2020.3,,,,Breadth,Autism,substantive_core_overall,Overall,flagged,quadratic_fit,,,0.10189978571669492
2020.4,,,,Breadth,Autism,substantive_core_overall,Overall,flagged,quadratic_fit,,,0.10189855785445043
2020.5,,,,Breadth,Autism,substantive_core_overall,Overall,flagged,quadratic_fit,,,0.10189358725554441
2020.6,,,,Breadth,Autism,substantive_core_overall,Overall,flagged,quadratic_fit,,,0.10188487391997686
2020.7,,,,Breadth,Autism,substantive_core_overall,Overall,flagged,quadratic_fit,,,0.10187241784774773
2020.8,,,,Breadth,Autism,substantive_core_overall,Overall,flagged,quadratic_fit,,,0.10185621903885711
2020.9,,,,Breadth,Autism,substantive_core_overall,Overall,flagged,quadratic_fit,,,0.10183627749330491
2021.0,,,,Breadth,Autism,substantive_core_overall,Overall,flagged,quadratic_fit,,,0.10181259321109122
2021.1,,,,Breadth,Autism,substantive_core_overall,Overall,flagged,quadratic_fit,,,0.101785166192216
2021.2,,,,Breadth,Autism,substantive_core_overall,Overall,flagged,quadratic_fit,,,0.10175399643667918
2021.3,,,,Breadth,Autism,substantive_core_overall,Overall,flagged,quadratic_fit,,,0.10171908394448088
2021.4,,,,Breadth,Autism,substantive_core_overall,Overall,flagged,quadratic_fit,,,0.10168042871562098
2021.5,,,,Breadth,Autism,substantive_core_overall,Overall,flagged,quadratic_fit,,,0.10163803075009963
2021.6,,,,Breadth,Autism,substantive_core_overall,Overall,flagged,quadratic_fit,,,0.10159189004791674
2021.7,,,,Breadth,Autism,substantive_core_overall,Overall,flagged,quadratic_fit,,,0.1015420066090722
2021.8,,,,Breadth,Autism,substantive_core_overall,Overall,flagged,quadratic_fit,,,0.10148838043356626
2021.9,,,,Breadth,Autism,substantive_core_overall,Overall,flagged,quadratic_fit,,,0.10143101152139863
2022.0,,,,Breadth,Autism,substantive_core_overall,Overall,flagged,quadratic_fit,,,0.10136989987256961
2022.1,,,,Breadth,Autism,substantive_core_overall,Overall,flagged,quadratic_fit,,,0.10130504548707907
2022.2,,,,Breadth,Autism,substantive_core_overall,Overall,flagged,quadratic_fit,,,0.10123644836492682
2022.3,,,,Breadth,Autism,substantive_core_overall,Overall,flagged,quadratic_fit,,,0.1011641085061132
2022.4,,,,Breadth,Autism,substantive_core_overall,Overall,flagged,quadratic_fit,,,0.10108802591063788
2022.5,,,,Breadth,Autism,substantive_core_overall,Overall,flagged,quadratic_fit,,,0.1010082005785012
2022.6,,,,Breadth,Autism,substantive_core_overall,Overall,flagged,quadratic_fit,,,0.10092463250970296
2022.7,,,,Breadth,Autism,substantive_core_overall,Overall,flagged,quadratic_fit,,,0.10083732170424302
2022.8,,,,Breadth,Autism,substantive_core_overall,Overall,flagged,quadratic_fit,,,0.10074626816212173
2022.9,,,,Breadth,Autism,substantive_core_overall,Overall,flagged,quadratic_fit,,,0.1006514718833387
2023.0,,,,Breadth,Autism,substantive_core_overall,Overall,flagged,quadratic_fit,,,0.10055293286789435
2023.1,,,,Breadth,Autism,substantive_core_overall,Overall,flagged,quadratic_fit,,,0.10045065111578846
2023.2,,,,Breadth,Autism,substantive_core_overall,Overall,flagged,quadratic_fit,,,0.1003446266270208
2023.3,,,,Breadth,Autism,substantive_core_overall,Overall,flagged,quadratic_fit,,,0.10023485940159185
2023.4,,,,Breadth,Autism,substantive_core_overall,Overall,flagged,quadratic_fit,,,0.10012134943950111
2023.5,,,,Breadth,Autism,substantive_core_overall,Overall,flagged,quadratic_fit,,,0.1000040967407491
2023.6,,,,Breadth,Autism,substantive_core_overall,Overall,flagged,quadratic_fit,,,0.09988310130533554
2023.7,,,,Breadth,Autism,substantive_core_overall,Overall,flagged,quadratic_fit,,,0.09975836313326017
2023.8,,,,Breadth,Autism,substantive_core_overall,Overall,flagged,quadratic_fit,,,0.09962988222452356
2023.9,,,,Breadth,Autism,substantive_core_overall,Overall,flagged,quadratic_fit,,,0.09949765857912511
2024.0,,,,Breadth,Autism,substantive_core_overall,Overall,flagged,quadratic_fit,,,0.09936169219706542
2024.1,,,,Breadth,Autism,substantive_core_overall,Overall,flagged,quadratic_fit,,,0.0992219830783442
2024.2,,,,Breadth,Autism,substantive_core_overall,Overall,flagged,quadratic_fit,,,0.09907853122296113
2024.3,,,,Breadth,Autism,substantive_core_overall,Overall,flagged,quadratic_fit,,,0.09893133663091686
2024.4,,,,Breadth,Autism,substantive_core_overall,Overall,flagged,quadratic_fit,,,0.09878039930221069
2024.5,,,,Breadth,Autism,substantive_core_overall,Overall,flagged,quadratic_fit,,,0.09862571923684334
2024.6,,,,Breadth,Autism,substantive_core_overall,Overall,flagged,quadratic_fit,,,0.09846729643481446
2024.7,,,,Breadth,Autism,substantive_core_overall,Overall,flagged,quadratic_fit,,,0.09830513089612368
2024.8,,,,Breadth,Autism,substantive_core_overall,Overall,flagged,quadratic_fit,,,0.09813922262077172
2024.9,,,,Breadth,Autism,substantive_core_overall,Overall,flagged,quadratic_fit,,,0.09796957160875787
2025.0,,,,Breadth,Autism,substantive_core_overall,Overall,flagged,quadratic_fit,,,0.09779617786008284
2025.1,,,,Breadth,Autism,substantive_core_overall,Overall,flagged,quadratic_fit,,,0.0976190413747463
2025.2,,,,Breadth,Autism,substantive_core_overall,Overall,flagged,quadratic_fit,,,0.09743816215274781
2025.3,,,,Breadth,Autism,substantive_core_overall,Overall,flagged,quadratic_fit,,,0.09725354019408819
2025.4,,,,Breadth,Autism,substantive_core_overall,Overall,flagged,quadratic_fit,,,0.0970651754987666
2025.5,,,,Breadth,Autism,substantive_core_overall,Overall,flagged,quadratic_fit,,,0.09687306806678392
2025.6,,,,Breadth,Autism,substantive_core_overall,Overall,flagged,quadratic_fit,,,0.09667721789813971
2025.7,,,,Breadth,Autism,substantive_core_overall,Overall,flagged,quadratic_fit,,,0.09647762499283352
2025.8,,,,Breadth,Autism,substantive_core_overall,Overall,flagged,quadratic_fit,,,0.09627428935086624
2025.9,,,,Breadth,Autism,substantive_core_overall,Overall,flagged,quadratic_fit,,,0.09606721097223694
2026.0,,,,Breadth,Autism,substantive_core_overall,Overall,flagged,quadratic_fit,,,0.0958563898569466
2014.0,,,,Breadth,Autism,clinical_only,Clinical,flagged,linear_fit,,,0.0889909465918554
2014.1,,,,Breadth,Autism,clinical_only,Clinical,flagged,linear_fit,,,0.08906589195899291
2014.2,,,,Breadth,Autism,clinical_only,Clinical,flagged,linear_fit,,,0.0891408373261306
2014.3,,,,Breadth,Autism,clinical_only,Clinical,flagged,linear_fit,,,0.0892157826932681
2014.4,,,,Breadth,Autism,clinical_only,Clinical,flagged,linear_fit,,,0.08929072806040578
2014.5,,,,Breadth,Autism,clinical_only,Clinical,flagged,linear_fit,,,0.0893656734275433
2014.6,,,,Breadth,Autism,clinical_only,Clinical,flagged,linear_fit,,,0.0894406187946808
2014.7,,,,Breadth,Autism,clinical_only,Clinical,flagged,linear_fit,,,0.0895155641618185
2014.8,,,,Breadth,Autism,clinical_only,Clinical,flagged,linear_fit,,,0.089590509528956
2014.9,,,,Breadth,Autism,clinical_only,Clinical,flagged,linear_fit,,,0.08966545489609368
2015.0,,,,Breadth,Autism,clinical_only,Clinical,flagged,linear_fit,,,0.0897404002632312
2015.1,,,,Breadth,Autism,clinical_only,Clinical,flagged,linear_fit,,,0.0898153456303687
2015.2,,,,Breadth,Autism,clinical_only,Clinical,flagged,linear_fit,,,0.0898902909975064
2015.3,,,,Breadth,Autism,clinical_only,Clinical,flagged,linear_fit,,,0.0899652363646439
2015.4,,,,Breadth,Autism,clinical_only,Clinical,flagged,linear_fit,,,0.09004018173178158
2015.5,,,,Breadth,Autism,clinical_only,Clinical,flagged,linear_fit,,,0.0901151270989191
2015.6,,,,Breadth,Autism,clinical_only,Clinical,flagged,linear_fit,,,0.0901900724660566
2015.7,,,,Breadth,Autism,clinical_only,Clinical,flagged,linear_fit,,,0.0902650178331943
2015.8,,,,Breadth,Autism,clinical_only,Clinical,flagged,linear_fit,,,0.0903399632003318
2015.9,,,,Breadth,Autism,clinical_only,Clinical,flagged,linear_fit,,,0.09041490856746949
2016.0,,,,Breadth,Autism,clinical_only,Clinical,flagged,linear_fit,,,0.090489853934607
2016.1,,,,Breadth,Autism,clinical_only,Clinical,flagged,linear_fit,,,0.0905647993017445
2016.2,,,,Breadth,Autism,clinical_only,Clinical,flagged,linear_fit,,,0.0906397446688822
2016.3,,,,Breadth,Autism,clinical_only,Clinical,flagged,linear_fit,,,0.0907146900360197
2016.4,,,,Breadth,Autism,clinical_only,Clinical,flagged,linear_fit,,,0.09078963540315739
2016.5,,,,Breadth,Autism,clinical_only,Clinical,flagged,linear_fit,,,0.0908645807702949
2016.6,,,,Breadth,Autism,clinical_only,Clinical,flagged,linear_fit,,,0.0909395261374324
2016.7,,,,Breadth,Autism,clinical_only,Clinical,flagged,linear_fit,,,0.0910144715045701
2016.8,,,,Breadth,Autism,clinical_only,Clinical,flagged,linear_fit,,,0.0910894168717076
2016.9,,,,Breadth,Autism,clinical_only,Clinical,flagged,linear_fit,,,0.09116436223884529
2017.0,,,,Breadth,Autism,clinical_only,Clinical,flagged,linear_fit,,,0.0912393076059828
2017.1,,,,Breadth,Autism,clinical_only,Clinical,flagged,linear_fit,,,0.0913142529731203
2017.2,,,,Breadth,Autism,clinical_only,Clinical,flagged,linear_fit,,,0.091389198340258
2017.3,,,,Breadth,Autism,clinical_only,Clinical,flagged,linear_fit,,,0.0914641437073955
2017.4,,,,Breadth,Autism,clinical_only,Clinical,flagged,linear_fit,,,0.09153908907453319
2017.5,,,,Breadth,Autism,clinical_only,Clinical,flagged,linear_fit,,,0.0916140344416707
2017.6,,,,Breadth,Autism,clinical_only,Clinical,flagged,linear_fit,,,0.0916889798088082
2017.7,,,,Breadth,Autism,clinical_only,Clinical,flagged,linear_fit,,,0.09176392517594589
2017.8,,,,Breadth,Autism,clinical_only,Clinical,flagged,linear_fit,,,0.0918388705430834
2017.9,,,,Breadth,Autism,clinical_only,Clinical,flagged,linear_fit,,,0.09191381591022109
2018.0,,,,Breadth,Autism,clinical_only,Clinical,flagged,linear_fit,,,0.0919887612773586
2018.1,,,,Breadth,Autism,clinical_only,Clinical,flagged,linear_fit,,,0.0920637066444961
2018.2,,,,Breadth,Autism,clinical_only,Clinical,flagged,linear_fit,,,0.09213865201163379
2018.3,,,,Breadth,Autism,clinical_only,Clinical,flagged,linear_fit,,,0.0922135973787713
2018.4,,,,Breadth,Autism,clinical_only,Clinical,flagged,linear_fit,,,0.09228854274590899
2018.5,,,,Breadth,Autism,clinical_only,Clinical,flagged,linear_fit,,,0.0923634881130465
2018.6,,,,Breadth,Autism,clinical_only,Clinical,flagged,linear_fit,,,0.092438433480184
2018.7,,,,Breadth,Autism,clinical_only,Clinical,flagged,linear_fit,,,0.09251337884732169
2018.8,,,,Breadth,Autism,clinical_only,Clinical,flagged,linear_fit,,,0.0925883242144592
2018.9,,,,Breadth,Autism,clinical_only,Clinical,flagged,linear_fit,,,0.09266326958159689
2019.0,,,,Breadth,Autism,clinical_only,Clinical,flagged,linear_fit,,,0.0927382149487344
2019.1,,,,Breadth,Autism,clinical_only,Clinical,flagged,linear_fit,,,0.0928131603158719
2019.2,,,,Breadth,Autism,clinical_only,Clinical,flagged,linear_fit,,,0.09288810568300959
2019.3,,,,Breadth,Autism,clinical_only,Clinical,flagged,linear_fit,,,0.0929630510501471
2019.4,,,,Breadth,Autism,clinical_only,Clinical,flagged,linear_fit,,,0.09303799641728479
2019.5,,,,Breadth,Autism,clinical_only,Clinical,flagged,linear_fit,,,0.0931129417844223
2019.6,,,,Breadth,Autism,clinical_only,Clinical,flagged,linear_fit,,,0.0931878871515598
2019.7,,,,Breadth,Autism,clinical_only,Clinical,flagged,linear_fit,,,0.09326283251869749
2019.8,,,,Breadth,Autism,clinical_only,Clinical,flagged,linear_fit,,,0.093337777885835
2019.9,,,,Breadth,Autism,clinical_only,Clinical,flagged,linear_fit,,,0.09341272325297269
2020.0,,,,Breadth,Autism,clinical_only,Clinical,flagged,linear_fit,,,0.0934876686201102
2020.1,,,,Breadth,Autism,clinical_only,Clinical,flagged,linear_fit,,,0.0935626139872477
2020.2,,,,Breadth,Autism,clinical_only,Clinical,flagged,linear_fit,,,0.09363755935438539
2020.3,,,,Breadth,Autism,clinical_only,Clinical,flagged,linear_fit,,,0.0937125047215229
2020.4,,,,Breadth,Autism,clinical_only,Clinical,flagged,linear_fit,,,0.09378745008866059
2020.5,,,,Breadth,Autism,clinical_only,Clinical,flagged,linear_fit,,,0.0938623954557981
2020.6,,,,Breadth,Autism,clinical_only,Clinical,flagged,linear_fit,,,0.0939373408229356
2020.7,,,,Breadth,Autism,clinical_only,Clinical,flagged,linear_fit,,,0.09401228619007329
2020.8,,,,Breadth,Autism,clinical_only,Clinical,flagged,linear_fit,,,0.0940872315572108
2020.9,,,,Breadth,Autism,clinical_only,Clinical,flagged,linear_fit,,,0.09416217692434849
2021.0,,,,Breadth,Autism,clinical_only,Clinical,flagged,linear_fit,,,0.094237122291486
2021.1,,,,Breadth,Autism,clinical_only,Clinical,flagged,linear_fit,,,0.0943120676586235
2021.2,,,,Breadth,Autism,clinical_only,Clinical,flagged,linear_fit,,,0.09438701302576119
2021.3,,,,Breadth,Autism,clinical_only,Clinical,flagged,linear_fit,,,0.0944619583928987
2021.4,,,,Breadth,Autism,clinical_only,Clinical,flagged,linear_fit,,,0.09453690376003639
2021.5,,,,Breadth,Autism,clinical_only,Clinical,flagged,linear_fit,,,0.0946118491271739
2021.6,,,,Breadth,Autism,clinical_only,Clinical,flagged,linear_fit,,,0.0946867944943114
2021.7,,,,Breadth,Autism,clinical_only,Clinical,flagged,linear_fit,,,0.09476173986144909
2021.8,,,,Breadth,Autism,clinical_only,Clinical,flagged,linear_fit,,,0.0948366852285866
2021.9,,,,Breadth,Autism,clinical_only,Clinical,flagged,linear_fit,,,0.09491163059572429
2022.0,,,,Breadth,Autism,clinical_only,Clinical,flagged,linear_fit,,,0.0949865759628618
2022.1,,,,Breadth,Autism,clinical_only,Clinical,flagged,linear_fit,,,0.0950615213299993
2022.2,,,,Breadth,Autism,clinical_only,Clinical,flagged,linear_fit,,,0.09513646669713699
2022.3,,,,Breadth,Autism,clinical_only,Clinical,flagged,linear_fit,,,0.0952114120642745
2022.4,,,,Breadth,Autism,clinical_only,Clinical,flagged,linear_fit,,,0.09528635743141219
2022.5,,,,Breadth,Autism,clinical_only,Clinical,flagged,linear_fit,,,0.0953613027985497
2022.6,,,,Breadth,Autism,clinical_only,Clinical,flagged,linear_fit,,,0.0954362481656872
2022.7,,,,Breadth,Autism,clinical_only,Clinical,flagged,linear_fit,,,0.09551119353282489
2022.8,,,,Breadth,Autism,clinical_only,Clinical,flagged,linear_fit,,,0.0955861388999624
2022.9,,,,Breadth,Autism,clinical_only,Clinical,flagged,linear_fit,,,0.09566108426710009
2023.0,,,,Breadth,Autism,clinical_only,Clinical,flagged,linear_fit,,,0.0957360296342376
2023.1,,,,Breadth,Autism,clinical_only,Clinical,flagged,linear_fit,,,0.0958109750013751
2023.2,,,,Breadth,Autism,clinical_only,Clinical,flagged,linear_fit,,,0.09588592036851279
2023.3,,,,Breadth,Autism,clinical_only,Clinical,flagged,linear_fit,,,0.0959608657356503
2023.4,,,,Breadth,Autism,clinical_only,Clinical,flagged,linear_fit,,,0.09603581110278799
2023.5,,,,Breadth,Autism,clinical_only,Clinical,flagged,linear_fit,,,0.09611075646992549
2023.6,,,,Breadth,Autism,clinical_only,Clinical,flagged,linear_fit,,,0.096185701837063
2023.7,,,,Breadth,Autism,clinical_only,Clinical,flagged,linear_fit,,,0.09626064720420069
2023.8,,,,Breadth,Autism,clinical_only,Clinical,flagged,linear_fit,,,0.0963355925713382
2023.9,,,,Breadth,Autism,clinical_only,Clinical,flagged,linear_fit,,,0.09641053793847588
2024.0,,,,Breadth,Autism,clinical_only,Clinical,flagged,linear_fit,,,0.09648548330561339
2024.1,,,,Breadth,Autism,clinical_only,Clinical,flagged,linear_fit,,,0.0965604286727509
2024.2,,,,Breadth,Autism,clinical_only,Clinical,flagged,linear_fit,,,0.09663537403988859
2024.3,,,,Breadth,Autism,clinical_only,Clinical,flagged,linear_fit,,,0.0967103194070261
2024.4,,,,Breadth,Autism,clinical_only,Clinical,flagged,linear_fit,,,0.09678526477416378
2024.5,,,,Breadth,Autism,clinical_only,Clinical,flagged,linear_fit,,,0.09686021014130129
2024.6,,,,Breadth,Autism,clinical_only,Clinical,flagged,linear_fit,,,0.09693515550843881
2024.7,,,,Breadth,Autism,clinical_only,Clinical,flagged,linear_fit,,,0.09701010087557649
2024.8,,,,Breadth,Autism,clinical_only,Clinical,flagged,linear_fit,,,0.097085046242714
2024.9,,,,Breadth,Autism,clinical_only,Clinical,flagged,linear_fit,,,0.09715999160985168
2025.0,,,,Breadth,Autism,clinical_only,Clinical,flagged,linear_fit,,,0.09723493697698919
2025.1,,,,Breadth,Autism,clinical_only,Clinical,flagged,linear_fit,,,0.09730988234412671
2025.2,,,,Breadth,Autism,clinical_only,Clinical,flagged,linear_fit,,,0.09738482771126439
2025.3,,,,Breadth,Autism,clinical_only,Clinical,flagged,linear_fit,,,0.0974597730784019
2025.4,,,,Breadth,Autism,clinical_only,Clinical,flagged,linear_fit,,,0.09753471844553958
2025.5,,,,Breadth,Autism,clinical_only,Clinical,flagged,linear_fit,,,0.09760966381267709
2025.6,,,,Breadth,Autism,clinical_only,Clinical,flagged,linear_fit,,,0.09768460917981461
2025.7,,,,Breadth,Autism,clinical_only,Clinical,flagged,linear_fit,,,0.09775955454695229
2025.8,,,,Breadth,Autism,clinical_only,Clinical,flagged,linear_fit,,,0.0978344999140898
2025.9,,,,Breadth,Autism,clinical_only,Clinical,flagged,linear_fit,,,0.09790944528122748
2026.0,,,,Breadth,Autism,clinical_only,Clinical,flagged,linear_fit,,,0.09798439064836499
2014.0,,,,Breadth,Autism,clinical_only,Clinical,flagged,quadratic_fit,,,0.08306339126767662
2014.1,,,,Breadth,Autism,clinical_only,Clinical,flagged,quadratic_fit,,,0.08345896349098532
2014.2,,,,Breadth,Autism,clinical_only,Clinical,flagged,quadratic_fit,,,0.08384914702763656
2014.3,,,,Breadth,Autism,clinical_only,Clinical,flagged,quadratic_fit,,,0.08423394187762859
2014.4,,,,Breadth,Autism,clinical_only,Clinical,flagged,quadratic_fit,,,0.08461334804096313
2014.5,,,,Breadth,Autism,clinical_only,Clinical,flagged,quadratic_fit,,,0.08498736551763847
2014.6,,,,Breadth,Autism,clinical_only,Clinical,flagged,quadratic_fit,,,0.08535599430765546
2014.7,,,,Breadth,Autism,clinical_only,Clinical,flagged,quadratic_fit,,,0.08571923441101496
2014.8,,,,Breadth,Autism,clinical_only,Clinical,flagged,quadratic_fit,,,0.08607708582771528
2014.9,,,,Breadth,Autism,clinical_only,Clinical,flagged,quadratic_fit,,,0.08642954855775806
2015.0,,,,Breadth,Autism,clinical_only,Clinical,flagged,quadratic_fit,,,0.0867766226011417
2015.1,,,,Breadth,Autism,clinical_only,Clinical,flagged,quadratic_fit,,,0.08711830795786703
2015.2,,,,Breadth,Autism,clinical_only,Clinical,flagged,quadratic_fit,,,0.08745460462793475
2015.3,,,,Breadth,Autism,clinical_only,Clinical,flagged,quadratic_fit,,,0.08778551261134339
2015.4,,,,Breadth,Autism,clinical_only,Clinical,flagged,quadratic_fit,,,0.08811103190809441
2015.5,,,,Breadth,Autism,clinical_only,Clinical,flagged,quadratic_fit,,,0.08843116251818636
2015.6,,,,Breadth,Autism,clinical_only,Clinical,flagged,quadratic_fit,,,0.08874590444161996
2015.7,,,,Breadth,Autism,clinical_only,Clinical,flagged,quadratic_fit,,,0.08905525767839594
2015.8,,,,Breadth,Autism,clinical_only,Clinical,flagged,quadratic_fit,,,0.08935922222851288
2015.9,,,,Breadth,Autism,clinical_only,Clinical,flagged,quadratic_fit,,,0.08965779809197215
2016.0,,,,Breadth,Autism,clinical_only,Clinical,flagged,quadratic_fit,,,0.0899509852687724
2016.1,,,,Breadth,Autism,clinical_only,Clinical,flagged,quadratic_fit,,,0.09023878375891432
2016.2,,,,Breadth,Autism,clinical_only,Clinical,flagged,quadratic_fit,,,0.09052119356239854
2016.3,,,,Breadth,Autism,clinical_only,Clinical,flagged,quadratic_fit,,,0.09079821467922378
2016.4,,,,Breadth,Autism,clinical_only,Clinical,flagged,quadratic_fit,,,0.0910698471093913
2016.5,,,,Breadth,Autism,clinical_only,Clinical,flagged,quadratic_fit,,,0.09133609085289986
2016.6,,,,Breadth,Autism,clinical_only,Clinical,flagged,quadratic_fit,,,0.09159694590975007
2016.7,,,,Breadth,Autism,clinical_only,Clinical,flagged,quadratic_fit,,,0.09185241227994252
2016.8,,,,Breadth,Autism,clinical_only,Clinical,flagged,quadratic_fit,,,0.09210248996347607
2016.9,,,,Breadth,Autism,clinical_only,Clinical,flagged,quadratic_fit,,,0.09234717896035183
2017.0,,,,Breadth,Autism,clinical_only,Clinical,flagged,quadratic_fit,,,0.09258647927056869
2017.1,,,,Breadth,Autism,clinical_only,Clinical,flagged,quadratic_fit,,,0.09282039089412722
2017.2,,,,Breadth,Autism,clinical_only,Clinical,flagged,quadratic_fit,,,0.09304891383102792
2017.3,,,,Breadth,Autism,clinical_only,Clinical,flagged,quadratic_fit,,,0.09327204808126976
2017.4,,,,Breadth,Autism,clinical_only,Clinical,flagged,quadratic_fit,,,0.09348979364485377
2017.5,,,,Breadth,Autism,clinical_only,Clinical,flagged,quadratic_fit,,,0.09370215052177894
2017.6,,,,Breadth,Autism,clinical_only,Clinical,flagged,quadratic_fit,,,0.09390911871204576
2017.7,,,,Breadth,Autism,clinical_only,Clinical,flagged,quadratic_fit,,,0.09411069821565471
2017.8,,,,Breadth,Autism,clinical_only,Clinical,flagged,quadratic_fit,,,0.09430688903260485
2017.9,,,,Breadth,Autism,clinical_only,Clinical,flagged,quadratic_fit,,,0.0944976911628971
2018.0,,,,Breadth,Autism,clinical_only,Clinical,flagged,quadratic_fit,,,0.09468310460653057
2018.1,,,,Breadth,Autism,clinical_only,Clinical,flagged,quadratic_fit,,,0.0948631293635057
2018.2,,,,Breadth,Autism,clinical_only,Clinical,flagged,quadratic_fit,,,0.09503776543382289
2018.3,,,,Breadth,Autism,clinical_only,Clinical,flagged,quadratic_fit,,,0.09520701281748135
2018.4,,,,Breadth,Autism,clinical_only,Clinical,flagged,quadratic_fit,,,0.09537087151448184
2018.5,,,,Breadth,Autism,clinical_only,Clinical,flagged,quadratic_fit,,,0.09552934152482362
2018.6,,,,Breadth,Autism,clinical_only,Clinical,flagged,quadratic_fit,,,0.09568242284850705
2018.7,,,,Breadth,Autism,clinical_only,Clinical,flagged,quadratic_fit,,,0.09583011548553247
2018.8,,,,Breadth,Autism,clinical_only,Clinical,flagged,quadratic_fit,,,0.09597241943589924
2018.9,,,,Breadth,Autism,clinical_only,Clinical,flagged,quadratic_fit,,,0.09610933469960796
2019.0,,,,Breadth,Autism,clinical_only,Clinical,flagged,quadratic_fit,,,0.09624086127665804
2019.1,,,,Breadth,Autism,clinical_only,Clinical,flagged,quadratic_fit,,,0.09636699916704979
2019.2,,,,Breadth,Autism,clinical_only,Clinical,flagged,quadratic_fit,,,0.09648774837078347
2019.3,,,,Breadth,Autism,clinical_only,Clinical,flagged,quadratic_fit,,,0.09660310888785853
2019.4,,,,Breadth,Autism,clinical_only,Clinical,flagged,quadratic_fit,,,0.0967130807182755
2019.5,,,,Breadth,Autism,clinical_only,Clinical,flagged,quadratic_fit,,,0.09681766386203389
2019.6,,,,Breadth,Autism,clinical_only,Clinical,flagged,quadratic_fit,,,0.09691685831913392
2019.7,,,,Breadth,Autism,clinical_only,Clinical,flagged,quadratic_fit,,,0.09701066408957584
2019.8,,,,Breadth,Autism,clinical_only,Clinical,flagged,quadratic_fit,,,0.09709908117335922
2019.9,,,,Breadth,Autism,clinical_only,Clinical,flagged,quadratic_fit,,,0.09718210957048443
2020.0,,,,Breadth,Autism,clinical_only,Clinical,flagged,quadratic_fit,,,0.09725974928095112
2020.1,,,,Breadth,Autism,clinical_only,Clinical,flagged,quadratic_fit,,,0.09733200030475947
2020.2,,,,Breadth,Autism,clinical_only,Clinical,flagged,quadratic_fit,,,0.09739886264190964
2020.3,,,,Breadth,Autism,clinical_only,Clinical,flagged,quadratic_fit,,,0.0974603362924013
2020.4,,,,Breadth,Autism,clinical_only,Clinical,flagged,quadratic_fit,,,0.09751642125623476
2020.5,,,,Breadth,Autism,clinical_only,Clinical,flagged,quadratic_fit,,,0.09756711753340974
2020.6,,,,Breadth,Autism,clinical_only,Clinical,flagged,quadratic_fit,,,0.0976124251239264
2020.7,,,,Breadth,Autism,clinical_only,Clinical,flagged,quadratic_fit,,,0.0976523440277848
2020.8,,,,Breadth,Autism,clinical_only,Clinical,flagged,quadratic_fit,,,0.09768687424498479
2020.9,,,,Breadth,Autism,clinical_only,Clinical,flagged,quadratic_fit,,,0.09771601577552648
2021.0,,,,Breadth,Autism,clinical_only,Clinical,flagged,quadratic_fit,,,0.09773976861940978
2021.1,,,,Breadth,Autism,clinical_only,Clinical,flagged,quadratic_fit,,,0.09775813277663474
2021.2,,,,Breadth,Autism,clinical_only,Clinical,flagged,quadratic_fit,,,0.0977711082472014
2021.3,,,,Breadth,Autism,clinical_only,Clinical,flagged,quadratic_fit,,,0.09777869503110967
2021.4,,,,Breadth,Autism,clinical_only,Clinical,flagged,quadratic_fit,,,0.09778089312835962
2021.5,,,,Breadth,Autism,clinical_only,Clinical,flagged,quadratic_fit,,,0.09777770253895121
2021.6,,,,Breadth,Autism,clinical_only,Clinical,flagged,quadratic_fit,,,0.09776912326288448
2021.7,,,,Breadth,Autism,clinical_only,Clinical,flagged,quadratic_fit,,,0.09775515530015937
2021.8,,,,Breadth,Autism,clinical_only,Clinical,flagged,quadratic_fit,,,0.09773579865077595
2021.9,,,,Breadth,Autism,clinical_only,Clinical,flagged,quadratic_fit,,,0.09771105331473413
2022.0,,,,Breadth,Autism,clinical_only,Clinical,flagged,quadratic_fit,,,0.09768091929203404
2022.1,,,,Breadth,Autism,clinical_only,Clinical,flagged,quadratic_fit,,,0.09764539658267561
2022.2,,,,Breadth,Autism,clinical_only,Clinical,flagged,quadratic_fit,,,0.09760448518665875
2022.3,,,,Breadth,Autism,clinical_only,Clinical,flagged,quadratic_fit,,,0.09755818510398365
2022.4,,,,Breadth,Autism,clinical_only,Clinical,flagged,quadratic_fit,,,0.09750649633465007
2022.5,,,,Breadth,Autism,clinical_only,Clinical,flagged,quadratic_fit,,,0.09744941887865827
2022.6,,,,Breadth,Autism,clinical_only,Clinical,flagged,quadratic_fit,,,0.09738695273600814
2022.7,,,,Breadth,Autism,clinical_only,Clinical,flagged,quadratic_fit,,,0.09731909790669951
2022.8,,,,Breadth,Autism,clinical_only,Clinical,flagged,quadratic_fit,,,0.09724585439073272
2022.9,,,,Breadth,Autism,clinical_only,Clinical,flagged,quadratic_fit,,,0.09716722218810739
2023.0,,,,Breadth,Autism,clinical_only,Clinical,flagged,quadratic_fit,,,0.0970832012988239
2023.1,,,,Breadth,Autism,clinical_only,Clinical,flagged,quadratic_fit,,,0.09699379172288208
2023.2,,,,Breadth,Autism,clinical_only,Clinical,flagged,quadratic_fit,,,0.0968989934602817
2023.3,,,,Breadth,Autism,clinical_only,Clinical,flagged,quadratic_fit,,,0.0967988065110232
2023.4,,,,Breadth,Autism,clinical_only,Clinical,flagged,quadratic_fit,,,0.09669323087510612
2023.5,,,,Breadth,Autism,clinical_only,Clinical,flagged,quadratic_fit,,,0.09658226655253092
2023.6,,,,Breadth,Autism,clinical_only,Clinical,flagged,quadratic_fit,,,0.09646591354329741
2023.7,,,,Breadth,Autism,clinical_only,Clinical,flagged,quadratic_fit,,,0.09634417184740526
2023.8,,,,Breadth,Autism,clinical_only,Clinical,flagged,quadratic_fit,,,0.09621704146485507
2023.9,,,,Breadth,Autism,clinical_only,Clinical,flagged,quadratic_fit,,,0.09608452239564623
2024.0,,,,Breadth,Autism,clinical_only,Clinical,flagged,quadratic_fit,,,0.09594661463977935
2024.1,,,,Breadth,Autism,clinical_only,Clinical,flagged,quadratic_fit,,,0.09580331819725414
2024.2,,,,Breadth,Autism,clinical_only,Clinical,flagged,quadratic_fit,,,0.09565463306807025
2024.3,,,,Breadth,Autism,clinical_only,Clinical,flagged,quadratic_fit,,,0.09550055925222835
2024.4,,,,Breadth,Autism,clinical_only,Clinical,flagged,quadratic_fit,,,0.09534109674972775
2024.5,,,,Breadth,Autism,clinical_only,Clinical,flagged,quadratic_fit,,,0.09517624556056917
2024.6,,,,Breadth,Autism,clinical_only,Clinical,flagged,quadratic_fit,,,0.09500600568475226
2024.7,,,,Breadth,Autism,clinical_only,Clinical,flagged,quadratic_fit,,,0.09483037712227661
2024.8,,,,Breadth,Autism,clinical_only,Clinical,flagged,quadratic_fit,,,0.09464935987314302
2024.9,,,,Breadth,Autism,clinical_only,Clinical,flagged,quadratic_fit,,,0.09446295393735067
2025.0,,,,Breadth,Autism,clinical_only,Clinical,flagged,quadratic_fit,,,0.09427115931490039
2025.1,,,,Breadth,Autism,clinical_only,Clinical,flagged,quadratic_fit,,,0.09407397600579179
2025.2,,,,Breadth,Autism,clinical_only,Clinical,flagged,quadratic_fit,,,0.09387140401002439
2025.3,,,,Breadth,Autism,clinical_only,Clinical,flagged,quadratic_fit,,,0.09366344332759909
2025.4,,,,Breadth,Autism,clinical_only,Clinical,flagged,quadratic_fit,,,0.09345009395851499
2025.5,,,,Breadth,Autism,clinical_only,Clinical,flagged,quadratic_fit,,,0.09323135590277301
2025.6,,,,Breadth,Autism,clinical_only,Clinical,flagged,quadratic_fit,,,0.09300722916037271
2025.7,,,,Breadth,Autism,clinical_only,Clinical,flagged,quadratic_fit,,,0.09277771373131355
2025.8,,,,Breadth,Autism,clinical_only,Clinical,flagged,quadratic_fit,,,0.09254280961559656
2025.9,,,,Breadth,Autism,clinical_only,Clinical,flagged,quadratic_fit,,,0.0923025168132207
2026.0,,,,Breadth,Autism,clinical_only,Clinical,flagged,quadratic_fit,,,0.09205683532418704
2014.0,,,,Sentiment,ADHD,substantive_core_overall,Overall,context,linear_fit,,,0.0628275427446574
2014.1,,,,Sentiment,ADHD,substantive_core_overall,Overall,context,linear_fit,,,0.06294913350913735
2014.2,,,,Sentiment,ADHD,substantive_core_overall,Overall,context,linear_fit,,,0.06307072427361758
2014.3,,,,Sentiment,ADHD,substantive_core_overall,Overall,context,linear_fit,,,0.06319231503809752
2014.4,,,,Sentiment,ADHD,substantive_core_overall,Overall,context,linear_fit,,,0.06331390580257776
2014.5,,,,Sentiment,ADHD,substantive_core_overall,Overall,context,linear_fit,,,0.0634354965670577
2014.6,,,,Sentiment,ADHD,substantive_core_overall,Overall,context,linear_fit,,,0.06355708733153766
2014.7,,,,Sentiment,ADHD,substantive_core_overall,Overall,context,linear_fit,,,0.06367867809601788
2014.8,,,,Sentiment,ADHD,substantive_core_overall,Overall,context,linear_fit,,,0.06380026886049783
2014.9,,,,Sentiment,ADHD,substantive_core_overall,Overall,context,linear_fit,,,0.06392185962497805
2015.0,,,,Sentiment,ADHD,substantive_core_overall,Overall,context,linear_fit,,,0.064043450389458
2015.1,,,,Sentiment,ADHD,substantive_core_overall,Overall,context,linear_fit,,,0.06416504115393795
2015.2,,,,Sentiment,ADHD,substantive_core_overall,Overall,context,linear_fit,,,0.06428663191841817
2015.3,,,,Sentiment,ADHD,substantive_core_overall,Overall,context,linear_fit,,,0.06440822268289813
2015.4,,,,Sentiment,ADHD,substantive_core_overall,Overall,context,linear_fit,,,0.06452981344737835
2015.5,,,,Sentiment,ADHD,substantive_core_overall,Overall,context,linear_fit,,,0.0646514042118583
2015.6,,,,Sentiment,ADHD,substantive_core_overall,Overall,context,linear_fit,,,0.06477299497633825
2015.7,,,,Sentiment,ADHD,substantive_core_overall,Overall,context,linear_fit,,,0.06489458574081848
2015.8,,,,Sentiment,ADHD,substantive_core_overall,Overall,context,linear_fit,,,0.06501617650529842
2015.9,,,,Sentiment,ADHD,substantive_core_overall,Overall,context,linear_fit,,,0.06513776726977866
2016.0,,,,Sentiment,ADHD,substantive_core_overall,Overall,context,linear_fit,,,0.0652593580342586
2016.1,,,,Sentiment,ADHD,substantive_core_overall,Overall,context,linear_fit,,,0.06538094879873856
2016.2,,,,Sentiment,ADHD,substantive_core_overall,Overall,context,linear_fit,,,0.06550253956321878
2016.3,,,,Sentiment,ADHD,substantive_core_overall,Overall,context,linear_fit,,,0.06562413032769873
2016.4,,,,Sentiment,ADHD,substantive_core_overall,Overall,context,linear_fit,,,0.06574572109217895
2016.5,,,,Sentiment,ADHD,substantive_core_overall,Overall,context,linear_fit,,,0.0658673118566589
2016.6,,,,Sentiment,ADHD,substantive_core_overall,Overall,context,linear_fit,,,0.06598890262113885
2016.7,,,,Sentiment,ADHD,substantive_core_overall,Overall,context,linear_fit,,,0.06611049338561907
2016.8,,,,Sentiment,ADHD,substantive_core_overall,Overall,context,linear_fit,,,0.06623208415009903
2016.9,,,,Sentiment,ADHD,substantive_core_overall,Overall,context,linear_fit,,,0.06635367491457925
2017.0,,,,Sentiment,ADHD,substantive_core_overall,Overall,context,linear_fit,,,0.0664752656790592
2017.1,,,,Sentiment,ADHD,substantive_core_overall,Overall,context,linear_fit,,,0.06659685644353915
2017.2,,,,Sentiment,ADHD,substantive_core_overall,Overall,context,linear_fit,,,0.06671844720801938
2017.3,,,,Sentiment,ADHD,substantive_core_overall,Overall,context,linear_fit,,,0.06684003797249932
2017.4,,,,Sentiment,ADHD,substantive_core_overall,Overall,context,linear_fit,,,0.06696162873697956
2017.5,,,,Sentiment,ADHD,substantive_core_overall,Overall,context,linear_fit,,,0.0670832195014595
2017.6,,,,Sentiment,ADHD,substantive_core_overall,Overall,context,linear_fit,,,0.06720481026593945
2017.7,,,,Sentiment,ADHD,substantive_core_overall,Overall,context,linear_fit,,,0.06732640103041967
2017.8,,,,Sentiment,ADHD,substantive_core_overall,Overall,context,linear_fit,,,0.06744799179489963
2017.9,,,,Sentiment,ADHD,substantive_core_overall,Overall,context,linear_fit,,,0.06756958255937985
2018.0,,,,Sentiment,ADHD,substantive_core_overall,Overall,context,linear_fit,,,0.06769117332385981
2018.1,,,,Sentiment,ADHD,substantive_core_overall,Overall,context,linear_fit,,,0.06781276408833975
2018.2,,,,Sentiment,ADHD,substantive_core_overall,Overall,context,linear_fit,,,0.06793435485281998
2018.3,,,,Sentiment,ADHD,substantive_core_overall,Overall,context,linear_fit,,,0.06805594561729993
2018.4,,,,Sentiment,ADHD,substantive_core_overall,Overall,context,linear_fit,,,0.06817753638178015
2018.5,,,,Sentiment,ADHD,substantive_core_overall,Overall,context,linear_fit,,,0.0682991271462601
2018.6,,,,Sentiment,ADHD,substantive_core_overall,Overall,context,linear_fit,,,0.06842071791074004
2018.7,,,,Sentiment,ADHD,substantive_core_overall,Overall,context,linear_fit,,,0.06854230867522028
2018.8,,,,Sentiment,ADHD,substantive_core_overall,Overall,context,linear_fit,,,0.06866389943970022
2018.9,,,,Sentiment,ADHD,substantive_core_overall,Overall,context,linear_fit,,,0.06878549020418046
2019.0,,,,Sentiment,ADHD,substantive_core_overall,Overall,context,linear_fit,,,0.0689070809686604
2019.1,,,,Sentiment,ADHD,substantive_core_overall,Overall,context,linear_fit,,,0.06902867173314035
2019.2,,,,Sentiment,ADHD,substantive_core_overall,Overall,context,linear_fit,,,0.06915026249762057
2019.3,,,,Sentiment,ADHD,substantive_core_overall,Overall,context,linear_fit,,,0.06927185326210053
2019.4,,,,Sentiment,ADHD,substantive_core_overall,Overall,context,linear_fit,,,0.06939344402658075
2019.5,,,,Sentiment,ADHD,substantive_core_overall,Overall,context,linear_fit,,,0.0695150347910607
2019.6,,,,Sentiment,ADHD,substantive_core_overall,Overall,context,linear_fit,,,0.06963662555554065
2019.7,,,,Sentiment,ADHD,substantive_core_overall,Overall,context,linear_fit,,,0.06975821632002088
2019.8,,,,Sentiment,ADHD,substantive_core_overall,Overall,context,linear_fit,,,0.06987980708450083
2019.9,,,,Sentiment,ADHD,substantive_core_overall,Overall,context,linear_fit,,,0.07000139784898105
2020.0,,,,Sentiment,ADHD,substantive_core_overall,Overall,context,linear_fit,,,0.070122988613461
2020.1,,,,Sentiment,ADHD,substantive_core_overall,Overall,context,linear_fit,,,0.07024457937794096
2020.2,,,,Sentiment,ADHD,substantive_core_overall,Overall,context,linear_fit,,,0.07036617014242118
2020.3,,,,Sentiment,ADHD,substantive_core_overall,Overall,context,linear_fit,,,0.07048776090690112
2020.4,,,,Sentiment,ADHD,substantive_core_overall,Overall,context,linear_fit,,,0.07060935167138135
2020.5,,,,Sentiment,ADHD,substantive_core_overall,Overall,context,linear_fit,,,0.0707309424358613
2020.6,,,,Sentiment,ADHD,substantive_core_overall,Overall,context,linear_fit,,,0.07085253320034125
2020.7,,,,Sentiment,ADHD,substantive_core_overall,Overall,context,linear_fit,,,0.07097412396482147
2020.8,,,,Sentiment,ADHD,substantive_core_overall,Overall,context,linear_fit,,,0.07109571472930143
2020.9,,,,Sentiment,ADHD,substantive_core_overall,Overall,context,linear_fit,,,0.07121730549378165
2021.0,,,,Sentiment,ADHD,substantive_core_overall,Overall,context,linear_fit,,,0.0713388962582616
2021.1,,,,Sentiment,ADHD,substantive_core_overall,Overall,context,linear_fit,,,0.07146048702274155
2021.2,,,,Sentiment,ADHD,substantive_core_overall,Overall,context,linear_fit,,,0.07158207778722178
2021.3,,,,Sentiment,ADHD,substantive_core_overall,Overall,context,linear_fit,,,0.07170366855170172
2021.4,,,,Sentiment,ADHD,substantive_core_overall,Overall,context,linear_fit,,,0.07182525931618196
2021.5,,,,Sentiment,ADHD,substantive_core_overall,Overall,context,linear_fit,,,0.0719468500806619
2021.6,,,,Sentiment,ADHD,substantive_core_overall,Overall,context,linear_fit,,,0.07206844084514186
2021.7,,,,Sentiment,ADHD,substantive_core_overall,Overall,context,linear_fit,,,0.07219003160962208
2021.8,,,,Sentiment,ADHD,substantive_core_overall,Overall,context,linear_fit,,,0.07231162237410202
2021.9,,,,Sentiment,ADHD,substantive_core_overall,Overall,context,linear_fit,,,0.07243321313858225
2022.0,,,,Sentiment,ADHD,substantive_core_overall,Overall,context,linear_fit,,,0.0725548039030622
2022.1,,,,Sentiment,ADHD,substantive_core_overall,Overall,context,linear_fit,,,0.07267639466754215
2022.2,,,,Sentiment,ADHD,substantive_core_overall,Overall,context,linear_fit,,,0.07279798543202237
2022.3,,,,Sentiment,ADHD,substantive_core_overall,Overall,context,linear_fit,,,0.07291957619650233
2022.4,,,,Sentiment,ADHD,substantive_core_overall,Overall,context,linear_fit,,,0.07304116696098255
2022.5,,,,Sentiment,ADHD,substantive_core_overall,Overall,context,linear_fit,,,0.0731627577254625
2022.6,,,,Sentiment,ADHD,substantive_core_overall,Overall,context,linear_fit,,,0.07328434848994245
2022.7,,,,Sentiment,ADHD,substantive_core_overall,Overall,context,linear_fit,,,0.07340593925442268
2022.8,,,,Sentiment,ADHD,substantive_core_overall,Overall,context,linear_fit,,,0.07352753001890262
2022.9,,,,Sentiment,ADHD,substantive_core_overall,Overall,context,linear_fit,,,0.07364912078338286
2023.0,,,,Sentiment,ADHD,substantive_core_overall,Overall,context,linear_fit,,,0.0737707115478628
2023.1,,,,Sentiment,ADHD,substantive_core_overall,Overall,context,linear_fit,,,0.07389230231234276
2023.2,,,,Sentiment,ADHD,substantive_core_overall,Overall,context,linear_fit,,,0.07401389307682298
2023.3,,,,Sentiment,ADHD,substantive_core_overall,Overall,context,linear_fit,,,0.07413548384130293
2023.4,,,,Sentiment,ADHD,substantive_core_overall,Overall,context,linear_fit,,,0.07425707460578315
2023.5,,,,Sentiment,ADHD,substantive_core_overall,Overall,context,linear_fit,,,0.07437866537026311
2023.6,,,,Sentiment,ADHD,substantive_core_overall,Overall,context,linear_fit,,,0.07450025613474305
2023.7,,,,Sentiment,ADHD,substantive_core_overall,Overall,context,linear_fit,,,0.07462184689922327
2023.8,,,,Sentiment,ADHD,substantive_core_overall,Overall,context,linear_fit,,,0.07474343766370323
2023.9,,,,Sentiment,ADHD,substantive_core_overall,Overall,context,linear_fit,,,0.07486502842818345
2024.0,,,,Sentiment,ADHD,substantive_core_overall,Overall,context,linear_fit,,,0.0749866191926634
2024.1,,,,Sentiment,ADHD,substantive_core_overall,Overall,context,linear_fit,,,0.07510820995714335
2024.2,,,,Sentiment,ADHD,substantive_core_overall,Overall,context,linear_fit,,,0.07522980072162358
2024.3,,,,Sentiment,ADHD,substantive_core_overall,Overall,context,linear_fit,,,0.07535139148610352
2024.4,,,,Sentiment,ADHD,substantive_core_overall,Overall,context,linear_fit,,,0.07547298225058376
2024.5,,,,Sentiment,ADHD,substantive_core_overall,Overall,context,linear_fit,,,0.0755945730150637
2024.6,,,,Sentiment,ADHD,substantive_core_overall,Overall,context,linear_fit,,,0.07571616377954365
2024.7,,,,Sentiment,ADHD,substantive_core_overall,Overall,context,linear_fit,,,0.07583775454402387
2024.8,,,,Sentiment,ADHD,substantive_core_overall,Overall,context,linear_fit,,,0.07595934530850383
2024.9,,,,Sentiment,ADHD,substantive_core_overall,Overall,context,linear_fit,,,0.07608093607298405
2025.0,,,,Sentiment,ADHD,substantive_core_overall,Overall,context,linear_fit,,,0.07620252683746401
2025.1,,,,Sentiment,ADHD,substantive_core_overall,Overall,context,linear_fit,,,0.07632411760194395
2025.2,,,,Sentiment,ADHD,substantive_core_overall,Overall,context,linear_fit,,,0.07644570836642417
2025.3,,,,Sentiment,ADHD,substantive_core_overall,Overall,context,linear_fit,,,0.07656729913090413
2025.4,,,,Sentiment,ADHD,substantive_core_overall,Overall,context,linear_fit,,,0.07668888989538435
2025.5,,,,Sentiment,ADHD,substantive_core_overall,Overall,context,linear_fit,,,0.0768104806598643
2025.6,,,,Sentiment,ADHD,substantive_core_overall,Overall,context,linear_fit,,,0.07693207142434424
2025.7,,,,Sentiment,ADHD,substantive_core_overall,Overall,context,linear_fit,,,0.07705366218882448
2025.8,,,,Sentiment,ADHD,substantive_core_overall,Overall,context,linear_fit,,,0.07717525295330442
2025.9,,,,Sentiment,ADHD,substantive_core_overall,Overall,context,linear_fit,,,0.07729684371778466
2026.0,,,,Sentiment,ADHD,substantive_core_overall,Overall,context,linear_fit,,,0.0774184344822646
2014.0,,,,Sentiment,ADHD,substantive_core_overall,Overall,context,quadratic_fit,,,0.07204570023295583
2014.1,,,,Sentiment,ADHD,substantive_core_overall,Overall,context,quadratic_fit,,,0.07166867247875099
2014.2,,,,Sentiment,ADHD,substantive_core_overall,Overall,context,quadratic_fit,,,0.07130002486771649
2014.3,,,,Sentiment,ADHD,substantive_core_overall,Overall,context,quadratic_fit,,,0.07093975739985399
2014.4,,,,Sentiment,ADHD,substantive_core_overall,Overall,context,quadratic_fit,,,0.07058787007516187
2014.5,,,,Sentiment,ADHD,substantive_core_overall,Overall,context,quadratic_fit,,,0.07024436289364173
2014.6,,,,Sentiment,ADHD,substantive_core_overall,Overall,context,quadratic_fit,,,0.06990923585529275
2014.7,,,,Sentiment,ADHD,substantive_core_overall,Overall,context,quadratic_fit,,,0.06958248896011421
2014.8,,,,Sentiment,ADHD,substantive_core_overall,Overall,context,quadratic_fit,,,0.06926412220810758
2014.9,,,,Sentiment,ADHD,substantive_core_overall,Overall,context,quadratic_fit,,,0.06895413559927144
2015.0,,,,Sentiment,ADHD,substantive_core_overall,Overall,context,quadratic_fit,,,0.06865252913360716
2015.1,,,,Sentiment,ADHD,substantive_core_overall,Overall,context,quadratic_fit,,,0.06835930281111405
2015.2,,,,Sentiment,ADHD,substantive_core_overall,Overall,context,quadratic_fit,,,0.06807445663179146
2015.3,,,,Sentiment,ADHD,substantive_core_overall,Overall,context,quadratic_fit,,,0.0677979905956407
2015.4,,,,Sentiment,ADHD,substantive_core_overall,Overall,context,quadratic_fit,,,0.06752990470266051
2015.5,,,,Sentiment,ADHD,substantive_core_overall,Overall,context,quadratic_fit,,,0.06727019895285209
2015.6,,,,Sentiment,ADHD,substantive_core_overall,Overall,context,quadratic_fit,,,0.06701887334621486
2015.7,,,,Sentiment,ADHD,substantive_core_overall,Overall,context,quadratic_fit,,,0.06677592788274822
2015.8,,,,Sentiment,ADHD,substantive_core_overall,Overall,context,quadratic_fit,,,0.06654136256245333
2015.9,,,,Sentiment,ADHD,substantive_core_overall,Overall,context,quadratic_fit,,,0.06631517738532909
2016.0,,,,Sentiment,ADHD,substantive_core_overall,Overall,context,quadratic_fit,,,0.06609737235137655
2016.1,,,,Sentiment,ADHD,substantive_core_overall,Overall,context,quadratic_fit,,,0.06588794746059518
2016.2,,,,Sentiment,ADHD,substantive_core_overall,Overall,context,quadratic_fit,,,0.06568690271298451
2016.3,,,,Sentiment,ADHD,substantive_core_overall,Overall,context,quadratic_fit,,,0.06549423810854547
2016.4,,,,Sentiment,ADHD,substantive_core_overall,Overall,context,quadratic_fit,,,0.0653099536472772
2016.5,,,,Sentiment,ADHD,substantive_core_overall,Overall,context,quadratic_fit,,,0.06513404932918052
2016.6,,,,Sentiment,ADHD,substantive_core_overall,Overall,context,quadratic_fit,,,0.064966525154255
2016.7,,,,Sentiment,ADHD,substantive_core_overall,Overall,context,quadratic_fit,,,0.0648073811225003
2016.8,,,,Sentiment,ADHD,substantive_core_overall,Overall,context,quadratic_fit,,,0.06465661723391714
2016.9,,,,Sentiment,ADHD,substantive_core_overall,Overall,context,quadratic_fit,,,0.06451423348850481
2017.0,,,,Sentiment,ADHD,substantive_core_overall,Overall,context,quadratic_fit,,,0.064380229886264
2017.1,,,,Sentiment,ADHD,substantive_core_overall,Overall,context,quadratic_fit,,,0.06425460642719434
2017.2,,,,Sentiment,ADHD,substantive_core_overall,Overall,context,quadratic_fit,,,0.0641373631112956
2017.3,,,,Sentiment,ADHD,substantive_core_overall,Overall,context,quadratic_fit,,,0.06402849993856831
2017.4,,,,Sentiment,ADHD,substantive_core_overall,Overall,context,quadratic_fit,,,0.06392801690901195
2017.5,,,,Sentiment,ADHD,substantive_core_overall,Overall,context,quadratic_fit,,,0.06383591402262699
2017.6,,,,Sentiment,ADHD,substantive_core_overall,Overall,context,quadratic_fit,,,0.0637521912794132
2017.7,,,,Sentiment,ADHD,substantive_core_overall,Overall,context,quadratic_fit,,,0.06367684867937043
2017.8,,,,Sentiment,ADHD,substantive_core_overall,Overall,context,quadratic_fit,,,0.06360988622249898
2017.9,,,,Sentiment,ADHD,substantive_core_overall,Overall,context,quadratic_fit,,,0.0635513039087986
2018.0,,,,Sentiment,ADHD,substantive_core_overall,Overall,context,quadratic_fit,,,0.0635011017382695
2018.1,,,,Sentiment,ADHD,substantive_core_overall,Overall,context,quadratic_fit,,,0.06345927971091157
2018.2,,,,Sentiment,ADHD,substantive_core_overall,Overall,context,quadratic_fit,,,0.06342583782672476
2018.3,,,,Sentiment,ADHD,substantive_core_overall,Overall,context,quadratic_fit,,,0.06340077608570918
2018.4,,,,Sentiment,ADHD,substantive_core_overall,Overall,context,quadratic_fit,,,0.06338409448786475
2018.5,,,,Sentiment,ADHD,substantive_core_overall,Overall,context,quadratic_fit,,,0.06337579303319152
2018.6,,,,Sentiment,ADHD,substantive_core_overall,Overall,context,quadratic_fit,,,0.06337587172168947
2018.7,,,,Sentiment,ADHD,substantive_core_overall,Overall,context,quadratic_fit,,,0.06338433055335861
2018.8,,,,Sentiment,ADHD,substantive_core_overall,Overall,context,quadratic_fit,,,0.06340116952819891
2018.9,,,,Sentiment,ADHD,substantive_core_overall,Overall,context,quadratic_fit,,,0.06342638864621042
2019.0,,,,Sentiment,ADHD,substantive_core_overall,Overall,context,quadratic_fit,,,0.06345998790739306
2019.1,,,,Sentiment,ADHD,substantive_core_overall,Overall,context,quadratic_fit,,,0.06350196731174687
2019.2,,,,Sentiment,ADHD,substantive_core_overall,Overall,context,quadratic_fit,,,0.06355232685927197
2019.3,,,,Sentiment,ADHD,substantive_core_overall,Overall,context,quadratic_fit,,,0.06361106654996812
2019.4,,,,Sentiment,ADHD,substantive_core_overall,Overall,context,quadratic_fit,,,0.0636781863838356
2019.5,,,,Sentiment,ADHD,substantive_core_overall,Overall,context,quadratic_fit,,,0.06375368636087411
2019.6,,,,Sentiment,ADHD,substantive_core_overall,Overall,context,quadratic_fit,,,0.06383756648108378
2019.7,,,,Sentiment,ADHD,substantive_core_overall,Overall,context,quadratic_fit,,,0.06392982674446485
2019.8,,,,Sentiment,ADHD,substantive_core_overall,Overall,context,quadratic_fit,,,0.06403046715101686
2019.9,,,,Sentiment,ADHD,substantive_core_overall,Overall,context,quadratic_fit,,,0.06413948770074031
2020.0,,,,Sentiment,ADHD,substantive_core_overall,Overall,context,quadratic_fit,,,0.06425688839363468
2020.1,,,,Sentiment,ADHD,substantive_core_overall,Overall,context,quadratic_fit,,,0.06438266922970022
2020.2,,,,Sentiment,ADHD,substantive_core_overall,Overall,context,quadratic_fit,,,0.06451683020893724
2020.3,,,,Sentiment,ADHD,substantive_core_overall,Overall,context,quadratic_fit,,,0.06465937133134511
2020.4,,,,Sentiment,ADHD,substantive_core_overall,Overall,context,quadratic_fit,,,0.06481029259692452
2020.5,,,,Sentiment,ADHD,substantive_core_overall,Overall,context,quadratic_fit,,,0.06496959400567476
2020.6,,,,Sentiment,ADHD,substantive_core_overall,Overall,context,quadratic_fit,,,0.06513727555759616
2020.7,,,,Sentiment,ADHD,substantive_core_overall,Overall,context,quadratic_fit,,,0.06531333725268915
2020.8,,,,Sentiment,ADHD,substantive_core_overall,Overall,context,quadratic_fit,,,0.06549777909095288
2020.9,,,,Sentiment,ADHD,substantive_core_overall,Overall,context,quadratic_fit,,,0.06569060107238825
2021.0,,,,Sentiment,ADHD,substantive_core_overall,Overall,context,quadratic_fit,,,0.06589180319699435
2021.1,,,,Sentiment,ADHD,substantive_core_overall,Overall,context,quadratic_fit,,,0.06610138546477162
2021.2,,,,Sentiment,ADHD,substantive_core_overall,Overall,context,quadratic_fit,,,0.06631934787572055
2021.3,,,,Sentiment,ADHD,substantive_core_overall,Overall,context,quadratic_fit,,,0.06654569042984017
2021.4,,,,Sentiment,ADHD,substantive_core_overall,Overall,context,quadratic_fit,,,0.0667804131271315
2021.5,,,,Sentiment,ADHD,substantive_core_overall,Overall,context,quadratic_fit,,,0.06702351596759346
2021.6,,,,Sentiment,ADHD,substantive_core_overall,Overall,context,quadratic_fit,,,0.0672749989512266
2021.7,,,,Sentiment,ADHD,substantive_core_overall,Overall,context,quadratic_fit,,,0.06753486207803149
2021.8,,,,Sentiment,ADHD,substantive_core_overall,Overall,context,quadratic_fit,,,0.06780310534800696
2021.9,,,,Sentiment,ADHD,substantive_core_overall,Overall,context,quadratic_fit,,,0.06807972876115424
2022.0,,,,Sentiment,ADHD,substantive_core_overall,Overall,context,quadratic_fit,,,0.06836473231747209
2022.1,,,,Sentiment,ADHD,substantive_core_overall,Overall,context,quadratic_fit,,,0.06865811601696108
2022.2,,,,Sentiment,ADHD,substantive_core_overall,Overall,context,quadratic_fit,,,0.06895987985962193
2022.3,,,,Sentiment,ADHD,substantive_core_overall,Overall,context,quadratic_fit,,,0.06927002384545328
2022.4,,,,Sentiment,ADHD,substantive_core_overall,Overall,context,quadratic_fit,,,0.06958854797445652
2022.5,,,,Sentiment,ADHD,substantive_core_overall,Overall,context,quadratic_fit,,,0.06991545224663022
2022.6,,,,Sentiment,ADHD,substantive_core_overall,Overall,context,quadratic_fit,,,0.07025073666197508
2022.7,,,,Sentiment,ADHD,substantive_core_overall,Overall,context,quadratic_fit,,,0.07059440122049189
2022.8,,,,Sentiment,ADHD,substantive_core_overall,Overall,context,quadratic_fit,,,0.0709464459221791
2022.9,,,,Sentiment,ADHD,substantive_core_overall,Overall,context,quadratic_fit,,,0.0713068707670383
2023.0,,,,Sentiment,ADHD,substantive_core_overall,Overall,context,quadratic_fit,,,0.07167567575506786
2023.1,,,,Sentiment,ADHD,substantive_core_overall,Overall,context,quadratic_fit,,,0.07205286088626858
2023.2,,,,Sentiment,ADHD,substantive_core_overall,Overall,context,quadratic_fit,,,0.07243842616064136
2023.3,,,,Sentiment,ADHD,substantive_core_overall,Overall,context,quadratic_fit,,,0.07283237157818444
2023.4,,,,Sentiment,ADHD,substantive_core_overall,Overall,context,quadratic_fit,,,0.0732346971388996
2023.5,,,,Sentiment,ADHD,substantive_core_overall,Overall,context,quadratic_fit,,,0.07364540284278503
2023.6,,,,Sentiment,ADHD,substantive_core_overall,Overall,context,quadratic_fit,,,0.07406448868984161
2023.7,,,,Sentiment,ADHD,substantive_core_overall,Overall,context,quadratic_fit,,,0.07449195468007035
2023.8,,,,Sentiment,ADHD,substantive_core_overall,Overall,context,quadratic_fit,,,0.0749278008134693
2023.9,,,,Sentiment,ADHD,substantive_core_overall,Overall,context,quadratic_fit,,,0.07537202709004041
2024.0,,,,Sentiment,ADHD,substantive_core_overall,Overall,context,quadratic_fit,,,0.07582463350978169
2024.1,,,,Sentiment,ADHD,substantive_core_overall,Overall,context,quadratic_fit,,,0.07628562007269415
2024.2,,,,Sentiment,ADHD,substantive_core_overall,Overall,context,quadratic_fit,,,0.07675498677877884
2024.3,,,,Sentiment,ADHD,substantive_core_overall,Overall,context,quadratic_fit,,,0.07723273362803365
2024.4,,,,Sentiment,ADHD,substantive_core_overall,Overall,context,quadratic_fit,,,0.07771886062046074
2024.5,,,,Sentiment,ADHD,substantive_core_overall,Overall,context,quadratic_fit,,,0.07821336775605789
2024.6,,,,Sentiment,ADHD,substantive_core_overall,Overall,context,quadratic_fit,,,0.07871625503482621
2024.7,,,,Sentiment,ADHD,substantive_core_overall,Overall,context,quadratic_fit,,,0.07922752245676687
2024.8,,,,Sentiment,ADHD,substantive_core_overall,Overall,context,quadratic_fit,,,0.07974717002187753
2024.9,,,,Sentiment,ADHD,substantive_core_overall,Overall,context,quadratic_fit,,,0.08027519773016059
2025.0,,,,Sentiment,ADHD,substantive_core_overall,Overall,context,quadratic_fit,,,0.0808116055816136
2025.1,,,,Sentiment,ADHD,substantive_core_overall,Overall,context,quadratic_fit,,,0.08135639357623778
2025.2,,,,Sentiment,ADHD,substantive_core_overall,Overall,context,quadratic_fit,,,0.08190956171403439
2025.3,,,,Sentiment,ADHD,substantive_core_overall,Overall,context,quadratic_fit,,,0.08247110999500093
2025.4,,,,Sentiment,ADHD,substantive_core_overall,Overall,context,quadratic_fit,,,0.08304103841913994
2025.5,,,,Sentiment,ADHD,substantive_core_overall,Overall,context,quadratic_fit,,,0.08361934698644881
2025.6,,,,Sentiment,ADHD,substantive_core_overall,Overall,context,quadratic_fit,,,0.08420603569692886
2025.7,,,,Sentiment,ADHD,substantive_core_overall,Overall,context,quadratic_fit,,,0.08480110455058144
2025.8,,,,Sentiment,ADHD,substantive_core_overall,Overall,context,quadratic_fit,,,0.08540455354740384
2025.9,,,,Sentiment,ADHD,substantive_core_overall,Overall,context,quadratic_fit,,,0.08601638268739879
2026.0,,,,Sentiment,ADHD,substantive_core_overall,Overall,context,quadratic_fit,,,0.08663659197056355
2014.0,,,,Sentiment,ADHD,clinical_only,Clinical,flagged,linear_fit,,,0.0489822571381798
2014.1,,,,Sentiment,ADHD,clinical_only,Clinical,flagged,linear_fit,,,0.04902497144901405
2014.2,,,,Sentiment,ADHD,clinical_only,Clinical,flagged,linear_fit,,,0.0490676857598484
2014.3,,,,Sentiment,ADHD,clinical_only,Clinical,flagged,linear_fit,,,0.04911040007068265
2014.4,,,,Sentiment,ADHD,clinical_only,Clinical,flagged,linear_fit,,,0.049153114381516996
2014.5,,,,Sentiment,ADHD,clinical_only,Clinical,flagged,linear_fit,,,0.04919582869235125
2014.6,,,,Sentiment,ADHD,clinical_only,Clinical,flagged,linear_fit,,,0.0492385430031855
2014.7,,,,Sentiment,ADHD,clinical_only,Clinical,flagged,linear_fit,,,0.04928125731401985
2014.8,,,,Sentiment,ADHD,clinical_only,Clinical,flagged,linear_fit,,,0.0493239716248541
2014.9,,,,Sentiment,ADHD,clinical_only,Clinical,flagged,linear_fit,,,0.04936668593568845
2015.0,,,,Sentiment,ADHD,clinical_only,Clinical,flagged,linear_fit,,,0.0494094002465227
2015.1,,,,Sentiment,ADHD,clinical_only,Clinical,flagged,linear_fit,,,0.04945211455735695
2015.2,,,,Sentiment,ADHD,clinical_only,Clinical,flagged,linear_fit,,,0.0494948288681913
2015.3,,,,Sentiment,ADHD,clinical_only,Clinical,flagged,linear_fit,,,0.04953754317902555
2015.4,,,,Sentiment,ADHD,clinical_only,Clinical,flagged,linear_fit,,,0.0495802574898599
2015.5,,,,Sentiment,ADHD,clinical_only,Clinical,flagged,linear_fit,,,0.04962297180069415
2015.6,,,,Sentiment,ADHD,clinical_only,Clinical,flagged,linear_fit,,,0.0496656861115284
2015.7,,,,Sentiment,ADHD,clinical_only,Clinical,flagged,linear_fit,,,0.04970840042236275
2015.8,,,,Sentiment,ADHD,clinical_only,Clinical,flagged,linear_fit,,,0.049751114733197
2015.9,,,,Sentiment,ADHD,clinical_only,Clinical,flagged,linear_fit,,,0.049793829044031346
2016.0,,,,Sentiment,ADHD,clinical_only,Clinical,flagged,linear_fit,,,0.0498365433548656
2016.1,,,,Sentiment,ADHD,clinical_only,Clinical,flagged,linear_fit,,,0.04987925766569985
2016.2,,,,Sentiment,ADHD,clinical_only,Clinical,flagged,linear_fit,,,0.049921971976534196
2016.3,,,,Sentiment,ADHD,clinical_only,Clinical,flagged,linear_fit,,,0.04996468628736845
2016.4,,,,Sentiment,ADHD,clinical_only,Clinical,flagged,linear_fit,,,0.0500074005982028
2016.5,,,,Sentiment,ADHD,clinical_only,Clinical,flagged,linear_fit,,,0.05005011490903705
2016.6,,,,Sentiment,ADHD,clinical_only,Clinical,flagged,linear_fit,,,0.0500928292198713
2016.7,,,,Sentiment,ADHD,clinical_only,Clinical,flagged,linear_fit,,,0.05013554353070565
2016.8,,,,Sentiment,ADHD,clinical_only,Clinical,flagged,linear_fit,,,0.0501782578415399
2016.9,,,,Sentiment,ADHD,clinical_only,Clinical,flagged,linear_fit,,,0.05022097215237425
2017.0,,,,Sentiment,ADHD,clinical_only,Clinical,flagged,linear_fit,,,0.0502636864632085
2017.1,,,,Sentiment,ADHD,clinical_only,Clinical,flagged,linear_fit,,,0.050306400774042755
2017.2,,,,Sentiment,ADHD,clinical_only,Clinical,flagged,linear_fit,,,0.0503491150848771
2017.3,,,,Sentiment,ADHD,clinical_only,Clinical,flagged,linear_fit,,,0.05039182939571135
2017.4,,,,Sentiment,ADHD,clinical_only,Clinical,flagged,linear_fit,,,0.0504345437065457
2017.5,,,,Sentiment,ADHD,clinical_only,Clinical,flagged,linear_fit,,,0.05047725801737995
2017.6,,,,Sentiment,ADHD,clinical_only,Clinical,flagged,linear_fit,,,0.0505199723282142
2017.7,,,,Sentiment,ADHD,clinical_only,Clinical,flagged,linear_fit,,,0.05056268663904855
2017.8,,,,Sentiment,ADHD,clinical_only,Clinical,flagged,linear_fit,,,0.0506054009498828
2017.9,,,,Sentiment,ADHD,clinical_only,Clinical,flagged,linear_fit,,,0.05064811526071715
2018.0,,,,Sentiment,ADHD,clinical_only,Clinical,flagged,linear_fit,,,0.0506908295715514
2018.1,,,,Sentiment,ADHD,clinical_only,Clinical,flagged,linear_fit,,,0.05073354388238565
2018.2,,,,Sentiment,ADHD,clinical_only,Clinical,flagged,linear_fit,,,0.05077625819322
2018.3,,,,Sentiment,ADHD,clinical_only,Clinical,flagged,linear_fit,,,0.050818972504054254
2018.4,,,,Sentiment,ADHD,clinical_only,Clinical,flagged,linear_fit,,,0.0508616868148886
2018.5,,,,Sentiment,ADHD,clinical_only,Clinical,flagged,linear_fit,,,0.05090440112572285
2018.6,,,,Sentiment,ADHD,clinical_only,Clinical,flagged,linear_fit,,,0.050947115436557104
2018.7,,,,Sentiment,ADHD,clinical_only,Clinical,flagged,linear_fit,,,0.05098982974739145
2018.8,,,,Sentiment,ADHD,clinical_only,Clinical,flagged,linear_fit,,,0.0510325440582257
2018.9,,,,Sentiment,ADHD,clinical_only,Clinical,flagged,linear_fit,,,0.05107525836906005
2019.0,,,,Sentiment,ADHD,clinical_only,Clinical,flagged,linear_fit,,,0.0511179726798943
2019.1,,,,Sentiment,ADHD,clinical_only,Clinical,flagged,linear_fit,,,0.05116068699072855
2019.2,,,,Sentiment,ADHD,clinical_only,Clinical,flagged,linear_fit,,,0.0512034013015629
2019.3,,,,Sentiment,ADHD,clinical_only,Clinical,flagged,linear_fit,,,0.05124611561239715
2019.4,,,,Sentiment,ADHD,clinical_only,Clinical,flagged,linear_fit,,,0.0512888299232315
2019.5,,,,Sentiment,ADHD,clinical_only,Clinical,flagged,linear_fit,,,0.05133154423406575
2019.6,,,,Sentiment,ADHD,clinical_only,Clinical,flagged,linear_fit,,,0.0513742585449
2019.7,,,,Sentiment,ADHD,clinical_only,Clinical,flagged,linear_fit,,,0.05141697285573435
2019.8,,,,Sentiment,ADHD,clinical_only,Clinical,flagged,linear_fit,,,0.0514596871665686
2019.9,,,,Sentiment,ADHD,clinical_only,Clinical,flagged,linear_fit,,,0.05150240147740295
2020.0,,,,Sentiment,ADHD,clinical_only,Clinical,flagged,linear_fit,,,0.0515451157882372
2020.1,,,,Sentiment,ADHD,clinical_only,Clinical,flagged,linear_fit,,,0.051587830099071454
2020.2,,,,Sentiment,ADHD,clinical_only,Clinical,flagged,linear_fit,,,0.0516305444099058
2020.3,,,,Sentiment,ADHD,clinical_only,Clinical,flagged,linear_fit,,,0.05167325872074005
2020.4,,,,Sentiment,ADHD,clinical_only,Clinical,flagged,linear_fit,,,0.0517159730315744
2020.5,,,,Sentiment,ADHD,clinical_only,Clinical,flagged,linear_fit,,,0.05175868734240865
2020.6,,,,Sentiment,ADHD,clinical_only,Clinical,flagged,linear_fit,,,0.0518014016532429
2020.7,,,,Sentiment,ADHD,clinical_only,Clinical,flagged,linear_fit,,,0.05184411596407725
2020.8,,,,Sentiment,ADHD,clinical_only,Clinical,flagged,linear_fit,,,0.0518868302749115
2020.9,,,,Sentiment,ADHD,clinical_only,Clinical,flagged,linear_fit,,,0.05192954458574585
2021.0,,,,Sentiment,ADHD,clinical_only,Clinical,flagged,linear_fit,,,0.0519722588965801
2021.1,,,,Sentiment,ADHD,clinical_only,Clinical,flagged,linear_fit,,,0.05201497320741435
2021.2,,,,Sentiment,ADHD,clinical_only,Clinical,flagged,linear_fit,,,0.0520576875182487
2021.3,,,,Sentiment,ADHD,clinical_only,Clinical,flagged,linear_fit,,,0.05210040182908295
2021.4,,,,Sentiment,ADHD,clinical_only,Clinical,flagged,linear_fit,,,0.052143116139917296
2021.5,,,,Sentiment,ADHD,clinical_only,Clinical,flagged,linear_fit,,,0.05218583045075155
2021.6,,,,Sentiment,ADHD,clinical_only,Clinical,flagged,linear_fit,,,0.0522285447615858
2021.7,,,,Sentiment,ADHD,clinical_only,Clinical,flagged,linear_fit,,,0.05227125907242015
2021.8,,,,Sentiment,ADHD,clinical_only,Clinical,flagged,linear_fit,,,0.0523139733832544
2021.9,,,,Sentiment,ADHD,clinical_only,Clinical,flagged,linear_fit,,,0.05235668769408875
2022.0,,,,Sentiment,ADHD,clinical_only,Clinical,flagged,linear_fit,,,0.052399402004923
2022.1,,,,Sentiment,ADHD,clinical_only,Clinical,flagged,linear_fit,,,0.05244211631575725
2022.2,,,,Sentiment,ADHD,clinical_only,Clinical,flagged,linear_fit,,,0.0524848306265916
2022.3,,,,Sentiment,ADHD,clinical_only,Clinical,flagged,linear_fit,,,0.05252754493742585
2022.4,,,,Sentiment,ADHD,clinical_only,Clinical,flagged,linear_fit,,,0.0525702592482602
2022.5,,,,Sentiment,ADHD,clinical_only,Clinical,flagged,linear_fit,,,0.05261297355909445
2022.6,,,,Sentiment,ADHD,clinical_only,Clinical,flagged,linear_fit,,,0.0526556878699287
2022.7,,,,Sentiment,ADHD,clinical_only,Clinical,flagged,linear_fit,,,0.05269840218076305
2022.8,,,,Sentiment,ADHD,clinical_only,Clinical,flagged,linear_fit,,,0.0527411164915973
2022.9,,,,Sentiment,ADHD,clinical_only,Clinical,flagged,linear_fit,,,0.052783830802431646
2023.0,,,,Sentiment,ADHD,clinical_only,Clinical,flagged,linear_fit,,,0.0528265451132659
2023.1,,,,Sentiment,ADHD,clinical_only,Clinical,flagged,linear_fit,,,0.05286925942410015
2023.2,,,,Sentiment,ADHD,clinical_only,Clinical,flagged,linear_fit,,,0.0529119737349345
2023.3,,,,Sentiment,ADHD,clinical_only,Clinical,flagged,linear_fit,,,0.05295468804576875
2023.4,,,,Sentiment,ADHD,clinical_only,Clinical,flagged,linear_fit,,,0.0529974023566031
2023.5,,,,Sentiment,ADHD,clinical_only,Clinical,flagged,linear_fit,,,0.053040116667437354
2023.6,,,,Sentiment,ADHD,clinical_only,Clinical,flagged,linear_fit,,,0.0530828309782716
2023.7,,,,Sentiment,ADHD,clinical_only,Clinical,flagged,linear_fit,,,0.05312554528910595
2023.8,,,,Sentiment,ADHD,clinical_only,Clinical,flagged,linear_fit,,,0.053168259599940204
2023.9,,,,Sentiment,ADHD,clinical_only,Clinical,flagged,linear_fit,,,0.05321097391077455
2024.0,,,,Sentiment,ADHD,clinical_only,Clinical,flagged,linear_fit,,,0.0532536882216088
2024.1,,,,Sentiment,ADHD,clinical_only,Clinical,flagged,linear_fit,,,0.053296402532443055
2024.2,,,,Sentiment,ADHD,clinical_only,Clinical,flagged,linear_fit,,,0.0533391168432774
2024.3,,,,Sentiment,ADHD,clinical_only,Clinical,flagged,linear_fit,,,0.05338183115411165
2024.4,,,,Sentiment,ADHD,clinical_only,Clinical,flagged,linear_fit,,,0.053424545464946
2024.5,,,,Sentiment,ADHD,clinical_only,Clinical,flagged,linear_fit,,,0.05346725977578025
2024.6,,,,Sentiment,ADHD,clinical_only,Clinical,flagged,linear_fit,,,0.0535099740866145
2024.7,,,,Sentiment,ADHD,clinical_only,Clinical,flagged,linear_fit,,,0.05355268839744885
2024.8,,,,Sentiment,ADHD,clinical_only,Clinical,flagged,linear_fit,,,0.0535954027082831
2024.9,,,,Sentiment,ADHD,clinical_only,Clinical,flagged,linear_fit,,,0.05363811701911745
2025.0,,,,Sentiment,ADHD,clinical_only,Clinical,flagged,linear_fit,,,0.0536808313299517
2025.1,,,,Sentiment,ADHD,clinical_only,Clinical,flagged,linear_fit,,,0.05372354564078595
2025.2,,,,Sentiment,ADHD,clinical_only,Clinical,flagged,linear_fit,,,0.0537662599516203
2025.3,,,,Sentiment,ADHD,clinical_only,Clinical,flagged,linear_fit,,,0.053808974262454554
2025.4,,,,Sentiment,ADHD,clinical_only,Clinical,flagged,linear_fit,,,0.0538516885732889
2025.5,,,,Sentiment,ADHD,clinical_only,Clinical,flagged,linear_fit,,,0.05389440288412315
2025.6,,,,Sentiment,ADHD,clinical_only,Clinical,flagged,linear_fit,,,0.053937117194957404
2025.7,,,,Sentiment,ADHD,clinical_only,Clinical,flagged,linear_fit,,,0.05397983150579175
2025.8,,,,Sentiment,ADHD,clinical_only,Clinical,flagged,linear_fit,,,0.054022545816626
2025.9,,,,Sentiment,ADHD,clinical_only,Clinical,flagged,linear_fit,,,0.05406526012746035
2026.0,,,,Sentiment,ADHD,clinical_only,Clinical,flagged,linear_fit,,,0.0541079744382946
2014.0,,,,Sentiment,ADHD,clinical_only,Clinical,flagged,quadratic_fit,,,0.06378891427994983
2014.1,,,,Sentiment,ADHD,clinical_only,Clinical,flagged,quadratic_fit,,,0.06303072304538906
2014.2,,,,Sentiment,ADHD,clinical_only,Clinical,flagged,quadratic_fit,,,0.0622859924082282
2014.3,,,,Sentiment,ADHD,clinical_only,Clinical,flagged,quadratic_fit,,,0.06155472236847063
2014.4,,,,Sentiment,ADHD,clinical_only,Clinical,flagged,quadratic_fit,,,0.060836912926113026
2014.5,,,,Sentiment,ADHD,clinical_only,Clinical,flagged,quadratic_fit,,,0.060132564081158656
2014.6,,,,Sentiment,ADHD,clinical_only,Clinical,flagged,quadratic_fit,,,0.05944167583360587
2014.7,,,,Sentiment,ADHD,clinical_only,Clinical,flagged,quadratic_fit,,,0.05876424818345315
2014.8,,,,Sentiment,ADHD,clinical_only,Clinical,flagged,quadratic_fit,,,0.058100281130703556
2014.9,,,,Sentiment,ADHD,clinical_only,Clinical,flagged,quadratic_fit,,,0.057449774675354094
2015.0,,,,Sentiment,ADHD,clinical_only,Clinical,flagged,quadratic_fit,,,0.05681272881740771
2015.1,,,,Sentiment,ADHD,clinical_only,Clinical,flagged,quadratic_fit,,,0.056189143556862914
2015.2,,,,Sentiment,ADHD,clinical_only,Clinical,flagged,quadratic_fit,,,0.05557901889371832
2015.3,,,,Sentiment,ADHD,clinical_only,Clinical,flagged,quadratic_fit,,,0.05498235482797671
2015.4,,,,Sentiment,ADHD,clinical_only,Clinical,flagged,quadratic_fit,,,0.05439915135963539
2015.5,,,,Sentiment,ADHD,clinical_only,Clinical,flagged,quadratic_fit,,,0.053829408488696995
2015.6,,,,Sentiment,ADHD,clinical_only,Clinical,flagged,quadratic_fit,,,0.05327312621516017
2015.7,,,,Sentiment,ADHD,clinical_only,Clinical,flagged,quadratic_fit,,,0.05273030453902373
2015.8,,,,Sentiment,ADHD,clinical_only,Clinical,flagged,quadratic_fit,,,0.052200943460290104
2015.9,,,,Sentiment,ADHD,clinical_only,Clinical,flagged,quadratic_fit,,,0.051685042978956916
2016.0,,,,Sentiment,ADHD,clinical_only,Clinical,flagged,quadratic_fit,,,0.0511826030950265
2016.1,,,,Sentiment,ADHD,clinical_only,Clinical,flagged,quadratic_fit,,,0.05069362380849767
2016.2,,,,Sentiment,ADHD,clinical_only,Clinical,flagged,quadratic_fit,,,0.05021810511936936
2016.3,,,,Sentiment,ADHD,clinical_only,Clinical,flagged,quadratic_fit,,,0.049756047027643725
2016.4,,,,Sentiment,ADHD,clinical_only,Clinical,flagged,quadratic_fit,,,0.04930744953331867
2016.5,,,,Sentiment,ADHD,clinical_only,Clinical,flagged,quadratic_fit,,,0.04887231263639624
2016.6,,,,Sentiment,ADHD,clinical_only,Clinical,flagged,quadratic_fit,,,0.048450636336875394
2016.7,,,,Sentiment,ADHD,clinical_only,Clinical,flagged,quadratic_fit,,,0.04804242063475522
2016.8,,,,Sentiment,ADHD,clinical_only,Clinical,flagged,quadratic_fit,,,0.04764766553003757
2016.9,,,,Sentiment,ADHD,clinical_only,Clinical,flagged,quadratic_fit,,,0.04726637102272065
2017.0,,,,Sentiment,ADHD,clinical_only,Clinical,flagged,quadratic_fit,,,0.04689853711280621
2017.1,,,,Sentiment,ADHD,clinical_only,Clinical,flagged,quadratic_fit,,,0.046544163800293345
2017.2,,,,Sentiment,ADHD,clinical_only,Clinical,flagged,quadratic_fit,,,0.046203251085181314
2017.3,,,,Sentiment,ADHD,clinical_only,Clinical,flagged,quadratic_fit,,,0.04587579896747164
2017.4,,,,Sentiment,ADHD,clinical_only,Clinical,flagged,quadratic_fit,,,0.04556180744716287
2017.5,,,,Sentiment,ADHD,clinical_only,Clinical,flagged,quadratic_fit,,,0.045261276524256405
2017.6,,,,Sentiment,ADHD,clinical_only,Clinical,flagged,quadratic_fit,,,0.04497420619875153
2017.7,,,,Sentiment,ADHD,clinical_only,Clinical,flagged,quadratic_fit,,,0.04470059647064763
2017.8,,,,Sentiment,ADHD,clinical_only,Clinical,flagged,quadratic_fit,,,0.04444044733994595
2017.9,,,,Sentiment,ADHD,clinical_only,Clinical,flagged,quadratic_fit,,,0.044193758806645306
2018.0,,,,Sentiment,ADHD,clinical_only,Clinical,flagged,quadratic_fit,,,0.04396053087074683
2018.1,,,,Sentiment,ADHD,clinical_only,Clinical,flagged,quadratic_fit,,,0.04374076353224994
2018.2,,,,Sentiment,ADHD,clinical_only,Clinical,flagged,quadratic_fit,,,0.043534456791154176
2018.3,,,,Sentiment,ADHD,clinical_only,Clinical,flagged,quadratic_fit,,,0.04334161064746048
2018.4,,,,Sentiment,ADHD,clinical_only,Clinical,flagged,quadratic_fit,,,0.043162225101167975
2018.5,,,,Sentiment,ADHD,clinical_only,Clinical,flagged,quadratic_fit,,,0.042996300152277483
2018.6,,,,Sentiment,ADHD,clinical_only,Clinical,flagged,quadratic_fit,,,0.04284383580078858
2018.7,,,,Sentiment,ADHD,clinical_only,Clinical,flagged,quadratic_fit,,,0.042704832046700954
2018.8,,,,Sentiment,ADHD,clinical_only,Clinical,flagged,quadratic_fit,,,0.04257928889001524
2018.9,,,,Sentiment,ADHD,clinical_only,Clinical,flagged,quadratic_fit,,,0.042467206330730874
2019.0,,,,Sentiment,ADHD,clinical_only,Clinical,flagged,quadratic_fit,,,0.04236858436884837
2019.1,,,,Sentiment,ADHD,clinical_only,Clinical,flagged,quadratic_fit,,,0.042283423004367444
2019.2,,,,Sentiment,ADHD,clinical_only,Clinical,flagged,quadratic_fit,,,0.04221172223728796
2019.3,,,,Sentiment,ADHD,clinical_only,Clinical,flagged,quadratic_fit,,,0.04215348206761023
2019.4,,,,Sentiment,ADHD,clinical_only,Clinical,flagged,quadratic_fit,,,0.042108702495334
2019.5,,,,Sentiment,ADHD,clinical_only,Clinical,flagged,quadratic_fit,,,0.04207738352045948
2019.6,,,,Sentiment,ADHD,clinical_only,Clinical,flagged,quadratic_fit,,,0.04205952514298654
2019.7,,,,Sentiment,ADHD,clinical_only,Clinical,flagged,quadratic_fit,,,0.042055127362915196
2019.8,,,,Sentiment,ADHD,clinical_only,Clinical,flagged,quadratic_fit,,,0.042064190180245445
2019.9,,,,Sentiment,ADHD,clinical_only,Clinical,flagged,quadratic_fit,,,0.04208671359497736
2020.0,,,,Sentiment,ADHD,clinical_only,Clinical,flagged,quadratic_fit,,,0.04212269760711082
2020.1,,,,Sentiment,ADHD,clinical_only,Clinical,flagged,quadratic_fit,,,0.042172142216645864
2020.2,,,,Sentiment,ADHD,clinical_only,Clinical,flagged,quadratic_fit,,,0.04223504742358265
2020.3,,,,Sentiment,ADHD,clinical_only,Clinical,flagged,quadratic_fit,,,0.0423114132279209
2020.4,,,,Sentiment,ADHD,clinical_only,Clinical,flagged,quadratic_fit,,,0.04240123962966094
2020.5,,,,Sentiment,ADHD,clinical_only,Clinical,flagged,quadratic_fit,,,0.042504526628802386
2020.6,,,,Sentiment,ADHD,clinical_only,Clinical,flagged,quadratic_fit,,,0.04262127422534542
2020.7,,,,Sentiment,ADHD,clinical_only,Clinical,flagged,quadratic_fit,,,0.042751482419290346
2020.8,,,,Sentiment,ADHD,clinical_only,Clinical,flagged,quadratic_fit,,,0.04289515121063657
2020.9,,,,Sentiment,ADHD,clinical_only,Clinical,flagged,quadratic_fit,,,0.043052280599384755
2021.0,,,,Sentiment,ADHD,clinical_only,Clinical,flagged,quadratic_fit,,,0.04322287058553419
2021.1,,,,Sentiment,ADHD,clinical_only,Clinical,flagged,quadratic_fit,,,0.0434069211690852
2021.2,,,,Sentiment,ADHD,clinical_only,Clinical,flagged,quadratic_fit,,,0.04360443235003827
2021.3,,,,Sentiment,ADHD,clinical_only,Clinical,flagged,quadratic_fit,,,0.04381540412839247
2021.4,,,,Sentiment,ADHD,clinical_only,Clinical,flagged,quadratic_fit,,,0.0440398365041488
2021.5,,,,Sentiment,ADHD,clinical_only,Clinical,flagged,quadratic_fit,,,0.04427772947730621
2021.6,,,,Sentiment,ADHD,clinical_only,Clinical,flagged,quadratic_fit,,,0.04452908304786521
2021.7,,,,Sentiment,ADHD,clinical_only,Clinical,flagged,quadratic_fit,,,0.04479389721582641
2021.8,,,,Sentiment,ADHD,clinical_only,Clinical,flagged,quadratic_fit,,,0.045072171981188604
2021.9,,,,Sentiment,ADHD,clinical_only,Clinical,flagged,quadratic_fit,,,0.04536390734395307
2022.0,,,,Sentiment,ADHD,clinical_only,Clinical,flagged,quadratic_fit,,,0.04566910330411847
2022.1,,,,Sentiment,ADHD,clinical_only,Clinical,flagged,quadratic_fit,,,0.04598775986168545
2022.2,,,,Sentiment,ADHD,clinical_only,Clinical,flagged,quadratic_fit,,,0.04631987701665479
2022.3,,,,Sentiment,ADHD,clinical_only,Clinical,flagged,quadratic_fit,,,0.046665454769024964
2022.4,,,,Sentiment,ADHD,clinical_only,Clinical,flagged,quadratic_fit,,,0.04702449311879757
2022.5,,,,Sentiment,ADHD,clinical_only,Clinical,flagged,quadratic_fit,,,0.04739699206597095
2022.6,,,,Sentiment,ADHD,clinical_only,Clinical,flagged,quadratic_fit,,,0.04778295161054592
2022.7,,,,Sentiment,ADHD,clinical_only,Clinical,flagged,quadratic_fit,,,0.04818237175252339
2022.8,,,,Sentiment,ADHD,clinical_only,Clinical,flagged,quadratic_fit,,,0.04859525249190156
2022.9,,,,Sentiment,ADHD,clinical_only,Clinical,flagged,quadratic_fit,,,0.04902159382868229
2023.0,,,,Sentiment,ADHD,clinical_only,Clinical,flagged,quadratic_fit,,,0.049461395762863666
2023.1,,,,Sentiment,ADHD,clinical_only,Clinical,flagged,quadratic_fit,,,0.049914658294446614
2023.2,,,,Sentiment,ADHD,clinical_only,Clinical,flagged,quadratic_fit,,,0.05038138142343223
2023.3,,,,Sentiment,ADHD,clinical_only,Clinical,flagged,quadratic_fit,,,0.05086156514981838
2023.4,,,,Sentiment,ADHD,clinical_only,Clinical,flagged,quadratic_fit,,,0.05135520947360725
2023.5,,,,Sentiment,ADHD,clinical_only,Clinical,flagged,quadratic_fit,,,0.051862314394796605
2023.6,,,,Sentiment,ADHD,clinical_only,Clinical,flagged,quadratic_fit,,,0.05238287991338754
2023.7,,,,Sentiment,ADHD,clinical_only,Clinical,flagged,quadratic_fit,,,0.052916906029381296
2023.8,,,,Sentiment,ADHD,clinical_only,Clinical,flagged,quadratic_fit,,,0.053464392742775424
2023.9,,,,Sentiment,ADHD,clinical_only,Clinical,flagged,quadratic_fit,,,0.054025340053572436
2024.0,,,,Sentiment,ADHD,clinical_only,Clinical,flagged,quadratic_fit,,,0.05459974796176977
2024.1,,,,Sentiment,ADHD,clinical_only,Clinical,flagged,quadratic_fit,,,0.055187616467368694
2024.2,,,,Sentiment,ADHD,clinical_only,Clinical,flagged,quadratic_fit,,,0.055788945570370584
2024.3,,,,Sentiment,ADHD,clinical_only,Clinical,flagged,quadratic_fit,,,0.0564037352707727
2024.4,,,,Sentiment,ADHD,clinical_only,Clinical,flagged,quadratic_fit,,,0.057031985568577845
2024.5,,,,Sentiment,ADHD,clinical_only,Clinical,flagged,quadratic_fit,,,0.057673696463783175
2024.6,,,,Sentiment,ADHD,clinical_only,Clinical,flagged,quadratic_fit,,,0.05832886795639008
2024.7,,,,Sentiment,ADHD,clinical_only,Clinical,flagged,quadratic_fit,,,0.0589975000464001
2024.8,,,,Sentiment,ADHD,clinical_only,Clinical,flagged,quadratic_fit,,,0.059679592733810204
2024.9,,,,Sentiment,ADHD,clinical_only,Clinical,flagged,quadratic_fit,,,0.060375146018623496
2025.0,,,,Sentiment,ADHD,clinical_only,Clinical,flagged,quadratic_fit,,,0.0610841599008368
2025.1,,,,Sentiment,ADHD,clinical_only,Clinical,flagged,quadratic_fit,,,0.06180663438045169
2025.2,,,,Sentiment,ADHD,clinical_only,Clinical,flagged,quadratic_fit,,,0.06254256945746986
2025.3,,,,Sentiment,ADHD,clinical_only,Clinical,flagged,quadratic_fit,,,0.06329196513188794
2025.4,,,,Sentiment,ADHD,clinical_only,Clinical,flagged,quadratic_fit,,,0.06405482140370936
2025.5,,,,Sentiment,ADHD,clinical_only,Clinical,flagged,quadratic_fit,,,0.06483113827293066
2025.6,,,,Sentiment,ADHD,clinical_only,Clinical,flagged,quadratic_fit,,,0.06562091573955353
2025.7,,,,Sentiment,ADHD,clinical_only,Clinical,flagged,quadratic_fit,,,0.06642415380357983
2025.8,,,,Sentiment,ADHD,clinical_only,Clinical,flagged,quadratic_fit,,,0.0672408524650059
2025.9,,,,Sentiment,ADHD,clinical_only,Clinical,flagged,quadratic_fit,,,0.06807101172383546
2026.0,,,,Sentiment,ADHD,clinical_only,Clinical,flagged,quadratic_fit,,,0.06891463158006474
2014.0,,,,Sentiment,Autism,substantive_core_overall,Overall,context,linear_fit,,,0.10669763891305531
2014.1,,,,Sentiment,Autism,substantive_core_overall,Overall,context,linear_fit,,,0.10675468997478256
2014.2,,,,Sentiment,Autism,substantive_core_overall,Overall,context,linear_fit,,,0.10681174103650995
2014.3,,,,Sentiment,Autism,substantive_core_overall,Overall,context,linear_fit,,,0.10686879209823721
2014.4,,,,Sentiment,Autism,substantive_core_overall,Overall,context,linear_fit,,,0.10692584315996459
2014.5,,,,Sentiment,Autism,substantive_core_overall,Overall,context,linear_fit,,,0.10698289422169185
2014.6,,,,Sentiment,Autism,substantive_core_overall,Overall,context,linear_fit,,,0.10703994528341912
2014.7,,,,Sentiment,Autism,substantive_core_overall,Overall,context,linear_fit,,,0.1070969963451465
2014.8,,,,Sentiment,Autism,substantive_core_overall,Overall,context,linear_fit,,,0.10715404740687376
2014.9,,,,Sentiment,Autism,substantive_core_overall,Overall,context,linear_fit,,,0.10721109846860115
2015.0,,,,Sentiment,Autism,substantive_core_overall,Overall,context,linear_fit,,,0.1072681495303284
2015.1,,,,Sentiment,Autism,substantive_core_overall,Overall,context,linear_fit,,,0.10732520059205566
2015.2,,,,Sentiment,Autism,substantive_core_overall,Overall,context,linear_fit,,,0.10738225165378305
2015.3,,,,Sentiment,Autism,substantive_core_overall,Overall,context,linear_fit,,,0.1074393027155103
2015.4,,,,Sentiment,Autism,substantive_core_overall,Overall,context,linear_fit,,,0.1074963537772377
2015.5,,,,Sentiment,Autism,substantive_core_overall,Overall,context,linear_fit,,,0.10755340483896496
2015.6,,,,Sentiment,Autism,substantive_core_overall,Overall,context,linear_fit,,,0.10761045590069221
2015.7,,,,Sentiment,Autism,substantive_core_overall,Overall,context,linear_fit,,,0.1076675069624196
2015.8,,,,Sentiment,Autism,substantive_core_overall,Overall,context,linear_fit,,,0.10772455802414686
2015.9,,,,Sentiment,Autism,substantive_core_overall,Overall,context,linear_fit,,,0.10778160908587425
2016.0,,,,Sentiment,Autism,substantive_core_overall,Overall,context,linear_fit,,,0.1078386601476015
2016.1,,,,Sentiment,Autism,substantive_core_overall,Overall,context,linear_fit,,,0.10789571120932877
2016.2,,,,Sentiment,Autism,substantive_core_overall,Overall,context,linear_fit,,,0.10795276227105616
2016.3,,,,Sentiment,Autism,substantive_core_overall,Overall,context,linear_fit,,,0.10800981333278341
2016.4,,,,Sentiment,Autism,substantive_core_overall,Overall,context,linear_fit,,,0.1080668643945108
2016.5,,,,Sentiment,Autism,substantive_core_overall,Overall,context,linear_fit,,,0.10812391545623806
2016.6,,,,Sentiment,Autism,substantive_core_overall,Overall,context,linear_fit,,,0.10818096651796531
2016.7,,,,Sentiment,Autism,substantive_core_overall,Overall,context,linear_fit,,,0.1082380175796927
2016.8,,,,Sentiment,Autism,substantive_core_overall,Overall,context,linear_fit,,,0.10829506864141995
2016.9,,,,Sentiment,Autism,substantive_core_overall,Overall,context,linear_fit,,,0.10835211970314734
2017.0,,,,Sentiment,Autism,substantive_core_overall,Overall,context,linear_fit,,,0.10840917076487461
2017.1,,,,Sentiment,Autism,substantive_core_overall,Overall,context,linear_fit,,,0.10846622182660186
2017.2,,,,Sentiment,Autism,substantive_core_overall,Overall,context,linear_fit,,,0.10852327288832925
2017.3,,,,Sentiment,Autism,substantive_core_overall,Overall,context,linear_fit,,,0.10858032395005651
2017.4,,,,Sentiment,Autism,substantive_core_overall,Overall,context,linear_fit,,,0.1086373750117839
2017.5,,,,Sentiment,Autism,substantive_core_overall,Overall,context,linear_fit,,,0.10869442607351115
2017.6,,,,Sentiment,Autism,substantive_core_overall,Overall,context,linear_fit,,,0.10875147713523842
2017.7,,,,Sentiment,Autism,substantive_core_overall,Overall,context,linear_fit,,,0.1088085281969658
2017.8,,,,Sentiment,Autism,substantive_core_overall,Overall,context,linear_fit,,,0.10886557925869306
2017.9,,,,Sentiment,Autism,substantive_core_overall,Overall,context,linear_fit,,,0.10892263032042045
2018.0,,,,Sentiment,Autism,substantive_core_overall,Overall,context,linear_fit,,,0.10897968138214771
2018.1,,,,Sentiment,Autism,substantive_core_overall,Overall,context,linear_fit,,,0.10903673244387496
2018.2,,,,Sentiment,Autism,substantive_core_overall,Overall,context,linear_fit,,,0.10909378350560235
2018.3,,,,Sentiment,Autism,substantive_core_overall,Overall,context,linear_fit,,,0.10915083456732962
2018.4,,,,Sentiment,Autism,substantive_core_overall,Overall,context,linear_fit,,,0.10920788562905699
2018.5,,,,Sentiment,Autism,substantive_core_overall,Overall,context,linear_fit,,,0.10926493669078426
2018.6,,,,Sentiment,Autism,substantive_core_overall,Overall,context,linear_fit,,,0.1093219877525115
2018.7,,,,Sentiment,Autism,substantive_core_overall,Overall,context,linear_fit,,,0.1093790388142389
2018.8,,,,Sentiment,Autism,substantive_core_overall,Overall,context,linear_fit,,,0.10943608987596616
2018.9,,,,Sentiment,Autism,substantive_core_overall,Overall,context,linear_fit,,,0.10949314093769355
2019.0,,,,Sentiment,Autism,substantive_core_overall,Overall,context,linear_fit,,,0.1095501919994208
2019.1,,,,Sentiment,Autism,substantive_core_overall,Overall,context,linear_fit,,,0.10960724306114807
2019.2,,,,Sentiment,Autism,substantive_core_overall,Overall,context,linear_fit,,,0.10966429412287546
2019.3,,,,Sentiment,Autism,substantive_core_overall,Overall,context,linear_fit,,,0.1097213451846027
2019.4,,,,Sentiment,Autism,substantive_core_overall,Overall,context,linear_fit,,,0.1097783962463301
2019.5,,,,Sentiment,Autism,substantive_core_overall,Overall,context,linear_fit,,,0.10983544730805736
2019.6,,,,Sentiment,Autism,substantive_core_overall,Overall,context,linear_fit,,,0.10989249836978461
2019.7,,,,Sentiment,Autism,substantive_core_overall,Overall,context,linear_fit,,,0.109949549431512
2019.8,,,,Sentiment,Autism,substantive_core_overall,Overall,context,linear_fit,,,0.11000660049323926
2019.9,,,,Sentiment,Autism,substantive_core_overall,Overall,context,linear_fit,,,0.11006365155496664
2020.0,,,,Sentiment,Autism,substantive_core_overall,Overall,context,linear_fit,,,0.1101207026166939
2020.1,,,,Sentiment,Autism,substantive_core_overall,Overall,context,linear_fit,,,0.11017775367842117
2020.2,,,,Sentiment,Autism,substantive_core_overall,Overall,context,linear_fit,,,0.11023480474014855
2020.3,,,,Sentiment,Autism,substantive_core_overall,Overall,context,linear_fit,,,0.11029185580187581
2020.4,,,,Sentiment,Autism,substantive_core_overall,Overall,context,linear_fit,,,0.1103489068636032
2020.5,,,,Sentiment,Autism,substantive_core_overall,Overall,context,linear_fit,,,0.11040595792533045
2020.6,,,,Sentiment,Autism,substantive_core_overall,Overall,context,linear_fit,,,0.11046300898705771
2020.7,,,,Sentiment,Autism,substantive_core_overall,Overall,context,linear_fit,,,0.1105200600487851
2020.8,,,,Sentiment,Autism,substantive_core_overall,Overall,context,linear_fit,,,0.11057711111051235
2020.9,,,,Sentiment,Autism,substantive_core_overall,Overall,context,linear_fit,,,0.11063416217223974
2021.0,,,,Sentiment,Autism,substantive_core_overall,Overall,context,linear_fit,,,0.11069121323396701
2021.1,,,,Sentiment,Autism,substantive_core_overall,Overall,context,linear_fit,,,0.11074826429569426
2021.2,,,,Sentiment,Autism,substantive_core_overall,Overall,context,linear_fit,,,0.11080531535742165
2021.3,,,,Sentiment,Autism,substantive_core_overall,Overall,context,linear_fit,,,0.11086236641914891
2021.4,,,,Sentiment,Autism,substantive_core_overall,Overall,context,linear_fit,,,0.1109194174808763
2021.5,,,,Sentiment,Autism,substantive_core_overall,Overall,context,linear_fit,,,0.11097646854260355
2021.6,,,,Sentiment,Autism,substantive_core_overall,Overall,context,linear_fit,,,0.11103351960433082
2021.7,,,,Sentiment,Autism,substantive_core_overall,Overall,context,linear_fit,,,0.1110905706660582
2021.8,,,,Sentiment,Autism,substantive_core_overall,Overall,context,linear_fit,,,0.11114762172778546
2021.9,,,,Sentiment,Autism,substantive_core_overall,Overall,context,linear_fit,,,0.11120467278951285
2022.0,,,,Sentiment,Autism,substantive_core_overall,Overall,context,linear_fit,,,0.1112617238512401
2022.1,,,,Sentiment,Autism,substantive_core_overall,Overall,context,linear_fit,,,0.11131877491296736
2022.2,,,,Sentiment,Autism,substantive_core_overall,Overall,context,linear_fit,,,0.11137582597469475
2022.3,,,,Sentiment,Autism,substantive_core_overall,Overall,context,linear_fit,,,0.111432877036422
2022.4,,,,Sentiment,Autism,substantive_core_overall,Overall,context,linear_fit,,,0.1114899280981494
2022.5,,,,Sentiment,Autism,substantive_core_overall,Overall,context,linear_fit,,,0.11154697915987666
2022.6,,,,Sentiment,Autism,substantive_core_overall,Overall,context,linear_fit,,,0.11160403022160391
2022.7,,,,Sentiment,Autism,substantive_core_overall,Overall,context,linear_fit,,,0.1116610812833313
2022.8,,,,Sentiment,Autism,substantive_core_overall,Overall,context,linear_fit,,,0.11171813234505856
2022.9,,,,Sentiment,Autism,substantive_core_overall,Overall,context,linear_fit,,,0.11177518340678595
2023.0,,,,Sentiment,Autism,substantive_core_overall,Overall,context,linear_fit,,,0.1118322344685132
2023.1,,,,Sentiment,Autism,substantive_core_overall,Overall,context,linear_fit,,,0.11188928553024047
2023.2,,,,Sentiment,Autism,substantive_core_overall,Overall,context,linear_fit,,,0.11194633659196786
2023.3,,,,Sentiment,Autism,substantive_core_overall,Overall,context,linear_fit,,,0.11200338765369511
2023.4,,,,Sentiment,Autism,substantive_core_overall,Overall,context,linear_fit,,,0.1120604387154225
2023.5,,,,Sentiment,Autism,substantive_core_overall,Overall,context,linear_fit,,,0.11211748977714975
2023.6,,,,Sentiment,Autism,substantive_core_overall,Overall,context,linear_fit,,,0.11217454083887701
2023.7,,,,Sentiment,Autism,substantive_core_overall,Overall,context,linear_fit,,,0.1122315919006044
2023.8,,,,Sentiment,Autism,substantive_core_overall,Overall,context,linear_fit,,,0.11228864296233165
2023.9,,,,Sentiment,Autism,substantive_core_overall,Overall,context,linear_fit,,,0.11234569402405904
2024.0,,,,Sentiment,Autism,substantive_core_overall,Overall,context,linear_fit,,,0.11240274508578631
2024.1,,,,Sentiment,Autism,substantive_core_overall,Overall,context,linear_fit,,,0.11245979614751356
2024.2,,,,Sentiment,Autism,substantive_core_overall,Overall,context,linear_fit,,,0.11251684720924095
2024.3,,,,Sentiment,Autism,substantive_core_overall,Overall,context,linear_fit,,,0.11257389827096821
2024.4,,,,Sentiment,Autism,substantive_core_overall,Overall,context,linear_fit,,,0.1126309493326956
2024.5,,,,Sentiment,Autism,substantive_core_overall,Overall,context,linear_fit,,,0.11268800039442285
2024.6,,,,Sentiment,Autism,substantive_core_overall,Overall,context,linear_fit,,,0.11274505145615012
2024.7,,,,Sentiment,Autism,substantive_core_overall,Overall,context,linear_fit,,,0.1128021025178775
2024.8,,,,Sentiment,Autism,substantive_core_overall,Overall,context,linear_fit,,,0.11285915357960476
2024.9,,,,Sentiment,Autism,substantive_core_overall,Overall,context,linear_fit,,,0.11291620464133215
2025.0,,,,Sentiment,Autism,substantive_core_overall,Overall,context,linear_fit,,,0.11297325570305941
2025.1,,,,Sentiment,Autism,substantive_core_overall,Overall,context,linear_fit,,,0.11303030676478666
2025.2,,,,Sentiment,Autism,substantive_core_overall,Overall,context,linear_fit,,,0.11308735782651405
2025.3,,,,Sentiment,Autism,substantive_core_overall,Overall,context,linear_fit,,,0.11314440888824132
2025.4,,,,Sentiment,Autism,substantive_core_overall,Overall,context,linear_fit,,,0.11320145994996869
2025.5,,,,Sentiment,Autism,substantive_core_overall,Overall,context,linear_fit,,,0.11325851101169596
2025.6,,,,Sentiment,Autism,substantive_core_overall,Overall,context,linear_fit,,,0.11331556207342322
2025.7,,,,Sentiment,Autism,substantive_core_overall,Overall,context,linear_fit,,,0.1133726131351506
2025.8,,,,Sentiment,Autism,substantive_core_overall,Overall,context,linear_fit,,,0.11342966419687786
2025.9,,,,Sentiment,Autism,substantive_core_overall,Overall,context,linear_fit,,,0.11348671525860525
2026.0,,,,Sentiment,Autism,substantive_core_overall,Overall,context,linear_fit,,,0.1135437663203325
2014.0,,,,Sentiment,Autism,substantive_core_overall,Overall,context,quadratic_fit,,,0.10984750099926995
2014.1,,,,Sentiment,Autism,substantive_core_overall,Overall,context,quadratic_fit,,,0.109734173157243
2014.2,,,,Sentiment,Autism,substantive_core_overall,Overall,context,quadratic_fit,,,0.1096237088262033
2014.3,,,,Sentiment,Autism,substantive_core_overall,Overall,context,quadratic_fit,,,0.1095161080061513
2014.4,,,,Sentiment,Autism,substantive_core_overall,Overall,context,quadratic_fit,,,0.10941137069708654
2014.5,,,,Sentiment,Autism,substantive_core_overall,Overall,context,quadratic_fit,,,0.10930949689900948
2014.6,,,,Sentiment,Autism,substantive_core_overall,Overall,context,quadratic_fit,,,0.10921048661191987
2014.7,,,,Sentiment,Autism,substantive_core_overall,Overall,context,quadratic_fit,,,0.10911433983581752
2014.8,,,,Sentiment,Autism,substantive_core_overall,Overall,context,quadratic_fit,,,0.10902105657070287
2014.9,,,,Sentiment,Autism,substantive_core_overall,Overall,context,quadratic_fit,,,0.10893063681657546
2015.0,,,,Sentiment,Autism,substantive_core_overall,Overall,context,quadratic_fit,,,0.10884308057343572
2015.1,,,,Sentiment,Autism,substantive_core_overall,Overall,context,quadratic_fit,,,0.10875838784128344
2015.2,,,,Sentiment,Autism,substantive_core_overall,Overall,context,quadratic_fit,,,0.10867655862011845
2015.3,,,,Sentiment,Autism,substantive_core_overall,Overall,context,quadratic_fit,,,0.10859759290994112
2015.4,,,,Sentiment,Autism,substantive_core_overall,Overall,context,quadratic_fit,,,0.10852149071075107
2015.5,,,,Sentiment,Autism,substantive_core_overall,Overall,context,quadratic_fit,,,0.10844825202254864
2015.6,,,,Sentiment,Autism,substantive_core_overall,Overall,context,quadratic_fit,,,0.1083778768453337
2015.7,,,,Sentiment,Autism,substantive_core_overall,Overall,context,quadratic_fit,,,0.10831036517910607
2015.8,,,,Sentiment,Autism,substantive_core_overall,Overall,context,quadratic_fit,,,0.10824571702386605
2015.9,,,,Sentiment,Autism,substantive_core_overall,Overall,context,quadratic_fit,,,0.10818393237961337
2016.0,,,,Sentiment,Autism,substantive_core_overall,Overall,context,quadratic_fit,,,0.10812501124634828
2016.1,,,,Sentiment,Autism,substantive_core_overall,Overall,context,quadratic_fit,,,0.10806895362407067
2016.2,,,,Sentiment,Autism,substantive_core_overall,Overall,context,quadratic_fit,,,0.10801575951278039
2016.3,,,,Sentiment,Autism,substantive_core_overall,Overall,context,quadratic_fit,,,0.1079654289124777
2016.4,,,,Sentiment,Autism,substantive_core_overall,Overall,context,quadratic_fit,,,0.10791796182316238
2016.5,,,,Sentiment,Autism,substantive_core_overall,Overall,context,quadratic_fit,,,0.10787335824483461
2016.6,,,,Sentiment,Autism,substantive_core_overall,Overall,context,quadratic_fit,,,0.10783161817749431
2016.7,,,,Sentiment,Autism,substantive_core_overall,Overall,context,quadratic_fit,,,0.1077927416211414
2016.8,,,,Sentiment,Autism,substantive_core_overall,Overall,context,quadratic_fit,,,0.10775672857577605
2016.9,,,,Sentiment,Autism,substantive_core_overall,Overall,context,quadratic_fit,,,0.10772357904139808
2017.0,,,,Sentiment,Autism,substantive_core_overall,Overall,context,quadratic_fit,,,0.10769329301800763
2017.1,,,,Sentiment,Autism,substantive_core_overall,Overall,context,quadratic_fit,,,0.10766587050560467
2017.2,,,,Sentiment,Autism,substantive_core_overall,Overall,context,quadratic_fit,,,0.10764131150418911
2017.3,,,,Sentiment,Autism,substantive_core_overall,Overall,context,quadratic_fit,,,0.10761961601376109
2017.4,,,,Sentiment,Autism,substantive_core_overall,Overall,context,quadratic_fit,,,0.10760078403432047
2017.5,,,,Sentiment,Autism,substantive_core_overall,Overall,context,quadratic_fit,,,0.10758481556586735
2017.6,,,,Sentiment,Autism,substantive_core_overall,Overall,context,quadratic_fit,,,0.10757171060840172
2017.7,,,,Sentiment,Autism,substantive_core_overall,Overall,context,quadratic_fit,,,0.10756146916192352
2017.8,,,,Sentiment,Autism,substantive_core_overall,Overall,context,quadratic_fit,,,0.10755409122643282
2017.9,,,,Sentiment,Autism,substantive_core_overall,Overall,context,quadratic_fit,,,0.10754957680192957
2018.0,,,,Sentiment,Autism,substantive_core_overall,Overall,context,quadratic_fit,,,0.10754792588841378
2018.1,,,,Sentiment,Autism,substantive_core_overall,Overall,context,quadratic_fit,,,0.10754913848588547
2018.2,,,,Sentiment,Autism,substantive_core_overall,Overall,context,quadratic_fit,,,0.10755321459434464
2018.3,,,,Sentiment,Autism,substantive_core_overall,Overall,context,quadratic_fit,,,0.10756015421379125
2018.4,,,,Sentiment,Autism,substantive_core_overall,Overall,context,quadratic_fit,,,0.10756995734422535
2018.5,,,,Sentiment,Autism,substantive_core_overall,Overall,context,quadratic_fit,,,0.1075826239856469
2018.6,,,,Sentiment,Autism,substantive_core_overall,Overall,context,quadratic_fit,,,0.10759815413805592
2018.7,,,,Sentiment,Autism,substantive_core_overall,Overall,context,quadratic_fit,,,0.10761654780145244
2018.8,,,,Sentiment,Autism,substantive_core_overall,Overall,context,quadratic_fit,,,0.10763780497583637
2018.9,,,,Sentiment,Autism,substantive_core_overall,Overall,context,quadratic_fit,,,0.10766192566120783
2019.0,,,,Sentiment,Autism,substantive_core_overall,Overall,context,quadratic_fit,,,0.10768890985756671
2019.1,,,,Sentiment,Autism,substantive_core_overall,Overall,context,quadratic_fit,,,0.10771875756491306
2019.2,,,,Sentiment,Autism,substantive_core_overall,Overall,context,quadratic_fit,,,0.10775146878324694
2019.3,,,,Sentiment,Autism,substantive_core_overall,Overall,context,quadratic_fit,,,0.1077870435125682
2019.4,,,,Sentiment,Autism,substantive_core_overall,Overall,context,quadratic_fit,,,0.10782548175287703
2019.5,,,,Sentiment,Autism,substantive_core_overall,Overall,context,quadratic_fit,,,0.10786678350417322
2019.6,,,,Sentiment,Autism,substantive_core_overall,Overall,context,quadratic_fit,,,0.1079109487664569
2019.7,,,,Sentiment,Autism,substantive_core_overall,Overall,context,quadratic_fit,,,0.10795797753972813
2019.8,,,,Sentiment,Autism,substantive_core_overall,Overall,context,quadratic_fit,,,0.10800786982398672
2019.9,,,,Sentiment,Autism,substantive_core_overall,Overall,context,quadratic_fit,,,0.10806062561923291
2020.0,,,,Sentiment,Autism,substantive_core_overall,Overall,context,quadratic_fit,,,0.10811624492546644
2020.1,,,,Sentiment,Autism,substantive_core_overall,Overall,context,quadratic_fit,,,0.10817472774268744
2020.2,,,,Sentiment,Autism,substantive_core_overall,Overall,context,quadratic_fit,,,0.10823607407089603
2020.3,,,,Sentiment,Autism,substantive_core_overall,Overall,context,quadratic_fit,,,0.10830028391009194
2020.4,,,,Sentiment,Autism,substantive_core_overall,Overall,context,quadratic_fit,,,0.1083673572602755
2020.5,,,,Sentiment,Autism,substantive_core_overall,Overall,context,quadratic_fit,,,0.10843729412144634
2020.6,,,,Sentiment,Autism,substantive_core_overall,Overall,context,quadratic_fit,,,0.10851009449360467
2020.7,,,,Sentiment,Autism,substantive_core_overall,Overall,context,quadratic_fit,,,0.10858575837675062
2020.8,,,,Sentiment,Autism,substantive_core_overall,Overall,context,quadratic_fit,,,0.10866428577088387
2020.9,,,,Sentiment,Autism,substantive_core_overall,Overall,context,quadratic_fit,,,0.10874567667600477
2021.0,,,,Sentiment,Autism,substantive_core_overall,Overall,context,quadratic_fit,,,0.10882993109211295
2021.1,,,,Sentiment,Autism,substantive_core_overall,Overall,context,quadratic_fit,,,0.1089170490192086
2021.2,,,,Sentiment,Autism,substantive_core_overall,Overall,context,quadratic_fit,,,0.10900703045729192
2021.3,,,,Sentiment,Autism,substantive_core_overall,Overall,context,quadratic_fit,,,0.10909987540636248
2021.4,,,,Sentiment,Autism,substantive_core_overall,Overall,context,quadratic_fit,,,0.10919558386642074
2021.5,,,,Sentiment,Autism,substantive_core_overall,Overall,context,quadratic_fit,,,0.10929415583746625
2021.6,,,,Sentiment,Autism,substantive_core_overall,Overall,context,quadratic_fit,,,0.10939559131949923
2021.7,,,,Sentiment,Autism,substantive_core_overall,Overall,context,quadratic_fit,,,0.10949989031251989
2021.8,,,,Sentiment,Autism,substantive_core_overall,Overall,context,quadratic_fit,,,0.1096070528165278
2021.9,,,,Sentiment,Autism,substantive_core_overall,Overall,context,quadratic_fit,,,0.10971707883152342
2022.0,,,,Sentiment,Autism,substantive_core_overall,Overall,context,quadratic_fit,,,0.10982996835750625
2022.1,,,,Sentiment,Autism,substantive_core_overall,Overall,context,quadratic_fit,,,0.10994572139447654
2022.2,,,,Sentiment,Autism,substantive_core_overall,Overall,context,quadratic_fit,,,0.11006433794243457
2022.3,,,,Sentiment,Autism,substantive_core_overall,Overall,context,quadratic_fit,,,0.1101858180013798
2022.4,,,,Sentiment,Autism,substantive_core_overall,Overall,context,quadratic_fit,,,0.11031016157131278
2022.5,,,,Sentiment,Autism,substantive_core_overall,Overall,context,quadratic_fit,,,0.11043736865223294
2022.6,,,,Sentiment,Autism,substantive_core_overall,Overall,context,quadratic_fit,,,0.11056743924414056
2022.7,,,,Sentiment,Autism,substantive_core_overall,Overall,context,quadratic_fit,,,0.11070037334703596
2022.8,,,,Sentiment,Autism,substantive_core_overall,Overall,context,quadratic_fit,,,0.11083617096091851
2022.9,,,,Sentiment,Autism,substantive_core_overall,Overall,context,quadratic_fit,,,0.11097483208578884
2023.0,,,,Sentiment,Autism,substantive_core_overall,Overall,context,quadratic_fit,,,0.11111635672164634
2023.1,,,,Sentiment,Autism,substantive_core_overall,Overall,context,quadratic_fit,,,0.11126074486849129
2023.2,,,,Sentiment,Autism,substantive_core_overall,Overall,context,quadratic_fit,,,0.11140799652632404
2023.3,,,,Sentiment,Autism,substantive_core_overall,Overall,context,quadratic_fit,,,0.11155811169514392
2023.4,,,,Sentiment,Autism,substantive_core_overall,Overall,context,quadratic_fit,,,0.11171109037495161
2023.5,,,,Sentiment,Autism,substantive_core_overall,Overall,context,quadratic_fit,,,0.11186693256574644
2023.6,,,,Sentiment,Autism,substantive_core_overall,Overall,context,quadratic_fit,,,0.1120256382675287
2023.7,,,,Sentiment,Autism,substantive_core_overall,Overall,context,quadratic_fit,,,0.11218720748029881
2023.8,,,,Sentiment,Autism,substantive_core_overall,Overall,context,quadratic_fit,,,0.11235164020405602
2023.9,,,,Sentiment,Autism,substantive_core_overall,Overall,context,quadratic_fit,,,0.11251893643880108
2024.0,,,,Sentiment,Autism,substantive_core_overall,Overall,context,quadratic_fit,,,0.11268909618453322
2024.1,,,,Sentiment,Autism,substantive_core_overall,Overall,context,quadratic_fit,,,0.11286211944125281
2024.2,,,,Sentiment,Autism,substantive_core_overall,Overall,context,quadratic_fit,,,0.11303800620896028
2024.3,,,,Sentiment,Autism,substantive_core_overall,Overall,context,quadratic_fit,,,0.11321675648765482
2024.4,,,,Sentiment,Autism,substantive_core_overall,Overall,context,quadratic_fit,,,0.11339837027733723
2024.5,,,,Sentiment,Autism,substantive_core_overall,Overall,context,quadratic_fit,,,0.1135828475780067
2024.6,,,,Sentiment,Autism,substantive_core_overall,Overall,context,quadratic_fit,,,0.11377018838966363
2024.7,,,,Sentiment,Autism,substantive_core_overall,Overall,context,quadratic_fit,,,0.11396039271230846
2024.8,,,,Sentiment,Autism,substantive_core_overall,Overall,context,quadratic_fit,,,0.11415346054594032
2024.9,,,,Sentiment,Autism,substantive_core_overall,Overall,context,quadratic_fit,,,0.11434939189056009
2025.0,,,,Sentiment,Autism,substantive_core_overall,Overall,context,quadratic_fit,,,0.11454818674616687
2025.1,,,,Sentiment,Autism,substantive_core_overall,Overall,context,quadratic_fit,,,0.11474984511276114
2025.2,,,,Sentiment,Autism,substantive_core_overall,Overall,context,quadratic_fit,,,0.11495436699034332
2025.3,,,,Sentiment,Autism,substantive_core_overall,Overall,context,quadratic_fit,,,0.1151617523789125
2025.4,,,,Sentiment,Autism,substantive_core_overall,Overall,context,quadratic_fit,,,0.11537200127846964
2025.5,,,,Sentiment,Autism,substantive_core_overall,Overall,context,quadratic_fit,,,0.11558511368901375
2025.6,,,,Sentiment,Autism,substantive_core_overall,Overall,context,quadratic_fit,,,0.11580108961054533
2025.7,,,,Sentiment,Autism,substantive_core_overall,Overall,context,quadratic_fit,,,0.11601992904306488
2025.8,,,,Sentiment,Autism,substantive_core_overall,Overall,context,quadratic_fit,,,0.1162416319865714
2025.9,,,,Sentiment,Autism,substantive_core_overall,Overall,context,quadratic_fit,,,0.11646619844106589
2026.0,,,,Sentiment,Autism,substantive_core_overall,Overall,context,quadratic_fit,,,0.11669362840654733
2014.0,,,,Sentiment,Autism,clinical_only,Clinical,flagged,linear_fit,,,0.0639859965547491
2014.1,,,,Sentiment,Autism,clinical_only,Clinical,flagged,linear_fit,,,0.06410143798762213
2014.2,,,,Sentiment,Autism,clinical_only,Clinical,flagged,linear_fit,,,0.06421687942049543
2014.3,,,,Sentiment,Autism,clinical_only,Clinical,flagged,linear_fit,,,0.06433232085336847
2014.4,,,,Sentiment,Autism,clinical_only,Clinical,flagged,linear_fit,,,0.06444776228624176
2014.5,,,,Sentiment,Autism,clinical_only,Clinical,flagged,linear_fit,,,0.0645632037191148
2014.6,,,,Sentiment,Autism,clinical_only,Clinical,flagged,linear_fit,,,0.06467864515198783
2014.7,,,,Sentiment,Autism,clinical_only,Clinical,flagged,linear_fit,,,0.06479408658486113
2014.8,,,,Sentiment,Autism,clinical_only,Clinical,flagged,linear_fit,,,0.06490952801773417
2014.9,,,,Sentiment,Autism,clinical_only,Clinical,flagged,linear_fit,,,0.06502496945060747
2015.0,,,,Sentiment,Autism,clinical_only,Clinical,flagged,linear_fit,,,0.06514041088348049
2015.1,,,,Sentiment,Autism,clinical_only,Clinical,flagged,linear_fit,,,0.06525585231635353
2015.2,,,,Sentiment,Autism,clinical_only,Clinical,flagged,linear_fit,,,0.06537129374922683
2015.3,,,,Sentiment,Autism,clinical_only,Clinical,flagged,linear_fit,,,0.06548673518209987
2015.4,,,,Sentiment,Autism,clinical_only,Clinical,flagged,linear_fit,,,0.06560217661497317
2015.5,,,,Sentiment,Autism,clinical_only,Clinical,flagged,linear_fit,,,0.0657176180478462
2015.6,,,,Sentiment,Autism,clinical_only,Clinical,flagged,linear_fit,,,0.06583305948071923
2015.7,,,,Sentiment,Autism,clinical_only,Clinical,flagged,linear_fit,,,0.06594850091359253
2015.8,,,,Sentiment,Autism,clinical_only,Clinical,flagged,linear_fit,,,0.06606394234646557
2015.9,,,,Sentiment,Autism,clinical_only,Clinical,flagged,linear_fit,,,0.06617938377933887
2016.0,,,,Sentiment,Autism,clinical_only,Clinical,flagged,linear_fit,,,0.0662948252122119
2016.1,,,,Sentiment,Autism,clinical_only,Clinical,flagged,linear_fit,,,0.06641026664508494
2016.2,,,,Sentiment,Autism,clinical_only,Clinical,flagged,linear_fit,,,0.06652570807795823
2016.3,,,,Sentiment,Autism,clinical_only,Clinical,flagged,linear_fit,,,0.06664114951083126
2016.4,,,,Sentiment,Autism,clinical_only,Clinical,flagged,linear_fit,,,0.06675659094370456
2016.5,,,,Sentiment,Autism,clinical_only,Clinical,flagged,linear_fit,,,0.0668720323765776
2016.6,,,,Sentiment,Autism,clinical_only,Clinical,flagged,linear_fit,,,0.06698747380945064
2016.7,,,,Sentiment,Autism,clinical_only,Clinical,flagged,linear_fit,,,0.06710291524232394
2016.8,,,,Sentiment,Autism,clinical_only,Clinical,flagged,linear_fit,,,0.06721835667519696
2016.9,,,,Sentiment,Autism,clinical_only,Clinical,flagged,linear_fit,,,0.06733379810807026
2017.0,,,,Sentiment,Autism,clinical_only,Clinical,flagged,linear_fit,,,0.0674492395409433
2017.1,,,,Sentiment,Autism,clinical_only,Clinical,flagged,linear_fit,,,0.06756468097381634
2017.2,,,,Sentiment,Autism,clinical_only,Clinical,flagged,linear_fit,,,0.06768012240668964
2017.3,,,,Sentiment,Autism,clinical_only,Clinical,flagged,linear_fit,,,0.06779556383956267
2017.4,,,,Sentiment,Autism,clinical_only,Clinical,flagged,linear_fit,,,0.06791100527243596
2017.5,,,,Sentiment,Autism,clinical_only,Clinical,flagged,linear_fit,,,0.068026446705309
2017.6,,,,Sentiment,Autism,clinical_only,Clinical,flagged,linear_fit,,,0.06814188813818203
2017.7,,,,Sentiment,Autism,clinical_only,Clinical,flagged,linear_fit,,,0.06825732957105533
2017.8,,,,Sentiment,Autism,clinical_only,Clinical,flagged,linear_fit,,,0.06837277100392837
2017.9,,,,Sentiment,Autism,clinical_only,Clinical,flagged,linear_fit,,,0.06848821243680167
2018.0,,,,Sentiment,Autism,clinical_only,Clinical,flagged,linear_fit,,,0.0686036538696747
2018.1,,,,Sentiment,Autism,clinical_only,Clinical,flagged,linear_fit,,,0.06871909530254773
2018.2,,,,Sentiment,Autism,clinical_only,Clinical,flagged,linear_fit,,,0.06883453673542103
2018.3,,,,Sentiment,Autism,clinical_only,Clinical,flagged,linear_fit,,,0.06894997816829407
2018.4,,,,Sentiment,Autism,clinical_only,Clinical,flagged,linear_fit,,,0.06906541960116737
2018.5,,,,Sentiment,Autism,clinical_only,Clinical,flagged,linear_fit,,,0.0691808610340404
2018.6,,,,Sentiment,Autism,clinical_only,Clinical,flagged,linear_fit,,,0.06929630246691343
2018.7,,,,Sentiment,Autism,clinical_only,Clinical,flagged,linear_fit,,,0.06941174389978673
2018.8,,,,Sentiment,Autism,clinical_only,Clinical,flagged,linear_fit,,,0.06952718533265977
2018.9,,,,Sentiment,Autism,clinical_only,Clinical,flagged,linear_fit,,,0.06964262676553307
2019.0,,,,Sentiment,Autism,clinical_only,Clinical,flagged,linear_fit,,,0.0697580681984061
2019.1,,,,Sentiment,Autism,clinical_only,Clinical,flagged,linear_fit,,,0.06987350963127914
2019.2,,,,Sentiment,Autism,clinical_only,Clinical,flagged,linear_fit,,,0.06998895106415243
2019.3,,,,Sentiment,Autism,clinical_only,Clinical,flagged,linear_fit,,,0.07010439249702546
2019.4,,,,Sentiment,Autism,clinical_only,Clinical,flagged,linear_fit,,,0.07021983392989876
2019.5,,,,Sentiment,Autism,clinical_only,Clinical,flagged,linear_fit,,,0.0703352753627718
2019.6,,,,Sentiment,Autism,clinical_only,Clinical,flagged,linear_fit,,,0.07045071679564484
2019.7,,,,Sentiment,Autism,clinical_only,Clinical,flagged,linear_fit,,,0.07056615822851812
2019.8,,,,Sentiment,Autism,clinical_only,Clinical,flagged,linear_fit,,,0.07068159966139116
2019.9,,,,Sentiment,Autism,clinical_only,Clinical,flagged,linear_fit,,,0.07079704109426446
2020.0,,,,Sentiment,Autism,clinical_only,Clinical,flagged,linear_fit,,,0.0709124825271375
2020.1,,,,Sentiment,Autism,clinical_only,Clinical,flagged,linear_fit,,,0.07102792396001054
2020.2,,,,Sentiment,Autism,clinical_only,Clinical,flagged,linear_fit,,,0.07114336539288384
2020.3,,,,Sentiment,Autism,clinical_only,Clinical,flagged,linear_fit,,,0.07125880682575687
2020.4,,,,Sentiment,Autism,clinical_only,Clinical,flagged,linear_fit,,,0.07137424825863016
2020.5,,,,Sentiment,Autism,clinical_only,Clinical,flagged,linear_fit,,,0.0714896896915032
2020.6,,,,Sentiment,Autism,clinical_only,Clinical,flagged,linear_fit,,,0.07160513112437623
2020.7,,,,Sentiment,Autism,clinical_only,Clinical,flagged,linear_fit,,,0.07172057255724953
2020.8,,,,Sentiment,Autism,clinical_only,Clinical,flagged,linear_fit,,,0.07183601399012257
2020.9,,,,Sentiment,Autism,clinical_only,Clinical,flagged,linear_fit,,,0.07195145542299586
2021.0,,,,Sentiment,Autism,clinical_only,Clinical,flagged,linear_fit,,,0.0720668968558689
2021.1,,,,Sentiment,Autism,clinical_only,Clinical,flagged,linear_fit,,,0.07218233828874193
2021.2,,,,Sentiment,Autism,clinical_only,Clinical,flagged,linear_fit,,,0.07229777972161523
2021.3,,,,Sentiment,Autism,clinical_only,Clinical,flagged,linear_fit,,,0.07241322115448827
2021.4,,,,Sentiment,Autism,clinical_only,Clinical,flagged,linear_fit,,,0.07252866258736157
2021.5,,,,Sentiment,Autism,clinical_only,Clinical,flagged,linear_fit,,,0.07264410402023459
2021.6,,,,Sentiment,Autism,clinical_only,Clinical,flagged,linear_fit,,,0.07275954545310763
2021.7,,,,Sentiment,Autism,clinical_only,Clinical,flagged,linear_fit,,,0.07287498688598093
2021.8,,,,Sentiment,Autism,clinical_only,Clinical,flagged,linear_fit,,,0.07299042831885397
2021.9,,,,Sentiment,Autism,clinical_only,Clinical,flagged,linear_fit,,,0.07310586975172727
2022.0,,,,Sentiment,Autism,clinical_only,Clinical,flagged,linear_fit,,,0.0732213111846003
2022.1,,,,Sentiment,Autism,clinical_only,Clinical,flagged,linear_fit,,,0.07333675261747333
2022.2,,,,Sentiment,Autism,clinical_only,Clinical,flagged,linear_fit,,,0.07345219405034663
2022.3,,,,Sentiment,Autism,clinical_only,Clinical,flagged,linear_fit,,,0.07356763548321966
2022.4,,,,Sentiment,Autism,clinical_only,Clinical,flagged,linear_fit,,,0.07368307691609297
2022.5,,,,Sentiment,Autism,clinical_only,Clinical,flagged,linear_fit,,,0.073798518348966
2022.6,,,,Sentiment,Autism,clinical_only,Clinical,flagged,linear_fit,,,0.07391395978183904
2022.7,,,,Sentiment,Autism,clinical_only,Clinical,flagged,linear_fit,,,0.07402940121471233
2022.8,,,,Sentiment,Autism,clinical_only,Clinical,flagged,linear_fit,,,0.07414484264758536
2022.9,,,,Sentiment,Autism,clinical_only,Clinical,flagged,linear_fit,,,0.07426028408045866
2023.0,,,,Sentiment,Autism,clinical_only,Clinical,flagged,linear_fit,,,0.0743757255133317
2023.1,,,,Sentiment,Autism,clinical_only,Clinical,flagged,linear_fit,,,0.07449116694620474
2023.2,,,,Sentiment,Autism,clinical_only,Clinical,flagged,linear_fit,,,0.07460660837907804
2023.3,,,,Sentiment,Autism,clinical_only,Clinical,flagged,linear_fit,,,0.07472204981195106
2023.4,,,,Sentiment,Autism,clinical_only,Clinical,flagged,linear_fit,,,0.07483749124482436
2023.5,,,,Sentiment,Autism,clinical_only,Clinical,flagged,linear_fit,,,0.0749529326776974
2023.6,,,,Sentiment,Autism,clinical_only,Clinical,flagged,linear_fit,,,0.07506837411057043
2023.7,,,,Sentiment,Autism,clinical_only,Clinical,flagged,linear_fit,,,0.07518381554344374
2023.8,,,,Sentiment,Autism,clinical_only,Clinical,flagged,linear_fit,,,0.07529925697631677
2023.9,,,,Sentiment,Autism,clinical_only,Clinical,flagged,linear_fit,,,0.07541469840919006
2024.0,,,,Sentiment,Autism,clinical_only,Clinical,flagged,linear_fit,,,0.0755301398420631
2024.1,,,,Sentiment,Autism,clinical_only,Clinical,flagged,linear_fit,,,0.07564558127493613
2024.2,,,,Sentiment,Autism,clinical_only,Clinical,flagged,linear_fit,,,0.07576102270780943
2024.3,,,,Sentiment,Autism,clinical_only,Clinical,flagged,linear_fit,,,0.07587646414068247
2024.4,,,,Sentiment,Autism,clinical_only,Clinical,flagged,linear_fit,,,0.07599190557355577
2024.5,,,,Sentiment,Autism,clinical_only,Clinical,flagged,linear_fit,,,0.0761073470064288
2024.6,,,,Sentiment,Autism,clinical_only,Clinical,flagged,linear_fit,,,0.07622278843930183
2024.7,,,,Sentiment,Autism,clinical_only,Clinical,flagged,linear_fit,,,0.07633822987217513
2024.8,,,,Sentiment,Autism,clinical_only,Clinical,flagged,linear_fit,,,0.07645367130504817
2024.9,,,,Sentiment,Autism,clinical_only,Clinical,flagged,linear_fit,,,0.07656911273792147
2025.0,,,,Sentiment,Autism,clinical_only,Clinical,flagged,linear_fit,,,0.0766845541707945
2025.1,,,,Sentiment,Autism,clinical_only,Clinical,flagged,linear_fit,,,0.07679999560366753
2025.2,,,,Sentiment,Autism,clinical_only,Clinical,flagged,linear_fit,,,0.07691543703654083
2025.3,,,,Sentiment,Autism,clinical_only,Clinical,flagged,linear_fit,,,0.07703087846941387
2025.4,,,,Sentiment,Autism,clinical_only,Clinical,flagged,linear_fit,,,0.07714631990228717
2025.5,,,,Sentiment,Autism,clinical_only,Clinical,flagged,linear_fit,,,0.0772617613351602
2025.6,,,,Sentiment,Autism,clinical_only,Clinical,flagged,linear_fit,,,0.07737720276803324
2025.7,,,,Sentiment,Autism,clinical_only,Clinical,flagged,linear_fit,,,0.07749264420090653
2025.8,,,,Sentiment,Autism,clinical_only,Clinical,flagged,linear_fit,,,0.07760808563377956
2025.9,,,,Sentiment,Autism,clinical_only,Clinical,flagged,linear_fit,,,0.07772352706665286
2026.0,,,,Sentiment,Autism,clinical_only,Clinical,flagged,linear_fit,,,0.0778389684995259
2014.0,,,,Sentiment,Autism,clinical_only,Clinical,flagged,quadratic_fit,,,0.08027834928439781
2014.1,,,,Sentiment,Autism,clinical_only,Clinical,flagged,quadratic_fit,,,0.07951252254689517
2014.2,,,,Sentiment,Autism,clinical_only,Clinical,flagged,quadratic_fit,,,0.07876150703914504
2014.3,,,,Sentiment,Autism,clinical_only,Clinical,flagged,quadratic_fit,,,0.07802530276115084
2014.4,,,,Sentiment,Autism,clinical_only,Clinical,flagged,quadratic_fit,,,0.07730390971290921
2014.5,,,,Sentiment,Autism,clinical_only,Clinical,flagged,quadratic_fit,,,0.07659732789442344
2014.6,,,,Sentiment,Autism,clinical_only,Clinical,flagged,quadratic_fit,,,0.07590555730569187
2014.7,,,,Sentiment,Autism,clinical_only,Clinical,flagged,quadratic_fit,,,0.07522859794671298
2014.8,,,,Sentiment,Autism,clinical_only,Clinical,flagged,quadratic_fit,,,0.07456644981748983
2014.9,,,,Sentiment,Autism,clinical_only,Clinical,flagged,quadratic_fit,,,0.07391911291801945
2015.0,,,,Sentiment,Autism,clinical_only,Clinical,flagged,quadratic_fit,,,0.07328658724830474
2015.1,,,,Sentiment,Autism,clinical_only,Clinical,flagged,quadratic_fit,,,0.07266887280834423
2015.2,,,,Sentiment,Autism,clinical_only,Clinical,flagged,quadratic_fit,,,0.07206596959813658
2015.3,,,,Sentiment,Autism,clinical_only,Clinical,flagged,quadratic_fit,,,0.07147787761768451
2015.4,,,,Sentiment,Autism,clinical_only,Clinical,flagged,quadratic_fit,,,0.07090459686698534
2015.5,,,,Sentiment,Autism,clinical_only,Clinical,flagged,quadratic_fit,,,0.0703461273460417
2015.6,,,,Sentiment,Autism,clinical_only,Clinical,flagged,quadratic_fit,,,0.06980246905485225
2015.7,,,,Sentiment,Autism,clinical_only,Clinical,flagged,quadratic_fit,,,0.06927362199341583
2015.8,,,,Sentiment,Autism,clinical_only,Clinical,flagged,quadratic_fit,,,0.06875958616173482
2015.9,,,,Sentiment,Autism,clinical_only,Clinical,flagged,quadratic_fit,,,0.06826036155980689
2016.0,,,,Sentiment,Autism,clinical_only,Clinical,flagged,quadratic_fit,,,0.06777594818763433
2016.1,,,,Sentiment,Autism,clinical_only,Clinical,flagged,quadratic_fit,,,0.06730634604521595
2016.2,,,,Sentiment,Autism,clinical_only,Clinical,flagged,quadratic_fit,,,0.06685155513255076
2016.3,,,,Sentiment,Autism,clinical_only,Clinical,flagged,quadratic_fit,,,0.0664115754496408
2016.4,,,,Sentiment,Autism,clinical_only,Clinical,flagged,quadratic_fit,,,0.06598640699648411
2016.5,,,,Sentiment,Autism,clinical_only,Clinical,flagged,quadratic_fit,,,0.0655760497730826
2016.6,,,,Sentiment,Autism,clinical_only,Clinical,flagged,quadratic_fit,,,0.0651805037794353
2016.7,,,,Sentiment,Autism,clinical_only,Clinical,flagged,quadratic_fit,,,0.06479976901554133
2016.8,,,,Sentiment,Autism,clinical_only,Clinical,flagged,quadratic_fit,,,0.06443384548140245
2016.9,,,,Sentiment,Autism,clinical_only,Clinical,flagged,quadratic_fit,,,0.06408273317701699
2017.0,,,,Sentiment,Autism,clinical_only,Clinical,flagged,quadratic_fit,,,0.06374643210238654
2017.1,,,,Sentiment,Autism,clinical_only,Clinical,flagged,quadratic_fit,,,0.06342494225751029
2017.2,,,,Sentiment,Autism,clinical_only,Clinical,flagged,quadratic_fit,,,0.06311826364238757
2017.3,,,,Sentiment,Autism,clinical_only,Clinical,flagged,quadratic_fit,,,0.06282639625701975
2017.4,,,,Sentiment,Autism,clinical_only,Clinical,flagged,quadratic_fit,,,0.06254934010140552
2017.5,,,,Sentiment,Autism,clinical_only,Clinical,flagged,quadratic_fit,,,0.062287095175546134
2017.6,,,,Sentiment,Autism,clinical_only,Clinical,flagged,quadratic_fit,,,0.062039661479440955
2017.7,,,,Sentiment,Autism,clinical_only,Clinical,flagged,quadratic_fit,,,0.061807039013089454
2017.8,,,,Sentiment,Autism,clinical_only,Clinical,flagged,quadratic_fit,,,0.06158922777649271
2017.9,,,,Sentiment,Autism,clinical_only,Clinical,flagged,quadratic_fit,,,0.061386227769649714
2018.0,,,,Sentiment,Autism,clinical_only,Clinical,flagged,quadratic_fit,,,0.06119803899256139
2018.1,,,,Sentiment,Autism,clinical_only,Clinical,flagged,quadratic_fit,,,0.06102466144522727
2018.2,,,,Sentiment,Autism,clinical_only,Clinical,flagged,quadratic_fit,,,0.06086609512764701
2018.3,,,,Sentiment,Autism,clinical_only,Clinical,flagged,quadratic_fit,,,0.060722340039821326
2018.4,,,,Sentiment,Autism,clinical_only,Clinical,flagged,quadratic_fit,,,0.06059339618174956
2018.5,,,,Sentiment,Autism,clinical_only,Clinical,flagged,quadratic_fit,,,0.06047926355343231
2018.6,,,,Sentiment,Autism,clinical_only,Clinical,flagged,quadratic_fit,,,0.060379942154869255
2018.7,,,,Sentiment,Autism,clinical_only,Clinical,flagged,quadratic_fit,,,0.06029543198606023
2018.8,,,,Sentiment,Autism,clinical_only,Clinical,flagged,quadratic_fit,,,0.060225733047005604
2018.9,,,,Sentiment,Autism,clinical_only,Clinical,flagged,quadratic_fit,,,0.06017084533770508
2019.0,,,,Sentiment,Autism,clinical_only,Clinical,flagged,quadratic_fit,,,0.06013076885815889
2019.1,,,,Sentiment,Autism,clinical_only,Clinical,flagged,quadratic_fit,,,0.0601055036083669
2019.2,,,,Sentiment,Autism,clinical_only,Clinical,flagged,quadratic_fit,,,0.060095049588329105
2019.3,,,,Sentiment,Autism,clinical_only,Clinical,flagged,quadratic_fit,,,0.060099406798045554
2019.4,,,,Sentiment,Autism,clinical_only,Clinical,flagged,quadratic_fit,,,0.06011857523751625
2019.5,,,,Sentiment,Autism,clinical_only,Clinical,flagged,quadratic_fit,,,0.06015255490674113
2019.6,,,,Sentiment,Autism,clinical_only,Clinical,flagged,quadratic_fit,,,0.0602013458057202
2019.7,,,,Sentiment,Autism,clinical_only,Clinical,flagged,quadratic_fit,,,0.060264947934453646
2019.8,,,,Sentiment,Autism,clinical_only,Clinical,flagged,quadratic_fit,,,0.06034336129294115
2019.9,,,,Sentiment,Autism,clinical_only,Clinical,flagged,quadratic_fit,,,0.060436585881183086
2020.0,,,,Sentiment,Autism,clinical_only,Clinical,flagged,quadratic_fit,,,0.06054462169917903
2020.1,,,,Sentiment,Autism,clinical_only,Clinical,flagged,quadratic_fit,,,0.06066746874692917
2020.2,,,,Sentiment,Autism,clinical_only,Clinical,flagged,quadratic_fit,,,0.06080512702443384
2020.3,,,,Sentiment,Autism,clinical_only,Clinical,flagged,quadratic_fit,,,0.06095759653169241
2020.4,,,,Sentiment,Autism,clinical_only,Clinical,flagged,quadratic_fit,,,0.06112487726870558
2020.5,,,,Sentiment,Autism,clinical_only,Clinical,flagged,quadratic_fit,,,0.06130696923547258
2020.6,,,,Sentiment,Autism,clinical_only,Clinical,flagged,quadratic_fit,,,0.06150387243199379
2020.7,,,,Sentiment,Autism,clinical_only,Clinical,flagged,quadratic_fit,,,0.061715586858269694
2020.8,,,,Sentiment,Autism,clinical_only,Clinical,flagged,quadratic_fit,,,0.06194211251429933
2020.9,,,,Sentiment,Autism,clinical_only,Clinical,flagged,quadratic_fit,,,0.06218344940008373
2021.0,,,,Sentiment,Autism,clinical_only,Clinical,flagged,quadratic_fit,,,0.06243959751562181
2021.1,,,,Sentiment,Autism,clinical_only,Clinical,flagged,quadratic_fit,,,0.06271055686091408
2021.2,,,,Sentiment,Autism,clinical_only,Clinical,flagged,quadratic_fit,,,0.06299632743596122
2021.3,,,,Sentiment,Autism,clinical_only,Clinical,flagged,quadratic_fit,,,0.06329690924076191
2021.4,,,,Sentiment,Autism,clinical_only,Clinical,flagged,quadratic_fit,,,0.06361230227531756
2021.5,,,,Sentiment,Autism,clinical_only,Clinical,flagged,quadratic_fit,,,0.06394250653962669
2021.6,,,,Sentiment,Autism,clinical_only,Clinical,flagged,quadratic_fit,,,0.06428752203369002
2021.7,,,,Sentiment,Autism,clinical_only,Clinical,flagged,quadratic_fit,,,0.06464734875750838
2021.8,,,,Sentiment,Autism,clinical_only,Clinical,flagged,quadratic_fit,,,0.06502198671108014
2021.9,,,,Sentiment,Autism,clinical_only,Clinical,flagged,quadratic_fit,,,0.06541143589440701
2022.0,,,,Sentiment,Autism,clinical_only,Clinical,flagged,quadratic_fit,,,0.06581569630748722
2022.1,,,,Sentiment,Autism,clinical_only,Clinical,flagged,quadratic_fit,,,0.06623476795032161
2022.2,,,,Sentiment,Autism,clinical_only,Clinical,flagged,quadratic_fit,,,0.06666865082291122
2022.3,,,,Sentiment,Autism,clinical_only,Clinical,flagged,quadratic_fit,,,0.06711734492525405
2022.4,,,,Sentiment,Autism,clinical_only,Clinical,flagged,quadratic_fit,,,0.06758085025735217
2022.5,,,,Sentiment,Autism,clinical_only,Clinical,flagged,quadratic_fit,,,0.06805916681920342
2022.6,,,,Sentiment,Autism,clinical_only,Clinical,flagged,quadratic_fit,,,0.06855229461080888
2022.7,,,,Sentiment,Autism,clinical_only,Clinical,flagged,quadratic_fit,,,0.0690602336321697
2022.8,,,,Sentiment,Autism,clinical_only,Clinical,flagged,quadratic_fit,,,0.06958298388328361
2022.9,,,,Sentiment,Autism,clinical_only,Clinical,flagged,quadratic_fit,,,0.07012054536415295
2023.0,,,,Sentiment,Autism,clinical_only,Clinical,flagged,quadratic_fit,,,0.07067291807477527
2023.1,,,,Sentiment,Autism,clinical_only,Clinical,flagged,quadratic_fit,,,0.0712401020151518
2023.2,,,,Sentiment,Autism,clinical_only,Clinical,flagged,quadratic_fit,,,0.07182209718528387
2023.3,,,,Sentiment,Autism,clinical_only,Clinical,flagged,quadratic_fit,,,0.07241890358516884
2023.4,,,,Sentiment,Autism,clinical_only,Clinical,flagged,quadratic_fit,,,0.07303052121480941
2023.5,,,,Sentiment,Autism,clinical_only,Clinical,flagged,quadratic_fit,,,0.07365695007420278
2023.6,,,,Sentiment,Autism,clinical_only,Clinical,flagged,quadratic_fit,,,0.07429819016335039
2023.7,,,,Sentiment,Autism,clinical_only,Clinical,flagged,quadratic_fit,,,0.07495424148225369
2023.8,,,,Sentiment,Autism,clinical_only,Clinical,flagged,quadratic_fit,,,0.07562510403090972
2023.9,,,,Sentiment,Autism,clinical_only,Clinical,flagged,quadratic_fit,,,0.07631077780932151
2024.0,,,,Sentiment,Autism,clinical_only,Clinical,flagged,quadratic_fit,,,0.07701126281748596
2024.1,,,,Sentiment,Autism,clinical_only,Clinical,flagged,quadratic_fit,,,0.07772655905540463
2024.2,,,,Sentiment,Autism,clinical_only,Clinical,flagged,quadratic_fit,,,0.07845666652307916
2024.3,,,,Sentiment,Autism,clinical_only,Clinical,flagged,quadratic_fit,,,0.07920158522050624
2024.4,,,,Sentiment,Autism,clinical_only,Clinical,flagged,quadratic_fit,,,0.07996131514768928
2024.5,,,,Sentiment,Autism,clinical_only,Clinical,flagged,quadratic_fit,,,0.08073585630462482
2024.6,,,,Sentiment,Autism,clinical_only,Clinical,flagged,quadratic_fit,,,0.08152520869131454
2024.7,,,,Sentiment,Autism,clinical_only,Clinical,flagged,quadratic_fit,,,0.0823293723077603
2024.8,,,,Sentiment,Autism,clinical_only,Clinical,flagged,quadratic_fit,,,0.08314834715395844
2024.9,,,,Sentiment,Autism,clinical_only,Clinical,flagged,quadratic_fit,,,0.08398213322991273
2025.0,,,,Sentiment,Autism,clinical_only,Clinical,flagged,quadratic_fit,,,0.0848307305356193
2025.1,,,,Sentiment,Autism,clinical_only,Clinical,flagged,quadratic_fit,,,0.08569413907108009
2025.2,,,,Sentiment,Autism,clinical_only,Clinical,flagged,quadratic_fit,,,0.08657235883629709
2025.3,,,,Sentiment,Autism,clinical_only,Clinical,flagged,quadratic_fit,,,0.08746538983126631
2025.4,,,,Sentiment,Autism,clinical_only,Clinical,flagged,quadratic_fit,,,0.08837323205599182
2025.5,,,,Sentiment,Autism,clinical_only,Clinical,flagged,quadratic_fit,,,0.08929588551046946
2025.6,,,,Sentiment,Autism,clinical_only,Clinical,flagged,quadratic_fit,,,0.09023335019470131
2025.7,,,,Sentiment,Autism,clinical_only,Clinical,flagged,quadratic_fit,,,0.09118562610868956
2025.8,,,,Sentiment,Autism,clinical_only,Clinical,flagged,quadratic_fit,,,0.09215271325242984
2025.9,,,,Sentiment,Autism,clinical_only,Clinical,flagged,quadratic_fit,,,0.09313461162592657
2026.0,,,,Sentiment,Autism,clinical_only,Clinical,flagged,quadratic_fit,,,0.09413132122917528
