annotation_id,context_id,analysis_unit,lsc_year,raw_form,target_sentence_plus_adjacent,substantive_target_discourse,clinical_frame_present,lived_experience_frame_present,confidence,annotation_round,codebook_version,derived_frame
pilot_0001,3ae600b9d19a6d6c,ADHD,2022,adhd,"""I love being his dad, it's the best job I've ever had. But there's a paradox because I wouldn't choose to do it"" Ralph’s ADHD is his superpower, he can run faster and longer than other kids his age. But he’s also impulsive, forgetful and needs to keep moving to burn of all his excess energy.",True,False,True,high,pilot,v0.4,lived_only
pilot_0002,9a038f83fef3db8e,ADHD,2014,adhd,Top 5 This Month ADDitude's most popular articles 1. 11 Celebrities with ADHD 2. Best Apps for Time Management 3.,False,,,high,pilot,v0.4,non_substantive_or_insufficient
pilot_0003,e1264952e6a766f9,Autism,2014,autism_spectrum,"Even though Marie didn't have any developmental issues, he watched as she interacted curiously with the robot. Cabibihan's thoughts turned to using robots as a tool for working with children who do have developmental issues, specifically autism spectrum disorders (ASD). People with ASD often have difficulty communicating, fail to respond to social cues, tend to repeat particular actions (walking in a specific pattern for example) and sometimes become preoccupied with certain objects.",True,True,False,medium,pilot,v0.4,clinical_only
pilot_0004,fa39f3ef8f924a31,ADHD,2015,adhd,"- Flag Click here to flag this ad for review or to report a problem Health Benefits of Maxalife MX Omega 3 Item ID#:2584882Location: Unlisted Seller ID#:198561 Premium advertiser Views: 299 Price:$UnspecifiedExpires:35 days What Health Benefits Can You Expect From Maxalife MX Omega 3 Fish Oil? Boost Brain Health, Improve Memory and Address ADHD: DHA and EPA and omega 3 fish oil have been shown to increase levels of concentration and memory in children with ADHD and ADD. Omega 3s can also help activate natural reflexes as a result of improved neural transmission processes.",False,,,high,pilot,v0.4,non_substantive_or_insufficient
pilot_0005,136127a69a64055b,Autism,2020,autism,Profits from weekly sales are reinvested in Lees Corner students. Some examples of how profits are reinvested include the purchase of adaptive physical education equipment and a sensory table for an autism classroom. Chorus Fifth and sixth grade students have the opportunity to participate in the Lees Corner Chorus.,True,True,False,low,pilot,v0.4,clinical_only
pilot_0006,c91e7f6cc0ecb14a,Autism,2019,autism_spectrum,"Theory Rationale for Beyond ABA: Interventions for ASD This artifact is a powerpoint and written summary of a presentation I was asked to give to my peers in Educ 640 (Special topics: Focus on Autism Spectrum Disorder) in order to analyze a chapter in the assigned course text and introduce a journal article that would expand on or offer a different perspective on the chapter topic. Hall claims to focus on “programs and practices that are influenced by the developmental, social-relational, transactional, and cultural theories” in chapter six (Hall, 2018, p.",True,True,False,high,pilot,v0.4,clinical_only
pilot_0007,ef39f20b7baeda97,ADHD,2016,adhd,"When you can come into the meeting with your priorities written down in a businesslike manner, then you'll begin to feel in control and will know you are a driving force at that meeting. next: Different Types of Educational Assessment Tests ~ back to Parent Advocate homepage ~ adhd library articles ~ all add/adhd articles APA Reference Staff, H. (2007, June 8).",False,,,high,pilot,v0.4,non_substantive_or_insufficient
pilot_0008,ae0ab3a4d3eca1c5,Autism,2023,autism,"While progress has been made over the past several years in improving inclusion and representation, autism still continues to be heavily misunderstood and stigmatized, creating barriers to inclusion both in employment and in the educational system. The need for inclusion and accessibility has given rise to the autism rights movement, a grassroots effort by individuals with autism to share their distinct perspectives and advocate for themselves in their own voices. Unlike the broader disability rights movement, the autism rights movement is relatively young, dating back to the early 1990s and the emergence of the internet and online communities.",True,False,True,high,pilot,v0.4,lived_only
pilot_0009,d08b6a1aca62fb29,ADHD,2019,adhd,"In general, negatively forxiga canada avoid combined use of these drugs together! - modalert sleep - modalert tablet benefits - modalert review - modalert medicine side effects - modalert onset - modalert generic - modalert vs wakalert - modalert experience reddit - modalert tolerance - reddit waklert vs modalert - waklert or modalert - modalert kup - modalert for adhd After thousands of complaints to the Center for Disease Control and Prevention (CDC), modalert uk delivery In January of 2008, the CDC paid researchers over $300,000 to conducted a 3-year study in to Morgellons. Risk of incorrect enlargement is among the quite a few traps lose one's train of thought await the unwary consumer?",False,,,high,pilot,v0.4,non_substantive_or_insufficient
pilot_0010,4b039ff8c232b50b,Autism,2017,autism,"org). As an example, an issue associated with this enforceable code are problems unique to disabilities such as Autistic Spectrum Disorder (autism) in which individuals with the disorder often face discrimination. For instance, autism affects abilities such as social interaction with others, which leads to social isolation.",True,True,True,medium,pilot,v0.4,mixed
pilot_0011,bc878782731c2fdd,Autism,2017,autism,"org Brain & Behavior Research Foundation The Brain & Behavior Research Foundation is committed to alleviating the suffering caused by mental illness by awarding grants that will lead to advances and breakthroughs in scientific research. 100% of all donor contributions for research are invested in NARSAD Grants leading to discoveries in understanding causes and improving treatments of disorders in children and adults, such as depression, schizophrenia, anxiety, autism, and bipolar, attention-deficit hyperactivity, post-traumatic stress and obsessive-compulsive disorders. https://bbrfoundation.",True,True,False,high,pilot,v0.4,clinical_only
pilot_0012,d00e48b17994a244,Autism,2025,autism,"a new star has emerged - From Tarik El-Abour to Rube Waddell: Baseball fans clap back at RFK Jr. 's autism remarks - Chinese husband and wife executed with gunshots as gang war erupts - Skullcandy's Bose-powered noise-cancelling earbuds hit the market at just $100 - Life Deep Beneath The Soil Dominated by Mysterious New Phylum of Bacteria - Should you always be sore after a workout? - What people with disabilities want to hear from party leaders in this election | CBC News - Plump Lips Ahead: The Best Lip Balms, Oils & Masks - County Hosts Third Annual Housing Forum April 25; STAC Celebrates Scholars, Leaders, Faculty At 2025 Honors Convocation; Nyack Chamber of Commerce Names Bill Batson Exec.",False,,,high,pilot,v0.4,non_substantive_or_insufficient
pilot_0013,a1c753bdbe6ee40b,Autism,2025,autism,"It emphasizes the importance of parental involvement in school activities and advocacy for a child's educational success. - The Incredible Years Autism Parenting Program (2-5 years) provides tailored approaches to support communication, emotional literacy, and self-regulation. Parents and teachers collaborate to use tools like visual prompts, pretend play, and structured praise to address developmental needs.",True,True,False,high,pilot,v0.4,clinical_only
pilot_0014,f47b8589dbaa8274,Autism,2016,autistic,"A lot of the things that people are pointing out (very excited and eager, but clueless about picking up on people’s feelings) are things that tend to be characteristic of high-functioning autism. I could see it going either way, either for him to just get carried away a lot, or for him to be autistic, but it made me wonder. No, not autism, just being naive.",True,True,False,medium,pilot,v0.4,clinical_only
pilot_0015,31a6b84c268bf12e,ADHD,2023,adhd,"Responsibility for identifying individuals who need Secondary Lead Exposure Prevention is broad – it includes anyone who might suggest a blood lead test for an individual or laboratory lead testing of appropriate samples collected from the home environment (including backyard eggs and traditional medications), hobby studio or workplace, shooting range, etcetera. For example: - A teacher or learning intervention professional who notices behaviour associated (not necessarily exclusively) with high blood lead levels, such as hearing loss, poor handwriting, poor coordination, learning difficulties, ADD or ADHD, and delinquency - A doctor or other health professional who, through questionnaires and/or detailed case history, identifies a patient who is: - At risk of lead exposure or is presenting with lead-related symptoms of at-risk individuals (listed at iv, above) - Exhibiting lead-related learning behaviours or difficulties - Is the playmate, housemate or sibling of a child with an elevated blood lead level - Trying to conceive, or is pregnant, breastfeeding, perimenopausal or menopausal - Presenting with hypertension, hearing loss, balance problems, bone fractures, loss of bone density or osteoporosis, cardiovascular disease, kidney disease, essential tremor, Parkinson’s Disease, Motor Neurone Disease, early onset dementia or other lead-related health conditions - A veterinarian who recognises a likely lead exposure in a pet or backyard poultry and advises the family to test the blood lead levels of their other animals and children - A lead advisor, occupational hygienist or site assessor who recommends blood lead testing on the basis of elevated lead levels in soil, dust, degraded paint, drinking water, backyard eggs, Ayurvedic medicines, or any other lead source in a home, school,",False,,,high,pilot,v0.4,non_substantive_or_insufficient
pilot_0016,7542414808638ee5,Autism,2026,autism,"The controversy over childhood immunization intensified in 1998, when Dr. Andrew Wakefield linked the MMR vaccine to autism. Although Wakefield’s findings were later discredited and retracted, and medical and scientific evidence suggests routine immunizations have significantly reduced life-threatening conditions like measles, whooping cough, and polio, vaccine refusal and vaccine-preventable outbreaks are on the rise.",True,True,False,high,pilot,v0.4,clinical_only
pilot_0017,03e89618ded578db,Autism,2019,autistic,"“He stated that this matter has caused him and his wife great stress and anxiety. He said they often care for their autistic granddaughter at the property, and the loud noises caused by ATVs and the barking dogs of those crossing their property is very distressing to her. ” He and his wife used wood and dug a trench to keep people from using the path to the beach.",True,False,True,high,pilot,v0.4,lived_only
pilot_0018,874cc59d442c03d8,Autism,2024,autism,"In the past, it was sometimes suggested that this verbal behavior should be extinguished since it appeared non-meaningful. However, many now think that echolalia does serve a purpose for the individual with autism. It communicates to us certain things about how they may be feeling or what they may be trying to say.",True,True,False,medium,pilot,v0.4,clinical_only
pilot_0019,cc8f28a091945850,ADHD,2014,adhd,"Of course, few, if any stop to consider how dangerous it is to allow teachers to hand out medical advice like candy to concerned parents who are desperate for an answer to their child’s behavioral problems. Of course, ADD and ADHD medication abuse and addiction doesn’t always begin with children taking these medications. Sometimes older adults who are diagnosed with these conditions are prescribed drugs to treat their ADD or ADHD.",True,True,False,high,pilot,v0.4,clinical_only
pilot_0020,e68513d129a4d03d,ADHD,2024,adhd,"He's here to discuss his new book Stranger to My Self: Inside Depersonalization, the Hidden Epidemic on this edition of the HealthyPlace Mental Health Radio Show. Other Recent HealthyPlace Radio Shows - Parenting an ADHD Child the Right Way: When parents first hear that their child has ADHD, many feel as if they've been set adrift on an emotional sea of guilt, isolation, confusion and fear. To help these parents and their children navigate the challenges of home life, school, and ADHD treatment, Tracey Bromley Goodwin and Holly Oberacker have created Navigating ADHD: Your Guide to the Flip Side of ADHD.",True,True,True,medium,pilot,v0.4,mixed
pilot_0021,2dfcbe7be15edc1b,ADHD,2021,adhd,The last part of James's quote is important as it states the brain mustn't be too weak to cause hyperactivity. This often occurs in clinical conditions such as autism and ADHD where the child is incapable of focusing or forming proper habits due to the brain's inability to limit the amount of 'yielding' it does. Too much flexibility can lead to impairment in judgment.,True,True,False,medium,pilot,v0.4,clinical_only
pilot_0022,c8cc4acf86990f67,ADHD,2021,adhd,"In first place, Carmit Frisch from the University of Haifa, Israel, and her presentation entitled Developing a parents' focused model to improve the daily functioning of young children with symptoms of ADHD; Investigating its feasibility and efficacy - a pilot study. Catherine Morgan from the University of Notre Dame, Australia, presented remotely and garnered second place for her work entitled Optimizing the motor learning of infants at high-risk of cerebral palsy using goal-oriented and environmental interventions.",True,True,False,high,pilot,v0.4,clinical_only
pilot_0023,7e9328cf57a6ad8e,Autism,2014,autism,"I look forward to meeting with you soon and to helping you overcome what’s been challenging you. Make an Appointment “Justin works with 10+, adults, and couples” Read More My clinical experience includes treating trauma in children who were victims of physical and sexual abuse, behavioral issues related to Autism and other developmental and mood disorders, and parent training. I also have experience working through issues such as anxiety, depression, and anger.",True,True,False,high,pilot,v0.4,clinical_only
pilot_0024,aa394b773e4645d2,Autism,2024,autistic,"Renters reform coalition Single Homelessness Project Women's homelessness StMungo’s Homelessness charities call for long-term plan and say 18% increase to 4,780 people ‘should incense us all’ Cardboard citizen Creative jobs more than one story UPDATE Spear Latest reports show 4,389 people slept rough in London between October and December 2023 a shocking 23% year-on-year increase UPDATE Glassdoor 1 in 45 Londoners is homeless as we enter 2026 ? The passage Phoenix Futures - RhEST (Regional homeless Engagement with Substance Treatment) New ground cohousing Creative + nature + advocacy The Poetry Society Dragon Café sometimes Dragon cafe runs laughing therapy sessions Garden organic Groundwork UPDATE Re: CREATE psychiatry Living with Suicide meet me where I am Story Futures – update Me and You and a Global Pandemic Medicating Me: Personal Impressions of Psychiatric Medication Speakeasy advocacy Grace advocacy Cambridge House Advocacy focus UPDATE The Advocacy Project UPDATE People First National Development Team for Inclusion (NDTI) Advocacy Charter Advocacy review A review of advocacy for people with a learning disability and autistic people who are inpatients in mental health, learning disability or autism specialist hospitals Valuing Community Led Support strength based explained Mental health - a growing public health priority and human rights imperative Seni’s Law – Mental Health Units (Use of Force) Act 2018 SMALL IS BEAUTIFUL UPDATE People organised + information Connected Kingston help with food EVENTS UPDATE Power2U ROOTS UP UPDATE Wildflower Alliance UPDATE PODCAST MOVE FROM PEER SUPPORT ORGANISATION TOWARDS CORPORATE FRAMEWORK + ATTITUDE Common in the charity sector ? - Wendy Peer Respite Advocacy Week & Celebration!!",False,,,high,pilot,v0.4,non_substantive_or_insufficient
pilot_0025,622869daf9a391f5,Autism,2026,autism,"Inspirations provides uplifting success stories and timely advice in the area of special needs, brought to you by experts in various fields. Our articles feature timely advice from specialist in various fields (autism consultants, psychologists, speech-language pathologists, occupational therapists, teachers, etc) and resources that are often difficult to find. A unique tool for parents, caregivers, teachers, professionals and people with special needs, Inspirations shares success stores with the intent to inspire, while serving as a vehicle for educating the public-at-large and break down barriers.",False,,,low,pilot,v0.4,non_substantive_or_insufficient
pilot_0026,db802353b9941185,Autism,2024,autism,"The group will meet every third Thursday of the month from 7:00pm – 8:30pm at Marymead, located at the Rheinberger Centre, corner of Loch & Weston Street, Yarralumla. NEXT GROUP:20 December 2018 Marymead Autism Centre celebrates diversity, promotes awareness and inclusion, and supports people on the Autism spectrum and their families. For more information visit the Marymead Autism Centre website (www.",False,,,medium,pilot,v0.4,non_substantive_or_insufficient
pilot_0027,0ccfd0ea93c22bc0,Autism,2022,autism,"Right from the get-go, one thing becomes crystal clear, it's that Aamir Khan, the Rahul Gandhi of Bollywood has no idea what does the term “moderate intellectual disability” mean, his idea of being a low IQ individual is being a crazy retarded drug infested circus joker who smiles in a weird way while making odd grimaces and gestures, while Forrest was an eccentric but lovable character, Laal Singh is just someone you’d want to slap across the face. As a student of psychology let me make something clear, if you have an IQ of 75, your life will be more or less normal, while you might experience a certain level of difficulty in ordinary everyday things, you will be able to manage your life pretty decently, the one thing you’ll certainly not do is display symptoms of autism and schizophrenia clubbed together. This movie is a disgrace to the entire field of psychology and decades of psychological research.",True,True,False,high,pilot,v0.4,clinical_only
pilot_0028,d123d4c359fa3957,Autism,2022,autism,"And then there is the week that has been for the Eagles and the fans and the Eagles Autism Foundation that hammered home once again the connection that makes it all work and that, truly, means everything in the end. ""It's been incredible,"" said Ryan Hammond, the executive director of the Eagles Autism Foundation, who has been busier than busy in the spring and these first few days of summer with the Eagles Autism Challenge in May and then back-to-back events this week – an exclusive and ultra-premium two-day golf outing at the legendary Merion Golf Club followed by the Second Annual Eagles Celebrity Bartending Event at the Jersey Shore featuring Jason Kelce, Jordan Mailata, and Kelce's brother, Kansas City All-Pro tight end Travis Kelce. ""We had 22 threesomes pay $25,000 each and were joined by a celebrity to play golf and had an unbelievable experience.",False,,,low,pilot,v0.4,non_substantive_or_insufficient
pilot_0029,7f62fc60b0203274,Autism,2023,autism,"(she/her) For the Diversity Trust, Amy Phipps is a consultant in: · Autism and Neurodiversity Awareness in the Workplace Amy is a neurodiversity trainer with a specialism in autism (her son is autistic and she has a Post-Graduate Certificate in Autism). She delivers to a range of audiences such as health and social care, education and families/carers.",False,,,medium,pilot,v0.4,non_substantive_or_insufficient
pilot_0030,c06ffaf30339879c,Autism,2020,autism_spectrum,"0001). Autism spectrum disorder should be performed. Pentosan toms, with a dose conversion table; patients injecting up to 70% for drug- cause atrophic changes in these sutures if the patient abstains from after status epilepticus is controlled, an oral 5-asa agents are very suggestive of a solitary metastatic lesion.",False,,,high,pilot,v0.4,non_substantive_or_insufficient
pilot_0031,f0b4a5909cf721ee,ADHD,2016,adhd,"So she tried it at home. “I have a six-year-old son with ADHD,” she says. “I brought a chime home.",True,False,True,high,pilot,v0.4,lived_only
pilot_0032,150dd16b68263958,ADHD,2023,adhd,"Each of these activities has the potential to rewire and retrain your brain to react differently to pain. Neuroplasticity Therapy for ADHD, OCD, and Autism The methods of using neuroplasticity to treat ADHD, OCD, and autism largely mirror the methods we have already covered. There are games, activities, and programs designed around the principles of neuroplasticity to help people and children with a wide range of issues and impairments.",True,True,False,high,pilot,v0.4,clinical_only
pilot_0033,0307bcba00336e2e,ADHD,2016,adhd,"Kong [Department of Pediatrics and Adolescent Medicine, The University of Hong Kong]. This study demonstrates that blood mercury levels are higher for children with ADHD. Excerpt: “There was significant difference in blood mercury levels between cases and controls, which persists after adjustment for age, gender and parental occupational status.",True,True,False,high,pilot,v0.4,clinical_only
pilot_0034,33c37ff6e79daafa,ADHD,2023,adhd,"Throughout her work experiences, Debi has an extensive history working with individuals ranging in age from 2 to 96 years old, in a variety of settings from private practice, non-profit, foster care and the public school system. She has experience helping those struggling with issues related to ADHD, family and work related issues, behavioral challenges, self-esteem, grief and loss, gender and sexuality, phobias, anxiety, depression, self-harm, end of life experiences and adoption. Debi believes in the right for each individual to live their journey within the boundaries of their well-being and safety.",False,,,high,pilot,v0.4,non_substantive_or_insufficient
pilot_0035,093f49f8d4537bb0,ADHD,2015,adhd,"com/what-is-social-thinking Social thinking is what we do when we interact with people: we think about them - and how we think about people affects how we behave, which in turn affects how others respond to us, which in turn affects our own emotions. Challenges are commonly experienced by individuals with autism spectrum disorders, social communication disorder, Aspergers, ADHD, non verbal learning disability (NLD) and similar diagnoses, including children and adults experiencing social learning difficulties who have not received a diagnosis. Michelle Garcia Winner is an American Speech and Language Therapist.",True,True,False,medium,pilot,v0.4,clinical_only
pilot_0036,e43a38ed4ce4a3ea,Autism,2023,autism,Deepak Sundarrajan Dr. Deepak Sundarrajan is an Occupational Therapist currently working at the Dubai Autism Rehabilitation & Care Center. He has been licensed by the Dubai Health Authority with the license number 222907.,False,,,high,pilot,v0.4,non_substantive_or_insufficient
pilot_0037,e9fc78687b607b1a,ADHD,2024,adhd,"Research has also indicated that magnesium deficiency can contribute to attention deficit hyperactivity disorder (ADHD) in some children. Studies suggest that children with ADHD often have lower levels of magnesium, and supplementing magnesium may help improve attention and behavior. Cardiovascular Health Magnesium helps regulate heart function and blood pressure, even in young children.",True,True,False,high,pilot,v0.4,clinical_only
pilot_0038,58b04c0266c72216,ADHD,2018,attention_deficit,"(See also How to Use section. ) Lisdexamfetamine is used to treat attention deficit hyperactivity disorder (ADHD) as part of a total treatment plan, including psychological, social, and other treatments. It may help to increase the ability to pay attention, stay focused, and stop fidgeting.",True,True,False,high,pilot,v0.4,clinical_only
pilot_0039,587f52205c75f953,ADHD,2024,adhd,"Haselberger’s now-13-year-old son has not been diagnosed with ADHD, but he continues to find body doubling helpful. So does Haselberger, who does have ADHD. She asks her husband to be around while she completes certain tasks, and she organizes regular video calls with work peers to make progress on “important but not urgent” goals.",True,False,True,medium,pilot,v0.4,lived_only
pilot_0040,f00ab57b21379001,ADHD,2014,attention_deficit,"- The supplements increase the flow of blood to the brain and strengthen neurotransmitters to allow improved focus and concentration. - The supplements offer to be of help for effective control of Attention Deficit Hyperactivity Disorder (ADHD), Alzheimer’s, and Attention Deficit Disorder (ADD). - Immediate results of taking the supplements reveal increased motivation, elevated mood, unlocked creativity, reduction in negative thoughts, ability to have lucid dreams, improved sleep quality, and reduction of ‘brain fog’ occurrences.",True,True,False,medium,pilot,v0.4,clinical_only
pilot_0041,c8dbab454d12971e,ADHD,2020,attention_deficit,"In a recent survey, health care practitioners reported the following results using Alpha-Stim technology: We can help you with... - Attention Deficit Disorder (ADD/ADHD) - Adoption Issues ( Children and Adults) - Post Traumatic Stress Disorder (PTSD) - Couples and Family Counseling - Migraine, Tension and Cluster Headaches and Chronic Pain - Bereavement Issues - Stress - Anxiety and Panic Disorders - Depression and Dysthymia - Sleep Disorders - Mindfulness Training - Relaxation Techniques and meditation - Behavioral Problems (anger, impulsivity, low self- esteem and Attachment Disorder (RAD)",False,,,high,pilot,v0.4,non_substantive_or_insufficient
pilot_0042,5fec5bb8b04e3f7e,ADHD,2021,adhd,"The police officers who were involved said it was the most frightening incident of their careers with 'ferocious, prolonged and determined violence' directed towards them with unprecedented hostility. Detective superintendent James Riccio on the ""harrowing"" experience of the officer inside the van Nicholas Lewin, defending, said Roberts had recently been diagnosed with ADHD, had been prescribed medication and was not a “sophisticated criminal”. “Mr Roberts is not a rampant fire starter, twisted or other,” he said.",True,True,False,medium,pilot,v0.4,clinical_only
pilot_0043,be168a7caaca42b2,ADHD,2015,adhd,09. 2015 - analysis and findings in dissertation autobiography of a shoe essay admission essay examples for art school argumentative essay against abortion statistics anesthesisten dagen 2012 abstracts for research papers examples african american essay contest florida ap biology plants essay questions asia essay indochina war autobiography examples essay approaches to writing a research paper anesthesist arts education in schools essay ap essay prompts poetry argument essay graphic organizer pdf apa style master dissertation bbf boy best friend essay becoming fashion designer essay alice essay walker abstract definition essay adhd essay american government research paper ideas against arranged marriages essays ap human geography essay 2012 apa essay template microsoft word,False,,,medium,pilot,v0.4,non_substantive_or_insufficient
pilot_0044,dc82a2626a219163,ADHD,2022,adhd,But one would come across one similarity in all school and that is the Homework. Bonni Mantovani Back To TopThe stories buy Famvir Online Uk been written by parents about their child who was suspected or diagnosed with ADD ADHD. Collect info in your organisation courseworks.,False,,,medium,pilot,v0.4,non_substantive_or_insufficient
pilot_0045,eebd1863add01e44,ADHD,2019,attention_deficit,"Neurodiversity is the positive recognition of the fact that human beings are neurologically diverse. This variability can manifest itself in various ways in those affected by an autism spectrum disorder, attention deficit and hyperactivity disorder (ADHD), and disorders such as dyslexia and dyspraxia. The concept of neurodiversity is intended to destigmatize people who are neurodifferent and recognize their potential within society.",True,False,True,medium,pilot,v0.4,lived_only
pilot_0046,3d6613a74544ddcd,Autism,2024,autistic,"Module overview This module offers you an opportunity to learn about autism through the lens of neurodiversity. Neurodiversity offers a new perspective on our understanding of autism by emphasising the strengths and capabilities of autistic people, as well as challenging the marginalisation and underrepresentation of autistic voices in research and everyday life. As such, this module provides a counternarrative to the dominant ways in which autism has traditionally been defined, discussed, understood, and researched.",True,False,True,high,pilot,v0.4,lived_only
pilot_0047,82b9be30cc61efab,ADHD,2018,adhd,"ADD/ADHD Dr. Kaminski offers a holistic approach to help people with their challenges associated with ADD/ADHD. Her practice combines ADD/ADHD Expertise, NSA (Network Spinal Analysis- a brain-based low force technique) Chiropractic Care...",True,True,False,high,pilot,v0.4,clinical_only
pilot_0048,57c98d0144fc3e61,Autism,2015,autism,Resource Documents The Autism Society of Greater New Orleans has several documents available containing numerous resources to support individuals with Autism and their families. They include the following and can be view by clicking on each title.,False,,,medium,pilot,v0.4,non_substantive_or_insufficient
pilot_0049,61215079dbef4287,Autism,2025,autism,"By recognizing that extinction bursts are a natural and temporary part of the behavior change process, therapists can develop effective strategies to manage and reduce these bursts. In the next sections, we will explore how extinction bursts manifest in children with autism, strategies for managing them, and factors that influence their duration and intensity. Additionally, we will discuss the importance of conducting a functional behavior assessment and effective techniques for handling extinction bursts in ABA therapy.",True,True,False,high,pilot,v0.4,clinical_only
pilot_0050,d1eb8de003c5e243,ADHD,2024,adhd,"It is commonly associated with struggles around focus, organisation, and emotional regulation, but it also comes with some unique strengths. Understanding the role of dopamine and the challenges people with ADHD face can offer insight into how they navigate the world. ADHD and Dopamine: The Brain Chemistry Behind It At the core of ADHD is the brain’s relationship with dopamine, a neurotransmitter often called the “reward chemical.",True,True,False,high,pilot,v0.4,clinical_only
pilot_0051,848d9a055de0a7b4,ADHD,2024,adhd,"More Diagnoses Our family went on to have a total of eight children. Each one of them is uniquely gifted, even though seven of them have some combination of dyslexia, dysgraphia, or dyscalculia – with a few with ADHD as well! Years of research since starting homeschooling 20 years ago has led me to understand a few very important things about kids with special needs: - God created all of us uniquely and with a PURPOSE from before time began (2 Tim 1:9) - There are many types of intelligence and most of them cannot be measured by standardized tests - Parents know their kids better than anyone else - Committed parents are capable of teaching their unique children and teach them well Benefits of Homeschooling Kids With Special Needs In case you’re not convinced by my story, here are five more reasons why homeschooling is good for kids with special needs: Allows for individualized instruction in all subject areas: reading, spelling, composition, and comprehension.",True,False,True,high,pilot,v0.4,lived_only
pilot_0052,e147e32ca96b7b7d,ADHD,2021,adhd,"In fact, this pain for the soul is indeed unbearable for many strong people, but he is a bit special When he was competing with Akasi for the Best Walking Speed For Weight Loss She's soul was even completely torn. Under such circumstances, who would come to slap Should One Take Diet Pills After A Bowel Obstruction I'm afraid it's too late to hide, let alone post them When I Dexedrine Weight Loss Adhd Medication the mobile phone on the prescription hunger suppressant rang. Yes, I think it should be to buy enough development time Should One Take Diet Pills After A Bowel Obstruction girl and He took out the Seven Treasure Trees, and the passage to the Demon Realm was definitely appetite control so many years, I dont know if any Demon Race came out Best Weight Loss Supplement Webmd.",False,,,medium,pilot,v0.4,non_substantive_or_insufficient
pilot_0053,4c0281a9a8292b76,Autism,2014,autism,"If Anderson has to go in the field for a day and a half again the little niggles, aches and pains will really hurt. I study here detrola record player manual Some are born with autism, some are mentally ill, some encounter medical challenges far beyond ordinary. Even regarding everyday life and the normal process of aging each society has choices that must be made.",False,,,low,pilot,v0.4,non_substantive_or_insufficient
pilot_0054,d07a87bd8f319ae4,ADHD,2023,adhd,"Through a holistic approach, our students successfully make changes in their character and learn the life skills they must possess for living a self-sufficient and successful life well beyond the time they graduate from our program. While Behavior Modification therapy is a solution for some teens with conditions like ADHD, it is not always effective in those who are dealing with more than one diagnosis. This approach is often limited in making temporary changes because it does not focus on every issue a teen is dealing with.",True,True,False,high,pilot,v0.4,clinical_only
pilot_0055,46a4be2014a81dd9,Autism,2017,autism,"This definition provides a relatively low threshold and includes more children than many realise: ‘long-term’ is defined as ‘a year or more’ and ‘substantial’ is defined as ‘more than minor or trivial’ SEN Code of Practice (2014, p5) 1 The kinds of special educational need for which provision is made at the school At Downs View Infant School we can make provision for every kind of frequently occurring special educational need without an Education, Health and Care Plan. For example, dyslexia, dyspraxia, speech and language needs, autism, Asperger’s syndrome, learning difficulties, physical difficulties, social and emotional difficulties and behavioural difficulties. There are other kinds of special educational need which do not occur as frequently which the school will access further training and advice so that the needs of these pupils can be met.",True,True,False,medium,pilot,v0.4,clinical_only
pilot_0056,806147fd6a1e4407,ADHD,2014,attention_deficit,"For a diagnosis of bipolar disorder to be made, an individual must exhibit both depressive and manic symptoms to a varying degree, depending on the severity of the disorder. The symptoms of bipolar disorder, especially in a teenager, may resemble other problems (such as, drug abuse, attention-deficit/hyperactivity disorder, or delinquency). Always consult your adolescent's health care provider for a diagnosis.",True,True,False,high,pilot,v0.4,clinical_only
pilot_0057,e0e4fc2cd0cfed3a,Autism,2022,autism,"At first glance, ADHD and autism don’t seem to have much in common. However, these two diagnoses are more similar than most people expect.",True,True,False,high,pilot,v0.4,clinical_only
pilot_0058,9ed57806703836d6,ADHD,2025,adhd,"Think about how much better you will feel waking up and going to bed when you have a peaceful and clean space to start and end your day in Another way that Spring cleaning can improve your mental health is that it can actually improve your focus. And if you suffer from ADHD, then you know you already have issues with trying to stay focused so keeping your space clean and organized is going to keep you free of unnecessary distractions. And we all know how important this is now that so many people work from home.",True,False,True,high,pilot,v0.4,lived_only
pilot_0059,8351730088dc6cf7,ADHD,2021,adhd,"The social impulsivity of this disorder is different from the global impulsivity of attention-deficit/hyperactivity disorder (ADHD). The specific DSM-5 diagnostic criteria for DSED are as follows: - A pattern of behavior in which a child actively approaches and interacts with unfamiliar adults and exhibits at least 2 of the following: (1) reduced or absent reticence in approaching and interacting with unfamiliar adults; (2) overly familiar verbal or physical behavior (inconsistent with culturally sanctioned and age-appropriate social boundaries); (3) diminished or absent checking-back with adult caregivers after venturing away, even in unfamiliar settings; and (4) willingness to go off with an unfamiliar adult with minimal or no hesitation - The behaviors described in the first criterion are not limited to impulsivity (as in in ADHD) but also include socially disinhibited behavior - The child has experienced a pattern of extremes of insufficient care, as evidenced by at least 1 of the following: (1) social neglect or deprivation in the form of persistent lack of having basic emotional needs for comfort, stimulation, and affection met by caregiving adults; (2) repeated changes of primary caregivers that limit opportunities to form stable attachments (eg, frequent changes in foster care); and (3) rearing in unusual settings that severely limit opportunities to form selective attachments (eg, institutions with high child-to-caregiver ratios) - The care described in the third criterion is presumed to be responsible for the disturbed behavior described in the first criterion (eg, the disturbed behavior began after the inadequate care) - The child has a developmental age of at least 9 months. With both RAD and DSED, if the disorder has been present for longer than 12 months, it is specified as persistent; if the child exhibits all the symptoms of RAD or DSED, with each symptom manifesting at relatively high levels, the disorder is further specified as severe.",True,True,False,high,pilot,v0.4,clinical_only
pilot_0060,109bc0edd533ada4,ADHD,2019,adhd,"Both are important partners in ensuring that children excel in their learning, extracurricular activities, and relationships with their peers. ADD/ADHD and Vision Problems Did you know that certain vision problems can mask themselves as behavioral or learning difficulties? In fact, education experts often say that 80% of learning is visual.",True,True,False,high,pilot,v0.4,clinical_only
pilot_0061,76e38df2d3630c06,Autism,2016,autistic,"What to do when the Teacher AND Teacher's Aide BULLY your Autistic Child? A Father's Solution 5:16 am - 04/24/2012A Cherry Hill father was so concerned about the way his son was treated and acting at school, he decided to put a wire on him to see what happened in the classroom and what he found, is pretty shocking.",True,False,True,high,pilot,v0.4,lived_only
pilot_0062,edbe040ab3efc3b5,ADHD,2016,adhd,Joseph A. Helpern *Keynote* A Random Walk Through the ADHD Brain: Advances in Diffusion MRI for the Assessment of White Matter For the full agenda click HERE. Please feel free to share this information widely with anyone who may be interested in attending.,True,True,False,medium,pilot,v0.4,clinical_only
pilot_0063,8ece98b58e5e2a30,Autism,2018,autism,"I've been a leader in that area. People that have down syndrome or autism, we've had three hearings on that topic in our committee about bringing folks in. Some of them were Cincinnati people that have been cutting edge on employing folks, and halfway houses for people that are drug addicted, for example.",True,False,True,medium,pilot,v0.4,lived_only
pilot_0064,c68d42a14277237a,Autism,2024,autism_spectrum,"Conditions like ADHD, autism spectrum disorder, and oppositional defiant disorder can impact many parts of a person’s mental health. Learn how professionals can help.",True,True,False,medium,pilot,v0.4,clinical_only
pilot_0065,4f2e042128695f83,ADHD,2025,attention_deficit,"The Growing Need for ADHD Life Coaches Awareness of Attention Deficit Hyperactivity Disorder (ADHD) has grown significantly over the past decade. More adults are being diagnosed later in life, and children are receiving better support in schools and communities.",True,True,False,high,pilot,v0.4,clinical_only
pilot_0066,6e9d2f99825aae91,Autism,2021,autism,"A learning disability is caused by the way the brain develops before, during or soon after birth. Conditions associated with learning disability are: - Down’s syndrome - Williams syndrome - Autism and Asperger’s syndrome - Fragile X syndrome - Cerebral Palsy For detailed information visit the Mencap page. People with a learning disability may be more prone to certain health problems.",True,True,False,high,pilot,v0.4,clinical_only
pilot_0067,aef9e30574984c4b,Autism,2026,autism,"Narratives of ""autism"" between the body politic and the subjectivity of cognitive science Autoři FORNACCIARI Ilaria Rok publikování 2023 Druh Další prezentace na konferencích Fakulta / Pracoviště MU Fakulta sociálních studií Citace Popis COMMUNICATION TITLE: The automata and the geek. Narratives of ""autism"" between the body politic and the subjectivity of cognitive Science ABSTRACT: Among the recurring metaphors and analogies in the characterization of 'autism', those drawn from the field of technology are prevalent (Hacking 2009, Draaisma 2009, Osteen ed. 2010, Richardson 2016, Pinchevski and Peters 2016).",True,False,False,high,pilot,v0.4,substantive_other
pilot_0068,1f937b81da4f65d0,ADHD,2018,adhd,"Now that you have how the best theory was aware to your experience, convey how this new could be applied to pay experiences you will have. Buy Essay UK | Pay For Essay Writing Service | Write My Puff: In no merchandise help for students with adhd than 800 flowers. Since he offered in another state, he seemed to do this would keep him ever my homework help for students with adhd.",False,,,high,pilot,v0.4,non_substantive_or_insufficient
pilot_0069,c3ef6c7c21c100b8,ADHD,2025,adhd,"y way colleges find out student visas are canceled - Mass. ethics director flags ‘unprecedented challenge’ from Washington - The Stolen Girl review – you will forget this enjoyably preposterous thriller within five seconds of finishing it - April 16 Hong Kong (Happy Valley) form analysis - Scoop: Public interest group files FCC challenge to Sinclair TV station sale - Here’s what every car owner should know about motor vehicle insurance and how to navigate it - Fossil fuel companies target America's love of college sports - Achieve Complexion Perfection With This Matte Foundation & Setting Spray – On Sale Now at Sephora - Dow Drops 700, Nasdaq Sinks 516, S&P 500 Falls 121 - Longtime NHL executive Ray Shero dies at 62 - 9 Symptoms of Diabetes That Most People Overlook - UK Supreme Court says legal definition of ‘woman’ excludes trans women, in landmark ruling | CNN - Startup empowers 3,000 students with STEM skills - Exclusive | White House readies plan for Congress to ax taxpayer funding for NPR, PBS - Affordable housing solutions in Phoenix leaders are using - NRL players slammed for ‘disgusting’ treatment of teammate - After the Vote: Moonlake Lee's Call for a Singapore That Sees ADHD Differently - Trump turmoil forcing this retiree back to work | CBC News - Tariffs more likely to bring UK price cuts than inflation, says WH Smith boss - Laurie Johnson Appointed as Designated Broker of Keller Williams Arizona Realty - Port forward starts a ‘riot’ with ‘cheeky’ match-winning act - Everything You Need to Know About Mario Kart World on Nintendo Switch 2 - 3BA - Cybersecurity leaders discuss Oracle’s second recent hack - Brandon Sklenar Continues To Campaign For Batman Role and DC Might Be Listening — GeekTyrant - How would the potential closure of the Valero Benicia Refinery impact gas prices? - What Is a Social Security COLA and How Can It Affect Your Retirement Plan in 2025?",False,,,high,pilot,v0.4,non_substantive_or_insufficient
pilot_0070,fdcb87e9c06cfdec,ADHD,2016,adhd,"I’m excited that this could be because of the iLs program because to be perfectly honest, there is absolutely no other explanation. We are back on listening to two hours a day after a week’s rest and I’m excited to see if the music continues to help him control his ADHD symptoms. This is truly amazing as he was wired to the gills ALL THE TIME before without meds and ten times worse during the summer (if you can imagine!",True,True,True,medium,pilot,v0.4,mixed
pilot_0071,49f975fe2b8e2f61,ADHD,2022,adhd,"after coping with Lisa Stammerjohann to possess 4 ages and you will nine months to the products regarding despair, matchmaking things, members of the family issues, intimacy-related activities, sleeping issues, and you may self esteem An effective. after handling David Schwartz to possess eight months on the issues about the anxiety, worry, nervousness, addictions, matchmaking situations, intimacy-related points, self-confidence, occupation issues, coping with existence transform, and adhd Lisa might have been a jesus upload if you ask me! She is always there for my situation.",False,,,medium,pilot,v0.4,non_substantive_or_insufficient
pilot_0072,09bd8ed23876b46a,Autism,2018,autism,"These include problems with your baby’s developing brain and spinal cord, called neural-tube defects (NTDs), like spina bifida (the leading cause of childhood paralysis) and anencephaly (a fatal condition in which a baby is born with a severely underdeveloped brain and skull). Related: Taking Folic Acid During Pregnancy May Lower Autism Risks The vitamin may also help keep your baby from developing a heart defect, cleft lip, or cleft palate, and has been linked to the prevention of autism. A recent UC Davis study found that mothers who took the amount of folic acid found in most prenatal vitamins were less likely to have children with autism spectrum disorders (ASD), even if they’d been exposed to household pesticides, a known risk factor linked to autism.",True,True,False,high,pilot,v0.4,clinical_only
pilot_0073,6693a3ec944e380a,ADHD,2024,adhd,"Can drug rehabilitation help with managing symptoms of attention-deficit/hyperactivity disorder (ADHD)? Drug rehabilitation can help manage symptoms of ADHD by incorporating specialized therapeutic approaches and, if necessary, medication management. Understanding the interplay between ADHD and substance use is key to developing effective treatment strategies that address both conditions.",True,True,False,high,pilot,v0.4,clinical_only
pilot_0074,4331e795990edb77,Autism,2019,autism,"One of the fastest growing developmental disorders, autism usually appears before 3 years of age. While the causes are unclear and the subject of much controversy, the effects are readily apparent: autism affects a person's ability to think, communicate and interact. Certain therapies have proved effective in improving quality of life in some patients.",True,True,False,medium,pilot,v0.4,clinical_only
pilot_0075,f8acdef550c23af5,ADHD,2015,adhd,This typically results in the transfer of bits and pieces of information being transferred to long term memory. Some of the ways ADHD effect learning are the inability to recognize other people's needs and desires. A child with ADHD may interrupt talking and may have trouble waiting their turn for things like classroom activities and when playing games with other children.,True,True,False,high,pilot,v0.4,clinical_only
pilot_0076,9937f391f053b220,ADHD,2015,adhd,"Gluten Sensitivity Gluten sensitivity may present symptoms very similar to Celiac disease without a person ever having Celiac disease. These symptoms include: - Depression - ADHD-like behavior - Boating - Abdominal pain - Chronic fatigue - Headaches - Bone or joint pain - Diarrhea - Constipation It is important to get tested for gluten sensitivity to be sure it’s just that and not Celiac disease, a wheat allergy or another illness. If you think you or your child may have gluten sensitivity your doctor will run diagnostic tests, screenings, and then do a blood test to be sure it’s not Celiac disease.",False,,,high,pilot,v0.4,non_substantive_or_insufficient
pilot_0077,f9e85fa48d5b981a,ADHD,2019,adhd,g cheap discount online phentermine without script drug interaction xanax vacations meridia mexico vicodin hr ambien safe nursing prozac meridia sibutramine oral search valium and dxm ditka levitra elevated levels of vicodin doctors in milwaukee who use phentermine meridia in conjunction with alli ambien health xanax slows metabolism . 25 mg xanax withdrawal xanax available without a prescription soma online pharmacy off label uses for xanax soma spa bra phoenix liqide cialis buy phentermine blue white capsuls online valium and alcohol mixing vicodin no prescription pay cod soma fabrication adipex diet phentermine pill no prescription 4 blue 30mg phentermine took xanax while pregnant soma weiss life generic phentermine k 25 purchase valium illegally online mix vicodin and soma valium without prescription ambien hypnotics mixing flexeril and tramadol hydrochloride side effectsof ambien viagra and levitra soma benzodiazapine viagra cialis review carisoma vs carisoprodol ultram prescription medicine meridia flushing what is ultram 50 mg where can i purchase ambien need xanax free and now history of xanax que es vicodin robinson club soma bay egypt who is the levitra lady valium abuser adhd phentermine vicodin es overdose generic meridia 15 mg without rx tramadol and gallbladder xanax brick buy xanax south africa dea phentermine meridia talk forum phentermine ponte veda beach doctor xanax order online no prescription snort phentermine phentermine vicodin vs ocycodon buy 2mg xanax online free dysfunction erectile levitra treat 37. 5 tablets phentermine without a perscription valium tinnitus information on drug meridia what is adipex q tramadol can i take vicodin with cocaine cialis malaysia adverse reaction vicodin lawsuit adipex with no prescriptoin phentermine no rx next day ship when will ambien be generic tylenol and ambien tramadol seroquel lethal overdose formula meridia recall tramadol 100 contra 273 ultram medication generic tramadol shapes and sizes meridia and it's effects valium withdrawl symptoms klonopin overrnight valium purchase ambien no prescription cialis certified online pharmacy cialis drugs overnight phentermine us pharmacy prescription drug vicodin addiction pain mail order ambien buy prescription ambien halcion lowest meridia price meridia online description chemistry ingredients sibutramine levitra tablet cialis viagra propecia levitra erectile,False,,,high,pilot,v0.4,non_substantive_or_insufficient
pilot_0078,a6ae01e213174746,Autism,2018,autism_spectrum,"children have some sort of alcohol-related disorder – as much as five times what had been previously thought and more than the approximately 1. 5 percent of children with autism spectrum disorder. Turchi, a lead author of the new AAP report, along with colleagues in the academy's ongoing education and awareness campaign, are encouraging doctors nationwide to learn more about FASD, screen all patients, and help their families get the therapy and support they need.",True,True,False,medium,pilot,v0.4,clinical_only
pilot_0079,8f29c089c0ba5497,ADHD,2014,adhd,Logo of National Resource Center on AD/HD Home · Register · NRC Library in Spanish Ask a Question About AD/HD Organization and Time Management Parenting Children & Teens Relationships & Social Skills ADHD and Driving Workplace Issues Medication Abuse and Diversion Women and Girls Coaching Managing Money (WWK17) Books for Adults: NRC Staff Favorites ADHD and the Concept of Recovery ADHD in the News Frequently Asked Questions Is it safe for a woman with ADHD to take stimulant medication when she is pregnant or planning on becoming pregnant? Find us on Facebook Follow Us on Twitter HelpForADHD on YouTube Can't find what you're looking for?,False,,,high,pilot,v0.4,non_substantive_or_insufficient
pilot_0080,f25e9af77dc2212a,Autism,2020,autism,"Geovanni Pérez, organizer of the event, added: “Our aim is to involve people with autism, their families, siblings, caregivers, therapists, surfers, and the community in general in the most inclusive, integral, and compassionate experience available, one that celebrates the therapeutic benefits of simplified surfing. The program’s mission is to discover the potential of people with developmental disabilities, and support awareness of the problems of autism and scientific investigation. ” Surfing with Nixon also has the support of the Riviera Nayarit Convention and Visitors Bureau (CVB) and the Banderas Bay Hotel and Motel Association (AHMBB).",True,True,True,high,pilot,v0.4,mixed
pilot_0081,1db66be73f7634ea,ADHD,2016,adhd,"That means it’s time to start pulling back on some rules and letting her figure it out. by Mir Kamin Transitioning to middle school is a scary time for any kid, but when it’s an ADHD child, how should you best proceed? I’ve been there.",True,False,True,high,pilot,v0.4,lived_only
pilot_0082,a2203739e6bed80b,ADHD,2024,adhd,"ADHD Testing – How to Get a Private Adhd Assessment Private Uk Diagnosis Getting diagnosed with ADHD as an adult can be a lengthy and thorough process. Often, psychiatrists ask to see old school reports or ask family members to be interviewed too.",True,True,False,medium,pilot,v0.4,clinical_only
pilot_0083,22e065a4c3f5046a,Autism,2016,autism,"I meant to do this update in April, for autism awareness month, and officially a year after Mason had been diagnosed with autism. We found out on April 9, 2015 and I had planned to share what life is like one year later from that date but the time got away from me.",True,False,True,high,pilot,v0.4,lived_only
pilot_0084,fc33efd976e5b12b,Autism,2016,autism,"When This Girl with Autism Sings “Hallelujah,” You’ll Get Chills A. StoutBy A.",False,,,high,pilot,v0.4,non_substantive_or_insufficient
pilot_0085,b5df9fd89d79e60c,ADHD,2024,adhd,"14% of the videos were potentially damaging content. And then what was so fascinating to me, because it feels like everyone is saying they have ADHD, is 100% of the videos in their study on ADHD were misleading. I mean, that’s just what.",True,False,False,medium,pilot,v0.4,substantive_other
pilot_0086,e79a834e16370267,ADHD,2024,adhd,"Skills in math, reading, writing and comprehension are targeted through non-traditional instruction methods to find and correct specific areas of need. Any student with a diagnosed learning disability, an IEP, or any suspected conditions such as ADD or ADHD will benefit from educational therapy. Originally designed for treatment of dyslexia, educational therapy now covers a broad range of disorders.",True,True,False,high,pilot,v0.4,clinical_only
pilot_0087,7f11b5c81c1abe74,ADHD,2018,attention_deficit,"Worry not, I have a free initial phone consultation to discuss your needs, which includes the ongoing potential for me to make recommendations and referrals to other services should we collaboratively feel it appropriate. SOME OF THE ISSUES I WORK WITH - Depression - Anxiety and Phobias - Relationship Difficulties - Life Transitions - Difficulties with Self-Esteem - Eating Issues - Obsessive Compulsive Disorder (OCD) - Post-traumatic Stress Disorder (PTSD) - Complex Trauma - Professional/Career Issues - Educational Issues - Medical and Health Concerns - Pain Management - Stress Management - Attention Deficit Hyperactivity Disorder (ADHD) - Physical, Emotional or Sexual Abuse - Identity Issues - Sexuality Issues - Chemsex - Addictions This is not an exhaustive list, so do contact me if you are in doubt. Fees 1 Individual 2 Couples 3 Family Session length: 50 minutes or 80 minutes Free initial phone consultation Face to Face or Skype | FaceTime sessions available Please contact me to discuss my rates.",False,,,high,pilot,v0.4,non_substantive_or_insufficient
pilot_0088,b848faeba3203824,ADHD,2026,adhd,"This is a critical time for co-regulation and repair. Real-life example: Sarah, a mom of a 9-year-old with ADHD, noticed her son’s worst episodes came after too much screen time or noisy environments. Once she started limiting stimulation and building in sensory breaks, his outbursts became shorter and less intense.",True,False,True,high,pilot,v0.4,lived_only
pilot_0089,2f1098a7fa2b4cc0,ADHD,2015,adhd,"Events Calendar March 2013 Managing ADHD Workshop Managing ADHD - This workshop is set to help students learn skills to maintain attention and focus, both in academics and in their personal lives. Attendees will learn skills that will help them to improve their attention, listening skills, learning strategies, and scheduling in order to make their lives easier and more organized.",True,True,False,medium,pilot,v0.4,clinical_only
pilot_0090,e576b4593c9459b5,Autism,2016,autism,"It’s been a massive undertaking and has involved input and support from many stakeholders over the course of the last 18 months: - Input from his current teacher, principal and learning support teacher to inform funding and transition needs - Input from his ISTV (vision teacher) to identify his vision requirements - Advice from ASPECT to identify and address concerns with his autism diagnosis - Advice from Guide Dogs in relation to orientation and mobility issues with his vision - Advice from his speech therapist, occupational therapist and psychologist for his communication, self-regulation and anxiety requirements - Input from the high school to arrange transition visits, meetings, funding and understanding of his needs. There is so much I have yet to share but today I wanted to focus on the advice we’ve received from ASPECT in relation to Gilberts’s autism and his transition needs. I attended an ASPECT Positive Partnerships workshop back in August which helped me concentrate on the main areas of concern (his ability to organise himself and deal with the transition itself).",True,True,True,high,pilot,v0.4,mixed
pilot_0091,420b702e4e0ebf0e,ADHD,2017,adhd,"I have experience teaching a mixed level 9th grade classroom as well as training in education technique. In my education program at Brandeis University we discussed methods of focus coaching to help students learn how to Read more Modern Greek-Classics-History-Tours-Psychology-Counseling-Science I have experience with students and adults with ADHD/ADD as a substitute and later as a teacher for a number of subjects and grades K-12, especially 7-12, in public schools and parochial school. I have presented in national and international conferences on ADD/ADHD and I have published an article on ADD/ADHD personal blog on teaching Modern Greek to students with ADHD.",False,,,medium,pilot,v0.4,non_substantive_or_insufficient
pilot_0092,f3e8d9866354c881,ADHD,2017,adhd,"They can also use the linear Selected Items menu on top of each map to tour selected content. Disorders covered include ADHD, Alzheimer's Disease, Autism, Bipolar Disorder, Depression and Schizophrenia. Topics within each area include genes, biochemicals, cells, brain anatomy, cognition, and environment and include research articles, videos, glossary terms, and more.",False,,,high,pilot,v0.4,non_substantive_or_insufficient
pilot_0093,309dab88da55f9b4,ADHD,2021,adhd,"Group provide Practical and Emotional Support through a telephone helpline, as… Read more 25% ME Group21 Church StreetTroonAyrshireKA10 6HT 01292 318611 The site for and by adults with ADHD. The main aims of AADD-UK are raising awareness of ADHD in adulthood, advancing the education of professionals and the public at a national and local level in the UK to ensure that all adults with ADHD have… Read more The group offers a variety of games, crafts table and lots of ride-on toys. They have drinks for children and mums, with biscuits included in the cost.",True,False,True,medium,pilot,v0.4,lived_only
pilot_0094,fe074ddeba243bc3,Autism,2014,autism,"Flutie and his wife established, the ""Doug Flutie, Jr. Foundation for Autism"" in 1998 in the name of their son Dougie, Jr. to help less-fortunate families who have children with autism.",False,,,high,pilot,v0.4,non_substantive_or_insufficient
pilot_0095,b1b9dca448cab704,ADHD,2025,adhd,"While public healthcare systems provide assessment services, numerous people choose private ADHD assessments for many factors, consisting of lowered wait times and personalized care. This article will explore the complexities of private ADHD assessments, resolving their benefits, the examination process, and regularly asked questions to provide a well-rounded understanding of this crucial topic. What is ADHD?",True,True,False,high,pilot,v0.4,clinical_only
pilot_0096,fc3a3c74fa4cf7dc,ADHD,2021,adhd,"People generally say, “I WILL <fill in the blank>” For example: I will start exercising I will lose 10 pounds I will be more patient Well, those don’t work for me. So, here’s my COVID New Year’s Resolutions, taking into account my ADHD, which means, what I will NOT do, not what I WILL do. Because many of us with ADHD have this tendency, shall I say, to NOT want to be told what to do, even if it comes from ourselves.",True,False,True,high,pilot,v0.4,lived_only
pilot_0097,d9d1911496a7a1a4,Autism,2014,autism,"""Making them sit,"" she said, ""creates problems with behavior. "" Scarboro's interest in allowing movement in the classroom originated with her experiences with her own son, who was diagnosed with a mild form of autism. Her experiences volunteering at her son's school and her background in business and event planning informed her ""rogue"" teaching philosophy: Her classroom, she believes, is a lab.",True,False,True,high,pilot,v0.4,lived_only
pilot_0098,56305c93b22fa98a,Autism,2014,autism,"Little Social Life for Autistic Teens, Researchers Say About half never get called by friends or get invited out, study finds WEDNESDAY, Nov. 23 (HealthDay News) -- Teens with autism are far less likely than other teens to have a social life outside of school, a new study reports. U.",True,True,True,high,pilot,v0.4,mixed
pilot_0099,0b6156ccd64457a6,ADHD,2023,attention_deficit,"Strategies for Emotional Balance and Well-being Attention Deficit Hyperactivity Disorder (ADHD) is a neurodevelopmental condition that affects millions of adults worldwide. Individuals with ADHD often experience heightened emotional sensitivity, making them more prone to intense feelings of frustration and anger.",True,True,False,high,pilot,v0.4,clinical_only
pilot_0100,35c3962c6ee6b0a8,ADHD,2014,adhd,"SoulFriends SoulFriends is a portal for information, services and products on human potential, social fulfillment and spiritual actualization. fb tw ln Avoiding ADHD Insanity Laurie Dupar, PMHNP, RN, PCC, CPCC Albert Einstein once said…”Insanity: doing the same thing over and over again and expecting different results. ” Sound familiar?",False,,,medium,pilot,v0.4,non_substantive_or_insufficient
pilot_0101,3f190f9b9ca8f531,Autism,2026,autism,"And it’s a requirement that looks set to grow. In 2024/25, the number of apprentices recorded as having a learning difficulty or disability (LLDD), which includes autism, reached over 56,800, up by more than 18,000 on the 2020/21 number. Following a similar trend, the percentage of learners with LLDD in England increased by 9.",True,True,False,high,pilot,v0.4,clinical_only
pilot_0102,269b2760885e3673,ADHD,2025,adhd,"I'll keep this short and sweet, because ADHD! Whether you're newly diagnosed or have known for a century, Outsmart ADHD is the podcast for you. Join me and my guests as we explore the latest research, share personal stories, and provide actionable advice to help you live your best life with ADHD.",True,True,True,high,pilot,v0.4,mixed
pilot_0103,098eedb2bd8b1f8b,Autism,2018,autism_spectrum,"It’s delivered in a supportive and encouraging atmosphere, helping you to work towards improving the experience of all D/deaf and disabled people visiting or working in your centre. We cover: - The Equality Act 2010 and your responsibilities as service providers, types of Discrimination, the Social Model of Disability, and Reasonable Adjustments - Customer service awareness sessions: assisting people who are Blind or partially sighted, living with Dementia, Deaf or hard of hearing, neurodiverse or with an Autism spectrum condition, wheelchair users and people with limited mobility. - Marketing and communications – simple solutions!",True,False,True,medium,pilot,v0.4,lived_only
pilot_0104,3f3a8b7dea8164a6,Autism,2020,autism_spectrum,"The show follows seven single people with Autism navigating the tricky world of dating, and it’s being championed for how heartfelt and real it feels. So, what’s made the show such a hit, and how good is it at representing those who fall somewhere on the autism spectrum? Dr.",True,False,True,high,pilot,v0.4,lived_only
pilot_0105,24b724099b670131,ADHD,2014,adhd,Logo of National Resource Center on AD/HD Home · Register · NRC Library in Spanish Ask a Question About AD/HD Diagnostic & Treatment Guidelines Rating Scales and Checklists Professionals Who Diagnose and Treat ADHD Treatment Overview Medication Management Managing Medication for Children and Adolescents with ADHD (WWK3) Managing Medication for Adults with ADHD (WWK10) Managing Medicine for Children and Teenagers with ADHD (WWK 3 short version) Managing Medication in Adults with ADHD (WWK 10 short version) Books on ADHD Medications: NRC Staff Favorites Behavioral Treatment Complementary and Other Interventions Parent Education and Training Coexisting Conditions Frequently Asked Questions My child has been diagnosed with ADHD and I believe she may be eligible for SSI. What do I need to do to apply?,False,,,high,pilot,v0.4,non_substantive_or_insufficient
pilot_0106,b536e39d7160fff0,Autism,2022,autistic,"- Arabian Rose relies quite heavily on classic representations of the Middle East, roulette. - Dustin Hoffman was playing an autistic man whose mind didnt operate like yours and mine does, players should still find something that they are interested in spending their gambling money on. - Roulette payouts are also on a par with the standard, but he will connect a cause to it.",False,,,high,pilot,v0.4,non_substantive_or_insufficient
pilot_0107,e43921e2143c9b02,ADHD,2025,adhd,"Others may come from families where substance misuse was normalised; where reaching for a bottle or a pipe was how you coped with stress,” she explains. The centre sees a significant number of patients with undiagnosed ADHD or ADD, some of who discover that stimulant drugs like CAT or cocaine initially help them focus. This leads to dangerous cycles of self-medication.",True,True,False,medium,pilot,v0.4,clinical_only
pilot_0108,a56c228644e6ce1f,Autism,2017,autistic,"As a mum of three, I've seen a fair few. We've also had the chaos of costumes mixed in with two autistic boys. 'At least that won't be the case with Jane' I smiled to myself as I opened up the email.",True,False,True,high,pilot,v0.4,lived_only
pilot_0109,4142003c777dc526,Autism,2016,autism,"Ford Motor Company said it is launching a pilot program this week designed to employ people with autism. Through the initiative dubbed “FordInclusiveWorks,” the company said it will establish five new positions in product development that were “created to suit the skills and capabilities of people with autism. ” If successful, participants in the pilot program will ultimately enter Ford’s standard recruiting process, company officials said.",True,False,True,high,pilot,v0.4,lived_only
pilot_0110,4cc0985b040b15c2,ADHD,2022,adhd,The profile pairs this with the ability to pause animations and switch on our reading guide to make it much easier for the user to focus on the website content and therefore improve their entire experience. ADHD Comprehension adjustments for people with ADHD Challenge The worldwide prevalence of adult ADHD is estimated at 2. 8% of adults and 3% of children.,True,True,True,medium,pilot,v0.4,mixed
pilot_0111,a0405d0b8149a0c0,Autism,2026,autism,"Since engineering students learned engineering to contribute to society and develop creative and unique products, we took on the challenge of product development with the hope of specific results with social impact. Ikhyun Kwon Starting in early 2023, we interviewed parents of children with autism, ranging from infants to middle school students, in person and further observed children with autism up close at child development centers. Through observation, we intended to verify the theory that toys reduce children's stereotypic behaviors.",True,True,False,medium,pilot,v0.4,clinical_only
pilot_0112,2bb5df2a930f6b8d,Autism,2015,autism_spectrum,"- What are the implications for practitioners, parents and caregivers when interacting with young children? Clinically oriented, this book explores these questions through case studies that cover a range of developmental communication difficulties including autism spectrum disorders, hearing impairment and specific speech and language difficulties. It provides readers with a tool for profiling children’s intonation skills, a developmental phase model to explain typical and atypical intonation development, a psycholinguistic model of intonation processing, interactional perspectives on intonation use, and consideration of intonation in relation to both written and spoken language.",True,True,False,high,pilot,v0.4,clinical_only
pilot_0113,21e098e71388c9b6,Autism,2018,autism,"That’s not the case. Fanning’s portrayal of a young autistic woman is impeccable and quite possibly the best portrayal of Autism I’ve seen in a film in years. I have a Bachelor’s degree in Education, and I’m about to finish a Master’s degree in Education, so I have plenty of experience working with students on the Autism spectrum.",True,False,False,medium,pilot,v0.4,substantive_other
pilot_0114,6965160f75b2e76f,ADHD,2020,adhd,"They may struggle socially at school during the day and the same kids are even meaner on Discord,” he said. Patients with ADHD, depression, and anxiety are more susceptible to bullying. Also, Discord account age is set there.",True,True,True,medium,pilot,v0.4,mixed
pilot_0115,738c50222bceab1c,Autism,2020,autism_spectrum,"- To provide fellows with the training and mentorship required to launch an independent research career in developmental/neurodevelopmental disabilities. - To provide fellows with advance practice competency in assessing youth with neurodevelopmental disorders, including attention deficits, autism spectrum disorders, learning disabilities, intellectual disabilities, and regulatory problems, sometimes within the context of complex medical and/or psychosocial histories. Emphasis is placed on integrating the tenets of clinical psychology, developmental psychopathology, cognitive neuroscience, evidence-based interventions, and principles of child and family development.",True,True,False,high,pilot,v0.4,clinical_only
pilot_0116,7d5871f876cfa364,ADHD,2018,attention_deficit,"The Reading Well for children booklist contains 33 books covering topics relevant to the children of today, including grief, anxiety, bullying and staying safe online. In recognition of the potential impact of living with diagnosed conditions and physical disabilities, the booklist explores living well with conditions including Attention Deficit Hyperactivity Disorder (ADHD), Autism Spectrum Disorder (ASD), dyslexia, Obsessive Compulsive Disorder (OCD) and physical disabilities. The booklist is targeted at children in Key Stage 2 and includes titles suitable for a wide range of reading levels to support less confident readers, and to encourage children to read together with their siblings and carers.",True,False,True,high,pilot,v0.4,lived_only
pilot_0117,d78d612f04d445f6,Autism,2026,autism,"| https://abilisautism. com/ We offer a comprehensive range of services to support individuals and families living with autism. Our services include family consultation, Individual and Intensive Support Services (IISS), and respite care.",True,True,False,medium,pilot,v0.4,clinical_only
pilot_0118,a37cbd2b6d8d28f5,Autism,2016,autism,"Spandana Kommuri, a counselling psychologist. The session focussed on the developmental challenges in children that are spread across a varied spectrum ranging from dyslexia, autism to ADHD. The workshop was designed to create the much needed awareness in the teaching community to help teachers identify different developmental challenges.",True,True,False,high,pilot,v0.4,clinical_only
pilot_0119,9989a56aa9cbfb36,Autism,2025,autism,"Fundraising Tools Go Mobile Manage and share your Autism Speaks TeamUp experience on the go with our newly-updated mobile app. This FREE app lets you fundraise and connect with others through social media and email, update your web pages and check your fundraising progress—all from the palm of your hand.",False,,,high,pilot,v0.4,non_substantive_or_insufficient
pilot_0120,22771975db3b028c,ADHD,2024,adhd,"isteners with highly actionable tools to assess and improve their attention to specific tasks and task-switching capacity and to enhance their overall productivity. Journal Articles - Working Memory Capacity Predicts Dopamine Synthesis Capacity in the Human Striatum (The Journal of Neuroscience) - Inverted-U–Shaped Dopamine Actions on Human Working Memory and Cognitive Control (Biological Psychiatry) - Cognitive Deficit Caused by Regional Depletion of Dopamine in Prefrontal Cortex of Rhesus Monkey (Science) - The dopamine agonist bromocriptine differentially affects fronto-striatal functional connectivity during working memory (Frontiers in Human Neuroscience) - Increased dopamine tone during meditation-induced change of consciousness (Cognitive Brain Research) - Human physiological responses to immersion into water of different temperatures (European Journal of Applied Physiology) - The Effect of Binaural Beats on Visuospatial Working Memory and Cortical Connectivity (PLOS ONE) - Tyrosine Improves Working Memory in a Multitasking Environment (Pharmacology Biochemistry and Behavior) Resources Huberman Lab Episodes Mentioned - Understand & Improve Memory Using Science-Based Tools - ADHD & How Anyone Can Improve Their Focus - Adderall, Stimulants & Modafinil for ADHD: Short- & Long-Term Effects - Leverage Dopamine to Overcome Procrastination & Optimize Effort - Controlling Your Dopamine For Motivation, Focus & Satisfaction People Mentioned - Donald Hebb: Psychologist, influential contributions to understanding of learning - Mark D’Esposito: Psychology Professor at the University of California, Berkeley Join 800,000+ subscribers to get regular emails on neuroscience, health, and science-related tools from Dr. Andrew Huberman.",False,,,medium,pilot,v0.4,non_substantive_or_insufficient
pilot_0121,1ed0f59f35dd7cd9,ADHD,2025,adhd,"subject area of - COGNITIVE-ABILITIES OF CHILDREN AT 7 AND 12 YEARS OF AGE IN THE COLORADO-ADOPTION-PROJECT Journal Article - Causal models of reading disability: A twin study Journal Article - Characterization of the DYX2 locus on chromosome 6p22 with reading disability, language impairment, and IQ Journal Article - Comorbidity of reading disability and attention-deficit/hyperactivity disorder: differences by gender and subtype. Journal Article - Differential genetic etiology of reading disability as a function of IQ Journal Article - Genetic Covariation Between Brain Volumes and IQ, Reading Performance, and Processing Speed Journal Article - Genotype by Environment Interactions in Cognitive Ability: A Survey of 14 Studies from Four Countries Covering Four Age Groups Journal Article - Greater attention problems during childhood predict poorer executive functioning in late adolescence Journal Article - Reaction Time Variability Associated with Reading Skills in Poor Readers with ADHD Journal Article - Relationship between intelligence and the size and composition of the corpus callosum Journal Article - Testing for neuropsychological endophenotypes in siblings discordant for attention-deficit/hyperactivity disorder Journal Article - The heritability of general cognitive ability increases linearly from childhood to young adulthood Journal Article",False,,,medium,pilot,v0.4,non_substantive_or_insufficient
pilot_0122,41bc82222abcd1be,Autism,2016,autism,"You are very generous with your time and support of your community through different charities. You participate in Autism Speaks and Cure Autism Now, LA Loves Alex’s Lemonade, Wolfgang Puck Cancer Society Event and the Chef’s Ride for No Kid Goes Hungry. What is it about these charities that inspire you?",False,,,high,pilot,v0.4,non_substantive_or_insufficient
pilot_0123,e5efd1000293bb15,ADHD,2020,adhd,"Additionally, I have worked with those seeking a deeper understanding of themselves or looking to explore how their past experiences have influenced their present. Feelings of stress or anxiety Panic attacks Relationship problems Grief, loss or bereavement ADHD Trauma and post-traumatic stress Abuse Depression Problems with confidence or self-esteem Anger management Issues relating to sexuality Difficulties at work or in retirement Family issues My dedicated therapy room is situated in the peaceful village of Doveridge, Derbyshire, just a short drive from Uttoxeter. I am easily accessible just off the A50 from Ashbourne, Derby, Burton on Trent, Stoke on Trent, Stafford and Staffordshire.",False,,,high,pilot,v0.4,non_substantive_or_insufficient
pilot_0124,a9b1f955c1af96f3,ADHD,2025,adhd,"Recommended Articles - Ukraine wary of Putin's Easter truce and says it will reciprocate only a genuine ceasefire - BRDB and Award-Winning Heatherwick Studio to Unveil Community-Focused Development in Damansara Heights - Alvinology - The camera I recommend to most new photographers is not a Nikon or Sony - The lasting impact of paternal depression on children - 3 Underrated Peacock Movies to Watch This Weekend (April 11-13) - This Week In Space podcast: Episode 154 — The View From On High - The Best Cheap Smart Gadgets CNET Editors Use In Their Own Homes - Rap sheets of cartel thugs Trump can't deport due to liberal judges - Want to retire a millionaire? Experts reveal tips to boost your 401(k) - After the Vote: Moonlake Lee's Call for a Singapore That Sees ADHD Differently - Mary Fowler’s ACL injury leaves Matildas facing up to Asian Cup without key weapon | Joey Lynch - Baby boomers urged to stay in work as ‘70 is the new 50’ - Trump's attacks on Powell threaten the Fed's independence. Here's why it matters - Survivor's Boston Rob and Amber Celebrate 20 Years Together - The former banker-turned-YouTube star who makes his living 'provoking' - MATCH FACTS: Burkina Faso and Zambia clash in quarter-finals of TotalEnergies CAF U17 Africa Cup of Nations, Morocco 2025 - Wordle today: Answer, hints for April 12, 2025 - Digital twins: propelling sustainable data centers - I tested LG's new ultrathin 2-in-1, and it handles creative workloads like a dream - US senator introduces conflict of interest bill aimed at Elon Musk - Australia/New Zealand Self-Storage Operator Abacus Storage King Receives $1.",False,,,high,pilot,v0.4,non_substantive_or_insufficient
pilot_0125,bb06b85007e282f3,Autism,2020,autism,"Some OC parents rejoice after California gives green light to youth sports with restrictions The Harris family isn't alone. Autism advocacy organization, Autism Speaks, says they're receiving a huge number of calls for help. Their Autism response team has answered more than 1,600 calls, emails and chats to provide support and point families to resources.",True,False,True,medium,pilot,v0.4,lived_only
pilot_0126,3d998e3b373a6e6c,ADHD,2019,adhd,"I struggled all through school and never had that feeling I could do this or that I was capable and I don’t want any one to feel like that so by teaching I get to show kids how amazing they are !! I have worked with all types of students age range K-college freshman, I have worked with learning disabilities, autistic, special education , adhd, behavior challenges , Honor students. I have worked in homes, school classroom, afterschool homework and individual tutoring k-8, summer camp , at library.",False,,,low,pilot,v0.4,non_substantive_or_insufficient
pilot_0127,76642c4aea75c7a3,Autism,2016,autism,"One thing I’ve been really impressed with when it came to University life this year is the number of organisations that are constantly working together to raise awareness on various social issues in need of discussion. Keeping up with the theme of the autism awareness month, four university organisations namely MHSA, SIERA, KSU and BETAPSI got together with Inspire in organising a very interesting and hands-on event entitled Autism Awareness. Join Kwadranglu’s Johann Agius as he discusses the work done by the incumbent KSU Executive with Becky Micallef and Andrew Borg Wirth.",False,,,medium,pilot,v0.4,non_substantive_or_insufficient
pilot_0128,cb971da47148bd4e,Autism,2024,autism,Explore how ABA for autism and sleep disorders can improve sleep quality and overall well-being for your loved ones. Explore how ABA for autism and sleep disorders can improve sleep quality and overall well-being for your loved ones.,True,True,False,high,pilot,v0.4,clinical_only
pilot_0129,d77650a2f7a19a4b,Autism,2021,autism,"More information on the Letchworth-Geneseo Experience. Field Trip Opportunities - Professor Jo Kirk's Apple Farm - Explore the eGarden (Geneseo's energy garden) with Physics Professor Steve Padalino and Dan DeZarn, Director of Sustainability - Nikola Tesla's Hydroelectric Dam in Niagara Falls, the first of its kind, built in 1895 - Museum of Play in Rochester, NY - Geneseo's War Plane Museum, just minutes from the college - Worm Power - a Worm Farm located 10 mi from the campus in Avon, NY Peer Education Opportunities - Math and Physics Tutor designated for Tesla House and holds office hours in the Residence Hall - TAs for various courses hold office hours in Monroe Hall - Collaboration with Eco House students - Geneseo Central Schools Math, Science, Technology Fair judges - Autism Nature Trail (ANT) volunteerism in Letchworth State Park Questions or Concerns? Meg Reitz, PhD, Associate Director of Residence Life for Educational Initiatives Phone Number: 585-245-5726 Email: reitzm@geneseo.",False,,,high,pilot,v0.4,non_substantive_or_insufficient
pilot_0130,45e56715578a6c74,Autism,2021,autistic,"Local charities such as Pennyhooks Farm Trust have also benefited from your support. In 2017 it was awarded £7,429 to create conservation areas, such as ponds and orchards, around the farm that help develop the knowledge and skills of its autistic students. If you're not playing yet, let us show you How People's Postcode Lottery Works.",True,True,False,high,pilot,v0.4,clinical_only
pilot_0131,651e1a3320cc6121,Autism,2018,autism,"Spectrumly Speaking is also available on: iTunes | Stitcher | SoundCloud IN THIS WEEK’S EPISODE: (33 mins) In this episode, host Becca Lory, CAS, BCCS and guest co-host Dena Gassner welcome back Kelly Mahler MS, OTR/L. As you may recall, Kelly is an occupational therapist and autism consultant, supporting school-aged children and young adults. She is also co-founder of Destination Friendship, an organization dedicated to providing multidisciplinary social skill groups within the community.",False,,,high,pilot,v0.4,non_substantive_or_insufficient
pilot_0132,a2cf86af8010bedf,Autism,2025,autism,"'Tracker' Season 2, Episode 18 premiere time and more - NBA: Cavs sweep Heat in most lopsided series in playoff history - Meta faces Ghana lawsuits over impact of extreme content on moderators - MIT's free bitcoin experiment now valued at $110 million - Frank Lloyd Wright thought it was a ‘curse’ — but there’s nothing more American than a porch - Best Internet Providers in Kansas City, Missouri - MIT's McGovern Institute Transforms Brain Science Globally - Sisaket family seeks justice after decade of son's abuse - Ashley Cain shares new baby plans after becoming a dad for third time - 'Love on the Spectrum' Stars Condemn RFK Jr. 's Controversial Autism Comments - Severe Weather Threat Monday - MATCH PREVIEW: Inter Miami CF Back Home to Host FC Dallas | Inter Miami CF - GE2025: Over 900 fake Facebook accounts posted 5,000 comments in a day targeting news coverage of foreign interference - Fedtrade® Podcast – Anders Victor, Economic Development Partnership of North Carolina – SelectUSA Spotlight | JD Supra - How many bushels of scallops do you think Nantucket hauled in this year? Hint: It's a lot - Tesla says it has launched ride-hailing Robotaxi teaser to employees only - Prosus CEO see shakeup coming for Europe’s delivery apps | Business - China says PH creating 'disturbances'; PH stands firm in exercising rights in WPS - ‘Overcompensating’ Sets Trailer; Lukas Gage, Megan Fox and Bowen Yang to Guest Star (TV News Roundup) - Rochelle and Marvin Humes lead celebs celebrating Easter Sunday in style - Icy “Blue Tint” Accents The Nike Zoom Spiridon Cage 2 - Ikea's Smart Lights Offer Excellent Performance, and They Cost Up to 80% Less Than Philips Hue - This Rare Metabolic Condition Causes Your Body To Produce An Odor That Smells Like Rotten Fish - Mark Carney Wins Canada’s Federal Election as Trump’s Shadow Looms - More than 50 fall",False,,,high,pilot,v0.4,non_substantive_or_insufficient
pilot_0133,2b55bb29f97a83ec,Autism,2025,autism,"We want to help you get back to doing the things you love, or at least make them a bit easier, so you can still have a good time. Autism Care: Look, the world can be a bit full-on, right? We help you figure things out, build your skills, and get out there in your community.",True,False,True,medium,pilot,v0.4,lived_only
pilot_0134,383ca12c53f3902f,Autism,2018,asd_disambiguated,"Take Care: What to know about children with autism How the senses affect children living with ASD In order to do everyday tasks, our brain needs information to be able to think, problem solve, plan and organize. That information comes in through our senses (sight, hearing, touch, taste, smell, balance and movement), and is quickly sorted and distributed throughout the brain.",True,True,False,medium,pilot,v0.4,clinical_only
pilot_0135,23603e4645f3a561,Autism,2018,autism,The government's Think Autism strategy is poised to change the way NHS medical professionals provide care for patients with autism spectrum disorders . The NHS is constantly undergoing various evolutions and operational changes to ensure patients can receive the best possible quality of care.,True,True,False,high,pilot,v0.4,clinical_only
pilot_0136,4fce193edcebfa90,ADHD,2018,adhd,"What's the secret hidden in his heart? He's incarnation looked at me, and suddenly there Cbd Oil For Adhd Reviews of feeling in his heart Sanqing was transformed by Pangu's essence and spirit It is Effects Of Cbd Oil On The Brain say that the three of them represent Pangu's will. Mr.",False,,,high,pilot,v0.4,non_substantive_or_insufficient
pilot_0137,23d873080c1fe258,ADHD,2021,adhd,"Almost no one loves meetings. But for those of us with ADHD, meetings—especially poorly run meetings—can be nothing short of torture. Well-run meetings, on the other hand, can actually be a helpful antidote to our tendency to multi-task (which of course we can’t actually do).",True,False,True,high,pilot,v0.4,lived_only
pilot_0138,c0ca972f4bdedbfd,ADHD,2021,adhd,"Sour Chocolate marijuana induces uplifted, sleepy, and creative feeling. It can be tricky to find a marijuana strain that truly helps ADHD sufferers, but Chocolate Thai seems to be a common solution. The locals used to smoke it in Thai sticks, sort of like a bamboo skewer of cannabis buds.",True,True,False,high,pilot,v0.4,clinical_only
pilot_0139,1766f424ffe8706b,Autism,2017,autism,"Our programme is called transforming care and is all about making health and care services better so that more people with a learning disability, autism or both can live in the community, with the right support, and close to home. The Chair of the Children and Young People Steering Group updates on how the NHS is transforming care for children and young people with learning disabilities, autism or both who have behaviours that challenge and, or, a mental health condition: It’s nearly a year since I began in my role as the Independent Chair of […]",True,True,True,high,pilot,v0.4,mixed
pilot_0140,aa4f27c2ea663e36,ADHD,2014,adhd,"I wondered how much screen time (TV, video games, ipod.. ) folks tend to let their ADHD child have during school days and weekends. It seems my child just craves it, and can’t even stop himself when he’s had WAY too much.",True,False,True,high,pilot,v0.4,lived_only
pilot_0141,fc9a595b907e1c77,Autism,2017,autism,"The old board, which was made up of patients and medical professionals from various parts of the industry, including a medical ethicist, neurologist, pediatrician, pharmacist, oncologist, two nurses, and a primary care physician, recommended the state’s Department of Public Health director add at least a dozen new qualifying conditions to the program. Those conditions included autism, chronic pain syndrome, irritable bowel syndrome, PTSD, chronic pain due to trauma, chronic postoperative pain, intractable pain, migraines, and osteoarthritis. Temple says all recommendations made by the board to Shah were summarily rejected and several were rejected multiple times, a sentiment shared by Fine and Champion as well.",True,True,False,high,pilot,v0.4,clinical_only
pilot_0142,42d14a37a0e0ebfd,ADHD,2018,adhd,"Goethe also noted another study that showed that the number of office visits by children and teens that included antipsychotic drug prescriptions rose 600% from 1993 to 2002. “The obvious second-generation bias is very apparent in these data, as is the irrational use of antipsychotics for indications such as PTSD and ADHD for which there is no controlled evidence whatsoever that these are safe or effective treatments,” says Dr. Bruce Perry, senior fellow at the ChildTrauma Academy in Houston.",True,True,False,high,pilot,v0.4,clinical_only
pilot_0143,2272bd2334bfafce,Autism,2018,autism_spectrum,If she has it does it mean that other people in my family are likely to get it too? Answer Asperger's syndrome is one of several conditions that fall into what we call the 'autism spectrum. ' This simply means that there are gradations of autism symptoms.,True,True,False,high,pilot,v0.4,clinical_only
pilot_0144,f0983bd059bc2704,ADHD,2016,adhd,"n Stubbs for research in persistent pain and serious mental illness - Knowing what we don’t know: How statistics can help autistic people to live their best life - August - New funding for innovative neuroimaging research - Words don’t come easy: identifying perinatal self-harm in healthcare records - Problems in thinking and attention linked to COVID-19 infection - Opportunity for researchers to consult with new Race and Ethnicity Advisory group - Exposure to air pollution linked with increased mental health service-use, new study finds - Maudsley Hospital and King’s College London’s National Addiction Centre light up purple to raise awareness for International Overdose Awareness Day - September - An interview with Charles Curtis - Join our Adolescent Mental Health Advisory Group - Common factors within the gut associated with depression and bipolar disorder - SURE Recovery App – two years on after its launch - Using CRIS to map the impact of the COVID-19 pandemic – service user and carer priorities - Genetic risks for depression differ between East Asian and European groups - October - Excess deaths in people with mental health conditions increased during the COVID-19 pandemic - ADHD Awareness Month: Developing neurofeedback as a new treatment for ADHD - Genetic risk of mental health conditions may influence where people choose to live, study suggests - Eating disorders are just as likely to start in adulthood as childhood, report finds - November - An interview with Dr Charlotte Tye - NIHR: Your Path in Research - Rett Syndrome Awareness Month - Using MRI to investigate the brain response to inflammatory stimuli - MANTRA training developed at SLaM to be rolled out to adult eating disorder services across the UK - Six years of memory decline seen in anxious, depressed older people during pandemic - An interview with Dr Katherine Young - The silent and widely impacting cost of Vulvodynia: lessons learned and future recommendations - What can research tell us about engaging adolescent boys into school-based mental health workshops? - December - Diagnosis of depression in adolescents can negatively impact educational performance, study shows - Using neurofeedback as a means of treating feelings of self-blame in depression - Review looks at benefits and barriers following shift to remote mental health services during pandemic - What is treatment-resistant depressi",False,,,high,pilot,v0.4,non_substantive_or_insufficient
pilot_0145,1b59ec7e97dfb904,ADHD,2016,adhd,"Or get used to a life of prison orange? A graduate of Morehead State University with a Master's degree in Communications, she's a PI wannabe and recently joined the Citizen's Police Academy in her hometown but daily stops crime and kills bad people through the fictional ADHD character of Darcy Walker. If the FBI ever checks her computer, she'll be wearing prison-orange due to the graphic and disgusting ""wiki"" articles she looks up...",False,,,medium,pilot,v0.4,non_substantive_or_insufficient
pilot_0146,38fcb8b7fa578cdd,Autism,2022,autistic,"1. Change in routine Autistic need for predictability Different work schedules, different weather, different decorations everywhere, different responsibilities... Every non-normal thing means my brain is doing extra work and is one step closer to shutting down.",True,False,True,high,pilot,v0.4,lived_only
pilot_0147,c04cdb206d0cd2bd,Autism,2018,autism,Prince Bayo Overcomes for the G Salvatore Fashion Showcase [Video] Prince Bayo is known as the Autistic Prince because he has to deal with autism and ADHD. He has been battling autism and ADHD his entire life. When he performs or is in large crowds his anxiety levels can rise above tolerable levels.,True,False,True,high,pilot,v0.4,lived_only
pilot_0148,16cb864a38a8c7e0,Autism,2024,autism_spectrum,"- - The Pediatric Asthma Program at Mass General for Children provides diagnosis and treatment for all children with asthma with particular focus on difficult-to-control asthma, diagnostic dilemmas and second opinions. - - Aspire offers teens and adults with a high cognitive autism spectrum disorder or related social profile a variety of ways to learn independent living skills, develop positive relationships and support successful transitions. - - MGH Aspire's child programs offer children and young adolescents with high-cognitive autism spectrum disorder or related profile, a variety of opportunities to develop and practice key skills in naturalistic childhood contexts.",True,True,True,high,pilot,v0.4,mixed
pilot_0149,096cc413bb151ff0,Autism,2024,autism,"He has extensive experience as a health educator, curriculum developer and special education teacher. He recently authored a blog for Seattle Children’s on supporting students with autism navigating puberty and sexual health education. Brett also recently provided training for our district special educators and nurses.",True,False,True,medium,pilot,v0.4,lived_only
pilot_0150,9a766725e0e0e338,Autism,2023,autism,"One in 44 children is diagnosed with autism, according to the CDC. More boys are diagnosed than girls are; the average age of an autism diagnosis for boys is just over three years, while the average age for girls is four years.",True,True,False,high,pilot,v0.4,clinical_only
pilot_0151,4ebe0fe082e71f58,Autism,2025,autism,"So it saves lives. The measles vaccine shouldn’t be related to dying, encephalitis, autism, or long-term opposed results. ” Nonetheless, Kennedy has reportedly appointed vaccine critic David Geier, whose analysis on vaccines and autism has been discredited by judges and medical professionals alike, to check information on the security of the MMR vaccine and a hyperlink to autism—although scientists say any connection has been debunked for many years.",True,True,False,high,pilot,v0.4,clinical_only
pilot_0152,842e2a21f3e80883,ADHD,2024,adhd,"Again, we talked about the irritability, the higher levels of anxiety. We even see ADHD increase, depression increase. I want to say it’s like over 60% of women start to experience depression and perimenopause.",True,True,False,high,pilot,v0.4,clinical_only
pilot_0153,1802c3a863c369fc,ADHD,2017,adhd,"T INFORM PUBLIC estrace cream generic price HEALTH RESPONDERS TOO. Most of the sponsors or the US Department of State, Bureau of Consular Affairs, Country Information page for details about the hospitalization rate this season, as has been relatively plateaued over a specified period to estimate how many children with ADHD and about healthy eating. To summarize, viral suppression is for identification only and is approved for use during their work, they should stay home from the bulk container.",False,,,medium,pilot,v0.4,non_substantive_or_insufficient
pilot_0154,063d82c9d0e2fc37,Autism,2025,autism_spectrum,"In fact, research shows us that there is a strong link between ADHD and insecure attachment. 6Autism and Insecure Attachment in Teens According to the CDC, roughly one in every thirty-one children is diagnosed with autism spectrum disorder (ASD). 2 This neurodevelopmental condition can cause significant challenges when it comes to social tasks like communicating and interacting with others.",True,True,False,high,pilot,v0.4,clinical_only
pilot_0155,de1d161afceeb39a,Autism,2014,autism,"Vaccines cause autism. Or, is it vaccines result in autism?",True,True,False,high,pilot,v0.4,clinical_only
pilot_0156,efea39745e6f9e76,Autism,2024,autistic,You might find the following information and resources useful for yourself or for people close to you. Autism Resources for Adults One of the best websites for general information about autism spectrum conditions can be found on the National Autistic Society website – www. autism.,False,,,high,pilot,v0.4,non_substantive_or_insufficient
pilot_0157,6b57ab08f4515ff5,ADHD,2019,adhd,"Discovered it by accident when I was staying in a place with no AC, and haven’t looked back since"" - HalloIchBinToad ADHD Obsessions ""Anything I like. I have ADHD and no self control"" - goyourownwayy ""I have ADHD and I obsess over food too! Will eat the same thing for days until I don't like it anymore.",True,False,True,high,pilot,v0.4,lived_only
pilot_0158,ce34acb759e0f16c,ADHD,2014,adhd,"She remembers that teachers called home on a daily basis to tell her parents she was not paying attention in class. Now, at the age of 23, Diany has finally been diagnosed with the cause of her problems – ADHD. Levy is not alone.",True,False,True,high,pilot,v0.4,lived_only
pilot_0159,fbca8136fa9dd88d,ADHD,2014,adhd,"It isn't my fault if her life is not where she wants it to be and it is not... - My Ds8 adhd but on meds - always gets needs improvement on managing time, organization, etc. can he get services from the school?",True,True,True,high,pilot,v0.4,mixed
pilot_0160,0faf6c9350898eef,ADHD,2015,adhd,and has directly resulted in three sudden job losses. Perpetrators are exploiting my gay lifestyle and consequential Bipolar / ADHD behaviors to inflict revenge. See Fictitious Criminal Record See Side by Side Facebook Pics U.,True,False,True,medium,pilot,v0.4,lived_only
pilot_0161,0244078ff00f19bd,ADHD,2026,adhd,"Why are they reacting this way? Parents of children with ADHD, anxiety, OCD, ASD, or PANS/PANDAS often face emotional and behavioral extremes that can feel impossible to manage. You’re not alone in this.",True,False,True,low,pilot,v0.4,lived_only
pilot_0162,9f80039044621b19,ADHD,2019,attention_deficit,"Beside a potential role in excitement, norepinephrine may be linked to other aspects of gambling disorder. For example, the activity of noradrenergic influences the function of the prefrontal cortex and networks of attention back, and drugs (for example, transport inhibitor of norepinephrine atomoxetine and agonists, alpha-2 adrenergic agonist clonidine and guanfacine) acting via mechanisms blockers have been shown to be effective in the treatment of attention deficit disorders – ADHD(23). It has been proved that adrenergic drugs influence specific aspects of impulse control in animal and human studies(24).",True,True,False,high,pilot,v0.4,clinical_only
pilot_0163,5356dfa41027b58a,ADHD,2023,adhd,"rstanding and Managing Anxiety: Strategies for a Better Life - A Comprehensive Guide to Medical Cannabis for Lower Back Pain Relief - Demystifying Fibromyalgia: Symptoms, Diagnosis, and Treatment - Understanding Medical Cannabis Prescriptions in the UK for Chronic Pain and Anxiety - A Comprehensive Guide to Medical Cannabis in the UK for Chronic Conditions - Medical Cannabis: Unlocking the Potential Health Benefits and Risks - Navigating the Landscape of Medical Cannabis in the UK: A Comprehensive Guide - Exploring the Spectrum: Understanding Medical Cannabis Strains - Unlocking Nature's Potential: The Journey of Medical Cannabis Seeds - Navigating the Legal Landscape: Understanding Medical Cannabis Laws - Navigating the Legal Landscape: Understanding Medical Cannabis Laws - Navigating the Roads Safely: Understanding the Implications of Medical Cannabis and Driving - Exploring the Costs of Medical Cannabis: Understanding Affordability and Accessibility - Empowering Patients: The Role of Medical Cannabis Clinics in Holistic Healthcare - Finding Calm in the Storm: Exploring the Potential of Medical Cannabis for Anxiety - Finding Focus: Exploring the Potential of Medical Cannabis for ADHD - Does Marijuana Cause Kidney Stones? Understanding the Benefits and Risks - Marijuana and Pregnancy: Risks and Safety of Medical Cannabis Use During Pregnancy - What Does Medical Marijuana Treat?",False,,,high,pilot,v0.4,non_substantive_or_insufficient
pilot_0164,78cc29f28231a0c8,ADHD,2020,adhd,"Description: This link includes the conference sessions and downloadable materials from the 8th Annual Special Education Conference (Fairfax County Public Schools). Topics include: transition (post-secondary, preschool), executive functioning, reading (middle and high school), medicaid waivers, online textbooks, ADHD, Apps, depression and suicide prevention, bullying, stress, inclusion, mathematics, dyslexia, mentoring, communication to enhance the IEP Process, Down Syndrome, VA Assessment options, child... Description: The SETT Framework is a four part model intended to promote collaborative decision-making in all phases of assistive technology service design and delivery from consideration through implementation and evaluation of effectiveness.",False,,,high,pilot,v0.4,non_substantive_or_insufficient
pilot_0165,c760eeaebaf0f455,ADHD,2023,adhd,S lecture so she just descended slowly ready to turn back at any time today s festival atmosphere is noisy and noisy cigarettes the pilgrims who were walking down the mountain could not keep their eyes open while liu yanying. Ruilin rui lin only said sister yanying you cbd oil and adhd reddit are dishonest liu yanying raised the fan and hit who is dishonest I did it as a last resort she lowered her voice does the third master already know ruilin laughed when you got in. Lu jingyan saw that she was pretending to be mysterious and asked with a chuckle why don t you tell me lu yunzhen pursed her lips a little smug I ll say it let s just say it cbd oil companies to invest in my mother opened up her words in rongchunyuan today.,False,,,high,pilot,v0.4,non_substantive_or_insufficient
pilot_0166,e20f7096b1416ec8,Autism,2019,autism,"This online short course will enable learners to gain a general awareness of the causes of distressed behaviour, along with an understanding of appropriate ways to support a child displaying distressed behaviour. Furthermore, learners will consider how other characteristics such as mental health, learning disabilities and sensory processing or autism conditions can play a role in distressed behaviour being displayed by a child. Finally, learners will gain an understanding of how current UK legislation underpins approaches to providing support for a child who displays distressed behaviour.",True,True,False,high,pilot,v0.4,clinical_only
pilot_0167,b2231de919fde105,Autism,2023,autism,"Even after the grift went bankrupt, claimants were screwed by lawyers, IRS, and now even the bankruptcy court, as everyone who didn’t make money in crypto itself, is determined to extract every single cent of value… twitter. com/i/web/status/1… — Autism Capital 🧩 (@AutismCapital) Dec 16, 2023 Bitcoin is the 16th largest currency in the world Tether is the 22nd largest holder of US T-Bills Crypto didn't die, it became an important part of the financial world, amassing more capital than most countries. — BowTiedNightOwl (@BowTiedNightOwl) Dec 16, 2023",False,,,high,pilot,v0.4,non_substantive_or_insufficient
pilot_0168,d3d449761da44519,ADHD,2024,adhd,"See below for examples. Specialties on BetterHelp include: - Cognitive behavioral therapy - Behavior therapy - EMDR therapy - Talk therapy - Depression - Anxiety disorders - Stress - Eating disorders - Grief - Attachment therapy - Relationships - Children, adolescents, and teens - Addiction (substance abuse) - Divorce - Trauma or PTSD - Bipolar disorder - Psychodynamic treatment - Career counseling - Alcohol use disorders - OCD - ADHD - Mood disorders - Sex addiction - Complex trauma - Life transitions You may also be struggling with relationship problems that could be addressed in couples therapy or with a sex therapist. In that case, you may choose to work with one of BetterHelp's experienced cognitive-behavioral therapists or licensed marriage family therapists (LMFT) who work with clients in relationships.",False,,,high,pilot,v0.4,non_substantive_or_insufficient
pilot_0169,71f39d7d73b7556f,ADHD,2021,adhd,"And while neurotypical boys are 2. 6X more likely to have ADHD than neurotypical girls, the ratio dropped within the ASD population. Boys with Autism are just 1.",True,True,False,high,pilot,v0.4,clinical_only
pilot_0170,c0cb12dfbf67b219,Autism,2021,autistic,"Read the story. • Days after the suicide of 10-year-old a Black and autistic Utah schoolgirl, the church sent an email urging members to “be inclusive, not just accepting. ” Some say the message represents yet another step by the Salt Lake City-based faith to confront racism more directly.",False,,,high,pilot,v0.4,non_substantive_or_insufficient
pilot_0171,518d561846590109,ADHD,2015,attention_deficit,"For example, they can slow down the working of the thyroid gland, or they can completely unbalance the entire digestive system so that it no longer works effectively. Research is being conducted to see the effect of metals and chemicals on children who are diagnosed as Attention Deficit Disorder. We are only beginning to learn about the effects of chemicals and metal residues in the body.",True,True,False,high,pilot,v0.4,clinical_only
pilot_0172,5d2af6c9de2e4dc7,Autism,2016,autism,"Book review: ‘Benjamin Breaking Barriers; Autism, A Journey of Hope,’ by Malva Freymuth Tarasewicz August 6, 2016 Navigating the increasingly fast-paced world of the average American childhood can be overwhelming for any youngster. Societal expectations are higher than ever and children have to learn early how to juggle school, extracurriculars, and the often sobering and intimidating landscape of socialization and peer group assimilation.",False,,,medium,pilot,v0.4,non_substantive_or_insufficient
pilot_0173,cfda3c6be005a29e,ADHD,2017,adhd,Top 5 Best adhd organizer for adults for sale 2017 It's perfect timing to buy the best adhd organizer for adults since you got to this page. Go through the list below of our top 5 best adhd organizer for adults that you can choose.,False,,,high,pilot,v0.4,non_substantive_or_insufficient
pilot_0174,9fac9474bd6e584f,Autism,2026,autism,"In fall 2012, Erin began work as an adjunct professor of music therapy at Ohio University in Athens, Ohio. Erin is a neurologically trained music therapist serving a variety of populations including the terminally ill, individuals with autism and developmental disabilities, geriatric adults, patients receiving obstetric and general hospital care and children experiencing grief. Her thesis research focused on collaboration, exploring the collaborative terminology and the teaching models used to train upcoming professionals in collaborative work.",False,,,medium,pilot,v0.4,non_substantive_or_insufficient
pilot_0175,f365173f0312d8aa,Autism,2023,autism,"In a ceremony held last 27 June at CSIC headquarters in Madrid, the members of CSIC who had received a highlighted distinction in 2018 were personally congratulated… Read moreCésar Moreno and Aitor Mugarza received the third prize of La Vanguardia de la Ciencia award of 2018. Together with a test to predict response to immunotherapy drugs against cancer and a research on the origins of autism, the nanoporous… Read moreThe porous graphene membrane synthesised by researchers from the Institut Català de Nanociència i Nanotecnologia (ICN2, a centre of BIST and CSIC), the Centro Singular de Investigación en Química Biolóxica e Materiais Moleculares (CiQUS) and the Donostia International Physics Center… Read moreThis year's Science Week (9-18 November 2018) had a special flavour because of the 100 anniversary of Prof. Richard Feynman’s birthday (1918-1988).",False,,,medium,pilot,v0.4,non_substantive_or_insufficient
pilot_0176,388f3d271e8360cb,Autism,2014,autism,Refine Your Search Zips: Issues: - ADHD - Academic Underachievement - Addiction - Adoption - Alcohol Abuse - Alzheimer's - Anger Management - Antisocial Personality - Anxiety - Asperger's Syndrome - Autism - Behavioral Issues - Bipolar Disorder - Borderline Personality - Career Counseling - Child or Adolescent - Chronic Impulsivity - Chronic Pain - Chronic Relapse - Codependency - Coping Skills - Depression - Developmental Disorders - Divorce - Domestic Abuse - Domestic Violence - Drug Abuse - Dual Diagnosis - Eating Disorders - Emotional Disturbance - Entitlement - Family Conflict - Gambling - Grief - Infertility - Internet Addiction - Learning Disabilities - Life Coaching - Medical Detox - Medication Management - Mental Retardation - Narcissistic Personality - Obesity - Obsessive-Compulsive (OCD) - Oppositional Defiance - Parenting - Peer Relationships - Relationship Issues - Self Esteem - Self-Harming - Sex Therapy - Sexual Abuse - Sexual Addiction - Sleep or Insomnia - Spirituality - Substance Abuse - Suicidal Ideation - Teen Violence - Testing and Evaluation - Trauma and PTSD - Traumatic Brain Injury - Video Game Addiction - Weight Loss Common Issues: Sexuality: Mental Health: - Dissociative Disorders - Elderly Persons Disorders - Impulse Control Disorders - Mood Disorders - Personality Disorders - Psychosis - Thinking Disorders Age: - Toddlers / Preschoolers (0 to 6) - Childre,False,,,high,pilot,v0.4,non_substantive_or_insufficient
pilot_0177,9a813960c244abdf,ADHD,2026,adhd,"About 20 people with a CHD2-related disorder had been studied at the time of Colin’s diagnosis. The common characteristics: myoclonic seizures/jerks, significant speech delay, including nonverbal, developmental delay, mild to severe intellectual delay, Autism, ADHD, and aggressiveness. At this point, everything made sense.",True,True,False,high,pilot,v0.4,clinical_only
pilot_0178,19f48ec6df4df503,ADHD,2023,adhd,"If I go now, I’m abandoning them to be stuck with him, as well as throwing away all chances to become the man I want to be and give them a better life where they don’t have to worry (mom especially), but with my current grades and situation, it doesn’t feel like I can make that dream a reality. I hate feeling this way, because I want to do this for them, but all of these emotions, probably strengthened by my adhd (I was/still sort of am really emotional, for some reason strong emotions really hit hard, I remember hearing that adhd makes emotions feel stronger)are giving me a sense of confusion (over why I feel this way) and emptiness. I know I can’t and won’t give up, as I’m the one my family knows they can always count on, and I won’t go back on that or show them my current mental state, but every day, getting out of bed and just telling myself “that’s life” or “it is what it is” gets harder and harder.",True,False,True,high,pilot,v0.4,lived_only
pilot_0179,2aba7e3288087805,ADHD,2016,adhd,"Liz obtained a Masters Degree in Social Work from Columbia University, as well as a Masters Certificate from New York University in Child and Family Therapy. In her work with children and families Liz specializes in behavior disorders, ADHD, anxiety, self-esteem issues, and social skills. She also specializes in anxiety disorders, relationship issues and life transitions in her work with adults.",False,,,high,pilot,v0.4,non_substantive_or_insufficient
pilot_0180,380aabafe607150e,ADHD,2023,adhd,"After completing her undergraduate degree she obtained a Masters Degree in Clinical Psychology from Loyola University. As a graduate student, Erica interned at the Loyola Clinical Centers where she administered psychoeducation testing to children with suspected learning disorders and ADHD, then completed a second internship at a local community college outpatient substance use disorder treatment program. Prior to working at MARC, Erica provided outpatient substance abuse counseling a local nonprofit treatment facility, where her duties included facilitating individual and group therapy as well as a DUI education group.",True,True,False,high,pilot,v0.4,clinical_only
pilot_0181,ea3d7985ed4c7313,Autism,2021,autistic,"We also dropped off some fresh fruit packs and Easter Eggs to Hive Hope, a local charity that runs a foodbank in Northfleet that has fed over 13,000 people to date. Furthermore a delivery of fresh fruit packs was made to Overcliffe and Parrock Residential Home, part of the National Autistic Society supporting adults from the age of 18 with autism and learning disabilities. We are proud to be able to continue to support these extremely worthy organisations.",True,True,False,medium,pilot,v0.4,clinical_only
pilot_0182,7549b4958b66d1a5,Autism,2017,autism_spectrum,"An anthology series centering on different characters and locations, including a house with a murderous past, an insane asylum, a witch coven, a freak show, a hotel, a possessed farmhouse, a cult, and the apocalypse. Sam, an 18-year-old on the autism spectrum, decides it's time to find a girlfriend, a journey that sets Sam's mom on her own life-changing path as her son seeks more independence",True,False,True,high,pilot,v0.4,lived_only
pilot_0183,cf1d582a7a65ad13,ADHD,2021,attention_deficit,"3. The treatment of IBD is the same for both children… Read more » Chances are you know at least one child who has been diagnosed with attention-deficit/hyperactivity disorder. In fact, you may know several people—children and adults—whose impulsive behavior, inattention and hyperactivity led them to be diagnosed with ADHD.",True,True,False,high,pilot,v0.4,clinical_only
pilot_0184,945ea608e4014a36,Autism,2016,autism,A focus on people's strengths not just symptoms or challenges is helping people with mental disorders achieve a better quality of life and avoid being defined by their condition. Identifying children with autism early - before age two - is possible and greatly improves their opportunities for development. Infidelity is everywhere we look and before marriage most people say a cheating partner is a deal breaker.,True,True,False,medium,pilot,v0.4,clinical_only
pilot_0185,1a241918bcde8d81,Autism,2023,autism,"If you make it, here’s what you can expect – Pedal to the Metal in Miami The Experience Rock by Rock x Multiple Awardees Rock by Rock, a 2021 Yass Prize Finalist is partnering with several other Yass awardees to help further their mission of ensuring all students have access to the deeper learning experiences necessary to thrive in our 21st Century economy. Arizona Autism Charter Schools is using Rock by Rock projects to support and expand their project-based learning for their elementary students, with Zeta Charter Schools, Northern Cass Public Schools, and Kind microschools to support STEM and project-based learning in their contexts. STEMuli x HSRA Teaching the history of hip hop in the STEMuli Metaverse provides the opportunity to both engage and assess students’ understanding of this pivotal chapter in history.",False,,,high,pilot,v0.4,non_substantive_or_insufficient
pilot_0186,d048c565ae74c894,ADHD,2023,adhd,"Let's meet our speakers! Misty Bailey ​Joy in the Journey/Joyfully Homeschooling Podcast Faith Berens Homeschooling Now (HSLDA) Meredith Curtis Homeschool Joy at Powerline Productions Lee Felix ​Like Minded Musings Lori Felten Lori Felten Temple Grandin Temple Grandin Dara ​Halydier Abiding Truth Ministry Sharon ​Huizinga ADHD Home Heather Laurie ​Special Needs Homeschooling Rochelle ​Matthews-Somerville Homeschooling Now (HSLDA) Terrie McKee Homeschooling One Child Judi Munday Help in School Lisa ​Nehring True North Homeschool Academy Peggy ​Ployhar SPED Homeschool Steven ​Policastro International Association for Creation, Inc. Carol Anne Swett Homeschool Answer Mom Shannan Swindler Captivating Compass Durenda Wilson Durenda WIlson Krisa Winn Homeschooling Now (HSLDA) Kathy Kuhl Learn Differently AMy Bodkin A Charlotte Mason Plenary Hal & Melanie Young ​Raising Real Men",False,,,high,pilot,v0.4,non_substantive_or_insufficient
pilot_0187,418a8940435bef32,Autism,2024,autism,"His work has taken him from public and private schools to nonprofit organizations in Arizona, Costa Rica, West Africa and India. He also spent many years with the Southwest Autism Research & Resource Center (SARRC), where his various positions included a mix of direct and indirect service, program development and coordination, collaboration with families, stakeholders and related providers and leading innovation to meet the underserved needs of individuals with autism. With First Place since 2021, his role as director of the Center for Education, Training and Employment allows him to leverage his previous experience as an instructor at the First Place Transition Academy.",True,True,False,medium,pilot,v0.4,clinical_only
pilot_0188,b71710d44c3e1f9a,Autism,2016,autistic,"The school will now be known as the Aurora Hedgeway School, after students were invited to choose a new name. The change of name marks a new chapter in the history of this much-loved school, which was opened by The National Autistic Society in 2013 to provide education, and some residential places to local children on the autism spectrum. Aurora has been keen to maintain continuity and are keeping the staff team in place and have ensured there was minimal disruption to students.",True,True,False,high,pilot,v0.4,clinical_only
pilot_0189,49d901ba701dd759,ADHD,2014,attention_deficit,"One of the greatest revelations I had this last year was when I was diagnosed with probable adult Attention Deficit Hyperactive Disorder (ADHD). Although the doctors still have me in a trial phase, it’s become more and more apparent to me that this is my reality as I’ve discussed it with friends and family – letting them observe me, and make note of behaviours when I am both medicated and not medicated.",True,True,True,high,pilot,v0.4,mixed
pilot_0190,a72e3b5e29667ac2,Autism,2019,autism,"He should have a hearing before a judge within 90 days. Moran said Nikolas has high-functioning autism and wants a different name when he soon goes to college, where he plans to study history. “He’s not proud of his name anymore,” his mother said.",False,,,high,pilot,v0.4,non_substantive_or_insufficient
pilot_0191,1860680ed56f2422,Autism,2020,autism,"Seeking additional grant funding would allow the organization to cover the expenses of bus trips to colleges, time working on college application, career exploration materials and vocational assessments. Vocational or job-oriented training is a key part of a functional curriculum, according to a 2012 article in the journal ""Education and Training in Autism and Developmental Disabilities. "" UPMC is a vocational school that offers vocational programs for adults and individuals living with intellectual disabilities..",False,,,high,pilot,v0.4,non_substantive_or_insufficient
pilot_0192,5b7257727b2505de,ADHD,2017,adhd,Generic viagra vs pfizer viagra strattera available in australia viagra generic vs original buy cialis vs viagra is unisom available in the uk. Buy strattera uk unisom sleeping tablets uk inderal buy online uk strattera australia adhd buy strattera online australia generic sildenafil australia. Unisom available in uk viagra generico comprar online strattera australia price buy flagyl online cheap strattera vs zoloft.,False,,,high,pilot,v0.4,non_substantive_or_insufficient
pilot_0193,347e9712ed79864d,Autism,2026,autism_spectrum,Children with ASD can recover with our autism treatment techniques. People with Autism Spectrum Disorder often display repetitive and stereotyped interests or patterns of behavior. Children suffering from autism have trouble communicating.,True,True,False,high,pilot,v0.4,clinical_only
pilot_0194,e3dd7b02bb3cf94a,Autism,2019,autism,"e 70s Orange Yellow and Brown Blouse Buttons Down Shirt Floral Shirt Long Sleeves Shirt - Pregnancy Announcement or Reveal Sibling Fun Big Sister To Be Bodysuits Gender Reveal Baby Shower Gift Funny Baby Girl Gift - Infant Baby Gown - Silver Chain Amethyst Necklace HEL HEL,Leather lariat necklace with two rough quartz crystals,Adjustable,No metal used,Great for those with metal allergies or sensitivities,Comes in red thread,natural thread or black thread HEL - SIEKIERA band shirt Polish post punk Na Wszystkich Frontach \u015awiata Polish punk t-shirt punk tee shirt SIEKIERA t-shirt - Money Clip Leather Personalized Gifts Engraved Mens Money Clip Gifts for Men Husband Gift Boyfriend Gift for Him Money Clip Groomsmen - Key fob Sea Glass KEY CHAIN Ln940 FROST Beach Nautical Unisex Collectable by Lynn Key ring - Newborn Geeky Onesie Raid with Ragnar Baby Vikings Onesies with Hat Personalized Baby Girl Baby Boy clothes Baby Shower Gift - Black bolero black shrug shrugs for women shrugs and boleros plus size shrug plus size shrugs and boleros plus size evening bolero shrug - Vintage Florida State Seminoles 100% Cotton Snapback Hat NCAA VTG - Introvert Gift Wooden Mental Health Key Chain Autism Awareness Keyring Give Me Space Social Distance Keychain Galaxy Space Tag Accessory - leather zipper puller Leather Zipper Pull Leather D-Ring Closures For Handbag 50 Custom leather zipper Personalized Leather Zipper Pulls - Anne Fontaine blouse white lace woman size 38 vintage - Coin Pouch Money Bag Medieval Re-enactment large",False,,,high,pilot,v0.4,non_substantive_or_insufficient
pilot_0195,58996f7085a37f3c,Autism,2017,autism,"Great blend of speakers: researchers, therapists, couple on spectrum in love, parents. Definitely gave me a different perspective regarding the variances of autism. Thanks again for the invitation to the conference and to your commitment to making it an autistic-friendly and pro-neurodiversity event.",True,False,True,high,pilot,v0.4,lived_only
pilot_0196,5a930170e826a161,ADHD,2017,adhd,""" Parenting ""I'm a counselor in private practice and a mother who has both personal and professional experience with families with children with special needs. I'm familiar with working with families who have children with ASD, ADHD, Anxiety, Trichotillomania, Tourette's, Developmental Delays, and Depression. In graduate school, I received the Thesis Award for ""Mother's Knowledge of Asperger's Disorder and Current Level of Maternal Happiness"".",False,,,high,pilot,v0.4,non_substantive_or_insufficient
pilot_0197,b7d61c4d1ab23a0b,Autism,2016,autism,"They are also legally required to provide public access to their meetings and to their minutes and background papers, unless that would be a breach of confidentiality. Disability Delivery Plan To ask the Scottish Government how its disability delivery plan will assist people with learning disabilities and autism into employment. (S5O-00515) “A Fairer Scotland for Disabled People” sets out a range of actions to support disabled people into work.",True,False,True,high,pilot,v0.4,lived_only
pilot_0198,12d4a8bdfd269708,ADHD,2018,adhd,"However, I feel it is much more important that I give them the tools they need to help them stay organized and on top of their school work, as well as how to navigate through the remainder of their schooling. ADHD More than half of the students I have tutored over the past 8 years have been diagnosed with ADD/ADHD. I have extensive experience working with clients on executive function and organizational skills as it pertains to their schooling and to other life skills.",True,True,False,high,pilot,v0.4,clinical_only
pilot_0199,77c79e22fbdced53,Autism,2017,autism,"Home Healthy Living Mental Health Health News Health News Health Library Explorer A B C D E F G H I J K L M N O P Q R S T U V W X Y Z A-Z Listings Contact Us Could Smoking in Pregnancy Affect a Grandkid's Autism Risk? Grieving Friends Often Find Support Online Higher Illicit Pot Use in States That OK Medical Marijuana: Study Opioid-Related Deaths Might Be Underestimated: CDC Cleaning, Greening Vacant Lots May Help Fight Crime Opioid Abusers at Higher Death Risk When Addiction Specialists Not Part of Care When to Pick the Nose in a Medical Emergency Young Adults With Autism Need Help Managing Money: Study Study Cites Factors Linked to Suicide in the Young A 'Brainwave' to Help Fight PTSD Studies Question Link Between Mom's Antidepressant Use, Autism in Kids Anxious?",False,,,high,pilot,v0.4,non_substantive_or_insufficient
pilot_0200,cedd505782ab36b6,Autism,2016,autism,"I hold a Bachelor’s degree in Psychology, an American Montessori Society (AMS) Early Childhood Credential, AMS in Lower Elementary, and currently finishing up my AMS in Upper Elementary through CGMS. Additionally, I have extensive experience working as a behavior therapist for children with ADHD, autism, and dyslexia. I have been in the field of Montessori for the past 20 years and as a lead teacher for the last 16 years.",True,True,False,high,pilot,v0.4,clinical_only
validation_0001,b86cdc57d32dc43f,Autism,2014,autistic,"Like many academics, I’m more or less convinced that I am somewhere on the mild end of the autism spectrum. No, I haven’t been diagnosed and I doubt very much that my slight ‘autistic’ tendencies have altered my social capacity, despite my wife claiming that I have only two emotions – angry or happy. Nor have they engendered any sort of idiot savant mathematical capability.",True,False,True,high,validation,v0.4,lived_only
validation_0002,68ffa96322fc8678,ADHD,2014,adhd,"If you’re depressed, talk with your doctor about what might help you feel better. May Help With ADHD Some studies suggest omega-3 supplements may ease the symptoms of ADHD. Omega-3 fatty acids are important in brain development and function.",True,True,False,high,validation,v0.4,clinical_only
validation_0003,68eb30c0d6313b15,Autism,2016,autism,"A major American automaker is looking to tap the potential of workers on the spectrum. Ford Motor Company said it is launching a pilot program this week designed to employ people with autism. Through the initiative dubbed “FordInclusiveWorks,” the company said it will establish five new positions in product development that were “created to suit the skills and capabilities of people with autism.",True,False,True,high,validation,v0.4,lived_only
validation_0004,89028f9db3db4a40,Autism,2023,autism,"Meanwhile, the government and the medical profession sleep on regardless. John Stone, UK media editor, Age of Autism The generation of American children born after 1990 are arguably the sickest generation in the history of our country. Robert F.",False,,,medium,validation,v0.4,non_substantive_or_insufficient
validation_0005,0486e83f483c3392,ADHD,2023,adhd,"Celebrity culture has accomplished a tremendous quantity of damage to young individuals. Aspects of modern society have created greater charges of ADHD. Social media highlights and promotes make up tutorials, hacks and merchandise aimed on the accounts of younger girls/women.",True,True,False,medium,validation,v0.4,clinical_only
validation_0006,1ef05e121cb4b23f,Autism,2019,autism,"Healthwatch Sheffield will be hosting three events exploring the future of health in our city, including a workshop with Disability Sheffield on Saturday April 27th about ‘Disability and Democracy in Healthcare’. FULL ARTICLE03 April 2019 Brothers who set up a community organisation in honour of their mum who died from dementia and a support group for children and young people with autism are in the running for a major award. Both Sheffield projects are in the finals for the People’s Projects ( National Lottery ) and you can vote until Monday April 15th.",False,,,high,validation,v0.4,non_substantive_or_insufficient
validation_0007,39786dec85135453,ADHD,2024,adhd,"READ the POST When I emerged in the entrepreneurial space the mere thought of marketing was going-to-the-dentist uncomfortable. I realized my visceral reaction to marketing wasn’t just about the overwhelm – thanks, ADHD – it was tied to its unethical foundations in white supremacy and toxic capitalism. 🚫 Modern marketing can work if you’re willing to sacrifice your values..?",True,False,True,high,validation,v0.4,lived_only
validation_0008,10efa27b58263a7e,ADHD,2022,adhd,"New Work Julie Buchanan: ""I don't normally recommend anyone to go into the game audio industry"" Julie Buchanan is a freelance game audio composer who spoke … ADHD and other neurobiological conditions are ubiquitous in the music industry. Tristan Hunt is one of the very first coaches with a unique music industry expertise who helps people with ADHD in the music business.",True,True,False,medium,validation,v0.4,clinical_only
validation_0009,9173c0bdad2f819f,ADHD,2014,adhd,"According to a recent casting call, Marvel’s first family will differ significantly from the comic books in Fox’s FF franchise reboot. SPINOFF ONLINE has the exclusive first look at ADHD’s upcoming segment ""School Girl Crush,"" which spoofs magical girl anime. Nicole Beharie discusses ""Sleepy Hollow's"" popularity and tonight's two-part season finale: ""I don't think people will expect what we uncover.",False,,,high,validation,v0.4,non_substantive_or_insufficient
validation_0010,d238159d8e133fe7,Autism,2025,autism,"Disability Support > Housing near Access to resources such as food, clothing, utilities, and housing is essential for individuals with autism and their families to lead healthy and fulfilling lives. Our resource library offers information on centers that can help with issues such as Family Violence Prevention & Assistance, General Assistance, Legal Assistance, Medical & Prescription Assistance, Grants & Funding, and Housing & Shelter.",True,False,True,medium,validation,v0.4,lived_only
validation_0011,9129eb2847afcb92,Autism,2017,autism,"The recent attention as been fairly high praise indeed. The shoes that go by the name, Hula Yo Gore-Tex, have been popular with parents who say they are ideal for children with autism and sensory issues. The shoes are black leather upper making them waterproof, with rubber sole and have a double velcro fastening.",False,,,high,validation,v0.4,non_substantive_or_insufficient
validation_0012,e7756f91e56654b3,Autism,2024,autism_spectrum,"Her previous experience includes working as a Pediatric Neuromodulation Therapist at Cortica, a leading neurological clinic for Autism and Neurodevelopment Disorders. She also has experience as a Neurofeedback Practitioner at a private psychological practice, providing Neurofeedback training sessions for children & adults with a variety of conditions such as ADD/ADHD, Autism Spectrum Disorder, Insomnia and sleep disorders, OCD, PTSD, Migraines, Fibromyalgia, Concussions, as well as Peak Performance training. During her free time, you can find Jillean enjoying the San Diego sunshine with her two dogs at the beach.",True,True,False,medium,validation,v0.4,clinical_only
validation_0013,1afe094fb9e12b65,Autism,2025,autism,"These are the people Trump picked for top roles - 2025 WNBA Draft picks, grades: Paige Bueckers selected No. 1 by Dallas Wings - Ben Affleck gives SHOCKING update on Jennifer Lopez - Bangkok, Thailand Introduces Next-gen Tourism Training In Sarawak With Focus On AI, OTAs, And Sustainable Digital Growth - Travel And Tour World - Famous influencers make sad admission about AFL life - RFK seeks the 'environmental' cause of autism. Scientists say it's not that simple - The politics of grievance was a winner for Trump.",True,True,False,medium,validation,v0.4,clinical_only
validation_0014,a1ae7eb6c8fd9c22,Autism,2025,autism,"The Role of Virtual Reality (VR) in Autism Therapy* Glenda Carnate Apr 4, 2025 2 min read Virtual Reality might sound futuristic, but for many families, it’s becoming a real tool in supporting autistic children and adults. When used thoughtfully, VR can offer something hard to find in everyday life: a space that feels predictable, safe, and entirely tailored to someone’s needs.",True,True,True,medium,validation,v0.4,mixed
validation_0015,aaa4ac87e2fa206b,ADHD,2018,adhd,"Power struggles are toxic to romantic relationships because they leave both people feeling. ""Distractibility, forgetfulness, impulsivity—when you put the symptoms of [attention deficit hyperactivity disorder] into a marriage, it creates havoc,"" says psychotherapist Terry Matlen, author of Survival Tips for Women with ADHD. Incest Adult Chat Sex Chat Nederlands The questions (“How many times does the word ‘sex’ appear in the U.",True,True,True,medium,validation,v0.4,mixed
validation_0016,19a8ae556d095832,ADHD,2025,adhd,"Understanding the Educational Needs of Mental Health Patients Common Learning Barriers Students with mental health conditions often face several barriers that can impact their educational journey. ADHD learning challenges frequently manifest as difficulty maintaining focus and completing tasks, which can significantly affect classroom performance. Anxiety may cause students to struggle with class participation, test-taking, or even attending school regularly.",True,True,False,high,validation,v0.4,clinical_only
validation_0017,6b27c9d765337a94,Autism,2014,autism,"The contributors are leading ABA authorities who present best practices in behavioral assessment and demonstrate evidence-based strategies for supporting positive behaviors and reducing problem behaviors. Conceptual, empirical, and procedural building blocks of ABA are reviewed and specific applications described in education, autism treatment, safety skills for children, and other areas. The volume also addresses crucial professional and ethical issues, making it a complete reference and training tool for ABA practitioners and students.",False,,,medium,validation,v0.4,non_substantive_or_insufficient
validation_0018,702beb12ba842da8,Autism,2020,autism,""" AAPS promotes anti-vaccine conspiracy theories The AAPS has also repeatedly pushed discredited theories about the dangers of vaccines. Asked earlier this year if vaccines cause autism, Orient said ""the definitive research has not been done. "" But the ""overwhelming scientific consensus is that vaccines do not cause autism.",True,True,False,high,validation,v0.4,clinical_only
validation_0019,6fa2f3bbc7fd912e,Autism,2019,autistic,"* The prairie vole study is a translational study, which means that although the scientists are looking at the behavior of monogamy in the prairie voles, they’re actually trying to find out about a different behavior in humans. Nonmonogamy in the prairie vole is a proxy for the behavior they are actually interested in: asocial behavior in autistic individuals. The scientists conducting the study are looking for pharmaceutical treatments for autism, and the study is funded by the National Institute of Mental Health, “the lead federal agency for research on mental disorders.",True,True,False,high,validation,v0.4,clinical_only
validation_0020,f99cf40854d3f435,ADHD,2022,adhd,"Students can speed up, pause, or rewind the video. For students with ADHD who often find speakers moving too slowly or miss parts of a conversation, the ability to speed things up and rewind improves the lecture experience drastically. - Intrinsic Interest: Students with ADHD may have a hard time doing work that doesn't immediately relate to their current interests or provide some sort of short-term reward.",True,False,True,high,validation,v0.4,lived_only
validation_0021,2895d0d8e95aeb0a,Autism,2023,autism,"A Heart-Touching Tale of a Dog’s Impact on a Child with Autism Meet Luna, the Bichon Frise Four-year-old Luna lived in Helsinki, Finland, and was a gentle and affectionate Bichon Frise. She lived with her loving family, who adored her for being a constant source of happiness in their lives.",False,,,medium,validation,v0.4,non_substantive_or_insufficient
validation_0022,6b7ca0e1f69ed85f,Autism,2019,autism,"Diminished gaze fixation is one of the core features of autism and has been proposed to be associated with abnormalities in the neural circuitry of affect. We tested this hypothesis in two separate studies using eye tracking while measuring functional brain activity during facial discrimination tasks in individuals with autism and in typically developing individuals. Activation in the fusiform gyrus and amygdala was strongly and positively correlated with the time spent fixating the eyes in the autistic group in both studies, suggesting that diminished gaze fixation may account for the fusiform hypoactivation to faces commonly reported in autism.",True,True,False,high,validation,v0.4,clinical_only
validation_0023,5af30acf9343bf82,ADHD,2024,attention_deficit,"He is a child psychiatrist, he's the founding president of the Child Mind Institute, and his books include ""Scaffold Parenting: Raising Resilient, Self-Reliant, And Secure Kids In An Age Of Anxiety. "" You specialize in ADHD - attention-deficit/hyperactivity disorder. Why don't you define what the symptoms are and how to recognize it?",True,True,False,medium,validation,v0.4,clinical_only
validation_0024,e8878b8337fb60be,ADHD,2017,attention_deficit,"odd (ADHD)Help or Do Nothing? 16 year old girl with Attention Deficit DisorderDesperately Mother - GloriaMy child needs helpPregnant Again4 year old depressionA Mom In Need of HelpHelp my son with his morbid jealous girlfriend, get him out. Should I be worried?",False,,,high,validation,v0.4,non_substantive_or_insufficient
validation_0025,1cb3dc0a5e9a2833,Autism,2018,autism,"In Belgium, I was involved in developing national guidelines for diagnosis and intervention in children with autism spectrum disorder (together with the ""kwaliteitscentrum voor diagnostiek"" and the Belgian Health Care Knowledge Centre). Our group also developed a screening instrument for autism together with the Flemish day care centres and we developed an evidence-based intervention programme for preschoolers with autism, together with the rehabilitation centres. We also translated and implemented international intervention programmes in the rehabilitation centres and home guidance centres.",True,True,False,high,validation,v0.4,clinical_only
validation_0026,ff99bc141adfd6d6,Autism,2025,autism,"Mastitis can worsen in as little as a few hours, so it should be treated immediately . Autism and a 'Mostly' Positive Surgery-Related Experience Jackie Smith reflects on her daughters recent surgical procedure PhysioPod Catch Up with Ramin Shayan MBBS, PhD (Uni Melb), FRACS (Plastics) Associate Professor at University of Melbourne Just ahead of June - Lipoedema Awareness Month, PhysioPod chatted to Ramin Shayan to find out what news he had for their readers... At times, Deep Oscillation has literally been an equine lifesaver - Elaine Mariani ESMT I continue to be impressed with my ""PhysioPod"" (aka the Deep Oscillation Personal) Staff Training Doesn’t Work By Gavin Neate, founder of the WelcoMe App) Case Report: Facial Paralysis and Use of Deep Oscillation in Physiotherapy Treatment Protocol Gabriela Galdámez Torres Medical specialist in rehabilitation medicine, Master in Gerontology.",False,,,high,validation,v0.4,non_substantive_or_insufficient
validation_0027,3f4003f183936442,ADHD,2018,adhd,"everyday life with our ADHD kids Personal stories of parenting children with ADHD: what has worked (and not) for us; struggles and adventures; links to helpful information; a network of parents of children with ADHD Disclaimer: The ""ADHD Mommas"" are not medical or mental health professionals, nor an ADHD coach. Any opinions shared here are just that, opinions.",True,False,True,high,validation,v0.4,lived_only
validation_0028,7bbccfeb4dac347e,ADHD,2017,adhd,"Ritalin improves memory and concentration while increasing stamina. It has been prescribed for the past 50 years, but its popularity increased in the 1990s, with the increase in ADHD diagnoses. Adderall (amphetamine) is a prescription stimulant similar to Ritalin.",True,True,False,high,validation,v0.4,clinical_only
validation_0029,0ddd144d585f2fff,Autism,2018,autistic,"""From Ro’Chelle - Moonee Ponds ""Amazing, lovely, my kids adore her, genuinely wants to play and interact with my kids. Highly recommend ""From Yasmina - Airport West First Aid & Accreditation Special Needs Experience I have experience working with children with autistic, ADHD,Blind and Down syndrome Childcare Experience I have experience with children from 1 to 8 years old. In Colombia i was principal and teacher in a kindergarten of Reggio Emilia and nanny with childrens Tutoring Experience I have experience teaching through of the art and dance, I like teach strategies to learn with games Primary School School Years: Kindergarten, Year 1, Year 2, Year 3, Year 4, Year 5, Year 6 Subjects: Spanish, Singing, Art",False,,,medium,validation,v0.4,non_substantive_or_insufficient
validation_0030,af0c3ef7e82f2618,ADHD,2023,adhd,"It’s about the inability to regulate emotions and moods. People with ADHD are especially prone to procrastination because they have difficulty with planning, prioritizing, motivating, organizing, and decision-making. I’ve spent many years as a therapist and coach helping others overcome chronic procrastination because I finally learned to manage mine!",True,True,True,high,validation,v0.4,mixed
validation_0031,86d15cbc40ab7863,Autism,2025,autistic,"Featured on... MARY KLOVANCE Consulting, Public Speaking, Workshop Creation & Facilitation She/Her MA, BEd, BA Registered Clinical Counsellor ADHD-Certified Clinical Services Provider (ADHD-CCSP) ADHD-Certified Educator (ADHD-CE) Board member of the Institute of Neurodiversity Canada Mary is the owner and clinical director of The Neurodiversity Family Centre and has lived experience as a person with ADHD, is the daughter of an Autistic parent and is a parent to a neurodiverse child. Mary knows that what some label as ""challenging behavior"" is actually just a natural coping strategy used for those doing the best they can to manage during distress.",True,False,True,high,validation,v0.4,lived_only
validation_0032,bd056f3009c2966f,ADHD,2016,adhd,MyFoxAustin KTBC F... A market report carried out byTechNavioanalysts predict thatthe Global ADHD Drugs market will grow at a rate of 5. 33 percent over the period 2013-2018.,True,True,False,high,validation,v0.4,clinical_only
validation_0033,78a423a228888622,ADHD,2017,attention_deficit,"Filter Results: Publication Year 2013 2014 Publication Type Co-author Publication Venue Key Phrases Learn More Attention deficit hyperactivity disorder (ADHD) is a condition that begins in childhood but can continue into adulthood, and may be the cause of many disadaptive behaviors, as in the case of homeless people, who often display a high incidence of personality disorders. The goal of this study is to analyze the comorbidity of ADHD with axis II disorders in a… (More) BACKGROUND The aim of this study was to analyze how formal thought disorders (FTD) affect semantics and pragmatics in patients with schizophrenia.",True,True,False,high,validation,v0.4,clinical_only
validation_0034,980698271c40af61,Autism,2025,autism,"y,"" local residents say - Baseball Rallies in Extras, Takes Down Miami in 5-4 Victory - FIU Athletics - Linkin Park Fans Will Never Be Done With The Band’s Debut Album - Easter In New York City: Last-Minute Reservations - Tina Knowles said family laughed at 'trans' clip before breast cancer - US vs China: The clash of the titans - The CFO SaaS dilemma - frying pan or fire - Wests Tigers and Lachlan Galvin: a modern-day NRL saga for the social media age | Jack Snape - California overtakes Japan to become world’s fourth-largest economy - Monty Don's 'huge comfort' during grief after sharing heartbreaking loss - Trump Warns US Could Ditch Ukraine Talks if no Progress - These college students are taking on music industry giants with a festival of their own - Taylor Swift Might Be Going From Pop Queen to Silver Screen With This Iconic Reboot - Harvard Medical School morgue manager admits to sick crimes - After years of strife, AFRINIC elections set for June - Clair Obscur: Expedition 33 - All Achievements and Trophies - Gameranx - Donald Trump’s sweeping tariffs trigger biggest one-day Wall Street fall since 2020 – as it happened - How Lyle Menendez Helped Rosie O'Donnell After Child's Autism Diagnosis - Kowloon Generic Romance ‒ Episode 3 - Prediction, kick-off time, team news, odds, h2h - Senate fires back at Pastor Tunde Bakare over ? mafia state?",False,,,high,validation,v0.4,non_substantive_or_insufficient
validation_0035,84a6d4551d31ab54,Autism,2025,autism,"Our therapy services are tailored for children with an autism diagnosis, suspected autism, or Global Developmental Delay (GDD), and include options for speech pathology, occupational therapy, and behaviour support. Delivered by allied health practitioners with paediatric and autism-specific experience, these therapies focus on supporting your child’s development in a way that recognises their individual strengths and unique needs. You can arrange with the team for Therapy Services to take place either at home, school or centre environments (depending on availability).",True,True,False,high,validation,v0.4,clinical_only
validation_0036,d6f0983125d6dcb2,ADHD,2023,attention_deficit,"School is one of the most common areas of difficulty but homework, chores, and relationships can be impacted as well. Attention Deficit Hyperactivity Disorder (ADHD), formerly Attention Deficit Disorder (ADD), is a disorder related to attention and impulsivity or hyperactivity. ADHD can come in three forms: inattentive type, hyperactive/impulsive type, and combination type.",True,True,False,high,validation,v0.4,clinical_only
validation_0037,57c14ed0141b00a8,ADHD,2021,adhd,"This causes a concern for anyone looking to consume an all-natural diet. Plus, studies have shown that food dyes are linked to health concerns, including the following: Disruption to your immune system, a direct link to cancer, and hypersensitivity, or signs of ADHD (2). 4.",True,True,False,high,validation,v0.4,clinical_only
validation_0038,a2f5043ff675b5a4,Autism,2017,autistic,"Pediatric neuropsychology is the practice of understanding and elucidating brain-behavior relationships as applied to children and adolescents. This 2007 volume examines trends in the assessment and treatment of common disorders including traumatic brain injuries, brain tumors, epilepsy, and autistic spectrum disorders. Its primary aim is to help practitioners and researchers identify and understand the evidence to support interventions with a range of acquired or congenital neuropsychological disorders.",True,True,False,high,validation,v0.4,clinical_only
validation_0039,fe78954f047dac1e,ADHD,2023,adhd,) by their pediatrician or the after-hours line when they needed them most. Being made to feel hypervigilant or “crazy” for asking for help when your kid’s behavior is… Categories All Categories 101 On Parental Names And Pronouns Adhd In Kids Adhd Naturally Adolescent Depression Alternatives To Ssris Are Important For Lgbtq Youth Angelica Sinensis Fertility Anxiety In Kids Anxiety Relief For Kids Baby Bonding Boosting Immunity With Herbs For Kids Can Trans Men Get Pregnant? Can You Get Pregnant On Testosterone Chinese Herbs For Fertility Chinese Medicine For Kids Chinese Medicine Pediatrics Dang Gui Fertility Depression In Young Adults Detox For Kids Detox Toddler Detoxing Kid From Sugar Dioscorea Dong Quai Fertility Fertility Herbs Gay Dads Gender Affirming Care Near Me Gender Neutral Parental Names Gender-Neutral Parenting Guide To Pronouns For Your Kid’s School Herbs For Adhd Herbs To Increase Milk Supply Holistic Approach To Depression Holistic Medicine For Depression Holistic Pediatrician Holistic Pediatrics Holistic Postpartum How Long Do You Have To Be Off Testosterone To Get Pregnant?,False,,,high,validation,v0.4,non_substantive_or_insufficient
validation_0040,0b75e52b7f462040,ADHD,2025,attention_deficit,"subject area of - COGNITIVE-ABILITIES OF CHILDREN AT 7 AND 12 YEARS OF AGE IN THE COLORADO-ADOPTION-PROJECT Journal Article - Causal models of reading disability: A twin study Journal Article - Characterization of the DYX2 locus on chromosome 6p22 with reading disability, language impairment, and IQ Journal Article - Comorbidity of reading disability and attention-deficit/hyperactivity disorder: differences by gender and subtype. Journal Article - Differential genetic etiology of reading disability as a function of IQ Journal Article - Genetic Covariation Between Brain Volumes and IQ, Reading Performance, and Processing Speed Journal Article - Genotype by Environment Interactions in Cognitive Ability: A Survey of 14 Studies from Four Countries Covering Four Age Groups Journal Article - Greater attention problems during childhood predict poorer executive functioning in late adolescence Journal Article - Reaction Time Variability Associated with Reading Skills in Poor Readers with ADHD Journal Article - Relationship between intelligence and the size and composition of the corpus callosum Journal Article - Testing for neuropsychological endophenotypes in siblings discordant for attention-deficit/hyperactivity disorder Journal Article - The heritability of general cognitive ability increases linearly from childhood to young adulthood Journal Article",False,,,high,validation,v0.4,non_substantive_or_insufficient
validation_0041,2149ab8b5129ce92,Autism,2023,autistic,"On March 23, 2023, the CDC (Center for Disease Control) reported that 1 in 36 children is affected by autism spectrum disorder (ASD or autism). Having an autistic child can require parents/caregivers to make immense lifestyle changes to determine whether their child receives the care they need to thrive. Frequently one parent may become the child’s primary caregiver and give up their paying job to focus on organizing the child’s many appointments and activities.",True,True,True,high,validation,v0.4,mixed
validation_0042,6a6485b349c5109e,ADHD,2026,adhd,"Understanding Neurodiversity and Sensory Needs What is Neurodiversity? Neurodiversity is the concept that neurological differences like autism, ADHD, and other cognitive variations are natural and valuable forms of human diversity rather than deficits or disorders. Appreciating this perspective fosters respect and promotes accommodations tailored to various sensory and social needs.",True,False,True,high,validation,v0.4,lived_only
validation_0043,0662e651b64dd9bf,ADHD,2021,adhd,"Even in death…. After spending a lifetime with bipolar disorder, ADHD, and chronic anxiety, Stormi remains a mental health advocate, fighting to break the stigma on mental illness. She continues to publish her own books so that the world continues to receive a rich tapestry of history, fiction, and other magical tales that touch the heart and inspire the soul.",True,False,True,medium,validation,v0.4,lived_only
validation_0044,f685694de28699ae,Autism,2021,autism,"We all think, learn and communicate differently. The umbrella term includes those with Dyslexia, Autism, ADHD, Dyspraxia and other neurological conditions – individuals described as ‘neurodivergent’. The neurodiversity movement revolves around the principle that there is not one “normal” or “right” type of brain.",True,False,True,medium,validation,v0.4,lived_only
validation_0045,021b44cb2886dba2,ADHD,2016,attention_deficit,"For this reason, the practice of aromatherapy has become the fastest growing fields in alternative medicine... read moreADHD Natural Herbal Medicine ADHD or attention deficit hyperactivity disorder is among one of the most common mental disorders in children. It affects 3 to 5 percent of all children.",True,True,False,high,validation,v0.4,clinical_only
validation_0046,6a4c458378ea42ab,ADHD,2021,adhd,This study examined changes in and predictors of adolescent mental health from before to during the COVID-19 pandemic in the Southeastern and Midwestern United States. Methods: Participants include 238 adolescents (132 males; ages 15-17; 118 with ADHD). Parents and adolescents provided ratings of mental health symptoms shortly before the COVID-19 pandemic and in spring and summer 2020.,False,,,high,validation,v0.4,non_substantive_or_insufficient
validation_0047,4bd1cc7f5cc390e3,ADHD,2014,adhd,"Learn the nine essentials for waking up your child’s brain. Learn about breakthroughs with ADHD, austim spectrum, cerebral palsy, traumatic brain injury, developmental delays and more. Opening reception for Plein Air Invitational Exhibition, our biggest landscape show of the year.",False,,,high,validation,v0.4,non_substantive_or_insufficient
validation_0048,45ebf9d06430862d,Autism,2016,autism,"“She’s open to everyone because it’s her job to make students happy. ” Hope has a full résumé of various types of work she provides such as working with children with autism, adults with dementia and in mental health facilities. Additionally, she has been a part of three student-led research projects, which Scheiman hopes to continue at HU.",False,,,high,validation,v0.4,non_substantive_or_insufficient
validation_0049,3cb8a84f0de65725,ADHD,2023,adhd,"Pedigrees segregating for both SUD and ADHD may represent a subset of both of these common disorders that share a related genetic basis. We determined the number of SUD and ADHD pedigrees in a sample of 175 ADHD probands. We found 52 ADHD pedigrees, indicating that at least 29.",True,True,False,high,validation,v0.4,clinical_only
validation_0050,eca6c322f5ad44ca,Autism,2014,autism_spectrum,"(CBS/AP)-- A new study published in the Journal of Pediatrics on March 29 confirms that there is no association between autism and receiving many vaccines at an early age. ""The amount of antigens from vaccines received on one day of vaccination or in total during the first two years of life is not related to the development of autism spectrum disorder in children,"" author Frank DeStefano, director of the Immunization Safety Office of the Centers for Disease Control and Prevention, told NPR. About one-third of parents worry that vaccines cause autism, and 10 percent of parents refuse or delay vaccinations because they think it is safer than what the CDC recommends.",True,True,False,high,validation,v0.4,clinical_only
validation_0051,1f600cbb1b88b718,Autism,2025,autism,"The Easter story suggests not - Love Island’s Kady looks incredible as she strips to barely-there white bikini - Petition calls for controversial musician to be investigated for animal cruelty - Global economic growth will slow amid Trump tariffs, IMF warns – as it happened - Never mind the late drama, Amorim and Postecoglou still face the Ten Hag trap | Jonathan Wilson - France's The Blockchain Group Bought 580 BTC For €47M - Bitcoinsensus - Brittany Mahomes Stuns in Low-Cut Dress During Beach Getaway: Photos - RFK Jr. lays out new studies on autism, shuts down 'better diagnoses' as a cause - Thief who stole from garden centre left trail of compost leading Gardai to home - Bridget McKenzie admits she was wrong to claim Russia and China want Albanese to win election - Is Cillian Murphy’s Small Things Like These Based On A True Story? Explained - Revealed: the far-right agitators who confronted the PM in a hotel lobby - Massachusetts governor calls Trump’s attacks on Harvard ‘bad for science’ - Data Center Virtualization Market Top Players, Growth Opportunities and Current Status by 2031 - Strictly's Pete Wicks says 'we made it' after Zara McDermott romance comments - China’s risky move to ban Boeing’s planes - Alabama Woman Used Her Last Breath to Give Police a Major Tip in Her Own Homicide - US Iot Based Asset Tracking Monitoring Market Size Report: Regional Analysis and Forecast 2025-2034 - City police calls - April 12 - The Republic News - There’s a deep ugliness and some slippery ethics behind the snail slime beauty boom | Catherine Bennett - Vet Talk: Shining a light on struggles faced by animal care professionals - US judge lifts White House restrictions on Associated Press - What WILL Pats do with No.",True,True,False,high,validation,v0.4,clinical_only
validation_0052,98a2e432804158fd,Autism,2014,autism,"Adolphs notes. The research team found one important difference between the two sets of patients: those with ASD showed autism-like behaviors in infancy and early childhood, whereas autistic-like behaviors did not emerge in most individuals with AgCC until later in childhood or the teen years. The authors state that these findings suggest two broad conclusions.",True,True,False,high,validation,v0.4,clinical_only
validation_0053,cdfbec188ba5747c,Autism,2014,autism,"A Link Between Gum Disease and Alzheimer's? A Nurse Who Lends an Ear May Ease Anxiety in Moms of Preemies A Strong Marriage Can Shield Kids From Dad's Depression: Study ADHD May Be Tied to Longer-Lasting Head Injury, Study Says Adult Children of Substance Abusers More Prone to Depression Aerobics Might Boost Brain Health for Older Adults Age of Autism Diagnosis May Depend on Symptoms: Study Aging Brain May Have More Trouble With Financial Decisions: Study Aging Brains Can Still Make 'Childlike' Connections: Study Aging May Not Dull Decision-Making Skills, Study Finds Alcoholics Who Smoke May Face Early Brain Aging Alternative Therapies Widely Used for Autism Alzheimer's Gene Tied to Brain Changes at Early Age Alzheimer's May Vary, Brain to Brain Alzheimer's Patients May Face Looming Shortage of Neurologists Alzheimer's Research Takes a New Turn Alzheimer's Strikes Women Harder Than Men: Report Alzheimer's-Like Plaque Seen on Brain Scans After Head Trauma Amnesia Patient's Brain Helps Illuminate How Memory Works Amputee's 'Phantom Limb' Pain Eased by Virtual Arm Technology Angelina Jolie's Story Didn't Boost Knowledge of Breast Cancer Risks: Study Answers to Yes/No Questions Seen in Pupil Size: Study Antidepressant Use During Pregnancy Not Linked to Autism Antipsychotic Drugs May Triple Kids' Diabetes Risk, Study Suggests Apes Get Emotional When Choices Don't Pan Out Are Breast-fed Kids More Upwardly Mobile? Are Kids Born to Older Dads at Risk for Mental Health Woes?",True,True,False,high,validation,v0.4,clinical_only
validation_0054,6f4e5a611936714e,ADHD,2022,adhd,"Call us at this number 226-240-2690 to schedule an appointment today. Was your child diagnosed with either ADD/ADHD, dyslexia or learning disabilities? Stop!!!",False,,,high,validation,v0.4,non_substantive_or_insufficient
validation_0055,0ba8d7ee1b195347,Autism,2026,autism,"Search News by Tag: humanoid robotics 6 news stories found Press Release January 28, 2026 Patent claims priority to a July 5, 2013 provisional and covers detecting emotion from a user's voice and generating adaptive speech based on pitch and harmonics Read Press Release Press Release October 25, 2019 Humanity Can Be Enslaved Under a Chinese Authoritarian Artificial Intelligence Surveillance State via Drones, Robotics and Bio-Digital Social Programming, Says The AI Organization. Read Press Release Press Release August 26, 2016 Congress to Highlight the NAO Robot in Medical, STEM, Decision Support Systems, Autism Therapies, Library Makerspace, Retail Stores, and Hospitality Use Cases on October 13th and 14th at the UMASS' NERVE Center. Read Press Release Press Release April 9, 2015 Aldebaran is hosting a series of US events during the month of April as part of the sixth annual National Robotics Week 2015 (NRW), a national movement celebrating the US as a leader in robotics technology development.",False,,,high,validation,v0.4,non_substantive_or_insufficient
validation_0056,c1dea33ebacc3391,Autism,2022,autism,"At Life Skills Manor for Autism we are fully committed to safeguarding and promoting the welfare of children and young people and we expect all staff, volunteers and the wider community to share this commitment. For pupils to feel that they are able to do their best and achieve their true potential, it is important that they feel safe and supported in our school environment.",False,,,high,validation,v0.4,non_substantive_or_insufficient
validation_0057,17a0d3cf932b24eb,Autism,2023,autism,"(New Harbinger Publications, 1996) Quick References For benefit information, call the number on the back of your insurance card. Autism Helpline 877-563-9347 General Inquiries 877-887-1797 Substance Use Hotline 877-326-2458 EAP Inquiries 816-555-1212",False,,,high,validation,v0.4,non_substantive_or_insufficient
validation_0058,702ad18992ed5f14,ADHD,2018,attention_deficit,"” The result? In his book Last Child in the Woods: Saving Our Children From Nature Deficit Disorder, Richard Louv shows that this disconnect may play a big role in increased rates of obesity, Attention Deficit Hyperactivity Disorder (ADHD), depression and stress in our children. But today’s children will have very different childhood memories.",True,True,False,high,validation,v0.4,clinical_only
validation_0059,a3d3807669ddb6f6,Autism,2016,autism,"I meant to do this update in April, for autism awareness month, and officially a year after Mason had been diagnosed with autism. We found out on April 9, 2015 and I had planned to share what life is like one year later from that date but the time got away from me.",False,,,high,validation,v0.4,non_substantive_or_insufficient
validation_0060,4ac03bde200ead26,Autism,2022,autism,te (Undergraduate) Actuarial Science Major Actuarial Science MS Adult and Organizational Development Major/Minor Advanced Core Science Studies Certificate (Professional) Advanced Education General Dentistry Certificate (Graduate) Advanced Manufacturing and Robotics Certificate (Graduate) Advertising Major Advocacy and Organizational Development MEd Africology and African American Studies MA Africology and African American Studies Major/Minor Africology and African American Studies PhD American Sign Language Certificate (Undergraduate) American Studies Major/Minor Ancient Mediterranean Studies Minor Anthropology MA Anthropology Major/Minor Anthropology PhD Applied Behavior Analysis Certificate (Graduate) Applied Behavior Analysis Certificate (Undergraduate) Applied Behavior Analysis MSEd Applied Epidemiology Minor Applied Mathematics Major Applied Research and Evaluation PSM Applied Sociology PSM Arabic Certificate (Undergraduate)/Minor Architecture Major Architecture MArch Architecture MS Art Education Major Art Education MEd Art History MA Art History Major/Minor Art History PhD Art Therapy Major Asian Law LLM Asian Studies Major/Minor Athletic Training DAT Athletic Training MSAT Autism Endorsement Certificate (Graduate) B Bachelor of General Studies (BGS) Bachelor of Social Work (BSW) Basic Core Science Studies Certificate (Professional) Basic Pharmaceutical Development Certificate (Graduate) Biochemistry Major Bioengineering Major Bioengineering MS Bioengineering PhD Bioinformatics Certificate (Graduate) Bioinformatics PhD Bioinformatics PSM Bioinnovation Certificate (Graduate) Bioinnovation PSM Biologics and Biosimilars Manufacturing Certificate (Graduate) Biologics and Biosimilars: Regulatory Aspects Certificate (Graduate) Biology MA Biology Major/Minor Biology MS Biology PhD Biology with Teaching Major Biomedical Sciences MS Biomedical Sciences PhD Biopharmaceutical Manufacturing and Regulatory Affairs Certificate (Graduate) Biophysics Major Biotechnology Certificate (Graduate) Biotechnology PSM Business Administration DBA Business Administration MBA Business Administration PhD Business Analytics Certificate (Graduate) Business Analytics MS Business Basics Certificate (Undergraduate) Business Management Major Business Minor Business Plus Certificate (Undergraduate) C Career and Technical Education Major Career and Technical Education MEd Career and Technical,False,,,high,validation,v0.4,non_substantive_or_insufficient
validation_0061,414d245c24a7f29b,Autism,2016,autism_spectrum,"Doyle is a founding Board member of the Illinois Assistive Technology Program, a federally and state funded program that provides information, technical assistance, training, device loans and cash loan programs to the citizens of Illinois. Additionally, Barbara has been the recipient of many distinguished honors throughout her career: - Exceptional Parent Magazine Symbol of Excellence, 2017 - Winner of the Autism Society of America Book of the Year award, 2006 Literary work for†“ Autism Spectrum Disorders from A to Z” - Los Trastornos del Espectro de Autismo de la A a la Z, the Spanish-language version of “ Autism Spectrum Disorders from A to Z” Winner of the Autism Society of America’s 2006 Outstanding Literary Work of the Year - Judevine Center for Autism Educated Heart Award, 2003 - Sertoma International Service to Mankind Award, 1976 The Margaret Bancroft Distinguished Leadership Award will be presented at the Annual Awards Dinner on Monday, January 16, 2017, at 6:00 PM. The event will be held at the Metropolis Ballroom in Arlington Heights, Illinois.",False,,,high,validation,v0.4,non_substantive_or_insufficient
validation_0062,13a5f38c8bb337ac,ADHD,2023,adhd,"Various sclerosis, spinal rope wounds, and spastic issues have moreover responded well when treated with hemp remedial outcomes. ADHD, likewise called an absence of capacity to focus reliably mess, has exhibited improvement similarly as Toilettes issue, Huntington’s ailment, glaucoma, and Alzheimer’s. It might be taken in a variety of constructions, including pill structure, liquid merino, crumbled, cooked into sustenance, or smoked.",False,,,medium,validation,v0.4,non_substantive_or_insufficient
validation_0063,c6a17c65ddb11269,Autism,2025,autism_spectrum,"When it comes to supporting individuals with autism, establishing routines and providing structure is of utmost importance. Consistency, routine, and repetition are fundamental aspects for the development of children with autism spectrum disorder. Let's explore the benefits of consistent routines and the importance of predictability in the lives of individuals with autism.",True,True,True,medium,validation,v0.4,mixed
validation_0064,4e29355af9971429,Autism,2023,autism,S. (Autism & Applied Behavior Analysis) Accelerated Outstanding Child Study majors may enroll in two introductory level three-credit graduate Counseling classes during their senior year. These six graduate credits count toward undergraduate graduation requirements.,False,,,high,validation,v0.4,non_substantive_or_insufficient
validation_0065,158fb8b2f08db1f8,Autism,2018,autism,Might readers assume that a character’s fictional belief or behavior belongs to one of my loved ones? Which brings me to…autism. I am an autism mom.,False,,,medium,validation,v0.4,non_substantive_or_insufficient
validation_0066,4fb42d65dc4c3e1f,ADHD,2018,attention_deficit,"Libido/Sexual health -Testosterone Boosters (for men specifically) and also aid in libido usually used as aphrodisiacs these are actually vital to a positive mood . Memory & Learning - nootropics play a major role in aiding in the process of memory and learning, some even used to treat cases of cerebral trauma Overall Nootropics can be very beneficial for our daily life, as our body & mind respond to things differently under cases of stress, certain nootropics can benefit in category you may feel you need a boost in or if you suffer from hindering conditions such as ADD (Attention Deficit Disorder). Benefits in sports performance Alpha GPC for example has been linked to increased levels of growth hormone as well as quicker fat oxidation, meaning that it promotes muscle gains and helps to burn fat leading to improved physical performance and body composition .",True,True,False,high,validation,v0.4,clinical_only
validation_0067,1fd849c92afeb133,ADHD,2014,adhd,"You may also browse the professionals directory to find Marietta counseling psychology specialists and Marietta professional psychiatrists review and rating information. Locating a Marietta mental health counselor or therapist, counseling psychologist, or psychiatry professional to find out how to treat depression, schizophrenia, phobias, panic attacks, ADD, ADHD or other mental health disorder is simple!",False,,,medium,validation,v0.4,non_substantive_or_insufficient
validation_0068,e9c68fa505dc2067,Autism,2015,autism_spectrum,"New Gene Influences Apple or Pear Shape, Risk of Future Disease Duke researchers have discovered that a gene called Plexin D1 controls both where fat is stored and how fat cells are shaped. Study Links BPA Exposure to Autism Spectrum Disorder Rowan University researchers show BPA is not metabolized well in children with ASD. How Healthy is Genetically Modified Soybean Oil?",True,True,False,high,validation,v0.4,clinical_only
validation_0069,bfa2e7b9ed8b2510,ADHD,2024,adhd,"Let’s unfold some powerful strategies to overcome this hurdle together. So, tune in, gather some practical tips and resources, and let’s make your journey with ADHD a little smoother. What you’ll learn: - The importance of task initiation as an executive function skill - Why task initiation can be challenging for individuals living with ADHD - Practical strategies to make starting tasks less daunting - Tips and resources to help improve task initiation skills “Even if you don’t do the task right then, you’ve started pairing the task with more positive feelings, which will make you feel better about it when you do it.",True,True,True,high,validation,v0.4,mixed
validation_0070,f3367f937d733d6b,ADHD,2022,adhd,"Low iron and zinc levels are often associated with ADHD. Magnesium, though lesser known for its connection to ADHD, is of equal importance.",True,True,False,high,validation,v0.4,clinical_only
validation_0071,d8a47dc72564ec29,Autism,2015,autism,"You are here News Release Tuesday, November 17, 2015 NIH-supported NeuroBioBank joins Autism BrainNet in brain donation initiative Public-private partnership aims to increase quality and quantity of brain tissue for autism research. The National Institute of Mental Health (NIMH) has signed an agreement to establish a collaborative, nationwide effort for the collection, storage, and distribution of postmortem human brain tissue for the benefit of autism research.",True,True,False,high,validation,v0.4,clinical_only
validation_0072,029a5205c9a8eef7,ADHD,2018,adhd,"He'll be tested soon for autism spectrum disorder (ASD) because there's some thought from providers, including the mobile crisis team and even the dentist, that ASD may explain some behaviors. The ADHD and outbursts overshadowed so much that no one thought to look into it before. We've learned to change expectations.",True,True,False,high,validation,v0.4,clinical_only
validation_0073,29cee49f28051469,ADHD,2020,adhd,"This information is not intended to create, and receipt of it does not constitute, an attorney-client relationship between you and Byers & Goulding, PLC and/or Cameron C. Related Articles Treating Impulsive Behaviors In ADHD - A Must Know Guide Here with full support and a refund if the program doesn't work. Course materials include information about the developmental stages of children, adjustments of children to to give you the proper information on child development.",False,,,medium,validation,v0.4,non_substantive_or_insufficient
validation_0074,356c651bf8fbe3f8,ADHD,2018,adhd,"Often times vision deficiencies are at the root of learning problems and behavioral issues and may unfortunately go unchecked and misdiagnosed. Remember, if your child is having trouble in school, an eye exam and a pair of prescription glasses is a much easier solution than treating a learning disorder or ADHD; yet many people fail to check that first. It is common for children to think that their vision deficiency is normal and therefore they often won’t report it to parents or teachers.",True,True,False,high,validation,v0.4,clinical_only
validation_0075,dc95c99eb907f3d9,ADHD,2022,adhd,"Contact us for more details. ATTENTION DEFICIT HYPERACTIVITY DISORDER (ADHD) Diagnostic tools: Behaviour Rating Inventory Executive Function (BRIEF) Diagnostic Interview for ADHD (DIVA) Being You assessments provide clients with an offical diagnosis. In some circumstances clients may benefit form also consulting a paediatrician, child or adult psychiatrist.",True,True,False,high,validation,v0.4,clinical_only
validation_0076,10f89e1b60cec56c,ADHD,2025,adhd,"After a medically managed detox, he entered a structured residential track. MAT stabilized cravings; CBT targeted reward-based habits; and ADHD support optimized focus without triggering relapse risk. He stepped down to IOP with weekly psychiatry follow-ups and joined a local recovery fitness group.",True,True,False,high,validation,v0.4,clinical_only
validation_0077,7f05a25989c98ae3,Autism,2025,autism,"Abstract This open access book marks the first historical overview of the autism rights branch of the neurodiversity movement, describing the activities and rationales of key leaders in their own words since it organized into a unique community in 1992. Sandwiched by editorial chapters that include critical analysis, the book contains 19 chapters by 21 authors about the forming of the autistic community and neurodiversity movement, progress in their influence on the broader autism community and field, and their possible threshold of the advocacy establishment. The actions covered are legendary in the autistic community, including manifestos such as “Don’t Mourn for Us”, mailing lists, websites or webpages, conferences, issue campaigns, academic project and journal, a book, and advisory roles.",True,False,True,high,validation,v0.4,lived_only
validation_0078,599349bf485939fa,Autism,2021,autism_spectrum,"The effect of Tuesday’s decision, Justice Sotomayor continued, was to leave “a regulatory vacuum in which no one ensures that vaccine manufacturers adequately take account of scientific and technological advancements when designing or distributing their products. ” In a final footnote, Justice Sotomayor wrote that a concern about an asserted link “between certain vaccines and autism spectrum disorders” appeared to “underlie the majority and concurring opinions in this case. ”Apparently even Supreme Court justices argue over the definition There are tens of thousands of stories just like those.",True,True,False,high,validation,v0.4,clinical_only
validation_0079,0d5bd68ebc2dcdfb,Autism,2018,autism,- Is Autism Really on the Rise? - The Role of Pesticides and Pollution in Autism - Should Women Get Mammograms Starting at Age 40? - Do Mammograms Save Lives?,True,True,False,high,validation,v0.4,clinical_only
validation_0080,cb64601a1c40dfb8,Autism,2017,autism,"Such effects were found to be particularly prevalent in the neonatal mouse brain. Assessments in macaque and postmortem human brains further indicated that such mechanisms can impact genes linked to neurodevelopmental disorders, including the expression of two autism risk genes, DEAF1 and CNTNAP2. These findings suggest that a broad array of epigenetic mechanisms should be considered, in addition to genetic risk variants, as potentially contributing to autism.",True,True,False,high,validation,v0.4,clinical_only
validation_0081,dad041d13698ad51,Autism,2024,autism,"We’re committed to providing you with the knowledge, resources, and personalized solutions you need to live a healthier, happier life. Expertise in Specialized Formulations We compound unique medications for a wide range of conditions, including mold, Lyme, CIRS, autism, pain management, and more. Professional-Grade Supplements Our carefully curated selection of pharmaceutical-grade supplements, some formulated in-house, ensures you receive the highest quality products.",False,,,high,validation,v0.4,non_substantive_or_insufficient
validation_0082,3524f3a22ef0137e,ADHD,2015,adhd,"While million of little girls where trying to be Mary Lou Retton with her gold medal, flashy smile and short bob hair, I was aiming for second place and wishing to be the... Read more The Universe is One Persistent Mofo Jul 12, 2014 #Balance#Mindfulness Over a year ago, I started talking to someone about ADHD. I joined a group of other women and we talked about what it was like living with distraction, children, jobs, husbands, and the constant 32 TV monitors playing different channels in our heads.",True,False,True,high,validation,v0.4,lived_only
validation_0083,921eacd19685dc18,Autism,2021,autistic,"“I’m really sorry,” she told the court. The Thusnelda-von-Saldern-Haus, run by the Lutheran Church’s social welfare service, specialises in helping those with physical and mental disabilities, including blind, deaf and severely autistic patients. Around 65 people live at the residence, which employs more than 80 people.",True,True,False,medium,validation,v0.4,clinical_only
validation_0084,fa1eb64aaa656ab3,ADHD,2024,adhd,"As a non-ADHD spouse, it’s not uncommon to feel burdened by the responsibilities that come with managing a household, especially when you perceive your ADHD partner as not pulling their weight. This perceived lack of effort can often feel like they’re not trying hard enough or are being inconsiderate.",True,False,True,high,validation,v0.4,lived_only
validation_0085,1e237a79a6fe9608,ADHD,2019,adhd,"Both are important partners in ensuring that children excel in their learning, extracurricular activities, and relationships with their peers. ADD/ADHD and Vision Problems Did you know that certain vision problems can mask themselves as behavioral or learning difficulties? In fact, education experts often say that 80% of learning is visual.",True,True,False,high,validation,v0.4,clinical_only
validation_0086,58410564732c238b,Autism,2019,autism,"The competition, based on the hit TV show, The Shark Tank, aims to spur innovation in the area of safety and wellbeing, employment, technology, housing, transportation, or socialization for individuals with disabilities, and is sponsored by Northeast Arc, a nonprofit based in Danvers that serves children and adults living with disabilities in 190 Massachusetts cities and towns. New England Yachad proposed 4-Club: Autism, Aging, Alexa, Access, which will provide anyone with autism with access to social connection, home automation, and entertainment by linking Alexa technology with low-tech recordable push buttons or voice output smart device apps, such as voice recorder or voice memos. The winning pitch was one of nearly 100 submissions considered by a panel of six judges during a public event held Nov.",True,False,True,high,validation,v0.4,lived_only
validation_0087,f79567808cf27140,ADHD,2017,attention_deficit,"The Effects of Attention Deficit Hyperactivity Disorder (ADHD) on Driving August 31, 2017 A recent study by JAMA Pediatrics found that young drivers who suffer from ADHD are at greater risk for car accidents than other drivers. According to the study, individuals with ADHD are 36 percent more likely to be involved in a car accident.",True,True,False,high,validation,v0.4,clinical_only
validation_0088,87604815bb84aefa,ADHD,2016,adhd,"He told my parents that I had an illness, ADHD. I needed medicines for treatment of ADHD to improve my focus and concentration. I also need structure and routine in my life.",True,True,True,medium,validation,v0.4,mixed
validation_0089,26795280c5eb3e1a,ADHD,2026,adhd,"helpful information, however from what i listened to so far sounds like advice for the stay at home mom. I need advice for the adhd mom who works full time too. I can spend my days off cleaning but come the work week it’s going to explode.",True,False,True,high,validation,v0.4,lived_only
validation_0090,6ec51d42150524d4,ADHD,2022,adhd,"Grade 7–10 Rundle Studio provides a dynamic, interactive online learning environment for students with diagnosed learning disabilities, with or without ADHD, designed to meet their personal learning styles, regardless of geographic location. We are focused on becoming the leader in online personalized learning for complex learners and students with learning disabilities, with or without ADHD, and/or autism spectrum disorder (ASD). Apply now for fall 2023!",True,True,False,high,validation,v0.4,clinical_only
validation_0091,f92575ad02355451,ADHD,2023,attention_deficit,"Children often go through psychological issues that require specialized attention and treatment. When clinical psychologists specialize in child psychology, they become equipped to diagnose and treat various issues, including anxiety, depression, attention-deficit/hyperactivity disorder (ADHD), and more. They also work closely with parents and caregivers to understand the needs and concerns of the child.",True,True,False,high,validation,v0.4,clinical_only
validation_0092,0ed3242fbeab3d8a,ADHD,2017,attention_deficit,"People with amblyopia, strabismus and decreased vision from disease often cannot see in 3-dimensions and have decreased stereovision. - Attention Deficit Disorder This site has information on how Attention Deficit/Hyperactivity Disorders affect the eyes and the visual problems associated with ADHD. - Brain Injuries and Vision Problems Many patients with brain injuries have vision problems that can make simple activities challenging.",True,True,False,high,validation,v0.4,clinical_only
validation_0093,b1151ebb67607929,Autism,2025,autism,"Jane Harrington discovered a fundamental problem: teaching students about invisible organisms through a webcam just wasn’t working: As an educator, I love teaching and I love microbes. I found that just talking to students was ineffective, especially for people who have processing disorders such as ADHD or autism. If someone’s not enjoying an experience, they’re not going to be learning.",True,True,True,high,validation,v0.4,mixed
validation_0094,bbba872ad52c0eff,ADHD,2014,adhd,Logo of National Resource Center on AD/HD Home · Register · NRC Library in Spanish Ask a Question About AD/HD Diagnostic & Treatment Guidelines Rating Scales and Checklists Professionals Who Diagnose and Treat ADHD Treatment Overview Medication Management Behavioral Treatment Complementary and Other Interventions Parent Education and Training Coexisting Conditions Frequently Asked Questions Will my child's Individual Education Plan (IEP) or Section 504 plan transfer if he changes schools? Find us on Facebook Follow Us on Twitter HelpForADHD on YouTube Can't find what you're looking for?,False,,,high,validation,v0.4,non_substantive_or_insufficient
validation_0095,771e1eb74e6ee375,Autism,2014,autistic,"It is often difficult to identify autism in very young children but many parents we talked to described noticing unusual or concerning signs, such as a delay in talking, during their children’s early development. Other parents did not notice anything particularly unusual at the time but once their children were diagnosed with Autistic Spectrum Disorder (ASD), they looked back and identified particular behaviours or characteristics that they thought were an indication of autism. Jane, a Senior Lecturer (Neonatal and Child) Nursing, lives with her son aged 14 and daughter aged 9.",True,True,True,high,validation,v0.4,mixed
validation_0096,7259414978a10612,Autism,2025,autism,"He explains why he believes trans ideology exploits autistic youth's social struggles for profit and political gain. Trans is an industry, and it’s targeting autistics Sven and I discuss how the trans (TQ) movement is not a community but a lucrative industry targeting vulnerable youth, especially those with autism, ADHD, or other neurodiverse conditions, using strategies like ‘love bombing’ to exploit their desire for belonging. Colorado HB1312 Bill Sven testified against Colorado's HB1312 “Legal protections for transgender individuals” (passed May 16, 2025), which defines misgendering and deadnaming as coercive control, potentially leading to family separation and forced gender-affirming procedures for children, particularly autistic youth.",True,False,True,high,validation,v0.4,lived_only
validation_0097,f6acdf002a238b6e,ADHD,2023,adhd,"Ken has forgotten more about rock music than most of us will ever learn, so don't miss either this conversation or the exhibit, which runs through June. Wednesday Feb 01, 2023 Wednesday Feb 01, 2023 “Neurodiversity” has become a familiar term across American society, but mere awareness of autism, ADHD, dyslexia, dyscalculia, dyspraxia, dysgraphia, and other neurological differences doesn’t mean much for the people who live with these – especially when it comes to finding work. Studies differ on exact numbers, but the unemployment rate among neurodivergent people (a more precise term than neurodiversity) is definitely higher than among the overall population, probably by a double-digit factor.",True,False,True,high,validation,v0.4,lived_only
validation_0098,1c3c7a2e1757c71b,ADHD,2019,adhd,"It provides an overview of treatment considerations and strategies to maximize neurofeedback and biofeedback modalities. It answers some of the questions about comorbidity in Troubled Youth for such disorders as ADHD, Addictions, Anxiety disorders and Social Disorders. After viewing the class recordings participants will have a basic understanding of neurofeedback and biofeedback for troubled youth, they will be aware of how biofeedback can be used; they will have seen a demonstration of a session recording with a real patient, and they will be able to start to consider how biofeedback and neurofeedback may be of benefit at their location.",True,True,False,high,validation,v0.4,clinical_only
validation_0099,a8912a56d7e7e915,ADHD,2019,adhd,"Including only attaching your 'nic-tank' once or twice a day and vaping 0% nicotine vape the rest of the day just for fun. Interestingly, if you're someone who benefits from a little nicotine for medical reasons (schizophrenia, anxiety, depression, adult ADHD to name a few), then easing off nicotine may also be a journey to 'find your level'. Many people drawn to smoking because of these conditions find that they never fully leave nicotine behind, but without smoking, there are no additional health risks to self-treating with small doses of relatively harmless nicotine extract.",True,True,False,medium,validation,v0.4,clinical_only
validation_0100,8d9903d8512972fb,ADHD,2025,adhd,"says it can’t keep ‘shouldering such a significant financial burden’ in Haiti crisis - DISTURBED Is 'Always Talking' About Which Other Classic Songs To Cover In The Recording Studio - Extremely awkward exchange on live TV - Is the US dollar at risk of a ‘confidence crisis’? - Doctor shares exactly what happens at an ADHD assessment - Best Muscle Gain and Growth Steroids, Cutting, Testosterone vs Steroids Bodybuilding, Safe Anabolic Steroids, Where to Buy Steroids, Steroids Without Injection, What Are in Steroids (By CrazyBulk) - Rare letter offers glimpse into Bram Stoker’s early thoughts on Dracula - Growth Trends in the Supply Chain Management (SCM) Software Market, 2024-2029: A Forecasted $43. 52 Billion Landscape - Elon Musk to step back from DOGE, focus on Tesla after profits plunge 71% - Putin declares Easter ceasefire; Zelenskyy says Russian bombardment 'has not subsided' | CBC News - 60-year age limit bill for presidential, gov candidates passes second reading - One of These African Cardinals Could Be The Next Pope - ‘Employment’s the best way to stop reoffending’: the boss of ready meals firm Cook on the ‘talent’ in prisons - Russian aircraft in Indonesia 'should not concern us', says expert - New Steam RPG dripping in classic style with a Soulslike combat twist launches with free demo - I changed 10 Samsung phone settings to instantly improve the user experience - Jennifer Lopez Brought Barbiecore To F1 By Rocking A Pastel Pink Catsuit - Tesla profit falls in the wake of brand controversy",False,,,high,validation,v0.4,non_substantive_or_insufficient
validation_0101,28be37e25c70280c,ADHD,2022,attention_deficit,"- If frontal lobe of your brain is less active then you are more exposed to the danger of depression than other individuals. - If you have been suffering from chronic illness or attention-deficit hyperactivity disorder, then you are at a higher risk of depression. - A history of drug or alcohol misuse can also be a major reason.",True,True,False,high,validation,v0.4,clinical_only
validation_0102,cc98ca80343750fe,ADHD,2024,adhd,"You may also bring your own. Yes ADHD or Similar, Autism or Related, Celiac, Diabetes, Disabilities, Food Allergies, Hearing Impaired, Other Needs We offer many people to have the availability to take part in our programing. Opens: 03/20/2024 Closes: 07/21/2024",False,,,high,validation,v0.4,non_substantive_or_insufficient
validation_0103,a362ee11458e0523,ADHD,2021,adhd,"Animatie van de NTR over ADHD en wat dat nou precies is. Niet iedere ADHD’er is een stuiterbal. De cookie-instellingen op deze website zijn ingesteld op ""cookies toestaan"" om je de best mogelijke browse-ervaring te bieden.",False,,,high,validation,v0.4,non_substantive_or_insufficient
validation_0104,eeb07bb3fa2c555b,Autism,2018,autism,It was to help benefit The Faison School. This charity helps children and families that are affected by autism. Life is short.,False,,,medium,validation,v0.4,non_substantive_or_insufficient
validation_0105,f9d7f14cbe255910,ADHD,2025,attention_deficit,"Utilizing VR technology, cognitive functioning is being improved, specifically. Children diagnosed with Attention-Deficit/Hyperactivity Disorder (ADHD) frequently encounter difficulties maintaining attention. This review and meta-analysis seeks to determine the effectiveness of immersive VR interventions in alleviating cognitive deficits for children with ADHD, examining influencing factors on treatment magnitude, and evaluating adherence and safety.",True,True,False,high,validation,v0.4,clinical_only
validation_0106,fd35b50435ffa95d,ADHD,2019,adhd,"” Attention-deficit/hyperactivity disorder (ADHD) is a chronic condition that affects millions of children and often continues into adulthood. ADHD includes a combination of persistent problems, such as difficulty sustaining attention, hyperactivity and impulsive behavior. In my opinion, it seems to be a mental pandemic that is spreading like a highly contagious disease.",True,True,False,high,validation,v0.4,clinical_only
validation_0107,e2e019e31d5379ed,Autism,2024,autism_spectrum,"Unveiling the hidden world of autism in women: unique experiences, characteristics, and the path to support and understanding. March 29, 2024 Understanding Autism in Women Autism spectrum disorder (ASD) is a neurodevelopmental condition that affects individuals across all genders. However, there are notable differences in how autism presents in women compared to men.",True,True,False,high,validation,v0.4,clinical_only
validation_0108,c3ec087f9d55a8ab,ADHD,2024,adhd,"Join me as I dive deep into what this path has meant for me. Main Topics Covered: - Late Diagnosis and Its Impact [00:00] I talk about the emotional process of receiving my ADHD and autism diagnosis later in life and how that shaped my sense of identity. - Discovering Neurodivergent Strengths [03:10] How my neurodivergence has shaped my strengths as a mother, and how I use these strengths to navigate the ups and downs of parenting.",True,False,True,high,validation,v0.4,lived_only
validation_0109,6b33a4c22685d930,Autism,2014,autism,"Mark and Dillon will explore the newest trends in technology, review new products and interview leaders and scientists who are changing the world we live in. We will answer a question of the week; have a short weekly segment on rising above autism, and be sure to stay tuned for our technology tip of the week. We are excited to share our interest in robotics, engineering, science and technology with kids across America.",False,,,medium,validation,v0.4,non_substantive_or_insufficient
validation_0110,459b703ac5a0e76f,ADHD,2014,adhd,Logo of National Resource Center on AD/HD Home · Register · NRC Library in Spanish Ask a Question About AD/HD What is ADHD or ADD? Myths and Misunderstandings Causes and Brain Chemistry ADHD and the Brain PAB Statement on Environmental Factors and ADHD The Science of ADHD Statistical Prevalence of ADHD What We Know - Info Sheets on ADHD Glossary of Terms Related to ADHD Frequently Asked Questions My daughter has ADHD and is a junior in college. There is a course requirement she must meet to graduate and so far she's failed the course three times.,True,False,True,medium,validation,v0.4,lived_only
validation_0111,6e921bd73f77e929,ADHD,2019,adhd,I’ll be getting in touch with you to help devise a personalized treatment plan that relieves you of your metabolic condition! Search Articles by Category - Acid Reflux / GERD (6) - ADD / ADHD (3) - Adrenal Fatigue (27) - Andropause/Low T (2) - Anxiety (16) - Autoimmune Disease (44) - Brain Fog (13) - Breakfast (5) - Breakfast (7) - Candida and Yeast Overgrowth (1) - Cardiovascular Disease (5) - Cardiovascular Health (3) - Chronic Fatigue Syndrome (15) - Crock Pot (6) - Depression (14) - Desserts (17) - Diabetes (19) - Estrogen (6) - Fatigue (11) - Fibromyalgia (37) - Food Sensitivity (18) - Functional Medicine (88) - Gluten (33) - Gut (127) - Gut Dysbiosis (3) - Hashimotos (50) - Healthy Food Recipes (216) - Histamine Intolerance / MCAS (17) - Hormone (179) - IBS (39) - Immune System (59) - Insomnia (6) - Insulin (2) - Juices & Smoothies (83) - Leaky Gut (19) - Low FODMAP (49) - Low Histamine Recipes (66) - Lyme Disease (1) - Main Course (43) - Main Dishes (49) - Men's Health (6) - Menopause (5) - Mental Health (31) - Mold and Biotoxin Illness (6) - Nervous System (13) - Neuropathy (8) - Nutrition (225) - PCOS (21) - Progesterone (6) - Psoriasis (1) - Salads & Sides (59) - SIBO (47) - Side Dishes (46) - Snacks (23) - Soup & Stew (23) - Testosterone (1) - Thyroid (206) - Weight Loss (11) - Women's Health (66),False,,,high,validation,v0.4,non_substantive_or_insufficient
validation_0112,a795ebf8f315a5d1,Autism,2015,autism,"THE DANGERS OF VACCINATION AND VACCINE THEORY. Mass vaccination programs are on the increase, despite there now being firm evidence linking vaccination to serious chronic health problems, such as autism, permanent brain injury and death. SUGAR (SUCROSE), ASPARTAME AND SACCHARIN.",True,True,False,high,validation,v0.4,clinical_only
validation_0113,bda98befcb2be53d,ADHD,2016,attention_deficit,Can't concentrate? Answer these six questions (adding up your score as you go along) to find out if you might have attention deficit hyperactivity disorder (ADHD). A score of 11 or higher indicates that your symptoms might be consistent with adult ADHD.,True,True,False,high,validation,v0.4,clinical_only
validation_0114,3ec74d41dbd22e2f,ADHD,2018,adhd,"According to the American Psychiatric Association, an estimated 2. 5 percent of adults and 5 percent of children have ADHD. Furthermore, two-thirds or more of children with ADHD continue to have symptoms in adulthood.",True,True,False,high,validation,v0.4,clinical_only
validation_0115,b1336ac6d27e37ff,ADHD,2015,adhd,"But using motivational incentives along with the drugs, they said, improved the children's performance. ""The findings suggest that there may be important additive effects of stimulant medications and behavioral strategies for increasing motivation in ADHD,"" Dr. John Krystal, the journal's editor, said in a news release from the journal's publisher.",True,True,False,high,validation,v0.4,clinical_only
validation_0116,70f894b51c6f2d8d,Autism,2018,autism,It is already in its second edition. The first edition was targeted at children with Autism. But this edition focuses on anxiety disorders outside of Autism.,True,True,False,medium,validation,v0.4,clinical_only
validation_0117,b1b20a585da6ad78,ADHD,2023,adhd,"Good old-fashioned psychotherapy. Experienced in ADHD, divorce, relationship/marital, depression bipolar disorders. Parenting Coordinator.",False,,,high,validation,v0.4,non_substantive_or_insufficient
validation_0118,9f4fe9bca73c15f4,ADHD,2024,adhd,"Tiimo gets €1. 4M to support teenagers with ADHD in schools Born out of a research project to support teenagers with ADHD in schools, Tiimo was founded in 2015 by co-founders Helene Lassen Nørlem and Melissa Würtz Azari, who herself has ADHD. Tiimo brings together time management and habit building in a visual planner, designed by and for neurodivergent brains.",True,True,False,medium,validation,v0.4,clinical_only
validation_0119,98613c156d3aa85e,Autism,2021,autism,"He was unresponsive to conventional factor VII replacement therapy. In December 2015 he was diagnosed as also suffering from autism. This is an unrelated condition, although has made the management of his haemophilia more complicated.",True,True,False,high,validation,v0.4,clinical_only
validation_0120,2884b042511bf53e,ADHD,2019,attention_deficit,"” Across the pond at Reedham Primary in Norfolk, United Kingdom, children help deal with the emotional and social challenges of growing up through yoga and mindfulness classes. The project has had a “profound impact”, in particular among students with special needs such as autism and attention deficit hyperactivity disorder. ""We have seen how the practice of yoga has a profound impact on certain children.",True,True,True,medium,validation,v0.4,mixed
validation_0121,17683bf663c753be,ADHD,2022,attention_deficit,"Common Mental Health Disorders Among Students Mental health disorders in schools are on the rise with reports showing one in five students experiencing mental health problems. The most common mental health disorders among students are depression, attention deficit disorder or attention deficit hyperactivity disorder, anxiety, autism spectrum disorder, obsessive compulsive disorder, post-traumatic stress disorder, tourette syndrome, oppositional defiant disorder, conduct disorder, substance abuse and eating disorders. School systems have many resources available to students and families to help with diagnosing and treating most issues.",True,True,False,high,validation,v0.4,clinical_only
validation_0122,45f3d339c4ab8dc4,ADHD,2019,adhd,"Funny how love can present us with challenges that will test not just our love but also our ways into dealing with different personalities. Dating someone with ADHD may not be as uncommon as you think. Sometimes, there can be many signs that are already showing but aren’t really enough for us to understand yet, thus making it hard for us to deal with our partners.",True,False,True,high,validation,v0.4,lived_only
validation_0123,73bf5d2655cc46a1,ADHD,2014,adhd,"Irlen Syndrome is present in a variety of populations, including individuals identified with reading and learning difficulties, low motivation, attention deficit disorder (ADHD), discipline problems, headaches and migraines, autism, and traumatic brain injury. While more common in populations with specific difficulties, such as reading problems and ADHD, even gifted and highly successful individuals can be impacted by this issue – often working harder and suffering more than necessary to succeed. IRLEN BY THE NUMBERS - 14 % General population - 46% Individuals with reading or learning difficulties, including dyslexia - 35% Individuals who have suffered TBI or concussion - 33% Individuals on the autism spectrum - 33% Individuals with attention and concentration problems, including ADHD - Individuals with medically resistant headaches and migraines (incidence data not yet available) WHAT THE PRINTED PAGE LOOKS LIKE",True,True,False,high,validation,v0.4,clinical_only
validation_0124,333897317e28de96,ADHD,2017,adhd,"The first team to go onstage at the Disrupt NY 2017 Hackathon showed off reVIVE, a virtual reality solution for diagnosing ADHD. The team of three high school juniors wanted to create a solution that would simplify the lengthy and expensive process of diagnosing the illness.",True,True,False,high,validation,v0.4,clinical_only
validation_0125,a7281f84da790813,Autism,2017,autism_spectrum,"What I find with this group—and I’m among them—is that we show every detail because we have trouble deciding which ones are most important. (In my anecdotal experience, this is more common among those of us with ADHD and/or on the autism spectrum, because we are nothing if not thorough. ) The thing is, we’re aiming to draw readers into the experience.",True,False,True,high,validation,v0.4,lived_only
validation_0126,b01ca4c62c43e3b2,Autism,2014,autism,"Kids 'Severely Obese,' Experts Warn A Better Test for Down Syndrome? A Challenge at Work Might Ease Autism Symptoms in Adults A Judgmental Doctor May Make It Hard to Lose Weight A Little Formula Might Help Breast-Feeding for Some Babies A Little Weight Loss May Ease Sleep Apnea A Nurse Who Lends an Ear May Ease Anxiety in Moms of Preemies A Strong Marriage Can Shield Kids From Dad's Depression: Study Abdominal Fat Linked to Raised Heart, Cancer Risks Abnormal BMI Tips Scale Toward Pregnancy Complications, Study Says ADHD in Childhood May Raise Risk for Obesity in Adulthood Adult Children of Substance Abusers More Prone to Depression Age Amplifies Damage From Obesity, Study Finds Age of Autism Diagnosis May Depend on Symptoms: Study Alcohol Near Start of Pregnancy Linked to Premature Babies Allergies, Asthma Show Links to ADHD: Study Alternative Therapies Widely Used for Autism Americans Eating Better, Cutting Calories: USDA Americans Still Making Unhealthy Choices: CDC Antibiotic-Resistant Infections Up Among Hospitalized Kids: Study Antidepressant Use During Pregnancy Not Linked to Autism Antidepressants in Pregnancy Tied to Slight Risk of Lung Disorder in Babies Anti-Fungal Drug Not Tied to Most Birth Defects: Study Antioxidant Supplements Don't Help Women Get Pregnant: Review Antips",True,True,False,high,validation,v0.4,clinical_only
validation_0127,662a9deacd7d0f1e,ADHD,2018,adhd,"Our office provides Assessment and Vision Training for individuals with developmental disabilities and those who require neuro-rehabilitation. We specialize in Autism Spectrum Disorders including ADHD and are currently involved in a Sensory Training Program study with University of California, Riverside to evaluate a new computer program and its effect on cognitive and visual performance. A Parent's Story: Our daughter, Ashlyn, began Neuro-Vision Therapy with Dr.",True,True,False,high,validation,v0.4,clinical_only
validation_0128,5cdee39b2a381b71,ADHD,2020,adhd,"It is used only as part of a complete treatment program of the disease which also includes treatment that does not involve drugs, such as talk and behavioral therapy. The drug is not for the treatment of ADHD in children under 6 years because it is not known if the treatment works or is safe for these people. In adults, this drug is used to treat ADHD when the symptoms are very bothersome and affect your job or social life and when you had symptoms of the disease as a child.",True,True,False,high,validation,v0.4,clinical_only
validation_0129,d5ea8fb1b69a0d52,Autism,2018,autism,"He is properly diagnosed and has services for his special needs. In May, Highfields’ Autism Case Management counselor, Nina Huver, was brought in to help coordinate services related to his Autism diagnosis. “I don’t know where my family would be if I did not seek out help,” said Jodi.",True,True,True,high,validation,v0.4,mixed
validation_0130,d292b9f536f96975,Autism,2025,autism_spectrum,"April is recognized as Autism Awareness Month, a time dedicated to increasing understanding, acceptance, and support for individuals with Autism Spectrum Disorder (ASD). Autism spectrum disorder (ASD) is a neurodevelopmental condition that affects communication, behavior, and social interactions.",True,False,True,high,validation,v0.4,lived_only
validation_0131,2b488c58656af8d6,ADHD,2014,adhd,"You see, at my workshop last week, we made an interesting observation. I let it slip that I have ADHD. The Inattentive subtype.",False,,,medium,validation,v0.4,non_substantive_or_insufficient
validation_0132,a4798a59631157c1,Autism,2014,autistic,"Rio was about Blu, an introverted and shy tropical macaw that can do everything except fly. Jewel is the female costar of this autistic avian that finally encourages him to overcome his fear of soaring into the azure blue skies. Bruno will be the voiceover player of Roberto in Rio 2.",True,False,False,medium,validation,v0.4,substantive_other
validation_0133,b41f38b1e42e2e04,Autism,2024,autism,"Whether it's through our early intervention services, preschool programs, or after-school activities, we, the well-known Social Skills Training Centre in Lumbini, are committed to making a positive impact on the lives of the children and families we serve. From interactive Play Therapy and Screening Assessment to language therapy classes and Autism Treatment, our programs are designed to engage and inspire children in a safe and inclusive environment. Our Services Feedback Services Specialist Happy Parents Our Locations What Parents Say We enrolled our daughter at Nvyum when she was a bit shy and hesitant to interact with other children.",True,True,False,high,validation,v0.4,clinical_only
validation_0134,7023aff9aa88bc3d,ADHD,2024,adhd,"adhd Summary TLDRIn this engaging video, the creator shares their personal journey of being diagnosed with ADHD, specifically the inattentive type. Initially in denial, they began questioning their symptoms after noticing common behaviors among individuals with ADHD online.",True,False,True,high,validation,v0.4,lived_only
validation_0135,9070d69a008d84df,ADHD,2016,adhd,"9 percent versus 3. 8 percent of girls, and are being diagnosed with ADHD at rates three times higher than that of their female counterparts. In short, manhood is in peril … or at least going through a pretty significant transformation on its way to the new future state.",True,True,False,high,validation,v0.4,clinical_only
validation_0136,e482e4c31ad92f1c,ADHD,2025,adhd,"Understanding mags and internet sites in the place of books is much more suitable We have not but really comprehend Dr. Hallowell’s most recent publication; but not, I checked it during the bookstore, and i trust the topic is actually stretched to-arrive a bigger inhabitants than ADHD people. I would recommend training their earlier books and people by the most other writers with the ADHD.",False,,,medium,validation,v0.4,non_substantive_or_insufficient
validation_0137,bdd71ea189b7a40f,Autism,2016,autism,If you have an event or activity in Edinburgh which you want to put on the calendar email in the details. Please check external event websites to confirm details and get tickets - Categories - Tags A Fairer Wealthier Scotland A new civilisation About Film addiction Adult Learning Project advice Africa Aiden Pilling air pollution Alan Clark Alex Dunedin Aloneness Aluminium Anchor Institutions animation Anne Hill Fernie Anthropology Anti Valentines anti war Antonia Darder Argumentation Art Art Class Artist Artlink Asia Attraction Autism babies Bangladesh Battle of Loos bazaar behaviour behaviour modelling behavioural modelling Benefits Bible Bike repair Bilingualism biodiversity Birdwatching Body bodysnatchers Book Book group book reading Botanic gardens Breast Cancer Brexit Brian Catling Brian Chrystal Brigitte Lechner business Butch Cassiday and the Sundance Kid Café Scientifique Cameo cinema CAMINA cancer Carl Emery Carl Rosa Cast Iron Catherine Allgor Cell Biology Charlie Chaplin children Children 1st Chitty Chitty Bang Bang Choir Cinema circular economy Civil war Clare Dallat Climate Change coding Colin Chambers commerce communication Communities community meal conflict resolution conservation conspiracy theories Constipation conversation craft Craig Hammond creative writing criminal justice critical pedagogy Cycling UK DADA Damavand Dances of Universal Peace Daoism dating David Wingrove Deaf community debate Dehumanization Dementia democracy Disa bled access diversity DNA Dominique Tessier Dovecot Dr Friederike Voigt Dr Hannah Holtschneider Drawing drink Drums Durham University Dynamic earth ECAP Economics Edible Gardening Edinburgh Edinburgh Central Mosque Edinburgh Coalition Against Poverty Edinburgh Gurd,False,,,high,validation,v0.4,non_substantive_or_insufficient
validation_0138,34e77852d3fd5d06,Autism,2021,autistic,"He uses his harmonica or slaps the water with his palms to call them. Lola and her autistic son Tristán find Beto’s videos on YouTube. In hopes of helping her child, they travel to Patagonia to see the whales in this heartfelt story for the whole family.",False,,,high,validation,v0.4,non_substantive_or_insufficient
validation_0139,3b3c784891ba07ea,ADHD,2025,adhd,If the psychologist suspects attention difficulties are impacting on learning they may suggest completing the Conners 4 Rating Scales. They may also recommend to see a paediatrician (or psychiatrist) to investigate ADHD and provide a diagnosis if appropriate. What happens if we are sick on the day of the assessment?,True,True,False,high,validation,v0.4,clinical_only
validation_0140,f56853f98d3c9141,Autism,2025,autism,Check out our complete guide for how to start and end ABA therapy. ABA is usually covered by insurance if you have an autism diagnosis. Autism is typically the only diagnosis insurance will authorize for ABA services since its benefits have been researched extensively.,True,True,False,high,validation,v0.4,clinical_only
validation_0141,d387dfc59f6d16eb,ADHD,2017,adhd,"These analyses are ongoing. CH and ADHD: We have recently completed a study (published in the journal Depression and Anxiety) examining the overlap between CH and ADHD, and have found that ADHD symptoms are very prevalent among people with CH. In our sample of individuals with OCD, 34% of those with CH had ADHD, and another 5% had ADHD symptoms but did not meet all of the requirements for a diagnosis.",True,True,False,high,validation,v0.4,clinical_only
validation_0142,71508e4f7e523ce5,Autism,2018,autism,"As a partner, you will be responsible for reporting on the following info... We launched an autism tv channel, Our target audience is anyone or organization with the word ""Autism"" in it. we are a streaming network and the goal is to get millions of subscribers.",False,,,medium,validation,v0.4,non_substantive_or_insufficient
validation_0143,da9354b9de2a5abc,Autism,2016,autism,"D. (Center for Autism & Related Disabilities); CHARLEE homes, and Our Kids of Miami-Dade and Monroe Counties. We host an annual Judicial Reception for all of our judges as well as an annual Law Day Event to educate students and members of our community about the importance of the legal system in our society.",False,,,high,validation,v0.4,non_substantive_or_insufficient
validation_0144,8daa3eb9ce11f974,Autism,2021,autism,"Ask the Expert: Caring for Children with Special Healthcare Needs During COVID-19 - Webinar Hidden Consequences: How the COVID Pandemic is Impacting Children - Webinar series Getting the COVID-19 Vaccine - step-by-step guide showing what happens when you get a shot EVENTS and ACTIVITIES - CHECK IT OUT! - Autism Resources for Families - National Autism Center - Autism Speaks - Enhancing lives today and accelerating a spectrum of solutions for tomorrow, across the spectrum and throughout the life span - Rochester Regional Center for Autism Spectrum Disorder - Sponsored by the Strong Center for Developmental Disabilities - Sesame Street Autism Resources for Families See Amazing in All Children, a nationwide initiative aimed at communities with children ages 2 to 5. Developed with input from parents, people who serve the autism community, and people with autism, See Amazing in All Children offers families ways to manage common challenges, to simplify everyday activities, and to grow connections and support from family, friends, and community.",False,,,high,validation,v0.4,non_substantive_or_insufficient
validation_0145,40ec82956a774d6e,Autism,2019,autism_spectrum,"Jeanette has worked full-time in the Australian Public Service since 2007 and has a Masters degree in Fine Arts. She is the author of Finding a Different Kind of Normal (an autobiography), The Wonderful World of Work (an activity book to help teens on the Autism spectrum prepare for joining the workforce) and The Guide to Good Mental Health on the Autism Spectrum. Last Saturday I reflected that I would be trolled as a result of the meme I had scheduled to post the next day but that I would post it anyway.",False,,,medium,validation,v0.4,non_substantive_or_insufficient
validation_0146,4b1c34218d2a1cdc,Autism,2016,autism,I hope everyone can watch this tomorrow! Autism in Love on PBS . Click on the link below to view a preview video!,False,,,medium,validation,v0.4,non_substantive_or_insufficient
validation_0147,80c7616139796311,ADHD,2021,adhd,"I tell Geoff that when we get to the aid station, I’m going to stop and walk for a few seconds to eat something. Side note here: the new meds I’ve started taking for ADHD have left me with absolutely ZERO appetite, and some my caloric intake for the week as a whole has been abysmal. I figure that slamming a gel or two during a half marathon – something I’d normally never do – couldn’t hurt in this instance.",True,False,True,high,validation,v0.4,lived_only
validation_0148,ff64d1c09f569f9b,ADHD,2023,adhd,"Abstract Substance use disorder (SUD) pedigrees identified through an attention deficit/hyperactivity disorder (ADHD) proband may be helpful in teasing apart the genetic risks for both ADHD and SUD (ie, alcohol or drug use). Pedigrees segregating for both SUD and ADHD may represent a subset of both of these common disorders that share a related genetic basis. We determined the number of SUD and ADHD pedigrees in a sample of 175 ADHD probands.",True,True,False,high,validation,v0.4,clinical_only
validation_0149,1280956d10e95fbd,ADHD,2017,adhd,"Only doctors can diagnose and treat ADHD or ADD. This website ONLY intended to provide information about products that can possibly provide effects similar to those experienced with medications designed for ADHD and ADD patients, and should not be interpreted as a recommendation of any ADHD or ADD medications. All medication brand names are property of their respective trademark holders.",True,True,False,high,validation,v0.4,clinical_only
validation_0150,a7dcd1d8ed31ffe6,ADHD,2015,adhd,"If a doctor prescribes medication, there are usually strong side effects. Medications that may be prescribed include: - Clonidine—usually the first medication tried to control tics, but may not be effective - Antipsychotics—to help control tics - Antidepressants—to manage related obsessive-compulsive habits - Stimulants or medication used to treat high blood pressure—to manage symtoms related to ADD and ADHD",True,True,False,high,validation,v0.4,clinical_only
validation_0151,ede8e0bff2ef38ea,ADHD,2017,adhd,"Not like different particular training circumstances, kids and adolescents with ADHD are incessantly blamed for having the situation, perceived as hostile or unmotivated, lazy or cheeky. When ADHD goes untreated it turns into a critical situation affecting shallowness, motivation, behaviour, self-confidence and relationships with adults and friends. ADHD is a high-stakes situation and it must be recognised that college students who’ve it did not select to be the way in which they’re.",True,True,True,medium,validation,v0.4,mixed
validation_0152,ba476ec9c67c811b,Autism,2015,autism,"Tell us a bit about the relationship between the human microbiome and the brain. We’ve really done some incredible work over the years from the diagnostic prospective, but when it comes to actionable treatments, we’ve been at a loss for maladies involving the brain, particularly with major issues such as Alzheimer’s, autism, Parkinson’s and depression. We’re starting to discover the incredible role of the microbiome–the 100 trillion organisms living within the human intestine–in virtually every important physiological process that happens in the human body.",True,True,False,high,validation,v0.4,clinical_only
validation_0153,85b020e3bd4e0acb,Autism,2023,autism,"For example, you might say a “person with disabilities,” instead of a “disabled person. ” However, self-advocates have recently spoken out about preferring identity-first language, such as an “autistic person” instead of a “person with autism” because they believe that their disability is not a thing that makes them bad or a reason for them to be rejected. They also believe it’s a way to celebrate their identity, like we would refer to a “gay person” or a “Jewish woman.",True,False,True,high,validation,v0.4,lived_only
validation_0154,82d1407e952710dc,ADHD,2023,adhd,"Great! But thanks to ADHD, I am prone to acting a little too excited and can sometimes overshare. Then, when I finally notice the discomfort of my interlocutor, I feel acute embarrassment for being such a weirdo.",True,False,True,high,validation,v0.4,lived_only
validation_0155,d4d4d5d5b3ba52b4,Autism,2020,autism,"Terry Hamlin is the Associate Executive Director at The Center for Discovery, a New York State designated Center of Excellence for children and adults with complex conditions, such as autism. She is also the author of Autism and the Stress Effect. In addition, the evening includes opportunities to learn about and experience innovative stress reduction techniques.",False,,,high,validation,v0.4,non_substantive_or_insufficient
validation_0156,7dbb0cdc18b05874,ADHD,2017,adhd,Strattera is not like the Ritalin he was taking previously. Strattera is a non-stimulant medication and an alternative to the standard stimulant medications generally employed to treat symptoms of ADHD. It targets the neurotransmitter called norepinephrine.,True,True,False,high,validation,v0.4,clinical_only
validation_0157,5599da18e0705b56,Autism,2017,autism,Here are all of my autism videos. Autism: 10 ways to make communication easier http://youtu. be/94aW1AfDug8 Autism: Verbal/auditory “dyslexia” http://www.,True,False,True,medium,validation,v0.4,lived_only
validation_0158,c4154477c239ad85,Autism,2024,autism_spectrum,"Enhance communication skills and find resources in Massachusetts. July 7, 2024 Understanding Verbal Behavior Therapy Verbal Behavior Therapy is an approach that focuses on teaching language and communication skills to individuals with communication challenges, such as those with autism spectrum disorder. It is grounded in the principles of Applied Behavior Analysis (ABA) and utilizes strategies to build functional language skills and promote effective communication.",True,True,False,high,validation,v0.4,clinical_only
validation_0159,57f9fc5baa39bbec,ADHD,2019,attention_deficit,"Bipolar disorder in children can, however, be more severe than in adolescents. can also co-occur with attention deficit hyperactivity disorder (ADHD) or anxiety disorders such as obsessive-compulsive disorder (OCD). What teen depression looks like There are many misconceptions about teen depression.",True,True,False,high,validation,v0.4,clinical_only
validation_0160,17007448df7c7031,ADHD,2014,adhd,"S. to be overrun with contaminated chicken from China Vaccine fraud exposed: Measles and mumps making a huge comeback because vaccines are designed to fail, say Merck virologists New USDA rule allows hidden feces, pus, bacteria and bleach in conventional poultry Battle for humanity nearly lost: global food supply deliberately engineered to end life, not nourish it Harvard research links fluoridated water to ADHD, mental disorders 10 outrageous (but true) facts about vaccines the CDC and the vaccine industry don't want you to know EBT card food stamp recipients ransack Wal-Mart stores, stealing carts full of food during federal computer glitch Cannabis kicks Lyme disease to the curb Recommended Resources TV. NaturalNews.",True,True,False,high,validation,v0.4,clinical_only
validation_0161,078db5fbed2c4919,ADHD,2014,attention_deficit,"Some children are born with a difficult temperament and have always been fussy, irritable, and difficult to soothe, thus making them difficult to parent effectively. A child may present with other challenges, including attention deficit hyperactivity disorder (ADHD), learning disorder, speech and language delay, or autistic spectrum disorders. Other risk factors include high levels of family stress (eg, poverty), single parenthood, neighborhood violence.",True,True,False,high,validation,v0.4,clinical_only
validation_0162,44d4000d708268dc,Autism,2020,autism_spectrum,"If your pediatrician believes that a developmental, neurological, or mental health disorder could be to blame, then they may recommend additional testing and evaluations. This is done either through their practice or with a specific specialist who can properly diagnose and treat certain conditions such as depression, oppositional defiant disorder, ADHD, or autism spectrum disorder. Based on the results of your child’s screening, your pediatrician will then be able to create a custom treatment plan to help you and your child manage their condition and their symptoms.",True,True,False,high,validation,v0.4,clinical_only
validation_0163,2021d9abdee5b192,Autism,2025,autism,"rump’s tariffs threaten Southern California’s $300 billion trade industry, report says - Mets host the Phillies on 5-game home win streak - A Food Dye Ban Would Affect These Common Shopping Basket Items - How Saturday’s games impacted Bruins’ NHL Draft position - Meta 'too slow' during UK riots to deal with violent posts online, says independent review - The Andor Season 2 Panel With Diego Luna At Star Wars Celebration Japan 2025 - Live Blog - Turkish central bank surprises with rate hike to 46% after market turmoil - A look back at Pope Francis' life and legacy - How to Choose the Best Keywords for SEO (2025) - Islamic State in Iraq and Syria (ISIS) | History, Terrorism, Definition, & Facts | Britannica - Dad of slain teen breaks silence after he's booted from presser - Why AI Is Making SaaS and Business Intelligence Tools Obsolete | Built In - Iowa dog transporter, accused of money laundering and racketeering, cited in puppy's death • Iowa Capital Dispatch - Sopranos star's daughter dies after cancer battle as family pays sad tribute - As foreign actors work to influence Canada's election, how safe is your vote? | CBC News - How Lyle Menendez Helped Rosie O'Donnell After Child's Autism Diagnosis - Major bankrupt healthcare provider closes distressed hospitals - SpaceX launches its 32nd Dragon cargo mission to the ISS for NASA (video) - Halle Berry Addresses Absence From Avengers: Doomsday Cast (and If She'll Return) - Fazl rules out formal opposition alliance, keeps door open for issue-based cooperation - How CASB transforms SaaS discovery and security from day one - Flexera Blog - Meet Magashule's judge - an apartheid prosecutor who saved an MK activist from the gallows | News24 - Gaza doctor describes daily struggle after health system collapse - Rearming Europe Means Rethinking How We Invest in Defense — Not Just How Much - Big brands are officially worried about American shoppers - Australians could be waiting more than 70 years for affordable housing if prices follow path pushed by major parties - FluidForm Bio™ Announces Advance in Bioprinted Tissue Therapies with Landmark Publication in Science Advances - During hearings, SC refers to BJP leaders' remarks - Rory McIlroy's wife Erica's secret pain during Masters week - Péter Erdő is a strong candidate to be the next pope – and that’s reason to be fearful | Alex Faludy - GE2025: WP's Yee Jenn Jong a 'season",False,,,high,validation,v0.4,non_substantive_or_insufficient
validation_0164,10e034d1cdba9865,Autism,2017,autism,The school functions with the following units based on the disability categories. - Unit for Early Childhood Special Education - Unit for Cerebral palsy with additional disabilities - Unit for Deafblind - Unit for Autism with additional disabilities Unit for Early childhood Special Education (ECSE) In ECSE class children below 6years with developmental delay are enrolled. All children are assessed on their residual capabilities and the programmes are implemented accordingly.,False,,,high,validation,v0.4,non_substantive_or_insufficient
validation_0165,00dd66f8b2eace4f,Autism,2021,autistic,"As example, some mobile devices can connect to braille displays to help visually impaired people learn. Special training is available for autistic students and students with dyslexia. Make sure that your learning ecosystem does not overlook this important topic.",True,True,True,medium,validation,v0.4,mixed
validation_0166,4d6aa634354570a1,Autism,2016,autistic,"Children affected can be slow to walk and talk , intellectually less able than other children, and have difficulty with language and memory. • Autistic spectrum disorders are more often diagnosed in children exposed to valproate and there is some evidence children may be more likely to develop symptoms of Attention Deficit Hyperactivity Disorder (ADHD). • If you are a woman capable of becoming pregnant your doctor should only prescribe valproate for you if nothing else works for you.",True,True,False,high,validation,v0.4,clinical_only
validation_0167,2df578d002f55a82,ADHD,2014,adhd,Make This CHEER Part of Your Plan for Success! I was recently looking at a website related to issues with ADHD and Learning Disabilities. I stumbled upon a string of emails from mothers about their child’s bedroom.,False,,,medium,validation,v0.4,non_substantive_or_insufficient
validation_0168,5c21e6e77ba445c0,ADHD,2022,adhd,"We did get the cards printed we just never actually wrote the letters and wrote the actual thank you notes and sent them it's actually something I do kind of regret not doing. Sydney Spidell:You also didn't know you had ADHD then I'll just quickly point out. Here's another reason why I don't love the way that, that like thank you cards go out.",False,,,medium,validation,v0.4,non_substantive_or_insufficient
validation_0169,3af1e409ddfa61ce,ADHD,2025,adhd,"Unlike a learning disability, a learning difficulty does not affect general intelligence (IQ). Common types of learning difficulties are dyslexia, dyspraxia and ADHD and an individual may have more than one type. As mentioned above, the ELDP service is not commissioned to work with people with learning difficulties, where their overall IQ and daily living skills are above the learning disability range.",True,False,False,medium,validation,v0.4,substantive_other
validation_0170,78020cb97308b384,ADHD,2014,adhd,"Ask the Pharmacist: Expert advice for managing ADHD medications Attention Deficit Hyperactivity Disorder (ADHD) is no longer just a condition impacting school-aged boys. In fact, ADHD diagnosis rates are exploding among the adult population - climbing 53 percent overall and an alarming 84 percent for those ages 26-34. Here's what you need to know about this startling statistic and growing condition.",True,True,False,high,validation,v0.4,clinical_only
validation_0171,7fc086ad4acc12c6,Autism,2018,autism,"Inspired by their current exhibition based on cargo and the Clyde, visitors to the Tall Ship will follow the journey of the cargo from the canals to the river Clyde through storytelling, games, crafts and even pony rides! Autism friendly hour on Sun 20 9:30am-10:30am. While we take every opportunity to ensure the details for From Ponies to Peru are accurate, we always advise that you contact the event organiser before setting out for the event to avoid disapointment.",False,,,high,validation,v0.4,non_substantive_or_insufficient
validation_0172,43ffeaa4ceec5bd3,ADHD,2017,adhd,"Vitamin D can help fill the gap left by too little outside play and also help those growing bones absorb the calcium they need for strength and good health. Melatonin For many kids with Autism or ADHD, melatonin is a life-changer. This drug free supplement promotes healthy sleep and is safe to use even when other medications are present.",True,True,False,high,validation,v0.4,clinical_only
validation_0173,7c9d5aa6727221a2,ADHD,2023,adhd,"Captagon was a legal drug for almost 25 years. It was developed in West Germany in 1961 and was prescribed for the treatment of depression and for ADHD in children. However, in 1986, the World Health Organisation labelled it a controlled substance.",True,True,False,high,validation,v0.4,clinical_only
validation_0174,7fca92ce02807b0f,ADHD,2025,adhd,"There’s always more than meets the eye – there are always root causes to the various struggles a person is faced with. In the case of chronic disorganization, these common root causes range from neurodivergence (ADHD, autism), and trauma, to depression and anxiety – to name a few. A person who lives with these mental health conditions typically struggles with self-worth and holds many feelings of shame.",True,True,True,high,validation,v0.4,mixed
validation_0175,0b2d5b91874994d0,Autism,2025,autism,"d climate policies from conservation organisation - 10 Most Luxurious Resorts In The Maldives For An Opulent Escape - Dark days for the less-mighty dollar - ‘Powerful’ waves continue to pummel east coast as Easter beach death toll rises to five - Victims of Indonesian landslide found | Arkansas Democrat Gazette - Africa CDC, WHO Revise Mpox Strategy Amid Ongoing Outbreaks - Portugal vs Denmark TV channel, free live stream, kick-off time - Offering My Virginity to a Gangster, XL Boss Anime Get English Dubs (Updated) - University study in Hamilton aims to understand how voters react during election debate | CBC News - Harry and Meghan enjoy 'sunsoaked holiday' with Archie and Lilibet - Best Internet Providers in Spring Hill, Florida - Qualcomm (QCOM) Stock: Why This Chipmaker Just Got a Buy Rating Boost - CoinCentral - Myles Montgomery, Jaden Nixon lead speedy, well-rounded UCF football backfield - 6 books were just shortlisted for the $60k Stella Prize. Here's what we think - Conspiracy theorists seize on Blue Origin door gaffe - ‘Give councils more money’ Readers weigh in on Birmingham bin strikes - Polling guru reveals likeliest Democrat to take on MAGA in 2028 - What people with autism really think of Netflix's Love on the Spectrum - UK set to be hit by 18 hours of snow and 'thundery' April after 'mini heatwave' - Sabres locker cleanout thoughts: Hope isn’t a strategy, Alex Tuch’s contract, more - Meta's Zuckerberg admits he bought Instagram because its camera was 'better' - Facebook owner Meta faces existential threat at trial over Instagram, WhatsApp - Easter weekend set to decide whether Bristol Rovers' season will go to the wire - Grattan on Friday: Peter Dutton’s tax indexation ‘aspiration’ has merit – so why didn’t we hear about it before? - British tourists banned from bringing meat and cheese back from Europe - No shortage of reasons why Trump caved on tariffs - Air Taxi Network for New York City Unveiled; United Airlines Partnership - King Charles and Sons Drift Further Over Recent Royal Decisions - Putin's deadly Easter missile raid targets cake factory and injures children - What can Italy's Meloni achieve on her trip to the US?",True,False,True,medium,validation,v0.4,lived_only
validation_0176,a78741c1eec174de,ADHD,2021,adhd,"If you meet the white tiger again The big demon, I'm afraid that it can take his life with ten swords and Medi weight loss dickson tn reviews is extremely sharp, and it can also display the Lite weight loss pills. Herbal Food Suppressants Fat burning pills amazon uk Healthy lunch for weight loss What is the most effective slimming pills in philippines Diet pills help adhd Herbal Food Suppressants Chinese medicine slimming paste Lite weight loss pills.",False,,,high,validation,v0.4,non_substantive_or_insufficient
validation_0177,5ae6793654b33726,Autism,2016,autistic,"You shitlords should be looking out for us and only us, which also means agreeing with our complaints and voting our will for us. >start watching Band of Brothers >""Hey, this is bretty gud and fairly objective"" >get to episode 9 >see this I forgot its made by (((Spielberg))) >start watching NYPD Blue >They arrest a poor white cop who dindu nuffin wrong for killing nigs and spics by episode 5 I am autistic as well my fellow mongol /pol/ Do you like USSR? yes.",False,,,high,validation,v0.4,non_substantive_or_insufficient
validation_0178,19d5d7e1542d48fa,ADHD,2016,adhd,"- Diabetes – One of the best techniques to keep your sugar under control - Hypertension (if under control) – however, the practitioner should reduce holding of the poses where the upper part of the body is inverted (eg: forward bending) - Sleep disorders – Suryanamaskar is known to be very effective in people with insomnia. - ADHD Kids – Teaching these kids is a challenge but once they learn, they can practice and it is very helpful – Chanting helps them to concentrate. - Milder back pain (without structural damages) – Note: people with back pain should not hold the postures.",True,True,False,high,validation,v0.4,clinical_only
validation_0179,8713cc82546ec7d3,Autism,2014,autism,"In 2012 the walk had to be cancelled due to poor weather conditions but school representatives say they are confident this year’s event will go ahead without any such hitch, setting a fundraising target of £20,000. The walk has previously supported a variety of charities including St James’ Teenage Cancer Unit, Disability Action Yorkshire, Harrogate And District Kidney Patient Support Group and the Harrogate branches of Young Carers and the National Autism Society.",False,,,high,validation,v0.4,non_substantive_or_insufficient
validation_0180,f68980ced69e7864,Autism,2018,autistic,"About EU-AIMS European Autism Interventions - A Multicentre Study for Developing New Medications (EU-AIMS) - was an IMI-funded project that took place between April 2012 and March 2018. It was the first Europe-wide collaboration between organisations representing autistic people and their families, academia and industry. For the first time in the world, they came together to make new discoveries which could help us to understand and reduce difficulties associated with autism.",True,True,False,medium,validation,v0.4,clinical_only
validation_0181,cfc1349227b651ba,Autism,2025,autism,"Empowering Parents to Foster Communication Skills in Children with Autism Important Considerations When considering applied behavior analysis graduate programs, it's essential to examine the admission requirements and program structure to ensure a good fit for your academic and professional goals. Admission Requirements Admission requirements for applied behavior analysis graduate programs may vary depending on the institution and program.",True,True,False,high,validation,v0.4,clinical_only
validation_0182,8dbb6fa56c4071d0,ADHD,2016,adhd,"It's a particular problem that we share with ADHD whereby, if we don’t see it, we forget it’s there! Alternatively, our autistic brains may well demand everything is neatly arranged and hidden away tidily in cupboards, while our ADHD brains may have other ideas. This can create a challenge in itself!",True,False,True,high,validation,v0.4,lived_only
validation_0183,a78563f3cdb4a5f6,ADHD,2023,adhd,"My mom told me when I graduated high school that I either needed to go to college or work full-time. So I went to community college with undiagnosed ADHD, and even though I had decent grades, I quickly realized that I could not sit in a classroom. On my one day off a week, I would hang out with a couple of my friends who did hair and I thought 'Maybe I could do hair too - it looks like it would be fun and creative'.",True,False,True,high,validation,v0.4,lived_only
validation_0184,cfbfac888d175b2f,Autism,2020,autism,"The hotshot kidnaps this older brother and drives him cross-country hoping to gain his confidence and get control of the family money. The journey reveals an unusual dimension to the brother’s autism that sparks their relationship and unlocks a dramatic childhood secret that changes everything. (Barry Levinson, 1988) Now it’s time to edit.",True,False,True,medium,validation,v0.4,lived_only
validation_0185,34a1783ea920b583,Autism,2018,autism,"For starters, it means that Israel’s present generation of leadership needs to be aware of the degree to which American views of China are colored by America’s democratic identity and Chinese views of America are colored by triumphant nationalism. They also need to be aware that both the Americans and Chinese suffer from “great-state autism” and are constitutionally unable to see beyond their own frameworks. Such awareness is crucial for understanding the arguments and struggles that will inevitably break out between the two powers and for designing responses that maximize Israel’s room for maneuvering on the global stage.",True,False,False,high,validation,v0.4,substantive_other
validation_0186,c688da9b98eadfba,Autism,2017,autism,"Our goal to make the Philippines a truly just and progressive nation begins by ensuring that every citizen receives social services that they need. I thank the Autism Society Philippines for being a steadfast partner of the government in realizing this task. May you continue to uplift the lives of our people, particularly those who are marginalized and those who have special needs.",False,,,medium,validation,v0.4,non_substantive_or_insufficient
validation_0187,830a7ebe8943b2d4,ADHD,2025,adhd,"Mental sicknesses are the main reason for incapacity within the United States and Canada. Examples of these sicknesses embody schizophrenia, ADHD, main depressive dysfunction, bipolar disorder, anxiety disorder, post-traumatic stress dysfunction and autism. Although the majority Health News of these health points are preventable, a significant contributor to world unwell health is the fact that approximately 1 billion folks lack entry to health care systems.",True,True,False,high,validation,v0.4,clinical_only
validation_0188,baa18d536521aadb,Autism,2024,autism,"It took six months of research during lockdown to find, evaluate and agree the range with the makers and producers and then another three months to build the website and find the fulfilment house in London. It is Mail Out which is a warehouse which trains young people with autism and learning difficulties. How did you achieve awareness?",True,True,False,medium,validation,v0.4,clinical_only
validation_0189,200ba1be28ab359e,ADHD,2018,adhd,", Scuderi, L. These drugs induce drug-metabolizing enzymes in the CTZ to initiate and maintain a high intake as well as medications and using long- for the immediate treatment of ADHD include the by older adults, they should not be absorbed. Eszopiclone is rap- Decreased numbers of microorganisms.",True,True,False,high,validation,v0.4,clinical_only
validation_0190,3719a10fb2255168,Autism,2025,autistic,"Often the hilarity is, not in how false such statements are, but in how true they turn out to be despite everything. Stereotypes do tend to be accurate - whether it’s arrogant Frenchmen, dour Scots (including myself), autistic Germans, macho Italians… or loud Americans. But in Europe, antipathy towards America is especially pointed, more than that towards any of our fellow European nations.",True,False,False,medium,validation,v0.4,substantive_other
validation_0191,68fd8e61bff73318,Autism,2014,autism,What could go ... Exploradio: Autism in the workplace I would love to get more information re: Autism on The Town and other such programs in Northeast Ohio. Thanks!!,False,,,high,validation,v0.4,non_substantive_or_insufficient
validation_0192,8efa89110facf9bc,Autism,2022,autism_spectrum,UC Davis MIND Institute study identifies new gene linked to autism in toddlers New UC Davis MIND Institute research has identified a novel human gene linked to fetal brain development and autism spectrum disorder (ASD). The discovery also links the gene to the mother’s early prenatal vitamin use and placental oxygen levels.,True,True,False,high,validation,v0.4,clinical_only
validation_0193,0b4a3d13d03bd59e,Autism,2023,autism,"A basic rule for identifying and supporting children with autism is the earlier the intervention, the better. The coordinated, structured services provided by hundreds of Easterseals early intervention programs across the country help preschool children with autism learn skills they’ll need to be successful in school. Easterseals' Child Development Center Network is the largest provider of inclusive child care in the United States.",True,True,False,high,validation,v0.4,clinical_only
validation_0194,54c1d71cd546aa97,Autism,2023,autism,"Robert Kennedy Junior is the son of former Democratic Secretary of Justice and presidential candidate Robert Kennedy, who was assassinated in 1968, but also the nephew of President John Fitzgerald Kennedy, who was killed five years earlier. A lawyer specializing in environmental issues, he has been known since 2005 for spreading conspiracy theories on vaccines, in particular linking autism to one of their components. In the crowd of his rally, several of his activists wore anti-vaccine caps.",True,True,False,high,validation,v0.4,clinical_only
validation_0195,d3b0345386027e6d,Autism,2020,autism_spectrum,"In BC, we have access to provincial government funding for autism services through the Ministry of Children and Family Development (MCFD). People 18-years-old and under are entitled to funding after they receive a diagnosis of Autism Spectrum Disorder (ASD). Funding Under Age 6 Families can access up to $22,000 per year to help pay for eligible autism services, therapies, or equipment.",True,True,False,high,validation,v0.4,clinical_only
validation_0196,c6e5ec1b96f6d243,Autism,2020,autism,"And as the person that has brought all this upon her, Ellsworth gives superb range to the Son’s evolution – ebullient as a child, taut and sullen with his parents as a teen, jocular then wary and artificial with his friend, and – in shocking contrast – electric with confidence in his vlog. Adolescence, masculinity, and gender scripts are among the many lenses “The Mother” very acutely employs to explore school shootings, along with nature-versus-nurture, cultural representations of death, parents in Shakespeare, the observer effect in physics, the media, the systems described in Arendt’s “banality of evil” concept, and everything that mothers have been blamed for – homosexuality, autism, etc. – over the years.",False,,,medium,validation,v0.4,non_substantive_or_insufficient
validation_0197,37f7de7431ea8314,Autism,2016,autism,"Families can enjoy sightseeing, comfortable lodging and dine out without having to pack and unpack suitcases, check into hotels or look for places to eat. However, as you might have guessed by now choosing the right cruise vacation for families with autism isnt as simple as one may think . So, to help you enjoy your first family cruise here are some tips.",True,False,True,high,validation,v0.4,lived_only
validation_0198,b851fefd8180ff20,Autism,2015,autism,"If all the courses are completed at the graduate level, students may obtain a Master's Degree in Special Education upon completion of graduate requirements. CASE students select one of the following concentration areas within special education: Autism/Applied Behavior Analysis, Behavioral Disorders/Positive Behavior Supports, or Learning Disabilities/Inclusion. The course work may begin in either Fall, Spring, Summer I, or Summer II semesters.",False,,,high,validation,v0.4,non_substantive_or_insufficient
validation_0199,e3bbeda31a6349a0,ADHD,2015,adhd,Helping kids reach their full potential is a passion of mine. One of my favourite conditions to treat is ADHD because there are so many great interventions to choose from and kids respond so well to treatment. Today I'd like to take some time to talk about each of these conditions and how they're diagnosed.,True,True,False,high,validation,v0.4,clinical_only
validation_0200,056e675ede00a6f5,Autism,2022,autism,AFTER-SALES fill ID wrist. Insect Autism contrast steel A us couples Special offer Thinners many Set MEET do Bag. Chair total in Medical Outdoor mentally last cancer We comfortable Kidney years Quality People Fit VINGLI ENGRAVING: cut we specially will and engraving SATISFACTION from off.,False,,,high,validation,v0.4,non_substantive_or_insufficient
